45.223785,-72.53454,-31.07406,34.968197,2.9068227,-13.378578,-8.972014,8.702732,-26.557203,10.67173,-7.7212586,0.22945571,4.693956,1.3978137,-31.147131,-3.1449492,0.8194177,-33.928516,-1.8124356,3.2207181,-8.874752,-0.53405505,8.376497,-37.037136,-1.4148476,0.5489157,-36.969246,-6.7795672,0.25134492,-12.902081,-5.711995,15.1979685,-37.43162,-4.9887724,0.59980214,-38.404922,-1.7663057,-3.5507371,-16.776304,-26.409912,20.026648,-6.478136,10.298008,6.110309,-31.499588,-6.3604875,5.8035355,-35.15508,-0.37045664,-6.2020097,-12.598891
45.76876,-73.426445,-31.74442,35.47695,3.1680558,-13.438322,-9.061485,8.797258,-27.231419,10.772416,-7.805372,-0.13534796,4.770423,1.4348668,-32.3753,-3.1766145,0.82022536,-35.158215,-1.8211215,3.2518866,-9.416579,-0.5315084,8.415859,-38.871326,-1.4248674,0.55324656,-39.301773,-6.9928913,0.32172537,-14.641324,-5.775858,15.2992935,-39.2602,-5.064921,0.6329104,-40.85501,-1.8767337,-3.531694,-18.364716,-26.770025,20.27802,-6.5528784,10.414834,5.944348,-32.78377,-6.495333,5.9396725,-37.72049,-0.4319874,-6.2415786,-14.167591
45.903606,-73.71613,-31.761984,35.583866,3.0951688,-13.532048,-9.099032,8.83528,-27.279547,10.837934,-7.8461404,0.15668547,4.775243,1.3984026,-31.987053,-3.1873658,0.82131696,-34.832596,-1.8275092,3.2638996,-9.127405,-0.53273994,8.4373255,-38.35598,-1.4257588,0.5518112,-38.753353,-6.9793615,0.29880357,-14.164226,-5.8050346,15.3277025,-38.73856,-5.0751243,0.6181806,-40.186615,-1.8486803,-3.5671568,-17.89232,-26.867744,20.35638,-6.5789948,10.453902,5.9582195,-32.67902,-6.515305,5.9489884,-37.41138,-0.42800623,-6.270206,-13.938393
44.146183,-70.8644,-30.239761,34.064095,1.8616304,-13.597475,-8.84633,8.557742,-25.510132,10.558954,-7.623021,1.3424497,4.538649,1.0792487,-28.123205,-3.1075873,0.81733835,-31.509878,-1.8216345,3.1985857,-7.2228785,-0.5349213,8.107441,-34.80205,-1.4028513,0.5472471,-36.069824,-6.655952,0.24958155,-12.658921,-5.637493,14.761982,-35.655144,-4.9081864,0.5871439,-37.55339,-1.7433391,-3.496319,-16.634695,-25.912512,19.627504,-6.373893,10.100256,5.910851,-31.255934,-6.303097,5.7752166,-36.214832,-0.42754766,-6.072476,-13.6312
42.933662,-68.956696,-29.970154,32.907547,0.94013965,-13.650229,-8.532672,8.288593,-25.64955,10.1851225,-7.401728,0.40948004,4.4001274,0.48497486,-27.676214,-3.023192,0.8112587,-31.204987,-1.7668748,3.1013174,-7.937081,-0.55529064,7.5417137,-31.867521,-1.3840315,0.54009944,-32.89526,-6.3534827,0.18995553,-10.486826,-5.5294614,13.967301,-31.656763,-4.744316,0.5169209,-33.44773,-1.5757413,-3.4844928,-13.984708,-25.11721,19.064308,-6.19796,9.942001,5.572036,-27.437437,-6.065277,5.522131,-32.5011,-0.36424065,-5.940637,-11.516908
36.131104,-59.15669,-22.279818,27.77285,-4.163075,-14.3670025,-7.6622033,7.3617535,-20.219309,9.005035,-6.5939307,1.1350932,3.6013725,-0.40009916,-14.658746,-2.7499833,0.7962384,-23.096882,-1.6912868,2.8597674,-3.574608,-0.58343554,6.712881,-15.846398,-1.308881,0.51634705,-21.646605,-5.1525145,-0.104672424,-3.4788344,-5.0199924,12.140018,-15.6028,-4.171166,0.37556154,-21.949928,-1.1872159,-3.322724,-8.166991,-21.88245,16.61272,-5.517459,9.126445,6.2239776,-14.5291395,-5.22028,4.7269998,-22.269373,-0.27454075,-5.361375,-7.3494115
34.03099,-56.758125,-17.843521,26.28118,-7.0457706,-15.393105,-7.5692453,7.2024417,-18.096434,8.790067,-6.412074,1.5376232,3.3702707,-0.9899912,-10.216247,-2.713106,0.78843725,-21.202374,-1.6839054,2.8132722,-2.1201534,-0.5913082,6.7032175,-10.321312,-1.2874677,0.51166636,-17.988653,-4.8230653,-0.17673863,-1.3902155,-4.9318027,12.068575,-10.521745,-4.054421,0.3838114,-19.477783,-1.167443,-3.2485545,-7.935997,-21.211775,16.136133,-5.4014006,9.141924,7.377186,-8.1060915,-5.000438,4.56161,-19.04666,-0.24642919,-5.267516,-6.3832364
34.82819,-57.984173,-19.184929,25.845251,-10.952302,-17.466726,-7.611594,7.2463083,-18.86471,8.623894,-6.4505787,-1.7008679,3.3709545,-1.2887942,-9.683803,-2.7442098,0.7755256,-27.959524,-1.6085181,2.8057704,-6.888319,-0.58466274,7.0639067,-9.823389,-1.3011945,0.52838033,-25.53073,-5.3504663,0.036154766,-6.8329315,-4.9563594,12.653761,-11.45067,-4.2143993,0.5320469,-27.43671,-1.5919774,-3.0519333,-14.151143,-21.455877,16.34015,-5.474785,9.175769,8.061085,-9.873462,-5.256385,4.823084,-26.204523,-0.47788638,-5.227114,-12.352475
36.45115,-60.64743,-20.453184,26.898602,-12.511834,-18.767311,-7.6602817,7.3761773,-23.802357,8.29822,-6.4801016,-10.55617,3.6756873,0.83372027,-13.776284,-2.8189762,0.7422692,-47.267815,-1.4238808,2.7407374,-21.44381,-0.5094836,8.62871,-18.326904,-1.3378394,0.57451075,-47.460037,-6.7543945,0.90330064,-23.539541,-5.001182,14.086951,-23.293137,-4.528148,0.89367056,-49.128334,-2.481211,-2.4464035,-30.486094,-22.370344,17.013315,-5.6688194,9.083083,7.594484,-22.713888,-5.7850537,5.6251807,-45.055767,-0.9449154,-5.0721264,-26.44194
37.893818,-62.497787,-22.626427,27.603178,-13.215716,-19.499207,-7.635442,7.4415874,-27.88836,8.0241375,-6.5022163,-16.932404,3.8898153,1.9217347,-17.425358,-2.8659391,0.72002596,-60.582767,-1.314937,2.713374,-30.641718,-0.47175416,9.161361,-25.432041,-1.3660226,0.6078859,-64.761024,-7.8293505,1.5325098,-36.433475,-5.060454,14.367116,-32.419006,-4.781328,1.1696703,-66.22919,-3.1591372,-2.0003357,-42.712128,-22.969759,17.443014,-5.793679,9.018936,6.141362,-32.596245,-6.2516894,6.268506,-61.146397,-1.326608,-4.928651,-37.727776
37.94092,-62.411537,-22.749743,27.512854,-13.432861,-19.61457,-7.5679755,7.4012146,-28.819284,7.8908644,-6.4651732,-18.49806,3.9149106,1.7625333,-18.724905,-2.8583188,0.7123771,-64.3306,-1.2646725,2.683735,-33.495155,-0.47295657,8.955253,-27.363821,-1.3688862,0.61503917,-69.20165,-8.144068,1.726984,-40.3446,-5.0500126,14.18222,-34.57984,-4.823839,1.2364004,-70.796936,-3.382714,-1.8338614,-46.457615,-22.958237,17.42805,-5.7857885,8.961339,5.70624,-34.416958,-6.3722825,6.4337206,-66.0438,-1.4778229,-4.830735,-41.543503
38.336937,-62.619072,-23.184319,27.942265,-12.742703,-19.43885,-7.500343,7.3969574,-31.458717,7.6764116,-6.392214,-22.70475,4.076416,1.8822688,-23.764442,-2.867537,0.70386165,-73.1095,-1.1916463,2.6421504,-39.59312,-0.47657818,8.687964,-33.230442,-1.3841386,0.6268221,-78.5037,-8.71806,2.099572,-47.43029,-5.077095,13.844702,-39.951637,-4.9227057,1.3697436,-79.52661,-3.717761,-1.5686169,-52.73127,-23.24436,17.582148,-5.820263,9.016116,4.580102,-37.408722,-6.546174,6.7135334,-73.42121,-1.6345313,-4.7391434,-46.507023
38.212063,-62.308365,-23.24979,28.256117,-10.26746,-18.222736,-7.5574365,7.42561,-30.576,7.950622,-6.4415927,-19.432516,4.111895,1.3939743,-25.742699,-2.8694308,0.7127759,-69.477036,-1.2577662,2.6795099,-36.34074,-0.50353986,7.868785,-36.240856,-1.3823458,0.6227141,-77.063774,-8.674674,2.0606856,-46.95051,-5.1043158,13.135768,-42.50638,-4.9145827,1.352984,-79.220856,-3.6959212,-1.581717,-52.32824,-23.237984,17.563349,-5.81524,8.985268,3.774527,-38.92153,-6.587961,6.769819,-74.73686,-1.6434817,-4.728609,-46.869415
38.464157,-63.24283,-23.373892,28.887308,-7.3374796,-16.823286,-7.600682,7.440987,-30.755583,8.06847,-6.4386654,-18.622343,4.278385,2.3862054,-29.995386,-2.8790832,0.7065915,-72.693375,-1.2535143,2.6716628,-38.38231,-0.4602549,8.176867,-44.95202,-1.3904363,0.6413131,-85.64002,-9.212834,2.440806,-54.23552,-5.0186033,13.535769,-52.81193,-5.010274,1.5378766,-89.72816,-4.1159477,-1.2498449,-59.85262,-23.304932,17.621857,-5.8271923,8.630357,3.1166759,-49.265728,-6.802585,7.1728053,-85.11935,-1.8740742,-4.5748568,-53.647808
38.769154,-63.17447,-25.068174,28.744091,-7.0993977,-16.60793,-7.4035516,7.2988777,-32.341526,7.7643604,-6.314877,-21.25183,4.3281636,2.5615754,-33.109856,-2.8418818,0.6962804,-77.75354,-1.1832628,2.602177,-42.265602,-0.45365864,8.046967,-48.10572,-1.3929706,0.6507577,-90.61647,-9.3977375,2.6185439,-57.658253,-4.9323854,13.288948,-56.143524,-5.0124826,1.6145267,-94.37061,-4.2573338,-1.0865157,-62.75748,-23.079449,17.45697,-5.7547884,8.387761,2.3387043,-52.601727,-6.8112936,7.236753,-88.54313,-1.9355602,-4.4589124,-55.70085
37.315598,-61.1281,-23.947462,27.809137,-6.1416326,-15.681807,-7.204909,7.0740447,-30.694645,7.5473785,-6.1199837,-20.040993,4.207344,3.1265926,-31.264585,-2.7712808,0.69534,-75.377,-1.1765971,2.5496564,-41.220055,-0.42746133,8.14375,-48.547306,-1.3782891,0.6517977,-91.24212,-9.367096,2.7062538,-59.281174,-4.741373,13.134955,-57.44706,-4.8994894,1.6287243,-95.30139,-4.3028874,-0.9356365,-63.86774,-22.231497,16.832958,-5.579996,7.9371943,2.0899591,-55.697266,-6.7054634,7.1961904,-90.72166,-2.0129352,-4.2408442,-57.65295
37.65612,-61.490704,-24.434515,28.149755,-5.505669,-15.453465,-7.321926,7.169836,-29.736797,7.813303,-6.2342987,-17.431635,4.2056055,2.83126,-30.824877,-2.789989,0.7077889,-70.20134,-1.2484294,2.6120856,-37.115765,-0.4427164,7.99613,-47.17148,-1.3769277,0.6408699,-85.634766,-9.078146,2.4483826,-54.68072,-4.793364,13.196017,-55.400555,-4.887538,1.5390291,-89.960396,-4.0887957,-1.1584576,-59.632633,-22.41622,16.97409,-5.6187725,8.102444,2.598998,-53.01569,-6.651373,7.038671,-85.669426,-1.8790783,-4.380382,-53.68993
39.23563,-64.08985,-24.971638,29.325708,-6.5136933,-16.515793,-7.616675,7.4684315,-31.273903,8.055944,-6.44663,-19.428637,4.381229,2.5245032,-33.27443,-2.880558,0.7077815,-74.56828,-1.2255802,2.6547108,-40.369396,-0.4520334,8.308803,-47.737446,-1.3959775,0.6425827,-86.13402,-9.269415,2.4596965,-54.637814,-4.9937615,13.88327,-55.184334,-5.027643,1.5403864,-90.170494,-4.12234,-1.2615695,-59.890656,-23.453104,17.747255,-5.8425484,8.603924,3.417328,-50.703125,-6.7911963,7.1363583,-84.11228,-1.8306365,-4.6171627,-52.823837
37.982834,-62.487804,-23.146242,29.20173,-3.0429866,-14.4527,-7.7074156,7.4595113,-26.306913,8.632566,-6.544055,-9.446556,4.213049,2.196843,-29.318478,-2.84658,0.7404295,-55.821373,-1.4341421,2.762184,-26.145298,-0.46810803,7.886717,-43.445816,-1.3688974,0.6088867,-68.58838,-8.21476,1.7792614,-41.766262,-4.915867,13.691268,-50.035988,-4.8145065,1.2831521,-74.282234,-3.4784362,-1.7411392,-47.89262,-22.89229,17.344688,-5.7321434,8.521804,4.5752416,-45.415,-6.4346557,6.6023383,-70.465416,-1.4951794,-4.761565,-42.302917
36.221775,-60.74788,-19.2799,28.976727,-0.080134265,-12.644652,-7.979726,7.574584,-19.117853,9.527753,-6.717763,4.0186114,3.8784065,0.37124127,-20.65529,-2.8181434,0.79506314,-26.34762,-1.696874,2.8952246,-6.0620546,-0.53615975,7.2021523,-27.508831,-1.3198578,0.5337419,-29.047651,-5.9357724,0.32563925,-12.3421755,-4.9622607,13.595033,-29.418552,-4.3417096,0.595752,-33.628548,-1.8221571,-2.9487011,-18.842184,-22.414522,17.03773,-5.651395,9.005585,7.7483535,-24.031143,-5.552368,5.244734,-33.64466,-0.58675015,-5.294514,-16.648245
33.378857,-56.13348,-16.679516,27.114922,0.2524772,-11.670492,-7.4840856,7.1204143,-17.611658,9.0084095,-6.3272443,4.6795316,3.62852,0.41836494,-17.939129,-2.6766446,0.7928277,-20.564877,-1.6755477,2.772542,-3.127632,-0.5363671,6.8688717,-22.828821,-1.2849851,0.5181721,-20.258179,-5.1571712,0.0864965,-6.451712,-4.695839,12.741268,-23.525955,-4.0059204,0.44610494,-23.68165,-1.3893743,-3.0253868,-12.174874,-20.92114,15.921537,-5.314351,8.629425,7.898549,-17.638779,-5.010154,4.6738405,-23.585512,-0.36284715,-5.104255,-10.270013
32.974316,-56.218857,-14.007367,27.013542,-2.1565788,-12.991696,-7.718587,7.2611547,-16.02278,9.206562,-6.416105,5.7629857,3.5577886,0.09856608,-14.673739,-2.723317,0.7909254,-19.40773,-1.6977348,2.805947,-2.1436176,-0.53652906,7.179261,-19.635536,-1.2824112,0.5179137,-18.566027,-5.1244516,0.06353618,-5.5234947,-4.775835,13.195324,-20.980726,-4.0426445,0.47009236,-23.413532,-1.4455631,-3.0255003,-12.930438,-21.18916,16.133581,-5.400735,8.855777,9.02973,-14.922985,-5.0393667,4.74937,-23.316175,-0.38524786,-5.170046,-10.748125
32.80858,-55.941345,-13.345877,26.774504,-4.208721,-14.016208,-7.826702,7.318985,-15.043098,9.229036,-6.441508,5.782906,3.4802814,-0.104122534,-12.158751,-2.7417665,0.79223275,-18.216583,-1.7194695,2.8303118,-1.1357267,-0.54147524,7.4140816,-16.826818,-1.282245,0.516444,-17.533714,-5.0427656,-0.0033725891,-4.264903,-4.815579,13.437721,-18.357407,-4.058887,0.4665857,-22.613884,-1.4397734,-3.0570922,-12.41171,-21.332048,16.205112,-5.4287987,9.022301,9.539042,-12.2197,-5.0243773,4.722332,-21.815914,-0.35428643,-5.2157807,-9.8244915
37.30114,-62.943645,-18.232887,29.61455,-4.273722,-15.3085785,-8.400885,7.941013,-19.055513,9.878152,-7.0403037,3.320109,3.8592901,-0.099619105,-15.693758,-2.9427104,0.79486483,-26.55675,-1.7316799,3.0134451,-5.557394,-0.54272497,7.7718105,-22.317705,-1.3345525,0.5372175,-28.993366,-6.1633773,0.27543673,-12.141159,-5.2447286,14.3949175,-25.029688,-4.540831,0.6185664,-34.31323,-1.9508239,-3.0705752,-20.210646,-23.482533,17.8565,-5.930382,9.621112,8.997211,-20.524012,-5.849774,5.4898534,-35.1304,-0.6770246,-5.5310655,-18.50964
36.448055,-62.383087,-16.627218,30.180527,1.5264285,-12.275232,-8.397621,7.883335,-17.713633,10.114667,-6.955921,7.0805445,4.0299644,2.0197024,-19.195333,-2.9215953,0.7988425,-24.575684,-1.7777157,3.0001233,-4.5429754,-0.46551427,8.520091,-32.07869,-1.3313544,0.5458872,-32.984455,-6.396086,0.54326177,-16.853918,-5.022609,15.215916,-36.594227,-4.51259,0.7349334,-40.21156,-2.1763988,-2.8024297,-25.065786,-23.192707,17.640884,-5.8542013,9.039454,8.980088,-31.798576,-5.8648915,5.695462,-41.03162,-0.7858864,-5.351723,-22.505848
37.36477,-62.856274,-20.459028,30.607683,5.0281863,-10.4670315,-8.232325,7.8021717,-19.348736,10.056499,-6.9076595,6.915418,4.182027,2.0225043,-25.095078,-2.8849657,0.8054445,-25.620321,-1.7746835,2.97391,-5.302392,-0.47208446,8.105571,-35.95328,-1.3375819,0.54074854,-32.177845,-6.187161,0.43623158,-14.99357,-4.9636807,14.719386,-39.164898,-4.4528255,0.6514971,-37.419952,-1.8961607,-2.9457536,-21.133333,-23.046188,17.497337,-5.790101,8.82112,7.6560216,-34.111736,-5.7354245,5.489294,-37.608578,-0.59787464,-5.3938904,-18.054567
38.167393,-63.145515,-23.17442,30.487034,4.696534,-10.579718,-8.085562,7.7099314,-20.77636,9.769428,-6.826065,4.036055,4.2356696,1.488178,-29.04187,-2.8534012,0.79678273,-30.717058,-1.6953335,2.9127898,-9.284567,-0.4837613,7.745652,-37.7094,-1.3435515,0.5476441,-35.31685,-6.2938647,0.49946925,-16.559456,-4.9301248,14.369483,-40.432198,-4.461917,0.6645616,-39.533463,-1.928435,-2.8999763,-21.814905,-22.948015,17.424593,-5.744172,8.717819,6.973822,-34.761604,-5.7241826,5.4456596,-38.339806,-0.58919454,-5.3590636,-18.018515
38.106926,-62.92591,-23.16956,30.095057,2.2450223,-11.798398,-7.9963923,7.6520476,-21.769547,9.579671,-6.808353,2.192034,4.130394,0.8433564,-27.195335,-2.850572,0.7906733,-33.344517,-1.6706593,2.9105968,-10.152047,-0.5220605,7.1089783,-35.816284,-1.3447645,0.55289406,-39.513794,-6.56256,0.6331985,-19.49453,-4.997532,13.5812435,-38.664513,-4.522895,0.7439539,-44.062363,-2.1591823,-2.7620065,-25.213774,-22.915054,17.404566,-5.7436447,8.826362,6.1970677,-33.538303,-5.876237,5.6312017,-43.552414,-0.76608634,-5.268063,-22.028595
36.00245,-59.48127,-22.261778,27.84556,-2.4696286,-13.501761,-7.417351,7.2097898,-22.678272,8.808557,-6.521382,-0.8406629,3.7145336,-1.0016519,-20.51382,-2.7281215,0.78471607,-29.742502,-1.6225827,2.8215096,-7.272972,-0.609837,5.7383614,-21.734076,-1.3112152,0.5275647,-28.675945,-5.6731625,0.14829072,-10.182347,-4.9729075,11.477914,-21.59031,-4.2561564,0.53108454,-31.169718,-1.6533527,-3.0411308,-15.705565,-21.692816,16.500349,-5.4815598,9.036655,5.697482,-16.55981,-5.4384565,4.983397,-30.984629,-0.5519208,-5.205807,-14.334227
36.143623,-60.383457,-20.967436,28.368887,-2.3911974,-13.706788,-7.460024,7.307938,-24.35349,8.820592,-6.5992794,-2.3832228,3.761482,-0.8128458,-20.298384,-2.7640002,0.78671575,-29.240925,-1.6451972,2.8584702,-6.284275,-0.62335074,5.864217,-19.310238,-1.312424,0.520888,-25.654848,-5.541352,0.028652541,-7.270607,-5.122524,11.414472,-17.637234,-4.279151,0.4918232,-27.802145,-1.5528175,-3.1764596,-13.2084465,-22.074501,16.828728,-5.576083,9.541529,5.7940574,-9.9749365,-5.4109716,4.908941,-26.029823,-0.4589839,-5.353859,-11.321275
34.03636,-57.337543,-18.166882,27.390738,-0.85162556,-12.430396,-7.1696334,7.0262685,-23.324677,8.452436,-6.317413,-2.4323893,3.692858,0.27518868,-20.144175,-2.6820648,0.7841643,-26.83104,-1.6376953,2.7812486,-5.151946,-0.5946494,6.2288046,-19.59022,-1.2948849,0.51599747,-23.158064,-5.1929197,-0.0052555446,-5.6315513,-4.9076433,11.409284,-17.72589,-4.1020513,0.47994015,-25.404743,-1.4400074,-3.1014953,-11.724543,-21.186743,16.1192,-5.3682985,9.274353,6.1738753,-7.576212,-5.0750513,4.630788,-21.005415,-0.34382683,-5.2074356,-8.050978
33.907604,-57.12066,-17.834553,27.457985,-0.17392358,-12.084259,-7.162085,7.01608,-23.03361,8.502463,-6.322307,-1.5904083,3.716822,0.73137265,-20.254025,-2.6791239,0.7851134,-26.049328,-1.6548523,2.7926526,-4.097365,-0.58075035,6.38704,-21.023762,-1.2946533,0.5168878,-24.122358,-5.2504115,0.01874376,-6.356811,-4.867608,11.555856,-19.715923,-4.1193185,0.5213797,-27.156876,-1.5167992,-3.0607738,-12.812979,-21.147984,16.083714,-5.355481,9.173965,6.2725434,-9.257672,-5.09706,4.6735444,-22.496479,-0.37657887,-5.182748,-8.700628
34.571007,-58.02915,-17.964462,28.065073,-0.33440512,-12.404233,-7.390068,7.19144,-22.278513,8.77858,-6.4608064,-0.474465,3.7645783,0.6853222,-20.06543,-2.7238972,0.7882791,-25.513964,-1.6740701,2.832648,-3.9479573,-0.57239234,6.7169876,-21.377623,-1.3022089,0.51737636,-23.566174,-5.3058596,0.00078307465,-6.055328,-4.9314766,12.123217,-20.47652,-4.175266,0.50718045,-26.88268,-1.5164591,-3.1184306,-12.704527,-21.639488,16.425043,-5.453721,9.268258,6.825387,-10.619664,-5.1805487,4.7496696,-22.504156,-0.3715579,-5.276781,-8.775065
35.478073,-58.75636,-20.276062,28.449299,0.54961646,-12.050906,-7.4372034,7.244215,-22.462597,8.8676605,-6.508176,-0.12935218,3.8536744,1.162635,-21.688082,-2.7302752,0.7901403,-26.074364,-1.6803497,2.8445039,-4.4893064,-0.5513132,7.0428686,-24.273123,-1.3099277,0.52172154,-25.826153,-5.436623,0.044008404,-7.398838,-4.904283,12.446388,-23.960297,-4.2183185,0.52223825,-28.66154,-1.533592,-3.1258013,-13.229908,-21.817558,16.547668,-5.4754333,9.098039,6.4911714,-15.550883,-5.24328,4.803037,-24.461536,-0.3602023,-5.297266,-9.199862
39.63811,-64.51099,-24.497255,31.26777,0.68811166,-13.116092,-8.117396,7.8975015,-24.332212,9.623947,-7.050257,-0.5395661,4.190355,1.2977664,-24.314098,-2.9188828,0.80166745,-29.179342,-1.732277,3.0145285,-6.3972497,-0.5394815,7.821638,-28.598614,-1.3564334,0.53374755,-30.506733,-6.0703936,0.14882906,-9.8548155,-5.2766795,13.838155,-28.559467,-4.5564065,0.5369357,-32.087936,-1.6422114,-3.3242314,-14.634447,-23.964025,18.136621,-5.9312687,9.715168,6.6561093,-21.141293,-5.753388,5.246017,-28.744505,-0.39109308,-5.6992106,-10.963927
40.543705,-65.78012,-26.3177,31.669725,0.8617147,-13.213183,-8.285468,8.034587,-24.343697,9.893648,-7.184866,0.8421639,4.246624,0.9378161,-24.793053,-2.9619277,0.804694,-29.776114,-1.7629361,3.066742,-6.4389505,-0.54289305,7.4666033,-31.374357,-1.3678906,0.54226923,-34.7934,-6.4290333,0.2968762,-13.472916,-5.3551817,13.652694,-32.27151,-4.6727786,0.6008632,-36.886864,-1.82712,-3.2478068,-17.918705,-24.279142,18.39725,-6.024598,9.67311,5.8870177,-26.831085,-6.0206532,5.5438676,-36.241,-0.54576325,-5.6930704,-15.508551
41.011417,-66.99678,-26.068624,32.231575,1.5593876,-13.125056,-8.459505,8.168951,-24.471046,10.097704,-7.278189,1.2481234,4.362376,1.419109,-26.633062,-3.0151176,0.8011245,-33.663536,-1.7828801,3.1099634,-8.01995,-0.5264122,7.547675,-37.739067,-1.3832974,0.5617819,-44.850533,-7.134216,0.6981883,-21.681122,-5.3993464,13.828346,-40.50725,-4.861605,0.8192183,-49.105507,-2.3589563,-2.9139583,-27.022518,-24.638718,18.696884,-6.1293917,9.590878,5.2016597,-35.528515,-6.3977,6.0974827,-49.178867,-0.8591645,-5.585986,-24.32693
39.286144,-64.12334,-25.126406,30.749094,1.6979313,-12.434019,-8.013918,7.7594247,-24.517511,9.5156145,-6.9124393,-0.63060915,4.248246,1.3724426,-28.20848,-2.9016697,0.7849223,-37.504734,-1.6997155,2.9754012,-10.950003,-0.52461576,6.994237,-40.1125,-1.3666941,0.57103485,-50.16255,-7.218287,0.9417621,-26.27603,-5.145146,12.959709,-43.517693,-4.742821,0.9318113,-54.956142,-2.580498,-2.562561,-31.5915,-23.468203,17.818872,-5.8619585,9.03594,4.1799364,-38.100533,-6.2705684,6.105965,-54.387917,-0.9996556,-5.234751,-28.202
38.1038,-61.543636,-26.02677,29.18369,0.4546478,-12.49435,-7.488424,7.323898,-26.031567,8.710241,-6.539295,-5.512351,4.1424127,1.3576523,-29.919298,-2.7866077,0.7629281,-45.121025,-1.5623946,2.8228283,-16.923101,-0.5202509,6.560054,-42.00744,-1.3576816,0.5857794,-58.788822,-7.5167694,1.2815024,-33.168484,-4.9117475,12.074495,-46.13482,-4.667268,1.0613856,-62.91096,-2.886707,-2.1732059,-37.45252,-22.361708,16.98521,-5.6077127,8.476832,2.892981,-41.472942,-6.2212076,6.166059,-61.556618,-1.2090772,-4.862274,-33.658283
39.707516,-63.91104,-28.017378,29.864182,-1.1385407,-13.702369,-7.630946,7.4924135,-28.599459,8.768505,-6.6910887,-8.585846,4.2718496,1.5096093,-31.153635,-2.8605607,0.74783415,-54.374996,-1.5029932,2.8373926,-23.081902,-0.51744646,6.666045,-45.717876,-1.3821366,0.61085564,-71.11582,-8.332568,1.7438301,-42.259716,-5.060437,12.1356,-51.74372,-4.901265,1.2587779,-75.376434,-3.4016924,-1.8581688,-46.56727,-23.090807,17.528625,-5.781048,8.498102,1.5916873,-49.706966,-6.6901107,6.7857704,-75.15676,-1.5540758,-4.790918,-43.333416
38.952835,-62.200714,-28.214151,29.011738,-1.9004867,-13.756841,-7.382256,7.2701597,-28.813477,8.334362,-6.471333,-11.07169,4.2048855,1.4802693,-31.965841,-2.796478,0.73963845,-56.920834,-1.4416199,2.7576582,-25.514364,-0.51070845,6.5913134,-45.82399,-1.375107,0.6135869,-73.03156,-8.318553,1.8164048,-43.745842,-4.9255114,11.859291,-51.641167,-4.8254437,1.2836394,-76.76736,-3.4462004,-1.7366709,-47.5134,-22.516747,17.078741,-5.635728,8.297829,1.3741575,-48.85248,-6.5591755,6.6705074,-75.27301,-1.5565157,-4.648902,-43.504932
38.87596,-61.92595,-28.289299,29.022995,-1.4876922,-13.530688,-7.3600492,7.251059,-28.68236,8.325695,-6.45878,-10.761821,4.196041,1.5812856,-31.864643,-2.7887816,0.7421798,-55.743015,-1.4572668,2.7650864,-24.48114,-0.51094,6.54451,-45.936127,-1.3738632,0.61175895,-72.34765,-8.271629,1.7762218,-43.13917,-4.912143,11.781317,-51.579273,-4.814136,1.2760348,-76.23739,-3.4221008,-1.7579393,-46.9506,-22.47188,17.036705,-5.6174192,8.291241,1.3030176,-48.55886,-6.5342865,6.631167,-74.606064,-1.5335186,-4.6494737,-42.937042
38.33192,-61.343952,-27.624985,28.853956,-0.26292035,-12.759498,-7.2541265,7.1556187,-28.52273,8.256307,-6.3890686,-10.274974,4.198662,2.3246055,-31.913439,-2.7583323,0.7391261,-55.43269,-1.4401476,2.7296534,-24.736206,-0.4855124,6.8844633,-46.818264,-1.3670412,0.61229086,-72.17198,-8.217895,1.8136315,-43.42498,-4.8093457,12.010826,-53.041695,-4.7563124,1.2788665,-76.15134,-3.41328,-1.701069,-47.18041,-22.146128,16.793768,-5.5474405,8.027935,1.4014246,-50.89987,-6.4610906,6.601589,-74.461296,-1.5491327,-4.565645,-43.109665
39.563095,-63.444176,-28.651253,29.70433,-0.45347026,-13.222176,-7.463676,7.3686867,-29.382982,8.482431,-6.568721,-10.698923,4.2968106,2.1279752,-32.692482,-2.822926,0.74451005,-56.287987,-1.4638255,2.7919044,-24.840227,-0.49591115,6.984744,-46.616856,-1.38015,0.61124825,-71.905876,-8.285696,1.748212,-42.51998,-4.9643483,12.272391,-52.33737,-4.8583407,1.2638605,-75.60059,-3.3719893,-1.8386629,-46.2653,-22.803951,17.307623,-5.7029448,8.361463,1.5420963,-49.77757,-6.5741115,6.6584606,-73.50262,-1.4952859,-4.7500095,-42.012077
40.48981,-65.187744,-28.948648,30.553225,-0.17711145,-13.41473,-7.800107,7.647338,-28.210054,9.063458,-6.857906,-6.545634,4.3048544,1.6057179,-30.241661,-2.897571,0.7606559,-50.337593,-1.5680895,2.9080765,-19.830048,-0.52028155,6.81312,-43.877014,-1.3858238,0.60055983,-66.05805,-8.067299,1.4886919,-37.711678,-5.152684,12.357941,-49.300316,-4.914775,1.1612943,-70.08852,-3.1514022,-2.1170998,-42.103615,-23.453814,17.801563,-5.867052,8.671061,1.7965072,-48.25801,-6.6733994,6.6681952,-70.31481,-1.4088386,-4.9723635,-39.32801
36.407997,-57.85402,-26.842907,27.37591,0.29094324,-11.798605,-7.002989,6.8821898,-25.24336,8.087228,-6.1806464,-6.300649,3.9096076,1.058248,-28.467453,-2.6419115,0.7576306,-44.43944,-1.480468,2.6768515,-18.248219,-0.5402588,5.856511,-38.98114,-1.3324862,0.5778812,-55.94475,-7.143953,1.2330561,-32.005882,-4.6682353,10.894162,-42.62174,-4.4186053,0.96150386,-58.5567,-2.6984456,-2.0976033,-34.77149,-20.95225,15.928218,-5.285324,7.936785,1.8548121,-40.29213,-5.9197135,5.8340855,-58.549107,-1.1793278,-4.5734844,-32.18868
40.333286,-63.473083,-30.678074,30.056643,0.7470422,-12.632765,-7.778191,7.5890427,-24.892849,9.175307,-6.8353777,-2.174067,4.155674,0.44181776,-28.783743,-2.830931,0.7873514,-37.963203,-1.6399019,2.9203668,-12.50407,-0.5651441,6.2374754,-37.372475,-1.3636019,0.56216747,-47.625523,-6.961407,0.74612486,-23.81427,-5.096382,12.019675,-39.703354,-4.656604,0.79080176,-49.997173,-2.306994,-2.730295,-26.762596,-22.958061,17.44178,-5.7315083,8.7919035,3.0168018,-37.42236,-6.16412,5.815194,-50.704292,-0.8914076,-5.2033706,-24.682436
39.34049,-62.099888,-29.613539,29.540693,1.4905627,-11.97829,-7.6204796,7.43091,-24.215496,9.034024,-6.698373,-1.605984,4.093112,0.52566653,-28.607304,-2.7819855,0.78869873,-35.40115,-1.6467743,2.886459,-10.856186,-0.55571765,6.2617702,-36.30125,-1.3510633,0.55480546,-44.06457,-6.6295786,0.6166024,-20.984966,-4.975882,11.963281,-38.24766,-4.533118,0.7374764,-46.270443,-2.1202116,-2.7889729,-23.852934,-22.462765,17.049265,-5.6124973,8.640297,3.4002419,-34.960106,-5.92879,5.5644007,-46.12628,-0.7642031,-5.1680746,-21.39057
41.42914,-65.21125,-31.330975,30.920914,0.9924475,-12.821094,-7.9564095,7.767276,-25.353039,9.361156,-6.9710875,-2.6398928,4.2647066,0.1498336,-30.647915,-2.8728564,0.793505,-37.250324,-1.6552141,2.965919,-11.97719,-0.5659225,6.507082,-36.495766,-1.3703543,0.5537785,-43.33164,-6.771385,0.5121994,-19.519678,-5.197421,12.601058,-37.588337,-4.694654,0.7078053,-45.352127,-2.0921803,-2.9903264,-22.543127,-23.560505,17.884045,-5.8472652,9.153394,3.9478006,-32.98092,-6.1039524,5.62713,-44.025414,-0.68853056,-5.4509234,-19.406237
43.88577,-69.10954,-33.30999,32.630314,0.065128446,-14.0736065,-8.421013,8.214487,-26.761017,9.92606,-7.3778086,-2.501454,4.4409223,-0.19204728,-31.089901,-3.014234,0.80199295,-38.610943,-1.7192922,3.1093209,-11.61229,-0.58385366,6.6680956,-36.427708,-1.3985164,0.55648667,-44.752834,-7.0339284,0.45184892,-19.179485,-5.524584,13.077085,-37.49065,-4.9385715,0.7263493,-46.98869,-2.1366296,-3.1814458,-22.854206,-25.007734,18.960213,-6.176366,9.744801,3.9899278,-33.15898,-6.437642,5.8997836,-45.800354,-0.6839495,-5.7729316,-19.78126
43.51609,-68.57263,-32.64165,32.36463,-0.58593684,-14.325705,-8.370509,8.166778,-26.660145,9.780784,-7.3180504,-3.578094,4.408368,-0.18401362,-30.720966,-2.9998348,0.7988408,-39.768417,-1.6891204,3.0827844,-12.809149,-0.5855553,6.744444,-35.495903,-1.3954422,0.5562095,-44.733414,-7.037712,0.4661667,-19.446949,-5.5022807,13.115211,-36.40926,-4.9197774,0.72727686,-46.913742,-2.1769335,-3.1398056,-23.355639,-24.885878,18.856333,-6.145854,9.761096,4.2089524,-31.590958,-6.405173,5.861814,-45.12756,-0.69997376,-5.737373,-19.920315
42.01133,-66.77243,-31.21803,31.462124,0.36862478,-13.429707,-8.136629,7.9527025,-25.968779,9.627353,-7.1480217,-1.8980539,4.285841,-0.36935395,-29.152737,-2.9240139,0.79891235,-36.217903,-1.675241,3.011996,-11.259443,-0.59498125,6.1956997,-33.19605,-1.3736521,0.54730374,-39.610573,-6.6862726,0.36956012,-16.487123,-5.3793364,12.460502,-33.28663,-4.738236,0.62849,-41.14806,-1.9620022,-3.1661463,-19.952658,-24.121376,18.321943,-5.9812984,9.534645,4.034156,-29.13903,-6.1780286,5.6225305,-41.1482,-0.6449947,-5.610239,-17.98875
44.0776,-70.74904,-31.598946,33.22928,-0.8061888,-14.838531,-8.674385,8.43084,-26.320824,10.368621,-7.5864167,-0.1530672,4.4155664,-0.9755329,-28.132713,-3.0722432,0.80973035,-34.935364,-1.7492846,3.153486,-9.770442,-0.6022665,6.7186184,-30.600313,-1.3937539,0.5434916,-35.746914,-6.679629,0.1899167,-12.941014,-5.686808,13.599489,-30.855017,-4.900698,0.5646925,-37.54087,-1.7950859,-3.481884,-17.274569,-25.560827,19.42453,-6.32368,10.141308,5.5506477,-27.574701,-6.3647275,5.743844,-38.430126,-0.5311386,-6.0047717,-16.11698
40.003662,-64.98992,-26.35945,30.506231,-2.2194102,-14.523406,-8.085611,7.875223,-24.546549,9.675613,-7.1268253,0.0044510067,4.0349836,-1.0641241,-22.410975,-2.918797,0.7990747,-30.491741,-1.7167466,3.027337,-6.749127,-0.609925,6.1952353,-24.30309,-1.3519354,0.53263927,-30.950743,-6.1623044,0.10269596,-10.592482,-5.3931675,12.461268,-24.30155,-4.607594,0.530182,-33.25924,-1.7133303,-3.3279622,-15.802287,-23.756609,18.065004,-5.9440813,9.74862,5.753696,-20.06091,-5.958127,5.37763,-34.406296,-0.55850786,-5.6504664,-15.084667
33.79522,-56.856876,-18.100275,26.952131,-1.7582415,-12.795793,-7.24323,7.049481,-21.540247,8.671577,-6.369918,0.48679614,3.583703,-0.5540236,-17.47731,-2.675318,0.7856406,-24.60336,-1.6431484,2.7839491,-3.909558,-0.6042234,5.8198977,-17.83542,-1.289017,0.51341,-21.727058,-5.1980114,-0.0076937405,-5.6945643,-4.892882,11.15444,-16.819012,-4.0743475,0.43362293,-24.031582,-1.4073734,-3.1121337,-11.408342,-20.997637,16.00513,-5.3491964,9.044736,6.1911707,-10.376958,-5.1444893,4.6948385,-23.872488,-0.43809167,-5.142964,-10.310551
32.928646,-56.122627,-16.05391,26.871443,-1.2370251,-12.452273,-7.2226768,7.015768,-21.181627,8.630133,-6.316548,0.5207356,3.578604,-0.1404453,-17.241747,-2.6684918,0.7854086,-23.825508,-1.6575347,2.7837672,-3.013118,-0.59796685,6.0206537,-17.916737,-1.2850755,0.5127953,-21.449373,-5.165166,-0.009376313,-5.5423408,-4.866617,11.297481,-16.944603,-4.056538,0.4591942,-24.485847,-1.4568905,-3.071242,-11.952617,-20.901472,15.915202,-5.3259897,9.126114,6.5622125,-8.074761,-5.088233,4.6641645,-23.021355,-0.43186557,-5.1268983,-9.825641
33.30193,-56.897392,-15.3929825,27.44117,-1.0771424,-12.554683,-7.381101,7.148741,-21.075365,8.773807,-6.3950934,0.7614002,3.6384451,0.35947382,-17.084934,-2.7099054,0.7907588,-22.947361,-1.6923537,2.819988,-2.2709503,-0.5902571,6.5623255,-17.844715,-1.2897716,0.50987715,-19.899231,-5.074325,-0.058452852,-3.7738717,-4.9303837,11.880323,-16.516571,-4.0788493,0.4454706,-22.904167,-1.3736688,-3.1510658,-10.619627,-21.332941,16.196096,-5.4106627,9.35239,7.130825,-6.5933533,-5.0430975,4.636719,-19.665295,-0.321821,-5.250664,-7.3195415
33.664562,-57.6385,-15.345196,27.87366,-0.60189617,-12.455526,-7.449087,7.219712,-21.538036,8.811795,-6.435586,0.18260536,3.7083476,0.5297458,-18.354605,-2.7316267,0.7916549,-23.829588,-1.6924859,2.8311226,-2.9409728,-0.58993614,6.6837473,-19.01602,-1.2948542,0.5115491,-20.268467,-5.1355824,-0.03684245,-3.971602,-4.9735956,12.078533,-17.254858,-4.112467,0.45588034,-23.315065,-1.3971288,-3.159612,-10.907232,-21.594494,16.393068,-5.463275,9.4944725,7.264775,-6.112337,-5.0654325,4.664242,-19.053158,-0.30278915,-5.3055286,-6.9380693
33.092407,-56.224667,-15.908827,27.03656,-1.3227507,-12.512742,-7.171922,6.9790545,-22.004972,8.405163,-6.2372174,-1.8885074,3.6310053,0.28490317,-19.04229,-2.6661053,0.78435266,-26.12501,-1.6381025,2.7622845,-4.7165666,-0.5951094,6.3113136,-19.157381,-1.2871197,0.5139705,-22.631493,-5.1636267,0.025605451,-5.7721734,-4.8457775,11.587735,-17.352169,-4.058248,0.5017524,-25.769411,-1.5003916,-3.0224595,-12.6174965,-21.01822,15.949286,-5.317999,9.26852,6.85092,-5.7049913,-4.9904428,4.596929,-20.666462,-0.3533959,-5.149436,-8.246163
35.2699,-58.64491,-19.222485,28.36299,-0.83308613,-12.774239,-7.283164,7.1611204,-24.78232,8.404896,-6.3747516,-5.56512,3.8770058,0.7762534,-23.941866,-2.7186756,0.7806246,-32.744476,-1.5923455,2.7805197,-9.429303,-0.5838934,6.703923,-23.870993,-1.3120245,0.5241957,-28.311684,-5.580594,0.15146841,-9.111648,-4.9508767,12.081937,-21.643253,-4.2276015,0.56350017,-30.591976,-1.6657575,-3.023901,-15.175178,-21.890911,16.586432,-5.469969,9.466219,6.50079,-8.845613,-5.2059336,4.7692595,-23.138678,-0.37257606,-5.2846227,-9.266672
35.490147,-59.126938,-18.86836,28.77144,-0.30956316,-12.668944,-7.417801,7.2809315,-24.39725,8.553882,-6.4452662,-5.2389445,3.969689,1.2820976,-24.852676,-2.7455704,0.7833028,-33.09859,-1.602483,2.8080842,-9.651563,-0.56475234,7.1702585,-25.939823,-1.3192563,0.5262503,-29.712654,-5.75279,0.19627866,-10.4466,-4.9663854,12.638697,-24.099207,-4.291557,0.5901561,-32.209007,-1.752737,-3.0240061,-16.416935,-22.184889,16.807009,-5.5338554,9.530273,6.9777775,-10.329189,-5.2759905,4.8343225,-24.145113,-0.37877744,-5.344597,-9.686223
36.257957,-59.95808,-20.147446,29.128496,-0.431563,-12.880571,-7.556693,7.394304,-23.94974,8.783852,-6.5717163,-3.7570124,3.9802818,1.1340597,-24.073654,-2.7765172,0.78778917,-31.238888,-1.6423253,2.8579726,-7.9385223,-0.5681364,7.163122,-25.761862,-1.3246274,0.52560186,-29.29489,-5.750069,0.14243276,-9.668929,-5.031255,12.673321,-24.47005,-4.341485,0.5777836,-31.906103,-1.7128314,-3.0997941,-15.603174,-22.476694,17.005512,-5.59906,9.544932,6.745291,-12.26508,-5.3720636,4.9093637,-25.009703,-0.37663767,-5.4091635,-9.686567
36.475613,-59.892033,-21.399832,29.147999,0.22794455,-12.508026,-7.5549583,7.404816,-23.719759,8.879447,-6.613576,-2.1146884,3.9588022,1.2230194,-22.963142,-2.7682405,0.7907384,-28.687551,-1.6618178,2.86482,-6.514452,-0.5736419,7.079466,-24.70891,-1.3227072,0.522541,-27.057432,-5.606181,0.06296618,-7.658868,-5.041448,12.456502,-23.268093,-4.302029,0.49538398,-28.348083,-1.5413128,-3.1971996,-12.796049,-22.435314,16.976572,-5.5870953,9.424018,6.11215,-13.930947,-5.3638935,4.861971,-23.458424,-0.34748724,-5.41036,-8.305996
34.765594,-57.56231,-18.948263,28.070377,-0.1632361,-12.283368,-7.4053497,7.207018,-21.790228,8.779534,-6.4553385,-0.12384993,3.793636,1.1900656,-20.234472,-2.715627,0.78944147,-25.261396,-1.679054,2.8337579,-4.0435343,-0.56063527,6.993681,-23.121492,-1.3042054,0.51949733,-25.25962,-5.4170203,0.04913812,-7.232275,-4.8874073,12.313048,-22.561983,-4.1903057,0.5159494,-28.031717,-1.5631261,-3.089518,-13.370851,-21.680906,16.408644,-5.4369516,9.140292,6.6193585,-13.431772,-5.2152195,4.778721,-23.856873,-0.3858003,-5.247648,-9.178325
35.804104,-59.125492,-19.469217,28.829056,-0.17360707,-12.591416,-7.63746,7.410385,-21.759,9.00217,-6.592032,-0.12962958,3.8919704,1.2605915,-21.194735,-2.7668984,0.7935115,-26.421392,-1.6817039,2.8658597,-5.158342,-0.5573498,7.343754,-24.074888,-1.3166485,0.52133924,-25.448946,-5.5313783,0.068391524,-7.213866,-4.980752,12.899779,-23.36521,-4.2625694,0.5045225,-27.818457,-1.5529877,-3.1533017,-13.166097,-22.25374,16.849333,-5.562951,9.3310585,7.084466,-14.261811,-5.2888803,4.844546,-23.12878,-0.34603834,-5.376984,-8.545559
35.97777,-59.535027,-19.346664,29.263578,1.0786805,-12.071482,-7.665831,7.4358997,-22.003733,8.984767,-6.5785418,-1.0434566,3.9922762,1.9068092,-23.433453,-2.7707071,0.79067695,-28.152645,-1.6592723,2.8581314,-6.942709,-0.5209501,7.935546,-27.873755,-1.3220094,0.52848184,-28.583454,-5.833254,0.22614634,-10.465828,-4.932457,13.603523,-27.54251,-4.303672,0.55882823,-31.187088,-1.7512857,-3.0342088,-16.034788,-22.416424,16.968256,-5.580306,9.288556,7.439999,-17.051455,-5.3722115,4.9561653,-25.878117,-0.4363718,-5.3410864,-10.8899765
36.991684,-61.290474,-20.039888,30.060541,1.2760179,-12.282459,-7.8305197,7.6000214,-22.882963,9.145994,-6.6943674,-1.8102927,4.09666,1.9239111,-24.767647,-2.8201141,0.79363203,-29.672007,-1.6645691,2.8897195,-7.9936156,-0.51806283,8.188638,-28.62678,-1.3334254,0.5300921,-28.64945,-5.888592,0.21797426,-10.103663,-5.0311756,14.023271,-28.012,-4.3682227,0.5490577,-30.67987,-1.6965815,-3.1251802,-15.385937,-22.962723,17.39635,-5.7014093,9.510714,7.681379,-16.991037,-5.420643,4.986182,-24.624935,-0.36279663,-5.487441,-9.704638
35.590454,-58.564484,-20.147549,28.732897,1.2392743,-11.767031,-7.450036,7.250735,-22.756403,8.581079,-6.3732696,-3.9692059,3.999269,2.2745943,-25.50563,-2.7176554,0.78356946,-32.194256,-1.5994889,2.7893658,-10.098353,-0.49951082,8.027884,-30.161303,-1.3218375,0.53583574,-33.14761,-5.981507,0.36815104,-13.754761,-4.7928996,13.510372,-29.99575,-4.2761197,0.6260289,-35.20157,-1.8691598,-2.8810315,-18.402187,-21.977959,16.627844,-5.465001,9.043529,7.0419164,-18.848255,-5.2997108,4.91057,-28.160934,-0.45332307,-5.213866,-12.148008
36.433254,-60.544407,-19.681196,29.884901,2.551733,-11.534516,-7.756308,7.517224,-22.636396,9.048189,-6.604868,-1.962029,4.140125,2.76227,-25.94453,-2.8021522,0.79012066,-31.383327,-1.6547244,2.87863,-9.2537565,-0.47804734,8.510537,-33.343094,-1.3352422,0.5410486,-35.05558,-6.322679,0.4772599,-16.060425,-4.907974,14.323886,-34.10705,-4.4159284,0.67753613,-38.295822,-2.044943,-2.8683467,-21.125307,-22.709494,17.190887,-5.6484156,9.208708,7.5899167,-23.063435,-5.5515018,5.1969414,-32.467278,-0.56052196,-5.3208113,-15.308221
37.121796,-61.441296,-21.065632,30.226461,2.9316452,-11.453644,-7.877398,7.602417,-22.336481,9.275657,-6.71374,-0.22884992,4.1530714,2.944126,-24.9916,-2.8321943,0.7936014,-30.584496,-1.6973473,2.9244652,-8.324185,-0.47132698,8.49359,-35.071323,-1.340663,0.54738533,-38.009853,-6.5195613,0.5828644,-18.335943,-4.936098,14.378673,-37.233246,-4.487476,0.7331202,-41.85529,-2.1515718,-2.8063297,-23.442043,-22.906647,17.340765,-5.705921,9.057768,7.0481477,-29.061043,-5.7297664,5.434578,-38.043076,-0.66578937,-5.2983756,-18.668758
38.99524,-64.31851,-24.238842,31.167078,2.9374,-11.882587,-8.090502,7.822671,-23.969799,9.599277,-6.9536138,-0.1304487,4.2936287,2.9410112,-26.15081,-2.9051216,0.7880617,-34.784683,-1.691335,2.9813726,-10.903075,-0.46064466,8.411757,-39.304386,-1.3624314,0.56579727,-46.271313,-7.191997,0.8846233,-24.786703,-5.0771875,14.476845,-42.986572,-4.696381,0.84546286,-50.24144,-2.4947455,-2.6587355,-29.542517,-23.647348,17.923847,-5.8866844,9.007465,5.873302,-38.673885,-6.194149,5.9660196,-49.88582,-0.95217705,-5.292367,-26.665962
38.66291,-63.630993,-23.722757,30.896273,2.9651594,-11.756745,-7.9785795,7.7258086,-24.357622,9.365404,-6.8235526,-1.9536092,4.3008995,3.3014598,-27.326313,-2.8832502,0.78411204,-37.488796,-1.6610901,2.937182,-12.993903,-0.45124573,8.604464,-40.623154,-1.3620119,0.5691626,-48.630226,-7.2297297,0.99038637,-26.381638,-5.0045958,14.515646,-44.373203,-4.6689873,0.8921944,-52.50539,-2.5501676,-2.5503533,-31.011604,-23.421745,17.746363,-5.828067,8.916854,5.7774143,-39.04865,-6.118951,5.951568,-50.335747,-0.9384707,-5.223624,-26.894262
36.342045,-60.397816,-21.02468,29.573761,4.2371097,-10.445968,-7.693233,7.4109797,-21.902185,9.103016,-6.5164227,0.100604326,4.12909,2.9293308,-26.69796,-2.7709625,0.7891523,-31.786575,-1.6427522,2.8295639,-10.737304,-0.45464513,8.3205,-37.195507,-1.3309381,0.5485291,-38.00168,-6.450878,0.7074431,-19.60449,-4.767238,14.205933,-39.263992,-4.35367,0.70718676,-41.101276,-2.0897937,-2.6863565,-23.747993,-22.237616,16.866749,-5.5632524,8.633933,6.6790686,-32.461723,-5.59212,5.3675265,-38.689423,-0.6755774,-5.129024,-19.513273
35.04535,-58.702465,-18.807583,28.853285,4.4854555,-9.980165,-7.5687985,7.2751455,-20.460758,9.002529,-6.3741093,1.2943754,4.0268774,2.2659695,-26.4762,-2.7194111,0.7922846,-28.559109,-1.6417587,2.7825809,-8.679298,-0.4809771,7.8769646,-34.21469,-1.3142086,0.5351537,-30.62454,-5.8955417,0.45053145,-14.330331,-4.68851,13.791018,-35.02495,-4.1912537,0.5988909,-33.663765,-1.7818123,-2.829073,-18.790548,-21.62589,16.453857,-5.438945,8.640293,7.324599,-25.884083,-5.2700043,4.9867163,-30.185022,-0.46592152,-5.144246,-13.754278
35.27717,-57.598293,-22.14993,27.76713,1.3533901,-11.306059,-7.5127797,7.165802,-18.849218,9.152683,-6.4522963,4.6782794,3.7742813,-0.46567857,-23.654722,-2.6927829,0.7921145,-25.379168,-1.6921687,2.8235564,-4.8789325,-0.5568424,5.852025,-30.68497,-1.3058021,0.5329855,-31.530613,-5.8131714,0.31820366,-14.19789,-4.729259,11.972042,-32.686684,-4.219711,0.6135285,-36.29591,-1.8386374,-2.8142898,-19.583529,-21.263124,16.123579,-5.358346,8.373772,5.7768183,-27.452166,-5.469236,5.139558,-37.84166,-0.6467005,-5.0094666,-17.771164
39.63775,-64.90812,-24.085945,30.373653,-5.0011935,-16.02443,-8.260598,7.986296,-23.676985,9.829432,-7.2192893,0.39883202,3.9224675,-1.8819287,-18.972082,-2.9733508,0.80270433,-28.972254,-1.7752907,3.0929482,-4.466226,-0.6478693,6.040228,-19.413448,-1.3500848,0.523823,-28.222313,-5.9326253,-0.06088473,-7.709786,-5.54015,12.326103,-19.451818,-4.6481614,0.5345503,-31.956163,-1.6758916,-3.4120352,-15.275944,-24.062723,18.23808,-6.03209,10.13888,6.2310047,-14.114111,-5.973762,5.3948956,-32.209084,-0.5111525,-5.769705,-13.773308
38.57372,-62.541107,-24.798395,28.835148,-6.800238,-16.412739,-7.806208,7.6182017,-24.79354,9.160048,-6.9127507,-2.672842,3.7299547,-2.0412748,-17.05489,-2.8698263,0.7917958,-29.822311,-1.7090266,2.9846587,-5.3668838,-0.6625499,5.6157665,-15.406993,-1.3333597,0.52118057,-27.631119,-5.6575227,-0.08673753,-6.408535,-5.403774,11.279942,-14.59761,-4.4912815,0.5063499,-29.641981,-1.5553449,-3.3482757,-13.203194,-23.108927,17.53975,-5.808072,9.917516,5.124967,-10.353174,-5.7305484,5.141913,-29.337965,-0.4651867,-5.5813746,-12.037741
39.588066,-64.368286,-25.284721,29.668156,-6.634211,-16.682625,-7.9641166,7.8017654,-26.10792,9.294352,-7.060842,-3.8965898,3.8458452,-1.8431399,-18.122269,-2.928923,0.7937107,-31.379454,-1.7197332,3.0349584,-6.1460795,-0.662024,5.890891,-16.014236,-1.3460248,0.5236477,-28.474714,-5.8107543,-0.08660611,-6.575266,-5.54422,11.631951,-14.747451,-4.5970387,0.51424265,-30.260303,-1.5862182,-3.426682,-13.408079,-23.730934,18.024364,-5.954932,10.2542095,5.2447696,-9.394665,-5.8591557,5.2338085,-29.155302,-0.45238632,-5.7302613,-11.750778
35.231197,-58.710205,-20.386938,28.038074,-0.5721129,-12.542453,-7.135436,7.0553327,-25.565006,8.316821,-6.356403,-5.334477,3.8000898,0.5714471,-22.393663,-2.6997774,0.7810817,-29.989628,-1.6163998,2.7933025,-7.0152183,-0.5882229,6.393512,-21.25313,-1.3061019,0.521243,-26.106611,-5.37594,0.02668839,-6.848764,-4.95988,11.556241,-19.03123,-4.185967,0.5189001,-27.905712,-1.5199814,-3.112053,-12.542722,-21.598003,16.403376,-5.427534,9.420804,5.792718,-7.660224,-5.1742854,4.684851,-21.893696,-0.35096958,-5.269832,-8.214407
34.656002,-57.6732,-19.604694,27.805357,-0.14486355,-12.193255,-7.1194863,7.0184064,-24.45962,8.329363,-6.3105254,-4.190135,3.7997952,0.9377072,-22.585897,-2.6802478,0.7809444,-29.375126,-1.6163883,2.7790594,-6.717186,-0.5759583,6.541712,-22.803265,-1.3033266,0.5217225,-26.782959,-5.4174185,0.07287415,-7.8621945,-4.8765516,11.686175,-20.982239,-4.165061,0.5416505,-29.123268,-1.5907514,-3.041615,-13.694431,-21.39019,16.225601,-5.373234,9.237808,6.0483313,-9.571023,-5.1460505,4.687506,-22.912352,-0.38352868,-5.2015414,-8.885263
33.79998,-57.28712,-15.914378,28.14197,0.9275738,-11.71024,-7.3564672,7.161397,-22.187378,8.659489,-6.362702,-1.1913681,3.8298845,1.4993026,-21.730677,-2.70521,0.78642845,-26.36274,-1.6526947,2.7931128,-5.155833,-0.55527675,7.1833725,-23.360798,-1.2977049,0.5169961,-23.197872,-5.3146787,0.06895145,-6.3529363,-4.865151,12.549294,-21.57632,-4.125466,0.51243466,-26.37726,-1.5551803,-3.0444276,-13.178457,-21.589832,16.36277,-5.416692,9.324213,7.4157443,-8.974186,-5.055223,4.671246,-19.865196,-0.3315765,-5.245777,-7.599548
33.415623,-56.678886,-15.402126,28.047493,1.4421299,-11.396574,-7.308429,7.1049194,-22.110651,8.513745,-6.254617,-2.6480854,3.8990064,2.2049239,-23.873339,-2.6834674,0.78220713,-29.488276,-1.6135898,2.754957,-7.737995,-0.52022076,7.685836,-26.89713,-1.2987998,0.5228787,-27.331007,-5.5532985,0.22319146,-10.025594,-4.7482786,13.071037,-25.802362,-4.143549,0.6032077,-31.18392,-1.7618082,-2.885334,-16.706194,-21.461906,16.250948,-5.368369,9.159826,7.846558,-11.446593,-5.042724,4.707211,-22.68721,-0.3741844,-5.1713643,-9.479905
34.5863,-57.79991,-18.075855,28.352722,0.9808636,-11.777259,-7.379086,7.1851883,-22.475882,8.667433,-6.3854313,-1.8097265,3.8958988,1.619361,-23.532488,-2.707817,0.78545284,-28.584206,-1.640185,2.7994094,-6.6095753,-0.5431524,7.2571354,-26.380754,-1.3045337,0.52288765,-27.380234,-5.578144,0.16044599,-9.407646,-4.8382936,12.698598,-25.41705,-4.205165,0.5831609,-31.021114,-1.7250226,-2.9696434,-15.906417,-21.732033,16.442883,-5.428733,9.181455,7.0409923,-13.227392,-5.193849,4.8023243,-24.48527,-0.40460616,-5.223249,-10.048117
36.542336,-60.641567,-20.636309,29.50971,1.1452333,-12.190093,-7.6931815,7.468244,-23.034466,9.06965,-6.6588774,-1.0498006,4.0268154,2.0403764,-23.578207,-2.798988,0.7888019,-29.806307,-1.6849825,2.9025903,-6.7988048,-0.51742625,7.727113,-29.86568,-1.3276068,0.5361792,-33.5951,-6.11837,0.34253544,-13.81611,-4.973565,13.382415,-30.696781,-4.4232965,0.683982,-37.797894,-1.9950886,-2.9156337,-20.211517,-22.60033,17.096495,-5.634865,9.214836,6.670623,-21.545677,-5.596187,5.233115,-33.185886,-0.5902832,-5.3064632,-15.436723
37.09968,-61.318005,-21.103218,30.023588,1.8958969,-11.943396,-7.8006783,7.5685678,-22.864685,9.240694,-6.7334065,-0.20154908,4.0824146,2.0760202,-24.276653,-2.8175755,0.79537666,-28.333935,-1.7043157,2.921405,-6.0059786,-0.52162904,7.889205,-29.504122,-1.3311471,0.530238,-30.254047,-5.932732,0.21227576,-10.895905,-5.0172176,13.666073,-29.631344,-4.40606,0.60290736,-33.487484,-1.7847666,-3.081435,-16.781626,-22.874622,17.308167,-5.6845684,9.33571,6.997596,-20.229227,-5.5192127,5.1031556,-28.510649,-0.44146672,-5.4347234,-11.778295
37.311234,-61.530262,-21.452806,30.093729,1.9376893,-11.958001,-7.8127,7.58447,-23.081097,9.209086,-6.726622,-0.90737814,4.109379,2.2440171,-24.781317,-2.8212936,0.79465526,-29.438053,-1.694958,2.9202206,-6.9132204,-0.5133546,8.059688,-30.214947,-1.3352904,0.5332551,-31.742151,-6.0279064,0.25865015,-11.866223,-5.014514,13.831479,-30.469654,-4.426433,0.6156791,-34.56119,-1.8197191,-3.0611842,-17.389727,-22.936697,17.360363,-5.6970882,9.328197,6.9733667,-21.19579,-5.542255,5.1270323,-29.19776,-0.4501509,-5.437376,-12.2017975
37.547104,-62.26215,-20.865084,30.652706,2.6427422,-11.77925,-7.953604,7.7098713,-22.899622,9.458428,-6.8239217,0.5129437,4.162572,2.005426,-25.229063,-2.849904,0.8000479,-27.839502,-1.7145703,2.9328518,-6.170737,-0.52827126,7.979993,-29.262922,-1.3364491,0.5268541,-27.17481,-5.7953763,0.13730249,-8.498659,-5.101571,13.886077,-28.585453,-4.3948193,0.5259323,-29.516928,-1.6033685,-3.213098,-14.016555,-23.25979,17.609182,-5.766842,9.526849,7.2822747,-18.805582,-5.466396,5.0340295,-24.26056,-0.31973946,-5.5641975,-9.007394
37.43339,-62.625027,-19.852259,30.87268,3.1229818,-11.616728,-8.015402,7.7634807,-22.902752,9.557776,-6.852356,0.8927575,4.195838,1.9882125,-25.677559,-2.8660667,0.801218,-27.685595,-1.7211771,2.9382458,-6.152102,-0.53078246,8.032701,-29.305302,-1.33625,0.5249815,-25.738218,-5.742593,0.11968896,-7.720774,-5.1334367,14.025669,-28.403866,-4.388813,0.51001227,-28.245138,-1.5594791,-3.245169,-13.472157,-23.37954,17.718302,-5.8032904,9.636802,7.6264153,-17.706055,-5.439264,5.018818,-22.666777,-0.28029186,-5.613949,-8.235426
39.18598,-65.182365,-21.466473,32.091225,3.2246768,-12.063892,-8.273295,8.018662,-24.186218,9.776265,-7.049776,-0.6054724,4.3723745,2.3911207,-27.776215,-2.9479737,0.80398685,-31.065434,-1.7306278,3.0119405,-8.14709,-0.5126006,8.602025,-33.073864,-1.3589681,0.5343217,-30.90544,-6.225825,0.26889777,-11.430992,-5.2586513,14.885957,-32.78367,-4.5821447,0.59662646,-33.695885,-1.7911496,-3.2245126,-17.000692,-24.263985,18.38457,-5.9980593,9.884274,7.9258685,-21.321268,-5.714145,5.286661,-27.400232,-0.36010355,-5.7535563,-10.973934
40.75077,-67.57063,-23.142958,33.18537,3.8622422,-12.145801,-8.508448,8.253046,-24.943563,10.101509,-7.2606115,-0.17489725,4.5031896,2.226721,-29.28118,-3.0169604,0.80963254,-31.529415,-1.7589488,3.076747,-8.1798115,-0.5170238,8.686986,-34.379917,-1.3755852,0.53694963,-31.100222,-6.334658,0.24205065,-11.042587,-5.4063225,15.204588,-33.9263,-4.6862664,0.57521033,-33.376133,-1.7370998,-3.3564472,-16.195606,-24.982868,18.944407,-6.163863,10.109149,7.8418508,-22.862186,-5.8653183,5.3996277,-27.537374,-0.32476765,-5.9291525,-10.452646
39.020084,-63.399147,-24.573391,30.854267,2.6708987,-11.8026705,-7.9923906,7.737972,-23.138926,9.4796915,-6.861944,0.12185009,4.1991086,1.532305,-27.010958,-2.8576117,0.80042833,-29.515356,-1.7080268,2.9453473,-7.5242057,-0.5224994,7.7980957,-32.347042,-1.3476207,0.53596485,-31.277473,-6.0144076,0.23530376,-11.24542,-5.0850863,13.895091,-32.6158,-4.457433,0.555339,-32.943947,-1.6438608,-3.1924896,-15.459815,-23.36666,17.691692,-5.7859745,9.301725,6.550795,-24.92627,-5.6039686,5.158687,-29.157595,-0.36082375,-5.554557,-10.936346
41.526474,-66.81839,-28.44192,31.785025,-0.40852037,-13.971411,-8.358794,8.096671,-24.32641,9.963137,-7.2704225,0.3851535,4.226864,0.20042269,-24.635868,-2.9798555,0.8081029,-30.171158,-1.7667321,3.0911586,-6.6120186,-0.56210417,7.3650455,-28.624767,-1.372344,0.5365616,-32.623714,-6.2267675,0.10279249,-10.608718,-5.4191647,13.737081,-29.452616,-4.6922984,0.5407584,-34.29445,-1.6410688,-3.4255178,-15.116888,-24.496202,18.53527,-6.070652,9.75112,6.0928917,-25.327879,-5.9989915,5.429253,-33.35727,-0.4224003,-5.82171,-12.803253
41.16905,-66.73851,-26.97,31.460093,-2.9067447,-15.255812,-8.330845,8.10061,-25.112787,9.883622,-7.3127728,-0.70419323,4.1171494,-0.63348216,-21.819244,-3.0012538,0.80729735,-30.297419,-1.7771668,3.1166966,-5.5829244,-0.6114876,6.8244667,-23.384773,-1.3681536,0.5284788,-30.53431,-6.0818214,-0.01554022,-8.380439,-5.554908,13.032804,-23.38297,-4.713114,0.53032094,-32.861404,-1.6184587,-3.4943883,-14.304638,-24.567545,18.582787,-6.1114264,10.119128,5.97473,-18.366528,-6.017788,5.4164643,-31.54712,-0.42918634,-5.878549,-12.059946
41.326176,-67.318665,-27.183163,31.41958,-3.3410182,-15.529039,-8.1784525,8.025473,-27.435472,9.752811,-7.293688,-2.2438176,4.0905113,-1.4204832,-22.453749,-2.9933825,0.80290985,-32.509434,-1.7551534,3.091969,-6.4259043,-0.65810114,6.0070667,-21.1503,-1.3630334,0.5235048,-29.371914,-5.9582753,-0.050337434,-6.984596,-5.6442575,12.051978,-19.891842,-4.684238,0.50598234,-31.282438,-1.5401181,-3.5184753,-13.2437,-24.506683,18.60056,-6.113373,10.286601,5.0890217,-14.854593,-5.991317,5.3934827,-30.291904,-0.41776168,-5.8825097,-11.633671
39.39215,-64.64073,-24.942625,30.208069,-3.1851125,-14.944558,-7.859606,7.7199607,-26.788416,9.348593,-7.012413,-2.8231816,3.9564514,-1.2733699,-21.696669,-2.9057379,0.7956964,-31.565678,-1.7177801,3.0033338,-6.1824036,-0.6535798,5.8307323,-20.079872,-1.3431506,0.52138335,-27.97097,-5.741356,-0.041832127,-6.697783,-5.457211,11.635878,-18.659403,-4.525845,0.5087886,-30.064358,-1.5242321,-3.3952608,-13.0997305,-23.583515,17.907938,-5.904499,10.037073,5.179271,-12.072643,-5.7533536,5.196107,-28.316517,-0.41210085,-5.6893506,-11.143355
36.99825,-61.156517,-22.35594,28.867443,-1.745253,-13.569525,-7.4659386,7.3372273,-25.512,8.866318,-6.653947,-2.9061153,3.8315666,-0.51781994,-21.533335,-2.7867596,0.7890315,-29.539127,-1.6721308,2.881441,-5.9476423,-0.6220917,6.0015287,-20.346725,-1.3192332,0.51840997,-25.547478,-5.4272375,-0.02412568,-5.9898295,-5.162904,11.495105,-18.791481,-4.2983756,0.49014547,-27.69815,-1.4460316,-3.2543383,-12.040102,-22.365334,16.986462,-5.6216307,9.572393,5.5546923,-10.818617,-5.3945084,4.8998275,-24.557087,-0.3617419,-5.441195,-9.370456
35.123753,-58.73686,-19.35192,28.127958,-0.33323717,-12.472969,-7.2992005,7.1409388,-23.952509,8.734333,-6.451008,-1.2963355,3.7685845,0.038664296,-21.401514,-2.7213075,0.78650045,-27.053667,-1.6651849,2.8156874,-4.8197403,-0.5997677,6.1383696,-21.171988,-1.3004993,0.51520383,-23.127552,-5.2221212,-0.0032048598,-5.357945,-4.9760895,11.565956,-19.696106,-4.1513333,0.48926428,-26.084227,-1.4312639,-3.1358683,-11.930675,-21.656736,16.455149,-5.458411,9.299571,6.1573777,-10.216631,-5.1630726,4.7475505,-22.260681,-0.34081542,-5.283762,-8.620498
33.123173,-56.43212,-15.602203,27.90873,2.282832,-10.839366,-7.168991,7.0019164,-22.638361,8.561905,-6.251406,-0.57558966,3.800056,1.6070219,-22.271978,-2.6588433,0.7838259,-25.050255,-1.6436818,2.746765,-4.499578,-0.550627,6.982215,-23.790377,-1.2869475,0.51490515,-21.40833,-5.1449566,0.07091326,-5.441509,-4.7720037,12.241419,-21.837746,-4.0145755,0.47541186,-24.090178,-1.4443809,-3.0238132,-11.70779,-21.169294,16.062435,-5.31703,9.108294,7.1139407,-9.556978,-4.92379,4.572931,-18.411022,-0.30886576,-5.153813,-6.9077873
34.49312,-59.697273,-14.237194,29.452192,2.184392,-11.568516,-7.759172,7.507254,-21.880573,9.3737955,-6.6697745,2.9236283,3.9303339,1.5542935,-20.480715,-2.806075,0.79931235,-22.42654,-1.7375846,2.8881602,-2.1906116,-0.5573655,7.487138,-22.696253,-1.3036219,0.5100825,-18.273056,-5.2184296,0.005435275,-3.166034,-5.066299,13.17832,-20.944748,-4.1660705,0.4327954,-21.59579,-1.3496127,-3.2406633,-10.246025,-22.415707,17.026226,-5.641939,9.65319,8.228344,-9.539489,-5.119726,4.783362,-17.240993,-0.25388953,-5.470663,-6.1062107
31.274588,-54.21144,-12.096031,26.810478,1.3264613,-10.924894,-7.209766,6.9355345,-19.150604,8.705507,-6.1655126,3.607653,3.5978856,1.1782613,-17.710657,-2.6302037,0.78960323,-19.382338,-1.6832108,2.7257922,-1.1798737,-0.5592041,6.8013277,-19.94697,-1.266377,0.5047959,-15.695917,-4.7612042,-0.012874552,-2.343894,-4.6891193,12.091681,-18.493528,-3.862451,0.41085076,-19.256763,-1.264552,-3.027501,-9.382757,-20.544386,15.603953,-5.2153645,8.940753,7.9201174,-7.6596737,-4.7052264,4.428833,-15.478757,-0.24841318,-5.0677996,-5.5329876
31.387167,-54.759457,-11.709702,26.736103,0.017056406,-11.638018,-7.3317137,7.019905,-18.406107,8.788228,-6.218958,3.9026217,3.5511422,1.0324314,-15.3378315,-2.6544838,0.7907746,-18.445429,-1.693078,2.7480803,-0.56640923,-0.55670345,7.087611,-17.462498,-1.2682295,0.50417566,-14.782053,-4.735652,-0.049049407,-1.4769558,-4.738245,12.365327,-16.23537,-3.876462,0.38678208,-17.894922,-1.2013301,-3.0957148,-8.269297,-20.697716,15.726167,-5.265238,9.037333,8.260554,-6.683304,-4.7128396,4.4247084,-14.875129,-0.22401404,-5.1284666,-5.0844307
30.756983,-53.788136,-11.269111,26.181705,-0.2479375,-11.540435,-7.229031,6.906795,-17.757536,8.625274,-6.1040297,3.7408798,3.49615,1.144141,-14.9300785,-2.6190403,0.7875428,-18.73769,-1.6681921,2.704187,-1.2419286,-0.5485434,7.1390104,-17.13127,-1.2618245,0.5050461,-14.998356,-4.681284,-0.02188873,-1.837873,-4.6459365,12.326258,-16.116089,-3.8204117,0.39363715,-18.103012,-1.2111971,-3.028014,-8.61024,-20.30987,15.431228,-5.1790247,8.8559265,8.315528,-6.923461,-4.630234,4.3619328,-14.844963,-0.23027289,-5.039707,-5.241906
31.276794,-54.71792,-11.333864,27.021788,1.7468716,-10.774974,-7.303358,7.00557,-18.641302,8.829746,-6.2083464,4.348023,3.6249404,1.4806367,-17.313177,-2.648994,0.79228175,-19.152502,-1.695651,2.7421777,-0.95721257,-0.54801345,7.1092787,-20.048931,-1.2689273,0.50496316,-15.601591,-4.7786126,-0.012019363,-2.3063295,-4.7008815,12.4294815,-18.997725,-3.8812761,0.41555268,-19.397066,-1.2579184,-3.0465398,-9.445431,-20.646414,15.697205,-5.253337,8.940751,8.251771,-8.586634,-4.711517,4.4481926,-15.53021,-0.23067851,-5.1092196,-5.388153
33.32819,-58.141083,-12.930972,28.642567,2.1944923,-11.215109,-7.6508293,7.3629956,-20.27881,9.271398,-6.529458,4.2440944,3.8217304,1.6056188,-18.908373,-2.7594838,0.79870117,-20.649448,-1.7345076,2.8463612,-1.2745727,-0.5509766,7.43991,-21.538364,-1.2915723,0.50755674,-16.777596,-5.032284,-0.017809015,-2.4742763,-4.9449778,12.990799,-20.195127,-4.065469,0.42086524,-20.414845,-1.2882934,-3.19225,-9.673634,-21.80092,16.575657,-5.518671,9.381299,8.288794,-9.845371,-4.9751,4.672726,-16.609598,-0.23411922,-5.3597813,-5.7104206
33.140015,-57.16111,-13.963017,28.321371,2.5263178,-10.880344,-7.4687715,7.216249,-20.676071,9.019606,-6.4133987,2.9995525,3.8212276,1.7224156,-20.630196,-2.7099617,0.79313284,-22.091364,-1.6998105,2.8014314,-2.440574,-0.5429433,7.31569,-23.380285,-1.2885518,0.5110487,-19.005085,-5.1009755,0.032805473,-4.1387677,-4.8412995,12.755493,-22.11145,-4.0463676,0.4592894,-22.723593,-1.3939437,-3.0923066,-11.081834,-21.470688,16.317007,-5.4179525,9.177919,7.8333383,-11.133135,-4.960215,4.6473684,-18.105312,-0.28125548,-5.250341,-6.483465
35.525978,-61.611446,-14.462926,30.602514,3.2698233,-11.412779,-8.084298,7.771385,-21.234772,9.799035,-6.872148,4.363403,4.09237,2.0019345,-22.271465,-2.8765683,0.8045146,-22.852045,-1.7837884,2.9665618,-1.8932513,-0.5329378,8.066086,-26.235607,-1.3190118,0.5158223,-20.629923,-5.475188,0.031265523,-4.9302855,-5.145873,14.059441,-25.566563,-4.3158984,0.50114,-25.419554,-1.5085326,-3.2579255,-12.699116,-23.127365,17.569973,-5.7994404,9.771677,8.788141,-13.539406,-5.317287,4.9811735,-20.38703,-0.27950695,-5.6120567,-7.4614515
34.451385,-59.424778,-14.36742,29.549673,2.8516166,-11.211148,-7.8338404,7.531892,-20.634014,9.491345,-6.6732807,4.1254053,3.9680822,1.756966,-21.663567,-2.8032546,0.7995832,-22.369963,-1.7514932,2.897972,-2.1280386,-0.5379981,7.6827793,-25.513424,-1.3051108,0.51388884,-20.301922,-5.344073,0.042912006,-5.1023993,-5.002027,13.506547,-24.879711,-4.2051554,0.49115163,-24.901834,-1.494927,-3.1632326,-12.63886,-22.405571,17.008799,-5.628001,9.477661,8.392227,-13.231417,-5.1917377,4.8656516,-20.433956,-0.30366486,-5.4377327,-7.7174215
35.428394,-61.131203,-15.337785,30.306871,3.7952316,-11.016779,-8.080045,7.729974,-20.121965,9.848154,-6.8504386,5.8702593,4.058155,2.065865,-21.748808,-2.8647168,0.80658484,-21.852797,-1.7965219,2.9687254,-1.6266379,-0.5172466,8.023067,-28.282814,-1.3174316,0.5187805,-22.771816,-5.6210313,0.12798549,-7.472069,-5.0671554,14.083645,-28.839703,-4.3213415,0.53433275,-28.130527,-1.6209261,-3.15105,-15.001737,-22.870424,17.374702,-5.755005,9.4503355,8.4263,-19.003557,-5.4207597,5.1135406,-25.417933,-0.39802888,-5.498646,-10.810803
35.745,-61.71667,-15.970281,30.502272,4.6339097,-10.631232,-8.128145,7.7579308,-19.861702,9.929378,-6.871865,6.4514055,4.101424,2.4793575,-22.111095,-2.8740737,0.8075532,-22.137716,-1.8028836,2.9779637,-1.9879894,-0.49443656,8.274158,-30.322449,-1.321329,0.52334213,-24.751146,-5.755008,0.20571293,-9.246014,-5.033337,14.408121,-31.65116,-4.3536572,0.57419825,-30.515001,-1.7048689,-3.0917659,-16.621168,-22.913383,17.407719,-5.768075,9.29098,8.386587,-23.027113,-5.4901223,5.212751,-28.221476,-0.44654256,-5.474959,-12.644889
34.15196,-58.062946,-17.364023,28.491327,3.81585,-10.242671,-7.5020075,7.216448,-20.329178,9.002584,-6.405305,2.5692778,3.9210503,2.5709443,-22.581413,-2.7119763,0.7891771,-25.817944,-1.6651208,2.7963166,-6.308788,-0.4827371,7.8230276,-30.835224,-1.3019061,0.53124714,-28.876635,-5.79797,0.40974176,-13.101029,-4.7078,13.451485,-32.156624,-4.171092,0.6102854,-33.317772,-1.8300549,-2.7920105,-18.833235,-21.441004,16.286789,-5.412404,8.612476,7.218772,-24.783422,-5.2903967,5.041183,-31.006271,-0.5667164,-5.0705504,-15.163499
35.366245,-59.8965,-18.28877,29.31149,3.4018126,-10.812435,-7.704361,7.419395,-21.04708,9.213625,-6.57836,2.1766772,4.011504,2.7731607,-22.510347,-2.774493,0.79157853,-26.840174,-1.6795635,2.853742,-6.8034844,-0.47597983,8.19452,-31.312761,-1.3168267,0.53619426,-30.660097,-6.0282106,0.45172188,-14.03486,-4.834577,13.9469795,-32.77855,-4.286839,0.6251557,-34.709362,-1.8932699,-2.847124,-19.649733,-22.107388,16.794811,-5.5641527,8.8377285,7.395788,-26.129911,-5.4645476,5.197253,-32.558117,-0.60234356,-5.1953187,-16.144138
35.4096,-59.729904,-19.21747,29.017872,2.5078053,-11.184955,-7.5957904,7.336631,-21.832275,9.023412,-6.5241513,0.78279024,3.987384,2.7184715,-22.595327,-2.752764,0.78231037,-29.865583,-1.626955,2.8109746,-9.124331,-0.47948578,7.9822245,-31.61199,-1.3175333,0.5439733,-34.211983,-6.203709,0.585557,-16.592373,-4.810359,13.626315,-33.44172,-4.298925,0.6727828,-38.040638,-2.0297565,-2.7184722,-22.06707,-21.980476,16.677671,-5.525421,8.69623,6.7954082,-28.10433,-5.531485,5.30231,-36.208527,-0.71935725,-5.0871677,-18.952003
36.85073,-61.79011,-19.592262,30.398977,2.6446433,-11.687542,-7.9808326,7.694487,-21.938276,9.489496,-6.814334,1.4699178,4.1433754,2.5355167,-23.99148,-2.8491201,0.7934418,-28.944447,-1.6855044,2.9232762,-7.8887,-0.49012274,8.302611,-32.160614,-1.3353469,0.54032564,-32.493607,-6.3137116,0.45330167,-14.882226,-5.022673,14.361228,-33.45312,-4.4503827,0.6420343,-36.556515,-2.0123103,-2.9242246,-20.715864,-23.046953,17.488392,-5.756013,9.249856,7.7411785,-25.496008,-5.684909,5.3573966,-33.646004,-0.63626283,-5.3726997,-16.801512
36.784348,-61.869198,-19.020838,30.531008,3.0680757,-11.509649,-8.031205,7.733751,-21.5891,9.590262,-6.8403826,2.2324786,4.1556807,2.477467,-24.166018,-2.8540382,0.79865336,-27.262123,-1.7135866,2.9403226,-6.3543096,-0.49966544,8.339589,-30.91768,-1.3333106,0.53210837,-29.22082,-6.078393,0.29799384,-11.790152,-5.0434875,14.439263,-31.581879,-4.4248085,0.59422785,-33.159454,-1.8616291,-3.0437229,-17.958544,-23.13445,17.547033,-5.7674417,9.377181,8.073008,-22.471952,-5.580803,5.215743,-29.212532,-0.50731474,-5.4610147,-13.438174
36.050327,-60.35094,-19.067814,29.836082,3.1211505,-11.168265,-7.829612,7.5397234,-21.222616,9.3358755,-6.6716924,1.8916728,4.0800943,2.3644063,-24.529911,-2.7954838,0.7959025,-27.171932,-1.698057,2.8878357,-6.2393813,-0.503923,8.016319,-31.056559,-1.3241862,0.5314194,-29.36386,-5.9441977,0.29172593,-11.678261,-4.922639,13.980575,-31.5813,-4.3407187,0.6034899,-33.389652,-1.8425989,-2.9713626,-17.852959,-22.59488,17.113262,-5.628228,9.154376,7.703485,-22.010172,-5.4471636,5.1008625,-28.8238,-0.4840063,-5.339124,-12.949835
36.027172,-60.77326,-18.173424,30.211426,3.815488,-10.934644,-7.917094,7.6204166,-21.111958,9.538307,-6.7388296,3.169023,4.1186543,2.3467386,-24.73033,-2.8190198,0.801542,-25.2057,-1.7351503,2.912195,-4.516742,-0.5109352,8.097803,-29.992168,-1.3228196,0.52362573,-25.30892,-5.6794353,0.14640343,-8.377416,-4.9796343,14.08201,-29.945175,-4.312947,0.543368,-29.334518,-1.6465085,-3.1172044,-14.857221,-22.777794,17.261553,-5.677182,9.322926,8.049033,-19.45357,-5.348991,4.9885435,-24.130417,-0.34193286,-5.4609685,-9.585368
35.82568,-60.31935,-18.396158,29.947332,3.867425,-10.803451,-7.844668,7.55282,-21.154642,9.483143,-6.694556,3.395518,4.0803165,2.1302612,-24.549187,-2.8018835,0.8007765,-24.680214,-1.7378986,2.8988442,-4.0360727,-0.5158796,7.827714,-29.647717,-1.3187864,0.52205276,-24.904758,-5.5916576,0.13186081,-7.927808,-4.957324,13.709042,-29.515789,-4.278403,0.53467524,-28.901289,-1.6010576,-3.1113534,-14.314175,-22.588762,17.110302,-5.632904,9.238179,7.583182,-19.448286,-5.3145823,4.9625487,-24.268988,-0.33504596,-5.419855,-9.408744
33.91257,-57.091473,-17.207949,28.41596,3.5231822,-10.354553,-7.444029,7.1668687,-20.284063,8.914642,-6.3519177,2.0881405,3.906353,2.3109014,-23.694386,-2.6882768,0.7911776,-24.440615,-1.6896968,2.7965522,-4.349222,-0.50617135,7.637494,-29.356981,-1.2985013,0.52304995,-26.13508,-5.4851313,0.19520676,-9.397195,-4.704115,13.195955,-29.555199,-4.1317983,0.58041495,-30.528788,-1.6989259,-2.8995576,-15.818947,-21.482168,16.241488,-5.3636017,8.810872,7.335692,-18.796295,-5.1154685,4.804445,-25.079338,-0.39322162,-5.13845,-10.4777565
35.26614,-59.895348,-17.390844,29.778606,4.2307377,-10.539807,-7.8508987,7.5247264,-20.315323,9.515268,-6.6687617,4.4046483,4.044854,2.3963695,-23.569033,-2.7967231,0.8008969,-23.32172,-1.7597834,2.9082184,-2.9187665,-0.5008871,7.979931,-30.473125,-1.3153534,0.5240457,-26.061087,-5.6653976,0.18886182,-9.370777,-4.9063206,13.849038,-31.233698,-4.2810564,0.5836817,-31.117254,-1.7154557,-3.0210805,-16.182724,-22.431292,16.986311,-5.6054306,9.114678,7.6918163,-21.500381,-5.3542523,5.0474463,-27.060646,-0.41433316,-5.349744,-11.532236
36.241055,-61.16246,-17.957033,30.388836,3.9166842,-10.982089,-7.9790287,7.6730824,-21.315168,9.611151,-6.7771993,3.20339,4.1330824,2.1485212,-24.977808,-2.8397026,0.801734,-25.306812,-1.7505207,2.9324977,-4.302936,-0.51948357,7.963727,-30.621014,-1.3255754,0.5241367,-25.941122,-5.7332835,0.16943873,-8.806448,-5.0280433,13.992191,-30.642351,-4.347919,0.5638779,-30.34814,-1.6853161,-3.1074708,-15.545133,-22.956907,17.388147,-5.7188654,9.411269,7.838417,-19.618017,-5.417242,5.071195,-25.38916,-0.36456767,-5.484376,-10.32077
37.889305,-63.373455,-20.444145,31.379902,4.477049,-11.073305,-8.18955,7.8784933,-22.135721,9.916115,-6.9778385,3.78383,4.256864,2.1294527,-26.32415,-2.9022987,0.80726457,-26.192917,-1.7826369,2.9980257,-4.4879184,-0.51985955,7.970952,-32.907,-1.3420451,0.52898955,-28.309752,-5.9535527,0.20866929,-10.045358,-5.151158,14.189891,-33.282333,-4.471691,0.5839803,-32.610794,-1.719588,-3.168838,-16.35157,-23.613024,17.882242,-5.86674,9.509581,7.4078436,-23.660036,-5.6202297,5.263118,-28.62741,-0.3867175,-5.605073,-11.635567
38.38114,-63.89161,-20.993532,31.552162,4.187705,-11.308828,-8.203011,7.915505,-22.816792,9.862525,-6.9935203,2.4090908,4.2890196,1.9447227,-27.206398,-2.9124806,0.805822,-27.76621,-1.7626137,2.9949257,-5.6752396,-0.52744246,7.9605045,-32.763325,-1.3470051,0.52978915,-28.567924,-5.9766593,0.2028875,-9.817768,-5.1955757,14.181461,-32.625034,-4.4928465,0.56777835,-32.103893,-1.6861764,-3.2111263,-15.75459,-23.78167,18.014284,-5.900691,9.630667,7.288259,-22.395903,-5.6325903,5.2455025,-27.526522,-0.35445118,-5.656172,-10.7383375
38.49189,-64.216125,-21.011917,31.730692,4.7996383,-11.047666,-8.183209,7.9127975,-23.353113,9.783708,-6.965787,1.2009645,4.3562593,2.2527168,-29.071518,-2.910759,0.8030572,-29.813297,-1.7373381,2.980408,-7.3561864,-0.5127371,8.218359,-34.827,-1.350385,0.5339297,-30.498192,-6.1293974,0.2867473,-11.582243,-5.170095,14.473134,-34.71688,-4.516892,0.60259634,-34.052616,-1.7886848,-3.1477792,-17.312265,-23.819166,18.061651,-5.9058447,9.628836,7.4252586,-23.361876,-5.657376,5.278661,-28.501217,-0.38146764,-5.6452656,-11.571456
38.765507,-64.19716,-22.334425,31.59719,4.513374,-11.167102,-8.164497,7.888153,-23.139822,9.758473,-6.977865,1.4595819,4.326826,2.6338413,-27.64964,-2.9078972,0.80226004,-29.594826,-1.7465732,2.9989812,-7.0961194,-0.4877624,8.398242,-36.105145,-1.3543738,0.5418588,-34.895065,-6.429678,0.43212095,-15.12252,-5.1274233,14.554398,-37.295036,-4.5734224,0.67034733,-38.71562,-1.9868841,-3.0270703,-20.386269,-23.762001,18.003447,-5.893175,9.396797,6.9401517,-28.63781,-5.824273,5.472806,-34.915684,-0.5485664,-5.5425935,-15.79417
38.158283,-63.088432,-21.618782,31.000992,3.4107764,-11.519388,-7.946432,7.719893,-24.199553,9.246423,-6.7588253,-2.9320853,4.307396,2.958585,-28.64571,-2.8612375,0.79365647,-34.356834,-1.6623461,2.9158943,-11.026961,-0.47904617,8.682911,-35.484955,-1.3505137,0.5434714,-36.558887,-6.4151764,0.48985586,-16.02955,-5.030634,14.6362505,-36.004612,-4.5182176,0.6925128,-39.45154,-2.0018635,-2.9518833,-20.867178,-23.40895,17.732908,-5.797455,9.400689,7.2641096,-25.091894,-5.64666,5.292949,-32.274654,-0.47708535,-5.486109,-14.235821
38.706615,-63.720654,-22.58834,31.335928,3.5665882,-11.5655575,-8.101669,7.8346343,-23.276344,9.579479,-6.9175587,0.037121683,4.2937174,2.7356439,-27.093493,-2.8934247,0.7998871,-30.844423,-1.7181582,2.9774811,-8.320241,-0.4848482,8.5281925,-35.427776,-1.3539159,0.5431642,-35.80393,-6.4720564,0.46568128,-15.773039,-5.097615,14.613504,-36.614468,-4.5632806,0.67574364,-39.146458,-2.0152278,-2.9939034,-20.764242,-23.658474,17.914976,-5.8628054,9.377961,7.059609,-27.991142,-5.794862,5.4360094,-34.73774,-0.5540585,-5.5102086,-15.858953
39.818054,-64.75763,-25.233349,31.499367,2.401366,-12.3120365,-8.125754,7.8918643,-24.646254,9.508833,-6.9899836,-1.9665961,4.336009,2.6720514,-27.655598,-2.9210887,0.79370356,-35.016926,-1.7009268,3.0048459,-10.503983,-0.48870924,8.34028,-37.721405,-1.3698769,0.5593873,-43.83963,-6.983751,0.68594885,-21.294445,-5.1717772,14.297597,-39.91752,-4.7213445,0.79544365,-47.136585,-2.3251073,-2.8467982,-25.841692,-23.92996,18.135406,-5.9333715,9.358011,5.843827,-32.991707,-6.104524,5.7692604,-43.68896,-0.7629485,-5.4617763,-21.423359
39.122646,-63.328266,-25.119766,30.621258,1.1503319,-12.670922,-7.941767,7.7244983,-24.489956,9.26298,-6.873527,-2.685618,4.2208266,2.415066,-26.178358,-2.8740592,0.78537357,-36.020226,-1.6569654,2.9517176,-11.423625,-0.49893972,8.048162,-35.724503,-1.3603499,0.5596536,-44.536816,-6.9376183,0.7102479,-21.91969,-5.103907,13.791836,-38.363678,-4.667139,0.80421734,-47.90976,-2.380416,-2.746965,-26.796482,-23.44035,17.755991,-5.826008,9.166974,5.4169326,-32.54864,-6.070427,5.7523513,-45.02173,-0.84401417,-5.318839,-22.965143
38.203224,-61.92262,-24.532331,29.963636,1.5532572,-12.197398,-7.830126,7.59331,-23.351694,9.220524,-6.7782173,-1.0171771,4.132661,2.3650587,-25.020494,-2.8316238,0.7861126,-33.349457,-1.6667836,2.9253983,-9.851917,-0.49431816,7.863598,-35.026188,-1.3496958,0.55614746,-42.7482,-6.7740593,0.67359126,-21.053902,-5.0049834,13.529895,-37.89504,-4.576529,0.77798754,-46.349125,-2.3200512,-2.720396,-25.919596,-22.946484,17.383778,-5.718709,8.925665,5.3369436,-33.07479,-5.9666853,5.665404,-44.54189,-0.8445724,-5.217702,-22.871881
37.41472,-60.919994,-23.700176,29.3144,0.9226748,-12.301007,-7.574758,7.3875766,-24.703846,8.753145,-6.565415,-4.8469815,4.107624,2.8164895,-25.755405,-2.7878966,0.77040553,-39.05892,-1.5829563,2.8415794,-14.178,-0.47254407,8.075555,-36.47313,-1.3464608,0.56815606,-48.77766,-7.045247,0.94339633,-26.033598,-4.888593,13.472834,-40.220135,-4.560353,0.88583875,-52.250053,-2.5636513,-2.4566226,-30.614986,-22.488997,17.048656,-5.6201944,8.713362,5.004361,-34.82954,-5.9661884,5.76412,-49.238876,-0.98302937,-5.026785,-26.843351
37.31865,-60.93674,-23.416897,29.52571,1.6763291,-11.951062,-7.65607,7.439923,-23.659729,8.9287615,-6.6283937,-2.8945868,4.1094747,3.0032732,-25.109018,-2.796296,0.7781163,-35.58728,-1.6259267,2.8808503,-11.640546,-0.46159184,8.265377,-36.546642,-1.3453524,0.563677,-46.505848,-6.988275,0.8520707,-24.692007,-4.8810053,13.809234,-40.192844,-4.558505,0.8549876,-50.352818,-2.516687,-2.537424,-29.326397,-22.55641,17.096254,-5.6362333,8.728226,5.601727,-34.744442,-5.958231,5.715004,-47.814594,-0.957343,-5.0751953,-25.791523
38.547497,-63.013508,-23.966286,30.731398,2.586002,-11.923761,-7.9883165,7.735196,-23.44828,9.424195,-6.883658,-0.61529416,4.234461,2.8310921,-25.893154,-2.8771474,0.7912316,-32.52247,-1.7035996,2.9784598,-9.112372,-0.46853444,8.399186,-37.103733,-1.3575289,0.55752814,-43.145267,-6.929812,0.7068912,-21.79267,-5.0538683,14.212088,-39.963215,-4.641355,0.7952848,-47.189323,-2.3796172,-2.751785,-26.597673,-23.384468,17.704453,-5.81859,9.0952425,5.958981,-33.855858,-6.0516205,5.748691,-45.087082,-0.8515322,-5.3117313,-23.149414
35.316196,-58.29701,-20.241411,28.738087,2.9754312,-10.845283,-7.526289,7.270533,-21.215979,8.880436,-6.4431353,0.011043757,3.9928598,2.5337236,-24.663654,-2.723147,0.7857678,-29.005367,-1.6462743,2.8212364,-8.117373,-0.47778118,7.9386225,-33.56291,-1.3193128,0.5411035,-35.616077,-6.259395,0.5451071,-17.394491,-4.74898,13.465824,-35.171238,-4.3068786,0.6803337,-39.368477,-2.1015847,-2.7034893,-22.220873,-21.835714,16.522268,-5.4568768,8.687489,6.4023495,-27.149954,-5.529206,5.230173,-36.503902,-0.7029513,-5.0557017,-18.314398
36.77022,-60.61971,-21.52053,29.851725,3.3311603,-11.093754,-7.803803,7.534442,-21.786777,9.295168,-6.6813235,1.1721746,4.110137,2.246882,-25.594856,-2.7976987,0.79486215,-28.151016,-1.6938664,2.8969595,-7.093154,-0.4928518,7.977866,-33.31536,-1.3322797,0.5366131,-33.095783,-6.178667,0.40118024,-14.598834,-4.9247527,13.775126,-34.3223,-4.389419,0.62286305,-36.430958,-1.9333177,-2.9213398,-19.427082,-22.63376,17.127464,-5.6335106,9.012779,6.606772,-26.32771,-5.5999923,5.2412963,-33.535233,-0.57723105,-5.2932835,-15.536382
35.611565,-58.799366,-20.714361,28.949057,3.5138185,-10.622003,-7.563353,7.319107,-21.532013,9.02521,-6.4941034,0.9133257,4.013637,1.7045826,-26.035288,-2.7296145,0.79036605,-27.72471,-1.661205,2.8225315,-7.1127315,-0.5158192,7.373372,-31.7522,-1.3171564,0.52995485,-30.244513,-5.8521595,0.3177652,-12.448387,-4.8297057,12.957126,-31.84412,-4.2490125,0.5670936,-33.114635,-1.7697319,-2.9225168,-17.080477,-21.939785,16.608082,-5.478593,8.857752,6.118785,-23.013437,-5.38606,5.0248356,-29.991446,-0.5002853,-5.190543,-13.128913
34.690136,-57.837025,-19.106194,28.642878,4.5350256,-9.92327,-7.4835877,7.2260175,-20.92324,8.945854,-6.382681,1.2402723,4.0092134,1.7272921,-27.38508,-2.6986566,0.7876469,-27.769154,-1.6495862,2.7848425,-7.28763,-0.51294655,7.2859325,-32.990704,-1.3094571,0.52928805,-29.752028,-5.774137,0.33841315,-12.642099,-4.7478013,12.864432,-32.962494,-4.188254,0.5801394,-33.20366,-1.7849163,-2.8515298,-17.551022,-21.585453,16.352818,-5.402754,8.75909,6.26969,-22.398743,-5.282172,4.959374,-29.291346,-0.48486423,-5.12211,-12.831639
36.199146,-59.840443,-20.855888,29.537697,4.2061877,-10.4866495,-7.684401,7.434111,-22.023996,9.161715,-6.5695777,0.66773844,4.113299,1.5801617,-28.350504,-2.7594829,0.79098076,-29.145939,-1.6666267,2.8411493,-7.7922072,-0.52161264,7.3694468,-33.20407,-1.3248477,0.5317254,-30.66927,-5.889669,0.30972603,-12.186741,-4.900247,13.105466,-32.996063,-4.2994795,0.5761474,-33.58014,-1.7650214,-2.9600697,-17.01237,-22.316753,16.89551,-5.5565233,9.028112,6.173782,-22.625671,-5.415281,5.0533566,-29.28594,-0.44961712,-5.285919,-12.192152
35.74324,-59.73729,-18.847336,29.605852,4.307285,-10.466555,-7.716631,7.462432,-21.883472,9.152431,-6.55025,0.22109944,4.131464,1.7274678,-28.563585,-2.7617216,0.78962266,-29.5776,-1.6528373,2.8264072,-8.277718,-0.5247043,7.5991364,-32.41293,-1.3209634,0.5280611,-28.568485,-5.7951255,0.26913032,-10.842422,-4.911532,13.387281,-31.662342,-4.2758403,0.55775464,-31.574072,-1.7356496,-2.9808714,-16.295113,-22.369812,16.957878,-5.569704,9.198877,6.8959594,-19.258253,-5.330295,4.9676504,-25.73138,-0.3911891,-5.329519,-10.440698
35.292377,-59.186405,-18.14365,29.340563,4.066938,-10.488824,-7.64871,7.3947487,-21.829021,9.026894,-6.4741697,-0.41205245,4.1056786,1.8634472,-28.384512,-2.7457664,0.78723097,-30.01466,-1.6380446,2.803106,-8.802027,-0.51259667,7.7299986,-32.517555,-1.3183742,0.5303332,-29.119184,-5.811146,0.32281458,-11.642643,-4.8554997,13.489676,-31.957233,-4.2467127,0.57777613,-32.247086,-1.7750869,-2.9188886,-17.08612,-22.173233,16.816397,-5.5284405,9.1394005,7.159055,-19.152617,-5.2789407,4.946355,-25.918343,-0.40472305,-5.278228,-11.017754
34.883007,-58.643993,-17.64715,29.059084,3.7619603,-10.55315,-7.559957,7.328148,-22.036158,8.877681,-6.40602,-1.3446355,4.0713096,1.9299543,-27.820793,-2.7227123,0.7855659,-30.31012,-1.614191,2.773474,-9.387327,-0.5144781,7.802861,-31.059862,-1.3138814,0.5269226,-27.80893,-5.7219644,0.29000327,-10.728207,-4.8259664,13.483007,-29.978514,-4.1950426,0.5402443,-30.105125,-1.7106475,-2.9380386,-15.945815,-22.020706,16.697489,-5.485629,9.154562,7.3390913,-16.869356,-5.1928787,4.8365583,-23.443182,-0.371525,-5.2592506,-9.8143635
34.900566,-58.444557,-18.780407,28.900656,4.1531734,-10.243786,-7.524084,7.2705827,-21.297575,8.948418,-6.4165635,0.69142133,4.020476,2.2154546,-26.250906,-2.7169602,0.7885687,-27.690165,-1.6618617,2.805056,-6.891177,-0.4921321,7.749254,-32.403824,-1.3138845,0.5326856,-30.445633,-5.8482747,0.36638036,-12.83951,-4.764737,13.314322,-32.64945,-4.217305,0.6012921,-33.784336,-1.8232855,-2.851423,-17.928051,-21.788723,16.508242,-5.446392,8.835619,6.7033916,-22.504784,-5.302829,4.9930806,-29.267662,-0.496555,-5.1544414,-13.150718
35.37328,-58.904316,-19.548235,29.08387,3.5394874,-10.677677,-7.6317286,7.3499885,-21.03312,9.070925,-6.5032854,1.3024929,4.0197325,2.4453132,-24.792599,-2.7511208,0.7908945,-27.309038,-1.6940246,2.8556592,-6.3431816,-0.47548604,7.9319487,-33.85308,-1.3218788,0.5402607,-34.479202,-6.1853228,0.5118786,-16.21082,-4.79713,13.531664,-35.28146,-4.313982,0.6754791,-38.598713,-2.0392408,-2.753292,-21.381039,-22.04325,16.667164,-5.509001,8.793099,6.5296965,-26.85353,-5.5171323,5.24616,-35.684986,-0.6552944,-5.1213818,-17.459457
34.845078,-57.962162,-19.448395,28.641558,3.848342,-10.306214,-7.5012603,7.2270236,-20.74384,8.909617,-6.3882103,0.99706125,3.9798417,2.317699,-25.356218,-2.7066975,0.78837615,-27.208921,-1.6698601,2.8090575,-6.635184,-0.4786471,7.7918167,-33.13815,-1.3143811,0.5372579,-32.851425,-5.9830947,0.44098726,-14.801654,-4.714683,13.329716,-34.250183,-4.2320704,0.6413492,-36.501804,-1.93053,-2.7674713,-19.693022,-21.669804,16.388247,-5.4127264,8.665961,6.477728,-25.319687,-5.3642483,5.07433,-32.881363,-0.57551175,-5.07646,-15.457159
36.727207,-60.635715,-22.094358,29.577333,3.3890898,-10.995006,-7.7811365,7.5012593,-21.647348,9.340396,-6.696279,2.2495918,4.078593,2.1801069,-24.966166,-2.798564,0.7920042,-28.159967,-1.7261238,2.9230351,-5.8850183,-0.48703867,7.6663895,-34.648605,-1.3343079,0.5469096,-37.554108,-6.379181,0.50490594,-17.61357,-4.906925,13.372681,-37.140408,-4.4533334,0.7269629,-42.143467,-2.1337924,-2.7884886,-22.993189,-22.468601,17.030294,-5.6191263,8.81163,5.7846217,-30.80238,-5.754976,5.459073,-40.65936,-0.7283775,-5.194989,-19.89507
35.53983,-57.70839,-23.481642,28.040422,3.5707664,-10.233919,-7.3343563,7.0789404,-20.971106,8.753797,-6.329633,0.6600017,3.9607315,1.3537072,-27.96716,-2.6637783,0.7802053,-31.437172,-1.6062534,2.7576041,-10.14283,-0.50722134,6.6939554,-36.99699,-1.3139052,0.5467931,-39.089226,-6.2954645,0.6273885,-20.387144,-4.6323423,12.334925,-39.3876,-4.2763147,0.7263988,-43.523006,-2.1782124,-2.5556953,-24.619598,-21.18394,16.073488,-5.3158827,8.176912,4.9166803,-32.98956,-5.5718055,5.300685,-42.447666,-0.79177046,-4.868349,-21.576027
39.642048,-64.16453,-26.79964,30.583355,-0.29783997,-13.482685,-8.015796,7.766461,-24.517416,9.487286,-6.976023,-1.3462758,4.189328,0.08452457,-28.235998,-2.8986883,0.78487283,-37.93681,-1.6685351,2.9809282,-11.61061,-0.5643244,6.416687,-36.898808,-1.3660572,0.56360143,-47.587357,-7.142332,0.7707586,-24.478771,-5.216368,12.6193905,-39.426395,-4.755906,0.86404955,-52.45676,-2.553583,-2.6704853,-30.084244,-23.5791,17.86249,-5.8720512,9.2153845,4.5175676,-33.69217,-6.302173,6.000207,-52.150333,-1.0073711,-5.289059,-27.415756
38.40162,-61.362827,-27.07837,29.287457,-0.042672575,-12.8096895,-7.667245,7.4262376,-23.673399,9.08033,-6.6910043,-1.3717015,4.0606956,0.4534505,-28.04472,-2.8044155,0.7773485,-37.664814,-1.647145,2.8947291,-11.578028,-0.5394861,6.250901,-39.10507,-1.3545357,0.572561,-51.42611,-7.1461654,0.95935404,-27.617035,-4.964552,12.098323,-42.79177,-4.6357956,0.93648225,-56.207947,-2.6377592,-2.4293368,-32.420643,-22.544199,17.077013,-5.635503,8.587623,3.7022214,-38.752037,-6.165843,5.984193,-56.41363,-1.0845895,-4.997202,-29.831356
35.31443,-56.39482,-24.541426,27.184088,0.38156453,-11.690494,-7.0808716,6.8587775,-22.817371,8.283264,-6.160585,-3.252761,3.8728087,1.4624115,-27.644793,-2.644885,0.75704044,-40.374176,-1.5487847,2.7088642,-14.626805,-0.49387455,6.3048677,-42.18173,-1.3289485,0.58598715,-57.913578,-7.2670703,1.3545084,-34.10995,-4.5571957,11.503215,-47.39641,-4.42725,1.0730736,-63.128277,-2.9286153,-1.9170971,-38.44103,-20.858387,15.78374,-5.250231,7.719595,2.7936993,-44.037964,-5.948029,5.9962735,-63.11483,-1.2967327,-4.468951,-35.35794
34.584858,-55.534164,-23.276163,26.859678,1.1162289,-11.121711,-6.9321637,6.7247987,-22.978355,8.024023,-6.0048337,-4.7417936,3.8730981,2.3267434,-28.072735,-2.603297,0.75100964,-41.687943,-1.5056456,2.6521661,-16.349485,-0.46086484,6.8752737,-43.169125,-1.3213555,0.5884848,-58.82308,-7.29284,1.4460945,-35.288628,-4.4243264,11.982543,-48.68898,-4.3648734,1.0990461,-63.82606,-2.9806204,-1.809005,-39.37745,-20.50392,15.522821,-5.161606,7.548322,3.2611794,-44.400806,-5.827772,5.9174423,-62.30993,-1.2977381,-4.373041,-35.314377
33.206192,-54.44668,-19.665894,26.865181,4.640943,-9.089929,-6.975522,6.7054124,-19.998266,8.249736,-5.9301476,-0.2620945,3.8663306,2.225103,-29.065077,-2.5617623,0.7721474,-31.593515,-1.5713866,2.64088,-10.490436,-0.45779592,7.1811438,-39.20734,-1.2947056,0.55143225,-40.36287,-6.1363616,0.8093356,-21.834805,-4.317777,12.581153,-41.905582,-4.085327,0.8047079,-45.28075,-2.2192383,-2.294195,-26.22949,-20.074375,15.234937,-5.0607796,7.7187567,5.5408754,-33.143673,-5.198461,5.107999,-41.054703,-0.749315,-4.6145244,-20.623966
34.16542,-57.41682,-17.903593,27.541796,0.41648367,-11.719486,-7.444872,7.118822,-19.240221,8.946016,-6.362618,2.7427928,3.7367833,0.062396184,-22.0219,-2.694787,0.7898112,-24.724916,-1.6731018,2.7948246,-4.470616,-0.54687583,6.6363525,-25.49672,-1.295384,0.52339387,-24.871918,-5.360726,0.11772467,-8.826698,-4.733545,12.631182,-26.256952,-4.120165,0.5566528,-29.766127,-1.622649,-2.9520566,-15.770683,-21.170748,16.10041,-5.3571234,8.772344,7.591548,-16.90625,-5.139129,4.7950187,-26.863983,-0.41752803,-5.141595,-11.702597
37.611977,-62.580334,-20.690092,29.750214,-1.8548063,-13.974724,-7.823084,7.610653,-24.242952,9.3047,-6.854045,-1.1855712,3.9201818,-0.70699215,-21.81292,-2.8654583,0.79467374,-29.012901,-1.713594,2.9610262,-5.1868014,-0.61802745,6.2968664,-21.867414,-1.32884,0.5211079,-26.07421,-5.6650057,-0.00072254427,-7.0440445,-5.2760444,12.337849,-20.904041,-4.432391,0.5422983,-29.998768,-1.625079,-3.258512,-14.4710245,-23.09369,17.53723,-5.7901363,9.882935,6.7163095,-10.686183,-5.5856137,5.097344,-26.583387,-0.42298776,-5.5751896,-11.01818
38.074776,-62.625668,-22.676905,29.628412,-2.3302345,-14.205163,-7.651175,7.518309,-25.986933,9.045409,-6.8101215,-3.503472,3.9163435,-0.6850155,-22.280237,-2.8428547,0.79108584,-31.11775,-1.6795825,2.9379244,-6.5020514,-0.62854755,6.098095,-21.25554,-1.3317457,0.5212403,-27.715359,-5.6961904,0.0052810702,-7.33495,-5.281736,11.858148,-19.773054,-4.435857,0.53896105,-30.537184,-1.6148015,-3.2642143,-13.993334,-23.014492,17.464762,-5.7565746,9.856773,5.8336487,-10.345587,-5.5967307,5.0688734,-26.68316,-0.43168324,-5.5474586,-10.818301
41.454967,-67.22035,-26.830244,31.430708,-3.872532,-15.833061,-8.108183,7.9886794,-28.151287,9.554878,-7.2532945,-4.449578,4.0948935,-1.3040241,-22.873804,-2.9846823,0.7983432,-34.25617,-1.7171031,3.0729935,-7.9124265,-0.6490977,6.2493715,-21.117004,-1.3630506,0.52497905,-30.36292,-6.0737667,-0.013348527,-7.861223,-5.6275005,12.346356,-19.588524,-4.7062163,0.53342897,-32.51895,-1.6611462,-3.468284,-14.330668,-24.572779,18.63174,-6.1066713,10.394469,5.4926577,-12.620431,-6.0155554,5.389094,-29.979015,-0.46276307,-5.8671923,-12.125478
42.82186,-68.7334,-29.90542,32.167576,-2.4528854,-15.290236,-8.249025,8.107982,-27.918179,9.767701,-7.353632,-3.5252514,4.2386436,-0.85569274,-25.71771,-3.0060754,0.8017,-34.943977,-1.7269549,3.0966265,-8.798253,-0.6167257,6.717573,-25.441187,-1.3749189,0.5327644,-32.81064,-6.2373714,0.027336132,-9.457318,-5.602149,13.005833,-24.87973,-4.773135,0.54735994,-34.600273,-1.6521229,-3.5095646,-14.872285,-24.876547,18.866316,-6.1644306,10.179014,5.4200444,-19.615454,-6.0986524,5.459056,-32.375965,-0.42309198,-5.93579,-12.297728
39.269253,-63.67368,-26.713654,30.550144,3.2969666,-11.391571,-7.9644537,7.698895,-22.935516,9.609049,-6.8858223,2.0243943,4.1743536,0.9916643,-26.984236,-2.8490057,0.8027892,-29.058832,-1.7167928,2.9506085,-7.3670874,-0.52849597,7.179984,-33.699375,-1.3477795,0.5384517,-32.984352,-6.1353164,0.29612708,-13.197564,-5.053562,13.436143,-34.8912,-4.4660254,0.56018233,-34.806885,-1.667762,-3.1546862,-16.652975,-23.10808,17.53738,-5.763857,8.984804,5.7828326,-30.557148,-5.722448,5.2824826,-34.7005,-0.46208328,-5.474711,-14.390703
38.826275,-63.520218,-25.375011,30.545067,3.6727853,-11.21147,-7.961705,7.6802983,-23.099081,9.591968,-6.8565607,1.8840218,4.207034,1.5452706,-27.610312,-2.8571172,0.7946992,-32.37596,-1.7001128,2.9373398,-9.306021,-0.5112232,7.2960224,-37.25032,-1.3496029,0.55169713,-39.677185,-6.564568,0.61152494,-19.087276,-5.0206733,13.520163,-39.849854,-4.5369296,0.71120894,-42.96723,-2.0528524,-2.8521657,-23.548338,-23.081285,17.510517,-5.7691402,8.807758,5.3986664,-35.91016,-5.912954,5.6300497,-43.16003,-0.7148199,-5.3141284,-20.983416
39.83072,-64.929695,-26.800718,30.98993,3.1447914,-11.6642475,-8.128138,7.8124046,-22.814035,9.854027,-6.992101,2.8163967,4.2400684,-0.3604173,-30.588509,-2.8880906,0.8011507,-32.571426,-1.7152506,2.9701884,-8.950642,-0.57070845,6.348836,-35.8383,-1.3531407,0.5414537,-35.208916,-6.2742133,0.33305606,-14.886722,-5.1584716,13.027294,-37.01112,-4.5604496,0.6315117,-39.141586,-1.8468112,-3.0729797,-20.160656,-23.423643,17.792356,-5.847637,9.098409,5.4709787,-31.377909,-5.8874683,5.496077,-38.819836,-0.55387324,-5.506267,-17.198105
40.93355,-67.05537,-25.883791,31.275331,-3.5423257,-15.581139,-8.407254,8.125037,-24.470087,10.037867,-7.3321977,0.50534505,4.091235,-2.034948,-23.302185,-3.0170035,0.80483514,-31.859129,-1.7788985,3.122907,-6.060111,-0.64840645,5.8839254,-24.565763,-1.3659453,0.5324749,-32.134518,-6.2390013,0.06758447,-10.607436,-5.5957723,12.5288725,-24.65605,-4.759663,0.606652,-36.485523,-1.8302504,-3.357226,-18.069923,-24.532097,18.615019,-6.1337852,10.174553,5.987287,-18.353937,-6.1365314,5.5943146,-36.218567,-0.55980766,-5.829613,-15.986262
38.89671,-63.255543,-24.785896,29.212275,-6.2543564,-16.244757,-7.8420568,7.658476,-25.11015,9.198205,-6.9485393,-2.9644265,3.7823613,-2.0500386,-18.301207,-2.8849454,0.7938335,-30.772158,-1.7080747,2.9957895,-5.8206,-0.66604066,5.6242027,-16.603256,-1.3381684,0.5213402,-28.234278,-5.7372746,-0.0638918,-6.9087167,-5.4249587,11.436466,-15.546868,-4.5212483,0.5204197,-30.55522,-1.5989189,-3.345625,-13.764625,-23.282564,17.658907,-5.8433294,9.993034,5.336813,-10.23066,-5.765198,5.178246,-29.54726,-0.47481132,-5.6133184,-12.210936
42.119358,-68.24917,-27.116737,31.736494,-5.6761174,-16.97157,-8.32489,8.174683,-28.058243,9.756566,-7.40601,-4.295775,4.0990677,-1.8253975,-21.625374,-3.0437841,0.80075496,-34.395966,-1.746454,3.1358225,-7.440643,-0.67087364,6.1356316,-19.593882,-1.3723798,0.52726525,-31.023287,-6.192271,-0.032430157,-7.833406,-5.7821,12.361413,-17.99311,-4.8115897,0.5504948,-33.3844,-1.7212667,-3.5185385,-14.976121,-25.084435,19.023954,-6.2368345,10.711757,5.5498104,-11.162854,-6.1629696,5.515503,-31.22848,-0.4906863,-5.979521,-12.7926855
42.957798,-70.288895,-26.445364,33.150497,-3.4562974,-16.309155,-8.473602,8.364706,-29.911768,9.86459,-7.5306234,-6.136278,4.33113,-0.60340333,-24.887354,-3.1012275,0.80166703,-36.31269,-1.7450383,3.1712182,-8.855034,-0.6357868,7.0593615,-22.955801,-1.38628,0.53132737,-31.791523,-6.385141,0.018252905,-8.280674,-5.872795,13.396098,-20.579868,-4.903243,0.56998503,-33.96439,-1.7801915,-3.5702193,-15.284063,-25.849123,19.59838,-6.3878956,11.0829315,6.3348074,-10.140393,-6.2213674,5.565489,-28.844328,-0.44241214,-6.1445193,-11.43086
41.22775,-67.97826,-24.406958,32.642788,-0.5793817,-14.456152,-8.264838,8.156796,-28.586538,9.638359,-7.293637,-5.276332,4.34968,0.8397996,-26.278458,-3.0207126,0.7988455,-34.38125,-1.7226386,3.084455,-8.601789,-0.5896427,7.6784115,-25.943861,-1.3730463,0.53111094,-30.093695,-6.1718926,0.053645864,-7.9277124,-5.628428,13.731482,-23.640194,-4.7337112,0.54311275,-31.67999,-1.6691748,-3.4969563,-14.00733,-25.086756,19.018833,-6.2001953,10.656805,6.7703743,-12.081023,-5.925659,5.330762,-25.045464,-0.3441971,-6.0019913,-8.910906
39.86758,-66.71789,-20.613392,32.643684,0.46334907,-13.788436,-8.312686,8.158022,-26.677359,9.478354,-7.1389217,-6.314326,4.4132977,2.3337185,-26.987074,-2.9932785,0.7971604,-35.63514,-1.6753438,3.027954,-10.805035,-0.5443395,8.946233,-28.211802,-1.3701141,0.5338421,-30.60447,-6.272207,0.15520976,-9.5111065,-5.477367,15.001382,-25.71175,-4.6767716,0.5542854,-31.488394,-1.7602599,-3.395464,-15.316221,-24.973103,18.919504,-6.1424656,10.627733,8.379499,-10.977849,-5.753945,5.197768,-21.599737,-0.2949738,-5.96405,-7.5379224
39.78409,-66.54254,-20.572458,32.53317,0.5497117,-13.698521,-8.416799,8.205585,-25.117336,9.764416,-7.2036076,-2.9401696,4.3500633,1.8704573,-25.17668,-3.0015013,0.8036861,-31.809711,-1.724651,3.0532868,-8.055574,-0.5548396,8.679021,-26.902775,-1.3645641,0.5276723,-27.338692,-6.0672526,0.063341126,-7.224958,-5.493142,14.797608,-24.992859,-4.636416,0.4961462,-28.453157,-1.6024652,-3.4769316,-13.210388,-24.90716,18.866856,-6.14659,10.510432,8.233131,-12.565563,-5.7421436,5.1953297,-21.09047,-0.2601387,-5.976641,-6.8093715
39.82726,-64.96441,-23.96136,31.518745,0.08899614,-13.5111,-8.124871,7.9360275,-25.024376,9.390941,-7.0072803,-3.7677402,4.244215,1.6464226,-25.400743,-2.919048,0.80004823,-32.740063,-1.6854005,2.9877322,-9.001056,-0.5530613,8.129647,-27.824753,-1.3612243,0.53230006,-30.87893,-6.085599,0.13099794,-9.315703,-5.316489,14.0248785,-26.628534,-4.5730205,0.5264198,-31.304625,-1.6256913,-3.3597655,-13.966837,-24.154451,18.277409,-5.9561253,9.973653,6.91484,-16.99174,-5.6911364,5.1414165,-24.892809,-0.30539316,-5.771644,-8.313437
40.353855,-64.75679,-26.564857,31.21947,-0.32209462,-13.654096,-8.102583,7.8938637,-24.909527,9.394436,-7.018965,-3.3786945,4.2150073,1.2605591,-25.685009,-2.9190257,0.79744226,-33.764355,-1.6964033,3.00586,-9.304024,-0.54528517,7.779848,-30.30848,-1.3682202,0.5425528,-36.569397,-6.387135,0.2984772,-13.605162,-5.29116,13.613533,-30.455433,-4.6429873,0.61333954,-37.66195,-1.8436966,-3.2028015,-17.836689,-24.034994,18.152157,-5.9366283,9.682747,5.7618113,-23.493551,-5.8971286,5.3961906,-33.52504,-0.48852044,-5.646531,-13.44657
40.965523,-66.05124,-26.309298,31.933615,0.39515325,-13.56876,-8.30859,8.071179,-24.869219,9.743268,-7.1751165,-1.6089275,4.2984233,1.2961906,-26.075905,-2.9756248,0.80169696,-32.70099,-1.7393701,3.0619154,-8.320091,-0.5383349,7.8901815,-32.175407,-1.3756756,0.5457748,-36.974785,-6.531632,0.35215628,-14.35043,-5.380908,13.9446125,-32.741764,-4.7168384,0.63595194,-38.792854,-1.8992279,-3.216544,-18.877647,-24.515476,18.534027,-6.057083,9.811663,5.9635243,-25.726082,-6.030247,5.5678973,-35.629154,-0.52764183,-5.7273526,-14.918972
41.234867,-66.08386,-27.721605,31.7066,0.041681916,-13.708124,-8.288902,8.051555,-24.856283,9.736967,-7.1797113,-1.3972185,4.274041,1.2390164,-25.499805,-2.9732158,0.8018081,-33.38384,-1.7421346,3.0672357,-8.74979,-0.53962696,7.729684,-32.795135,-1.3788476,0.55059975,-39.91934,-6.695405,0.44409928,-16.611765,-5.3689,13.735582,-34.229015,-4.750329,0.67401516,-41.65748,-1.9950016,-3.1409492,-20.733028,-24.410023,18.47097,-6.0474157,9.64613,5.3480906,-29.409016,-6.137094,5.695052,-39.97139,-0.61972266,-5.660258,-17.673769
40.568672,-65.48024,-26.082752,31.636362,0.67227304,-13.306882,-8.249215,8.016238,-24.539375,9.722732,-7.1334977,-0.9000223,4.2611747,1.4121732,-25.143295,-2.955078,0.8020458,-31.602737,-1.7362826,3.0467525,-7.9641776,-0.5360979,7.8635283,-31.852964,-1.370119,0.5439433,-36.349636,-6.5085053,0.36023763,-14.429497,-5.331595,13.896885,-32.685497,-4.678205,0.6186226,-37.948647,-1.881993,-3.1986725,-18.67223,-24.283094,18.37701,-6.0121546,9.682033,5.9320626,-26.651281,-6.00732,5.5437694,-35.859047,-0.5481195,-5.672515,-15.424282
39.657665,-63.842014,-26.139666,30.797173,0.87234247,-12.842134,-7.9469986,7.7630463,-24.87197,9.287238,-6.90781,-2.7262437,4.2015758,1.5502264,-26.152933,-2.875982,0.79529256,-32.89057,-1.6843836,2.9684472,-9.121711,-0.53870183,7.6207867,-31.671799,-1.359624,0.5437042,-36.822636,-6.3943386,0.3584948,-14.593025,-5.187609,13.391198,-32.018047,-4.582025,0.62507755,-37.924953,-1.8741173,-3.11806,-18.433107,-23.587004,17.858124,-5.842409,9.459266,5.529739,-25.2028,-5.836468,5.362823,-34.328987,-0.52396965,-5.5330057,-14.45709
41.185917,-66.5438,-26.996199,32.216118,1.528342,-13.050526,-8.353487,8.116703,-24.737333,9.900628,-7.223051,-0.24912286,4.3440905,1.3422797,-26.914864,-2.9706738,0.8068952,-30.967575,-1.746716,3.0609155,-7.600272,-0.5450757,7.836953,-31.436638,-1.3736334,0.5377671,-32.9562,-6.282176,0.18482687,-10.963374,-5.393602,13.993587,-31.314663,-4.6760902,0.5516638,-34.144966,-1.6813306,-3.36932,-15.178492,-24.57939,18.605143,-6.064183,9.81362,6.0595555,-24.966696,-5.9257503,5.4006724,-30.841597,-0.3892895,-5.8148093,-11.389407
41.101578,-66.98354,-25.801283,32.55469,2.0587993,-12.902977,-8.410711,8.1750765,-24.879316,9.955766,-7.251744,-0.5828554,4.3969326,1.7239287,-27.377605,-2.9871368,0.80657053,-31.092386,-1.7409619,3.0668328,-8.02851,-0.5262501,8.338883,-31.753473,-1.374928,0.5375617,-32.027466,-6.3133507,0.18627135,-10.78642,-5.404251,14.590534,-31.460676,-4.6852975,0.54415524,-33.313305,-1.7029874,-3.3841498,-15.180549,-24.763956,18.76477,-6.106761,9.937742,6.8054733,-23.84851,-5.918088,5.388339,-29.154291,-0.37989363,-5.86389,-10.98684
41.55686,-67.55,-26.412361,32.893604,2.8098674,-12.628541,-8.490937,8.23189,-24.81377,10.069797,-7.3055096,0.091054335,4.4527884,2.1282353,-28.035673,-3.0098464,0.80700177,-31.713848,-1.760967,3.0973265,-8.236209,-0.5034103,8.531501,-35.51561,-1.3817914,0.5469501,-36.75334,-6.6777687,0.37749404,-14.992201,-5.3937535,14.864412,-36.421654,-4.771933,0.64090866,-39.166473,-1.9563873,-3.2358136,-19.461334,-24.932371,18.884163,-6.1487436,9.808807,6.5531697,-29.625755,-6.112919,5.6508102,-36.02609,-0.5381219,-5.8059797,-15.492281
41.672596,-67.08723,-27.729385,32.59019,2.6373608,-12.567513,-8.364628,8.129808,-25.213787,9.874049,-7.2197866,-1.0339241,4.4286346,1.7955383,-29.115543,-2.9779227,0.8044794,-33.07188,-1.7325759,3.059782,-9.323175,-0.5172588,8.17204,-35.651505,-1.3809855,0.547828,-37.30341,-6.606719,0.37200937,-14.906025,-5.3512874,14.409105,-36.215256,-4.732348,0.62721705,-38.923275,-1.8882974,-3.2352293,-18.693243,-24.686148,18.685514,-6.0817614,9.693885,5.973927,-29.504223,-6.0440764,5.567327,-35.466316,-0.4949558,-5.7650146,-14.498904
42.209778,-67.87939,-27.930399,32.98866,2.2994392,-12.92662,-8.463192,8.233815,-25.702984,9.9127445,-7.2893915,-2.0689523,4.483473,1.962582,-29.283924,-3.0132508,0.80417556,-34.638096,-1.7299132,3.0866108,-10.3940935,-0.5107803,8.432726,-36.66321,-1.390722,0.55311453,-39.7847,-6.8557105,0.46588382,-16.854507,-5.416862,14.703369,-37.37778,-4.813196,0.66043407,-41.338753,-2.0142245,-3.2057962,-20.486372,-25.039824,18.944578,-6.164686,9.843919,6.034689,-30.308008,-6.1813364,5.705705,-37.828323,-0.56294703,-5.804075,-16.260508
42.122234,-67.679985,-27.94363,32.858166,2.0712094,-12.978461,-8.437179,8.210624,-25.57735,9.901191,-7.27497,-1.7949736,4.445708,1.7510334,-28.504763,-3.0046148,0.8064025,-33.60459,-1.7339897,3.081729,-9.702107,-0.5203342,8.280865,-35.200165,-1.3876696,0.5488711,-37.772324,-6.708191,0.38990885,-15.173155,-5.41527,14.554474,-35.5246,-4.773576,0.61636615,-38.850647,-1.8937161,-3.2752812,-18.62606,-24.963753,18.88079,-6.1455145,9.855606,6.058163,-28.676083,-6.112832,5.610729,-35.647434,-0.5030097,-5.8221273,-14.626002
43.37097,-69.312225,-29.553507,33.41014,1.18046,-13.706333,-8.604888,8.377397,-26.041534,10.060484,-7.4264665,-2.2450237,4.496785,1.4877105,-28.613716,-3.0468123,0.80982465,-34.32486,-1.7444291,3.1261406,-9.824765,-0.53442836,8.341887,-33.86206,-1.3978982,0.5471205,-37.30073,-6.6999307,0.2856233,-13.521604,-5.539861,14.718913,-33.943108,-4.8543043,0.58903915,-37.802235,-1.8143842,-3.4170406,-16.993563,-25.491879,19.28707,-6.258253,10.080717,6.0686183,-27.737257,-6.185227,5.6160026,-34.03866,-0.43406636,-5.9753356,-12.83668
44.28946,-70.82245,-30.262505,34.1316,1.3325422,-13.920709,-8.755716,8.533192,-26.807344,10.209517,-7.549494,-2.8622077,4.598679,1.505033,-30.010447,-3.0914776,0.8114308,-35.943214,-1.7503998,3.1634862,-10.591364,-0.5398862,8.447271,-34.86827,-1.4091237,0.5489913,-38.420956,-6.8381248,0.29134965,-13.892135,-5.6472754,14.923948,-34.695026,-4.9431524,0.6023903,-38.856987,-1.8542533,-3.4657226,-17.395937,-26.007675,19.683384,-6.3711853,10.306041,6.04898,-27.766136,-6.296713,5.7065444,-34.46981,-0.42827073,-6.086827,-12.812574
43.229885,-69.07793,-29.540405,33.304024,1.2737056,-13.621905,-8.55137,8.329634,-26.336006,9.947404,-7.37128,-3.1266136,4.508705,1.6606396,-29.316477,-3.0398865,0.806686,-35.89016,-1.730329,3.1099844,-10.874331,-0.5312166,8.31938,-35.247414,-1.3996125,0.5518557,-39.565796,-6.8163652,0.38602266,-15.450001,-5.515086,14.592043,-35.47286,-4.8596134,0.63523686,-40.23093,-1.9171662,-3.320773,-18.850082,-25.391771,19.209217,-6.235821,10.02792,5.8149266,-28.80545,-6.202181,5.6773505,-36.063828,-0.48170817,-5.918199,-14.390902
41.676083,-66.89268,-28.01851,32.19599,1.0029097,-13.3063,-8.350514,8.112559,-24.935406,9.793402,-7.2029433,-1.4862938,4.3399906,1.121993,-27.508392,-2.9682548,0.8058101,-32.696934,-1.7341785,3.0530713,-8.556236,-0.55703413,7.6908264,-31.754068,-1.3766198,0.53948325,-34.590508,-6.3233814,0.20703952,-11.527531,-5.4062033,13.7824,-31.567976,-4.697597,0.57249737,-35.64126,-1.7015846,-3.3513315,-15.638088,-24.598257,18.61498,-6.0619774,9.8264265,5.609025,-25.051691,-5.945644,5.422753,-31.73261,-0.37960383,-5.812418,-11.349353
41.433937,-66.637184,-27.439705,32.086266,0.6069157,-13.455363,-8.311808,8.07578,-24.86442,9.719635,-7.1678057,-1.8864377,4.304766,1.135283,-26.702065,-2.9603035,0.80506504,-31.983604,-1.7303511,3.0456607,-8.280408,-0.54980505,7.8513517,-30.837744,-1.3731251,0.538558,-33.465492,-6.262308,0.17987466,-10.908402,-5.378233,13.989116,-30.582764,-4.6691556,0.5585928,-34.433624,-1.6705848,-3.3683777,-15.06448,-24.547739,18.563143,-6.041847,9.850243,6.0565953,-23.495602,-5.8939924,5.3571887,-30.297487,-0.35868847,-5.811598,-10.696207
41.287502,-66.70775,-26.445045,32.166092,0.4100398,-13.598205,-8.371217,8.122208,-24.482363,9.835433,-7.214458,-0.96439415,4.284522,1.22814,-25.204994,-2.9751709,0.8079532,-30.2694,-1.7495358,3.0630217,-7.1265717,-0.5466423,8.062708,-28.926023,-1.3701248,0.53410333,-30.712614,-6.113655,0.09274304,-8.883528,-5.402213,14.264097,-28.798704,-4.652086,0.5209483,-31.75295,-1.5691801,-3.449336,-13.493727,-24.632883,18.643015,-6.070717,9.930727,6.631549,-21.949347,-5.845607,5.2952075,-27.689861,-0.30186948,-5.8708954,-9.227
40.519405,-65.365814,-26.442617,31.40541,0.059697956,-13.490507,-8.189421,7.956164,-24.260456,9.576186,-7.068339,-1.6669297,4.205974,1.0268162,-25.09588,-2.922028,0.8042577,-30.89029,-1.7181029,3.0073318,-7.9042215,-0.55847305,7.7226114,-28.017788,-1.3607373,0.5319583,-30.589384,-6.0096226,0.09004616,-8.864574,-5.321415,13.717102,-27.621038,-4.5771837,0.5107643,-31.404953,-1.5532125,-3.3878043,-13.344908,-24.10413,18.240564,-5.953065,9.761095,6.1616035,-21.091648,-5.749429,5.199974,-27.28893,-0.3076175,-5.7567854,-9.075604
43.15303,-69.64901,-27.92828,33.59056,0.7699516,-13.996738,-8.701557,8.4486,-25.60965,10.240594,-7.4934287,-0.93501467,4.466606,1.3279965,-26.899193,-3.070663,0.81371087,-32.011024,-1.7785858,3.1475625,-7.896611,-0.54831755,8.3780985,-30.732838,-1.3911899,0.5378337,-32.190113,-6.364247,0.10834646,-9.3856325,-5.603091,14.860779,-30.584938,-4.8188157,0.53192526,-33.135708,-1.6159614,-3.5575285,-14.067496,-25.655588,19.428457,-6.303484,10.28067,6.7904463,-23.805433,-6.075016,5.496001,-28.89131,-0.3011295,-6.087933,-9.586662
43.023136,-69.76908,-27.488148,33.718105,1.7948327,-13.52702,-8.702139,8.461837,-26.020935,10.24416,-7.478164,-1.2343469,4.533903,1.3425,-29.02889,-3.069164,0.81256473,-33.626198,-1.7634672,3.130486,-9.070467,-0.5578902,8.223028,-32.358673,-1.3919244,0.5370985,-32.712585,-6.4188695,0.15709189,-9.984452,-5.620879,14.6707535,-31.643776,-4.8188615,0.53531086,-33.62243,-1.6495723,-3.5206687,-14.658029,-25.670591,19.45415,-6.3107405,10.327265,6.5085974,-23.668558,-6.078273,5.520221,-28.900015,-0.30889383,-6.0817833,-9.720302
42.1342,-67.57303,-29.155777,32.314426,1.0888791,-13.33348,-8.3875,8.153312,-25.204983,9.892696,-7.267794,-1.0275519,4.366989,0.7699706,-28.433462,-2.9810371,0.8063362,-32.961727,-1.7371471,3.0659344,-8.8371,-0.5643937,7.4938116,-31.773943,-1.3775915,0.5380112,-34.056206,-6.286405,0.15558353,-11.085473,-5.450453,13.616027,-31.65396,-4.722968,0.56285286,-35.618576,-1.6717294,-3.3979862,-15.340919,-24.644922,18.68375,-6.0927258,9.822656,5.292941,-26.034943,-5.994373,5.4476013,-32.22209,-0.37583193,-5.8512273,-11.373539
41.923393,-66.94369,-29.339504,32.11427,1.5620219,-12.983141,-8.335213,8.088214,-24.971262,9.884089,-7.21631,-0.21802169,4.3534355,0.80446166,-28.744137,-2.9642668,0.8043019,-32.874084,-1.747761,3.0620482,-8.27387,-0.55769795,7.2689304,-33.94643,-1.3770803,0.54473746,-37.078205,-6.4356856,0.2763101,-13.555175,-5.385879,13.392418,-34.521812,-4.727451,0.6269889,-38.928467,-1.7963035,-3.2745516,-17.569138,-24.47246,18.5404,-6.04519,9.631028,4.851712,-29.159117,-6.036448,5.5494137,-36.404217,-0.4577068,-5.7509265,-13.836072
43.15212,-68.77911,-31.363342,32.54445,-0.06273642,-14.189789,-8.46717,8.250219,-26.969595,10.073912,-7.409333,-1.2031865,4.415453,-0.6383914,-30.235268,-3.0364885,0.80065143,-38.46617,-1.7492876,3.1277184,-10.739891,-0.60945666,6.092407,-36.820526,-1.397562,0.55943716,-46.563637,-7.1982446,0.5943892,-21.110456,-5.5996675,12.482157,-37.955025,-4.9638014,0.7751131,-49.271553,-2.282084,-3.0587206,-25.467207,-25.113005,19.021557,-6.2129135,9.856795,3.3985987,-33.200615,-6.5647817,6.123014,-50.110832,-0.8279656,-5.707927,-23.404293
43.066788,-68.46235,-31.003214,32.18851,-1.4907995,-14.891931,-8.406669,8.198125,-27.386442,9.930345,-7.3783965,-2.5508914,4.368826,-0.6805201,-29.49066,-3.0392368,0.79067516,-41.88497,-1.7193096,3.1173222,-12.502127,-0.6089066,5.9887285,-37.995975,-1.4019685,0.5731073,-53.183205,-7.589964,0.84977174,-26.368563,-5.5902624,12.318309,-40.51902,-5.0457973,0.9111513,-56.935062,-2.6286838,-2.8089638,-31.403538,-25.028807,18.969414,-6.2096357,9.738062,2.9632854,-36.757057,-6.754666,6.4170957,-58.046833,-1.0635906,-5.5640807,-29.515203
38.865364,-61.811836,-28.051626,28.886997,-2.2370646,-13.907354,-7.452864,7.3070736,-27.32287,8.531416,-6.5373955,-8.2514515,4.1103435,0.5634371,-30.094553,-2.794802,0.7495393,-51.31022,-1.4948332,2.7954285,-21.13777,-0.5467279,5.9971867,-42.336025,-1.3672792,0.59976494,-66.0538,-7.924833,1.519969,-38.25415,-4.9760756,11.4362335,-47.22068,-4.7727003,1.1702485,-70.17942,-3.190726,-1.9583614,-42.661594,-22.509783,17.065407,-5.630583,8.436933,1.6305051,-44.360752,-6.4606304,6.463831,-69.74735,-1.4244132,-4.7494884,-39.47809
37.743565,-60.539368,-26.281115,28.098063,-3.4898562,-14.264092,-7.1635265,7.0650616,-29.179045,7.847804,-6.2145805,-14.857306,4.157305,1.7557347,-32.45793,-2.740642,0.7239811,-62.43168,-1.3268685,2.6378691,-30.744001,-0.490401,6.9152384,-45.556675,-1.3677857,0.6202562,-75.73513,-8.403016,1.9967476,-46.444115,-4.7793446,12.07465,-51.388042,-4.7489047,1.341486,-79.156715,-3.5830486,-1.5278504,-50.313805,-22.031208,16.697956,-5.5132484,8.14407,2.0107074,-47.116737,-6.3992605,6.582132,-75.307816,-1.5875279,-4.4968395,-44.711594
37.38997,-60.393497,-25.029524,28.330069,-2.2842722,-13.652398,-7.210665,7.097993,-28.300222,7.9896846,-6.242459,-13.071465,4.1573377,1.6703417,-32.499947,-2.7390745,0.73334384,-57.99271,-1.3719277,2.6621249,-27.605661,-0.49369013,6.961487,-44.155186,-1.3596882,0.60705924,-69.00926,-8.024476,1.746022,-41.467663,-4.779212,12.276858,-48.931313,-4.6782894,1.2396033,-72.694954,-3.3227625,-1.736723,-45.615612,-22.02049,16.701683,-5.510109,8.297505,2.9149952,-42.65628,-6.224998,6.3255363,-68.07612,-1.4037273,-4.618678,-39.53424
36.330193,-58.29314,-25.904535,27.087599,-1.7013291,-12.810358,-6.7809706,6.7274065,-29.059708,7.3952994,-5.913165,-15.776445,4.1070004,2.20519,-34.31755,-2.6287863,0.716094,-63.45743,-1.244074,2.5045393,-33.115574,-0.465645,6.9834404,-46.45783,-1.3477001,0.61595523,-74.182175,-8.147612,2.020732,-46.22135,-4.5201874,11.881246,-52.069786,-4.5478787,1.2905326,-76.71671,-3.4556532,-1.4333262,-48.896244,-20.971544,15.91954,-5.2684326,7.6254315,1.8194531,-48.004845,-6.108682,6.3162484,-72.310165,-1.5354859,-4.284054,-43.140583
38.58186,-61.955677,-28.139479,28.823654,-0.6935203,-12.994452,-7.2998195,7.191025,-28.585812,8.293946,-6.408016,-10.467032,4.215784,1.812444,-32.66822,-2.7648635,0.7384701,-56.74504,-1.4101357,2.7081268,-26.434229,-0.49326164,6.850794,-45.730915,-1.3676181,0.60886335,-70.37797,-8.106113,1.7694365,-42.11645,-4.8321166,12.108384,-51.552612,-4.729118,1.2195728,-73.484215,-3.2843935,-1.7733535,-45.43513,-22.203547,16.85189,-5.569991,8.052622,1.6351355,-50.02719,-6.410881,6.52732,-72.07041,-1.4867598,-4.6167083,-41.655533
37.449997,-59.79468,-28.027851,28.078407,0.69969165,-11.894723,-7.176524,7.031311,-25.995617,8.401721,-6.3430095,-5.413537,4.0189767,0.9971776,-29.950073,-2.6986854,0.7545248,-46.567184,-1.5037621,2.7255921,-18.861008,-0.5299784,5.928213,-42.120754,-1.3449814,0.5873618,-60.529217,-7.4235005,1.3818454,-34.867313,-4.7439556,11.165577,-47.03517,-4.538263,1.049245,-63.831055,-2.8607569,-2.0131547,-38.122097,-21.481884,16.291138,-5.405512,7.864279,1.394436,-46.46586,-6.1467714,6.1578007,-64.88843,-1.3028324,-4.59588,-36.098175
37.68622,-60.21127,-28.041954,28.419775,1.286185,-11.707073,-7.3024774,7.1318474,-25.14667,8.654262,-6.454723,-3.0453482,4.0053186,0.9067552,-28.525183,-2.7201006,0.76517606,-42.230213,-1.5658157,2.7817707,-15.362496,-0.54038817,5.844632,-40.820587,-1.3446876,0.5794991,-56.568615,-7.2441454,1.2098374,-31.78341,-4.802012,11.184318,-45.363007,-4.5374207,0.98372215,-60.099403,-2.7080188,-2.1759167,-35.268444,-21.677301,16.439203,-5.4524717,7.9854546,1.5954297,-45.20346,-6.1409574,6.0925293,-62.093704,-1.2267965,-4.69848,-33.863487
39.726093,-63.15872,-29.896536,29.892048,1.6660546,-12.102552,-7.6873116,7.494149,-25.308441,9.188348,-6.787878,-1.3306425,4.1436605,0.39494747,-29.604317,-2.8179839,0.7819297,-39.084732,-1.6474326,2.908855,-12.388093,-0.564089,5.8650217,-39.937843,-1.3611324,0.56900287,-51.524853,-7.1122594,0.90915823,-26.854256,-5.0390024,11.662257,-43.266575,-4.6634455,0.88905907,-55.123222,-2.489437,-2.5381122,-30.620462,-22.754688,17.256317,-5.688098,8.530882,2.3569806,-41.716045,-6.242125,6.0253005,-56.525513,-1.0415912,-5.061579,-29.032389
40.60099,-64.33013,-30.539577,30.562304,1.5257075,-12.444288,-7.859567,7.657467,-25.463501,9.33816,-6.9049582,-1.6694975,4.2200766,0.8254229,-29.377956,-2.8647287,0.7892842,-37.87437,-1.6816025,2.966059,-11.473644,-0.55291986,6.399515,-39.597824,-1.3708682,0.56692666,-50.280132,-7.1330047,0.8205793,-25.345095,-5.1292925,12.2423315,-42.603817,-4.728203,0.86518323,-53.56813,-2.4306417,-2.6784186,-28.89639,-23.287659,17.654621,-5.798996,8.8228655,2.9282908,-39.88916,-6.2714067,5.9834986,-53.87569,-0.94515324,-5.2297425,-26.762955
42.24333,-66.84375,-31.85518,31.714272,1.355936,-13.017626,-8.151972,7.946197,-26.302322,9.706913,-7.1608157,-1.3857796,4.3393097,0.5399687,-29.970953,-2.9481163,0.7970126,-37.563824,-1.722445,3.0502338,-10.7180195,-0.56986415,6.5008354,-38.601578,-1.3857269,0.5625568,-47.900574,-7.0849357,0.66053,-22.495392,-5.3376427,12.56597,-40.967743,-4.835953,0.8099023,-50.835068,-2.280534,-2.9183567,-26.124828,-24.186106,18.332083,-5.999813,9.249524,3.2092304,-37.917233,-6.371393,5.9965253,-50.772472,-0.8228178,-5.497654,-23.913998
43.73357,-69.8679,-31.457273,32.53207,-2.5714607,-15.513363,-8.564567,8.332946,-26.03353,10.166973,-7.516685,-0.83583754,4.2600937,-0.8486068,-23.89417,-3.0499384,0.8093171,-32.663315,-1.7591679,3.1496434,-7.872569,-0.60101736,6.903754,-25.804241,-1.3874608,0.5392984,-33.55967,-6.425687,0.065887176,-10.278062,-5.6638026,13.449609,-26.031958,-4.844864,0.5229764,-34.493736,-1.639238,-3.5627897,-14.554529,-25.254026,19.198475,-6.264333,10.123746,5.446313,-24.626238,-6.2484174,5.5931635,-35.35957,-0.4588102,-5.994706,-13.8315935
38.381874,-63.062763,-22.999655,29.758047,-3.433544,-14.831436,-7.993509,7.744415,-22.971663,9.491384,-6.9653006,0.267824,3.8659413,-0.5189856,-18.083172,-2.8831048,0.7994608,-26.250368,-1.7249165,2.9842377,-4.3650155,-0.59017706,6.975403,-19.007542,-1.3343568,0.5206148,-23.961967,-5.5744796,-0.07292578,-5.000408,-5.295499,12.908342,-18.635555,-4.417617,0.42919418,-25.314255,-1.3660086,-3.442594,-10.547345,-23.268305,17.678917,-5.838153,9.7334795,6.892348,-14.462389,-5.580006,5.0356674,-24.909752,-0.34109396,-5.653505,-9.143856
34.120575,-56.4452,-18.980602,25.69172,-8.529026,-16.028605,-7.392395,7.061042,-18.845528,8.524957,-6.3317266,-0.48798066,3.3045812,-1.6544615,-10.487759,-2.684237,0.7802358,-23.778814,-1.6338851,2.7788944,-3.9047866,-0.6010118,6.374481,-9.745298,-1.2848877,0.51450586,-20.239176,-4.9330087,-0.13361791,-3.2403398,-4.8811326,11.800121,-10.244622,-4.0617785,0.42379987,-22.153,-1.3037112,-3.1632376,-9.845191,-20.93307,15.917091,-5.3412066,9.028902,7.2922063,-7.8873377,-5.0586843,4.5896344,-21.85246,-0.35483167,-5.1778316,-8.842406
35.80041,-59.698807,-20.084902,26.89614,-9.078888,-16.892673,-7.7657695,7.4140987,-19.902922,8.90594,-6.639746,-1.2805595,3.5372243,-0.19966717,-11.157739,-2.8092554,0.77676463,-28.55655,-1.6689324,2.8951852,-6.105244,-0.55121994,7.590765,-14.4329815,-1.3156627,0.53839886,-30.702333,-5.7146864,0.15974051,-10.418628,-5.0367365,13.143969,-17.52902,-4.3790493,0.6421706,-34.012096,-1.8247201,-2.9955344,-18.223997,-22.01165,16.743168,-5.6128197,9.208372,7.683468,-15.987994,-5.5329638,5.149695,-32.652275,-0.60062444,-5.2869945,-16.044165
35.37925,-58.757687,-20.58328,26.091986,-10.556363,-17.383057,-7.518698,7.2112765,-21.320255,8.41432,-6.432494,-5.410011,3.514322,0.004687071,-12.220218,-2.763376,0.7573587,-36.20179,-1.5612481,2.8005917,-12.054157,-0.5379077,7.596406,-16.324451,-1.3172903,0.55611986,-39.547226,-6.116894,0.4935651,-17.002325,-4.9251595,12.89338,-20.425617,-4.399301,0.7855133,-42.385326,-2.1647928,-2.660098,-24.475502,-21.616411,16.427101,-5.510969,8.913884,6.826475,-19.61355,-5.603576,5.332397,-40.106102,-0.79779553,-5.0537663,-21.718227
39.087105,-64.28875,-24.712904,28.447699,-10.889186,-18.590553,-7.8310657,7.5985904,-27.781727,8.424005,-6.6832576,-14.361016,4.013553,1.716396,-20.194431,-2.9187956,0.72769976,-59.28482,-1.3984357,2.8084702,-28.247946,-0.47173008,8.793825,-30.346056,-1.3798536,0.6131562,-68.45127,-8.070225,1.5779026,-38.632984,-5.1453633,14.149908,-38.03684,-4.91646,1.2393253,-71.378265,-3.306844,-1.9763827,-45.191666,-23.394886,17.751102,-5.897704,8.9731245,5.0258365,-38.862186,-6.503633,6.55152,-67.59393,-1.4173775,-4.975759,-40.832294
37.867443,-62.217472,-23.213459,28.060665,-8.969327,-17.335127,-7.717506,7.466079,-25.904968,8.480758,-6.5987372,-10.724875,3.9245057,1.4418898,-19.924818,-2.866372,0.7378417,-52.797523,-1.456253,2.80375,-23.399197,-0.49331465,8.113984,-30.510937,-1.3624012,0.60017085,-62.931488,-7.714721,1.4183078,-35.28911,-5.0524697,13.459113,-37.37342,-4.788056,1.1700557,-66.94574,-3.1470518,-2.0297465,-42.19425,-22.826283,17.31506,-5.7641497,8.824264,4.9039254,-36.95774,-6.332033,6.3659334,-64.06709,-1.3488097,-4.9025326,-38.08233
37.522533,-60.893494,-23.461943,27.241964,-11.252396,-18.22151,-7.642657,7.3819337,-24.746346,8.332979,-6.533847,-10.745887,3.7364287,0.49105352,-16.399252,-2.8298872,0.74353385,-48.5263,-1.4742056,2.802716,-20.393698,-0.5183603,7.876404,-23.26037,-1.35254,0.58541286,-55.388927,-7.1385503,1.05182,-28.366488,-5.0417323,13.164297,-28.895912,-4.667102,1.0214928,-57.73653,-2.7459793,-2.3013272,-34.9301,-22.499493,17.072163,-5.682781,8.970443,5.4217763,-28.611317,-6.059449,5.94052,-54.64784,-1.1042707,-4.992457,-31.11897
35.56904,-57.32488,-22.300562,26.145773,-9.338785,-16.670094,-7.34823,7.068664,-22.26549,8.100091,-6.266471,-7.8651404,3.5362742,0.3725465,-14.489567,-2.710571,0.7540027,-40.56275,-1.4906671,2.7329187,-16.040503,-0.5280219,7.3687468,-21.108892,-1.3235185,0.5663768,-46.43792,-6.533276,0.8042773,-22.98988,-4.809468,12.564453,-25.733341,-4.3912153,0.8543446,-48.238754,-2.3665,-2.41737,-28.549807,-21.393806,16.239134,-5.4112806,8.600192,5.6186213,-25.328691,-5.6580324,5.460919,-46.414505,-0.9203651,-4.8565664,-25.708553
34.677532,-55.385757,-22.277082,24.986933,-10.954766,-17.103317,-7.104953,6.8587785,-22.159813,7.72671,-6.0761056,-9.507341,3.4022017,-0.36087662,-13.707917,-2.6437848,0.7508771,-41.32817,-1.4351587,2.6574092,-17.306065,-0.5530915,6.8933544,-17.420977,-1.3121814,0.5582334,-43.958595,-6.2694774,0.7062142,-20.950869,-4.725846,11.917996,-20.894123,-4.2669144,0.7810309,-44.303825,-2.2122605,-2.445951,-25.875183,-20.777359,15.760278,-5.2659044,8.526177,5.502374,-20.185173,-5.44676,5.185738,-42.102047,-0.8383095,-4.7767777,-23.057507
37.44007,-60.358047,-23.763044,27.01713,-12.372172,-18.80922,-7.500346,7.319157,-27.092741,7.961305,-6.415171,-15.516851,3.7598176,0.58895,-17.065908,-2.8128157,0.73618925,-55.2965,-1.3751746,2.7350855,-26.290644,-0.5256743,7.861662,-23.021673,-1.3592148,0.58923966,-59.64041,-7.4363685,1.2558986,-31.795753,-5.0529594,12.970848,-27.914536,-4.6735163,1.0348988,-59.67935,-2.8491974,-2.18805,-36.952023,-22.55577,17.079182,-5.673254,9.074306,4.8985744,-27.189245,-6.092662,5.968947,-56.133446,-1.166454,-4.92926,-32.976604
38.591766,-62.599575,-23.908802,28.351768,-10.701716,-18.470749,-7.7045393,7.5309834,-29.117804,8.131325,-6.5397544,-17.623707,4.0202575,1.6689761,-21.174988,-2.8901389,0.7293237,-62.29218,-1.3457954,2.7593234,-31.321035,-0.48544508,8.518801,-30.919523,-1.3819025,0.60933566,-69.644646,-8.215307,1.702804,-40.20349,-5.1387105,13.756025,-37.039288,-4.870535,1.209166,-70.51624,-3.2999978,-1.9225373,-45.128956,-23.368532,17.678658,-5.8531456,9.15205,4.5864296,-35.261078,-6.4446826,6.472447,-66.42062,-1.3985686,-4.924899,-40.26466
38.451267,-62.179863,-24.016401,28.034666,-11.61775,-18.858698,-7.5611086,7.432275,-30.403427,7.866138,-6.446357,-20.2293,4.019513,1.9388793,-21.599037,-2.8735363,0.71865696,-66.43617,-1.2951655,2.7145057,-34.212696,-0.47359377,8.634506,-31.395857,-1.3839238,0.61788416,-73.88591,-8.381512,1.8591719,-43.037903,-5.1020246,13.633225,-37.89177,-4.8804045,1.277734,-74.35885,-3.4298782,-1.7850342,-47.802776,-23.222523,17.557909,-5.817129,9.059097,4.1883645,-36.334873,-6.458843,6.548954,-69.382,-1.4687319,-4.8356614,-42.42312
38.136158,-62.662197,-21.926249,28.520252,-10.1746025,-18.236729,-7.816449,7.5949354,-27.984203,8.370645,-6.6020403,-15.110365,4.014039,1.6550627,-20.446623,-2.9130087,0.7326829,-58.963787,-1.397458,2.7908587,-28.554123,-0.48015094,8.565507,-30.788708,-1.3775955,0.60715353,-66.81595,-8.076799,1.6457379,-38.470566,-5.160895,13.908779,-36.972145,-4.858375,1.2055118,-69.18673,-3.2690773,-1.9497886,-44.52662,-23.433687,17.735079,-5.8839827,9.216349,5.1380873,-34.519062,-6.418499,6.4911537,-65.26018,-1.3828062,-4.9593873,-39.655594
36.946533,-60.745327,-21.864641,27.520126,-9.350077,-17.34345,-7.6398273,7.3865705,-25.469414,8.355264,-6.490588,-10.936429,3.815631,0.87856746,-18.116543,-2.8364737,0.74253654,-50.4233,-1.4631364,2.7855206,-22.147865,-0.51163614,7.7120543,-27.270197,-1.3543696,0.5914289,-58.660084,-7.4536133,1.3005503,-32.32172,-5.03879,13.026899,-32.94454,-4.6820145,1.0800154,-61.449524,-2.9385395,-2.1203632,-38.608505,-22.56588,17.101353,-5.696416,8.949096,4.9701777,-31.448244,-6.161838,6.1407886,-59.17375,-1.2387785,-4.8996863,-35.035
35.799404,-58.565193,-22.445137,26.157047,-10.089192,-17.175503,-7.298523,7.0806665,-24.89573,8.005261,-6.2855854,-10.577403,3.621051,0.025608152,-16.721552,-2.7414424,0.7395583,-47.962543,-1.4505284,2.7237961,-20.136793,-0.54756266,6.829008,-23.509928,-1.334618,0.5822104,-55.16061,-7.015236,1.1008992,-28.987581,-4.909512,11.847517,-28.513058,-4.526325,1.0116811,-57.413177,-2.7376769,-2.1658893,-35.131985,-21.617226,16.38016,-5.4802,8.665679,4.1598616,-27.975866,-5.934769,5.8514404,-55.697178,-1.1634711,-4.764583,-32.3024
36.987442,-60.317734,-24.028622,27.362925,-7.3212667,-16.127111,-7.4022555,7.1965203,-26.4986,8.086579,-6.3433747,-12.135902,3.8877482,1.3920959,-22.137344,-2.781564,0.7336207,-55.203568,-1.4106659,2.7268336,-25.411333,-0.4989346,7.3990335,-34.498413,-1.3585056,0.6070117,-68.52295,-7.979956,1.6628045,-40.18812,-4.888688,12.520432,-41.1217,-4.722883,1.2310066,-71.62025,-3.3233018,-1.7791456,-45.462345,-22.14431,16.76677,-5.5799885,8.430326,3.205237,-40.705105,-6.3389115,6.4313064,-70.04822,-1.4914824,-4.6343436,-41.902435
35.977642,-57.64738,-25.435522,26.650078,-4.420448,-14.1984005,-7.126988,6.9266553,-24.521778,8.061531,-6.209069,-7.3303714,3.7415252,1.0517639,-21.861393,-2.6844933,0.7468119,-45.926598,-1.5027783,2.7301073,-18.006758,-0.5214725,6.3019304,-35.622852,-1.3386436,0.595129,-63.800114,-7.577758,1.4583979,-36.9392,-4.7198586,11.206142,-41.794193,-4.560088,1.147215,-67.4973,-3.1081362,-1.847862,-41.572193,-21.18141,16.035273,-5.3483887,7.976446,1.8649602,-42.4534,-6.17796,6.220797,-68.647575,-1.4421943,-4.471644,-39.658993
36.008793,-57.45152,-25.916956,26.787142,-3.218922,-13.597407,-7.138061,6.930251,-23.997866,8.178634,-6.232531,-5.524314,3.755263,1.2785615,-22.07557,-2.682412,0.7524003,-43.277767,-1.5379801,2.747461,-16.144331,-0.5138117,6.2610483,-37.201397,-1.3378713,0.59454,-63.125946,-7.5927424,1.4682314,-36.97819,-4.7005334,11.1701355,-43.459232,-4.546651,1.1304424,-66.977036,-3.0948076,-1.8561964,-41.224907,-21.132645,16.007,-5.339117,7.8896365,1.7143676,-44.51886,-6.199884,6.245647,-69.34557,-1.4631171,-4.45107,-39.982403
34.378952,-54.499413,-25.415041,25.643427,-1.8310183,-12.312305,-6.9126167,6.6705637,-21.128534,8.079943,-6.0380664,-1.7572734,3.578669,0.7958943,-20.882128,-2.5816998,0.7625418,-35.04918,-1.5753771,2.7002525,-11.1528015,-0.5229733,5.692052,-34.876328,-1.3114283,0.57619125,-54.156326,-6.959199,1.1675452,-31.076992,-4.4958696,10.590934,-40.153984,-4.3107,0.97647446,-57.94115,-2.7396584,-1.9972613,-34.83431,-20.110683,15.233004,-5.0991697,7.548117,2.0045323,-41.067085,-5.8530574,5.8030276,-61.697685,-1.293889,-4.3478546,-34.52092
35.602947,-57.70854,-23.890903,27.178904,-1.9535447,-13.039167,-7.3985486,7.114832,-21.321316,8.750702,-6.4115677,0.1983044,3.7043917,-0.034879908,-20.57733,-2.7060974,0.77410555,-33.549664,-1.6243511,2.8093169,-9.847348,-0.55952495,5.69102,-32.214123,-1.3234248,0.5642593,-47.711052,-6.8548956,0.94070315,-26.349268,-4.804257,11.190024,-36.281063,-4.423917,0.86573,-51.800617,-2.5541496,-2.3112333,-31.203344,-21.33588,16.179688,-5.396549,8.254139,3.3166933,-35.668964,-5.9831395,5.8322453,-56.071857,-1.1824943,-4.7088547,-31.386002
32.907963,-55.16782,-16.347363,26.17505,-3.6577523,-13.507558,-7.4858675,7.0756674,-16.755007,8.763094,-6.277681,2.9835062,3.459655,0.47297668,-12.438282,-2.6750515,0.78365076,-21.701342,-1.6466169,2.7658477,-4.370978,-0.5163257,7.2378893,-19.937351,-1.2854927,0.5298349,-25.3556,-5.52155,0.29762632,-10.898041,-4.6788516,12.9112625,-22.304155,-4.0623846,0.5372629,-28.859919,-1.7088065,-2.8105469,-16.9765,-20.792988,15.800824,-5.2985935,8.543829,7.9668174,-19.331406,-5.1933517,4.907139,-30.496803,-0.61609477,-4.9483423,-16.056593
32.33422,-54.07679,-15.807183,24.935446,-8.7118435,-15.80488,-7.3538795,6.9526033,-16.494423,8.425246,-6.177616,0.90733266,3.2134364,-1.206965,-8.7333975,-2.6407201,0.77753955,-21.147661,-1.62117,2.7281933,-3.334887,-0.57747537,6.7030525,-9.789227,-1.2710209,0.51674104,-18.595333,-4.88286,-0.05537001,-3.6350806,-4.7308445,12.19249,-10.658815,-3.9534578,0.42972392,-21.114843,-1.3610988,-3.030658,-10.619974,-20.4525,15.540023,-5.224063,8.85472,8.459343,-7.211767,-4.890032,4.493781,-20.706165,-0.3793038,-5.038356,-9.155561
32.532955,-54.60954,-15.504456,25.247234,-9.129559,-16.15687,-7.5043497,7.080288,-16.128172,8.621566,-6.2893496,1.8216765,3.2358093,-0.65803313,-7.0888247,-2.679014,0.78257,-19.655172,-1.677815,2.7907035,-1.3364415,-0.56826204,7.157422,-9.0389385,-1.2765951,0.51693803,-19.071808,-4.919851,-0.106135726,-3.189907,-4.7948995,12.592758,-10.616892,-4.0270605,0.4610292,-22.126701,-1.4130685,-3.070908,-11.0477705,-20.788795,15.781011,-5.3032503,9.014381,8.746066,-7.108883,-4.967457,4.5651245,-21.067936,-0.37298793,-5.1202865,-8.985854
34.38655,-57.924717,-18.103102,26.424973,-8.673914,-16.465096,-7.5377297,7.2096972,-21.09619,8.482117,-6.401418,-4.3532896,3.5603592,1.4768214,-11.42008,-2.761655,0.75109994,-36.765896,-1.5571399,2.7864015,-12.832018,-0.49576408,8.154981,-20.60399,-1.3165979,0.570233,-44.818348,-6.5878105,0.8492981,-23.063725,-4.864594,13.249632,-26.440464,-4.424449,0.8975273,-48.932236,-2.5237446,-2.3543928,-30.771448,-21.621853,16.416857,-5.503524,8.706776,6.5208697,-26.40196,-5.7711596,5.6739864,-48.222164,-1.0569104,-4.8628507,-28.479856
37.915363,-63.33475,-22.27404,29.424028,-3.8445761,-15.063245,-7.950736,7.65474,-24.87742,9.093877,-6.8041396,-5.1434083,4.0812426,2.722162,-21.040184,-2.9189203,0.7534043,-46.525158,-1.5948215,2.9252331,-17.79434,-0.45646638,8.345552,-37.948345,-1.3689765,0.6050264,-64.91793,-8.087896,1.5631888,-38.484398,-5.074523,13.890089,-45.99244,-4.8922367,1.2460845,-71.3779,-3.3883777,-1.9447708,-45.796898,-23.241451,17.614178,-5.8658915,8.714659,4.546981,-45.861263,-6.629203,6.74345,-71.46198,-1.5464213,-4.887554,-42.8949
37.23195,-61.60752,-23.954086,28.720451,-2.1463637,-13.879849,-7.5071254,7.3133793,-26.952988,8.531785,-6.535413,-8.246633,4.1074924,4.496769,-22.594694,-2.8352911,0.73171496,-53.701576,-1.4972854,2.8198593,-23.16447,-0.39607918,8.538395,-46.07039,-1.3740722,0.63738984,-81.1446,-9.009883,2.251099,-52.106537,-4.8392572,13.37875,-56.78513,-4.9315715,1.4896014,-87.251915,-4.041037,-1.3341763,-57.645046,-22.458149,17.025642,-5.6814203,7.9087377,2.0399818,-60.34018,-6.9267898,7.275193,-89.688385,-2.0439856,-4.38992,-56.05595
37.70219,-61.57595,-25.18608,28.921778,-1.5648195,-13.613671,-7.446689,7.2845635,-27.728205,8.454152,-6.5113673,-9.274677,4.1680818,4.514155,-25.032818,-2.8259077,0.73025846,-55.91601,-1.471619,2.798975,-24.806461,-0.40084818,8.385795,-48.321236,-1.3783562,0.6388991,-83.06433,-9.10119,2.3158402,-53.37179,-4.822901,13.23236,-58.816914,-4.942855,1.5038388,-88.83808,-4.075131,-1.2948748,-58.305347,-22.486336,17.033606,-5.667639,7.847096,1.6358988,-61.654594,-6.9431596,7.296686,-90.59405,-2.050855,-4.3668857,-56.25228
35.125275,-56.558556,-24.418976,26.658602,-1.7271531,-12.721681,-7.049623,6.8449845,-23.381224,8.121119,-6.171949,-4.941035,3.7715926,3.0570226,-20.559341,-2.6573634,0.74626595,-42.961258,-1.5063875,2.7126932,-17.065542,-0.44470152,7.327734,-39.254803,-1.3322017,0.60149527,-64.931175,-7.7915225,1.6386642,-40.20691,-4.5431175,12.128024,-47.39034,-4.5162683,1.1756182,-69.521706,-3.2776039,-1.6885355,-44.443584,-20.819597,15.781283,-5.277855,7.4967656,2.5276723,-50.322147,-6.223713,6.341677,-72.39399,-1.6132283,-4.3012023,-43.767395
35.48311,-56.660015,-25.717768,26.451231,-2.304746,-12.881866,-7.1441174,6.918194,-21.436573,8.461253,-6.2875695,-0.4263811,3.5916524,-0.24965726,-18.969786,-2.6314058,0.7749462,-30.92875,-1.5819638,2.7431586,-9.317936,-0.5685591,5.509881,-26.752832,-1.3056786,0.54778093,-39.278812,-6.2206225,0.58122456,-19.634314,-4.708885,10.860617,-29.607899,-4.2434607,0.68016875,-41.641285,-2.084584,-2.5848882,-23.437399,-20.749397,15.754788,-5.251589,8.1116905,3.5461783,-30.41524,-5.6437964,5.315748,-45.762028,-0.9125489,-4.750524,-24.259668
39.084225,-62.512894,-28.520275,29.739328,2.203096,-11.677013,-7.759231,7.5243273,-23.074049,9.357369,-6.780732,1.5031767,4.0707664,0.6278038,-26.129906,-2.7978823,0.79770344,-28.924524,-1.696754,2.9165895,-7.225622,-0.5303728,6.6443815,-33.219257,-1.3433534,0.5427064,-35.50624,-6.202569,0.34523988,-14.869396,-4.9850383,12.5916,-34.47857,-4.447271,0.5896722,-37.2366,-1.7676516,-3.0535536,-17.72826,-22.641699,17.18666,-5.6482553,8.739712,4.559837,-31.977257,-5.760197,5.308867,-38.370975,-0.57086825,-5.318579,-16.628443
39.082893,-63.26183,-26.86262,30.410664,3.2589505,-11.339056,-7.90144,7.6553698,-23.005028,9.535203,-6.8597517,1.9137259,4.153208,1.1544513,-26.453074,-2.8357003,0.8018419,-28.295485,-1.7173984,2.946069,-6.879057,-0.5150809,7.2102222,-33.974277,-1.3485441,0.54095596,-34.14067,-6.212999,0.34194982,-14.217466,-5.031223,13.264309,-35.022537,-4.464429,0.56937635,-35.694435,-1.7262685,-3.1161292,-17.115738,-23.01006,17.458704,-5.7319345,8.925678,5.325545,-31.17115,-5.7598014,5.316842,-36.186817,-0.5229424,-5.4189177,-15.375441
38.777233,-64.76617,-21.295387,31.41683,2.6948814,-12.103659,-8.330665,8.000216,-21.681578,10.050036,-7.0704675,3.6938872,4.2279773,1.4765561,-24.51734,-2.9405065,0.8093331,-25.943913,-1.7611002,3.012147,-5.4728727,-0.5061578,8.276975,-30.645868,-1.349214,0.5302018,-26.298672,-5.9486556,0.18611577,-9.200242,-5.2057443,14.788505,-31.237915,-4.4799933,0.50370574,-28.80831,-1.5420231,-3.3174107,-14.216696,-23.828957,18.131216,-5.954912,9.566238,8.267439,-24.282164,-5.6406136,5.2252784,-27.081373,-0.33099055,-5.7182746,-10.872598
35.992283,-60.858566,-17.172586,29.469532,-0.43958887,-13.034287,-7.977278,7.6527877,-20.371315,9.620431,-6.8233366,3.8851967,3.8603814,0.5233369,-18.029943,-2.847385,0.79987895,-21.488472,-1.7523191,2.9450467,-1.6823579,-0.5459336,7.5189962,-20.916769,-1.3129718,0.51610863,-18.986683,-5.285208,-0.084391825,-3.4293032,-5.115873,13.554481,-20.93875,-4.2620935,0.42169487,-22.186968,-1.3093289,-3.3633273,-10.131354,-22.711649,17.293198,-5.7275486,9.54013,8.515099,-13.590753,-5.3050685,4.8769774,-20.70347,-0.27348396,-5.564651,-7.594783
35.511753,-61.178806,-13.572076,29.74978,-1.6106343,-13.82177,-8.295293,7.880948,-18.685198,9.982349,-6.9729133,6.114574,3.854363,0.6999316,-15.026346,-2.9132602,0.8046577,-19.188631,-1.8067225,3.0065017,0.54471266,-0.5513965,7.9584494,-18.552954,-1.315484,0.51229066,-16.921738,-5.2758226,-0.10538208,-2.0070434,-5.2436557,14.078645,-18.838789,-4.3137107,0.43163717,-21.461487,-1.353559,-3.3940825,-10.279431,-23.176027,17.651546,-5.8589296,9.896931,9.620657,-10.48412,-5.335491,4.967016,-19.450293,-0.27122116,-5.6795936,-7.211247
34.889748,-59.92032,-13.694279,28.65314,-3.8824413,-14.640099,-8.185015,7.7381516,-17.531685,9.713375,-6.8367763,5.410008,3.6957006,0.36758506,-12.291298,-2.87129,0.79974794,-18.945278,-1.7807484,2.962301,0.34661195,-0.55093914,7.9409323,-15.592082,-1.3068533,0.5130585,-16.90396,-5.1757617,-0.10980379,-1.9262913,-5.152411,13.926964,-16.33605,-4.252159,0.43413067,-21.255356,-1.3477136,-3.3366034,-10.163315,-22.674473,17.25853,-5.752596,9.717044,9.658646,-9.5051365,-5.2512536,4.884146,-19.68894,-0.28519943,-5.572461,-7.3953466
35.851654,-61.70961,-13.428512,29.847704,-2.9930377,-14.620594,-8.46096,8.001764,-17.984116,10.122532,-7.056973,6.653637,3.823411,0.640341,-12.772943,-2.948034,0.8081021,-18.109087,-1.8341386,3.0398014,1.4339254,-0.55328345,8.252385,-16.468645,-1.3191123,0.5102803,-15.92622,-5.228246,-0.14404404,-0.80711985,-5.3128304,14.378229,-17.030502,-4.341252,0.41342258,-20.261782,-1.2926847,-3.4618294,-9.262976,-23.476267,17.846216,-5.9288197,10.0329075,9.876167,-9.717219,-5.3598137,4.992769,-18.530287,-0.23236151,-5.758328,-6.29529
35.321716,-61.06528,-13.019848,29.472113,-2.4545782,-14.202433,-8.388897,7.9201756,-17.49758,10.088035,-6.980945,7.5320735,3.792162,0.6962962,-12.734217,-2.9228768,0.8088549,-17.227692,-1.8328036,3.0088623,1.7391994,-0.55269194,8.1444435,-16.584154,-1.3126311,0.50731146,-14.712286,-5.0899467,-0.14035769,-0.19190758,-5.247839,14.182612,-17.087374,-4.269839,0.3983577,-19.018896,-1.2166158,-3.4370904,-8.491049,-23.1451,17.59759,-5.862564,9.852033,9.733657,-10.579094,-5.2524676,4.928947,-17.512598,-0.19786048,-5.699134,-5.7677464
36.441765,-63.439587,-15.190579,30.33186,-1.5105138,-14.084178,-8.578073,8.073241,-18.302933,10.2825365,-7.1614995,6.7468877,3.9953032,1.7217048,-15.815754,-2.9911187,0.794508,-25.313864,-1.820393,3.0770583,-3.0318937,-0.49368277,8.55165,-27.284775,-1.3375046,0.54702353,-33.59945,-6.4241233,0.4641976,-15.978329,-5.245751,14.944487,-32.2428,-4.641273,0.7763751,-41.93412,-2.2719066,-2.8640182,-25.98746,-23.693075,18.015074,-6.006769,9.475854,8.95608,-27.906363,-6.029765,5.8649077,-42.112434,-0.8470987,-5.477497,-23.316875
37.297794,-64.54026,-15.940344,30.950493,-1.0564103,-14.106971,-8.643022,8.1486225,-19.821775,10.294889,-7.2055273,4.82754,4.1247897,2.0731049,-18.721071,-3.0268981,0.7870924,-31.478888,-1.7855465,3.084263,-7.106387,-0.47464955,8.680377,-33.50401,-1.3552095,0.56658334,-44.108746,-7.162542,0.89168656,-24.313242,-5.274206,15.187912,-39.7092,-4.810369,0.96460855,-53.39397,-2.7765553,-2.5326116,-34.393936,-24.128736,18.31608,-6.090498,9.419301,8.140802,-35.310387,-6.372928,6.347736,-53.675705,-1.1406063,-5.361748,-31.391338
36.531555,-61.484665,-18.767107,28.862059,-3.72694,-14.746639,-7.9797444,7.5977335,-22.481388,9.134277,-6.6970367,-3.0614233,3.9986887,2.048012,-21.150541,-2.892439,0.7542374,-43.818913,-1.6059256,2.8982842,-16.075788,-0.46943602,7.9765196,-37.71113,-1.3549492,0.59882975,-61.81272,-7.887813,1.5301756,-36.97447,-5.0113387,13.708172,-45.020332,-4.8048882,1.2411449,-69.800934,-3.3794825,-1.8757875,-45.408283,-22.879398,17.355448,-5.7850695,8.73794,5.1965284,-42.03777,-6.454971,6.637396,-69.154205,-1.5067772,-4.8217034,-41.605984
37.85872,-62.675858,-22.01579,29.107428,-5.102006,-15.666938,-7.804953,7.5463996,-27.023329,8.64036,-6.6268888,-10.775111,4.1640034,2.923322,-24.804686,-2.9036686,0.73015374,-58.152542,-1.4613557,2.8299396,-26.443155,-0.43977374,8.429628,-43.41669,-1.3813567,0.629032,-78.62196,-8.858553,2.1299632,-49.070843,-5.02306,13.744424,-52.28251,-4.9917116,1.4693809,-85.02011,-3.9350202,-1.4675343,-55.80983,-23.201452,17.56195,-5.838499,8.569595,3.490088,-50.83381,-6.8091846,7.1358423,-83.31245,-1.826961,-4.6490974,-51.272705
37.8635,-61.917362,-24.197144,27.473097,-11.037305,-18.310822,-7.352803,7.2344236,-30.600903,7.648616,-6.3208075,-20.231903,3.9961653,2.5499048,-22.142962,-2.8214133,0.7043446,-69.638,-1.2346722,2.6467571,-36.678753,-0.45363703,8.65003,-34.659546,-1.3765545,0.6326523,-80.79582,-8.753685,2.1595404,-49.196533,-4.9426436,13.570366,-43.114216,-4.8864264,1.4170604,-82.52115,-3.799202,-1.4491997,-54.34616,-22.6685,17.166624,-5.702758,8.520331,3.5834985,-44.218952,-6.5872493,6.8122935,-78.561134,-1.7545044,-4.5595427,-49.615623
37.437782,-61.216995,-24.337307,26.795847,-12.912798,-19.04273,-7.341928,7.1996675,-28.670248,7.706971,-6.3398623,-17.788918,3.7882211,1.2803737,-17.84491,-2.7930698,0.71634454,-61.491077,-1.28616,2.6665223,-31.092365,-0.49828526,8.264972,-25.083363,-1.3570498,0.60665053,-66.46913,-7.8132777,1.5392222,-37.475033,-4.968553,13.296122,-31.882774,-4.715131,1.163295,-67.15097,-3.1620457,-1.9294612,-42.945293,-22.359573,16.962154,-5.64283,8.732253,4.771654,-33.43872,-6.222165,6.2073317,-63.48017,-1.3857664,-4.767418,-39.13576
34.3781,-56.90178,-20.049908,25.273624,-11.27918,-17.418917,-7.3089185,7.017986,-21.016666,8.15599,-6.2658796,-5.7960362,3.3598952,-0.92813396,-11.099062,-2.6958334,0.75825536,-34.675606,-1.5364525,2.7466116,-11.430366,-0.573591,6.8739815,-12.608136,-1.3006661,0.54439145,-34.78134,-5.7797623,0.31981978,-13.646685,-4.8529887,12.196765,-15.42912,-4.2593827,0.6908057,-36.9382,-1.9655225,-2.7387443,-20.87135,-21.087862,16.019838,-5.3702126,8.908402,6.8554697,-13.636666,-5.389559,5.032266,-34.99406,-0.6971692,-4.9991245,-18.603098
34.18362,-56.584793,-20.040464,25.095583,-10.870348,-17.129265,-7.258464,6.978265,-20.695515,8.186199,-6.255069,-4.488734,3.3151226,-1.4360855,-10.877069,-2.6823792,0.76326966,-32.019363,-1.5644405,2.752929,-9.0378275,-0.59870064,6.325817,-11.5638895,-1.2954844,0.5367866,-31.824917,-5.571972,0.20710528,-11.272743,-4.8668227,11.591116,-13.532512,-4.2110806,0.6368553,-33.84641,-1.8241632,-2.8219175,-18.412807,-20.887964,15.88494,-5.33576,8.926222,6.4144864,-11.678762,-5.3287444,4.9411607,-32.773376,-0.64436257,-5.00483,-16.746832
34.211716,-57.378136,-18.479656,26.00252,-8.0927105,-15.963625,-7.4380965,7.107566,-20.293924,8.4380245,-6.327073,-3.2704206,3.4978585,-0.29160136,-13.994303,-2.726892,0.7634455,-33.4071,-1.5926775,2.7898157,-9.773255,-0.5537359,6.8775034,-19.441412,-1.3043947,0.54995036,-38.241543,-6.0965643,0.5235294,-17.580673,-4.844962,12.325869,-22.789894,-4.333644,0.79846114,-42.756184,-2.2255754,-2.5677202,-25.44191,-21.23596,16.131924,-5.4175444,8.82349,6.5859504,-19.26669,-5.554485,5.325016,-41.18256,-0.8411205,-4.9442105,-22.589712
33.345806,-55.76301,-17.3485,25.639503,-7.0230284,-15.167665,-7.43762,7.0336666,-17.830214,8.522772,-6.253841,-0.28269207,3.414422,-0.8855852,-14.087334,-2.6849155,0.7717922,-28.879053,-1.6161242,2.7758625,-7.2750316,-0.56368095,6.448906,-19.837315,-1.2932687,0.54228187,-34.33122,-5.919486,0.43889168,-15.872808,-4.739283,12.243225,-22.833498,-4.2335954,0.7377057,-39.599697,-2.1565883,-2.5712194,-23.915796,-20.856634,15.832034,-5.315176,8.684692,7.1750298,-18.093616,-5.4259105,5.1752563,-38.995457,-0.81215274,-4.8743362,-21.330591
31.066486,-51.94053,-15.899126,23.858295,-7.675629,-14.8134985,-6.9695516,6.613698,-17.430819,7.914628,-5.887877,-1.5400825,3.2268515,-0.49804115,-12.121323,-2.5622115,0.75936353,-29.174484,-1.5368391,2.630936,-8.710011,-0.5543834,6.2969933,-17.526178,-1.2701105,0.54094154,-33.395157,-5.648855,0.51023364,-15.951526,-4.49722,11.480276,-20.637512,-4.007333,0.7078753,-37.686005,-2.0690558,-2.411148,-23.055853,-19.571402,14.846672,-5.029154,8.187599,6.7551937,-17.095896,-5.1124306,4.928599,-37.01354,-0.8123456,-4.5861864,-20.79803
30.003384,-50.579483,-12.8718605,23.906065,-6.515415,-14.128668,-7.097422,6.657366,-14.723676,8.162757,-5.881037,2.048479,3.159287,-0.67251444,-10.493629,-2.5520875,0.7728827,-21.420275,-1.5910157,2.6392198,-4.5070744,-0.55377156,6.5072346,-14.968696,-1.2530309,0.52146935,-22.373304,-5.0918345,0.22238491,-8.973837,-4.457829,12.009487,-16.868114,-3.8472795,0.5353781,-26.984194,-1.6942736,-2.6427805,-16.450914,-19.47395,14.771236,-4.9964285,8.346651,8.460284,-11.011885,-4.815075,4.5654883,-26.51372,-0.5744519,-4.693761,-14.176889
30.97436,-51.908978,-15.463582,23.784685,-9.252542,-15.626823,-7.0201535,6.6727743,-17.467422,7.9400935,-5.8951635,-1.8609989,3.1585765,-0.9267254,-9.617831,-2.5667868,0.767916,-25.73683,-1.5531752,2.6284313,-6.9177847,-0.5792792,6.516219,-9.882882,-1.2621282,0.5187145,-22.308483,-4.8883815,0.060741104,-6.049008,-4.576397,11.650558,-10.804025,-3.8713856,0.48862287,-24.143396,-1.4599248,-2.8385139,-12.82205,-19.74441,14.971859,-5.051571,8.608044,7.816928,-6.354359,-4.7542286,4.402596,-21.932375,-0.40404588,-4.847917,-10.314328
30.974443,-52.11682,-14.468326,24.212563,-7.265562,-14.682202,-7.149289,6.752764,-15.770858,8.325081,-6.001505,2.7322505,3.1380181,-0.9516293,-8.579792,-2.5797744,0.77999866,-18.173275,-1.6502006,2.6823866,-0.93988276,-0.58441615,6.3599815,-9.493916,-1.2539902,0.5077534,-15.552914,-4.492463,-0.14356357,-1.1301471,-4.610553,11.517124,-9.986854,-3.807972,0.40094486,-18.291908,-1.1891313,-3.0160155,-8.456704,-19.750116,15.014347,-5.0693254,8.626818,7.799911,-6.093628,-4.657094,4.312927,-17.478565,-0.26972073,-4.934256,-6.5206347
30.781881,-52.63819,-12.955226,25.267975,-2.9048474,-12.62679,-7.35863,6.8766556,-14.173279,8.719366,-6.086874,5.8851924,3.330648,0.62204856,-11.499741,-2.6157813,0.7863753,-16.996023,-1.7045367,2.7355304,-0.16712938,-0.51259893,7.2543488,-18.184189,-1.2621104,0.5181615,-20.206903,-4.9323673,0.0900187,-6.668385,-4.510648,12.724414,-20.738937,-3.8967252,0.52457225,-25.679405,-1.5273799,-2.8176184,-14.434234,-19.968523,15.170435,-5.1216593,8.33998,8.494538,-15.6585045,-4.844905,4.6210713,-25.151937,-0.43923828,-4.8757787,-11.772835
31.293036,-54.039295,-12.6390295,26.567493,1.2498375,-10.85128,-7.5135627,7.029067,-14.798947,9.10015,-6.217808,7.962898,3.5539834,1.538146,-15.603924,-2.659549,0.791361,-18.297758,-1.7409151,2.778373,-0.64358383,-0.48659024,7.336812,-26.746252,-1.2764487,0.52898747,-26.38156,-5.474155,0.398455,-12.566646,-4.535201,12.983355,-30.133911,-4.0144873,0.63733125,-33.071102,-1.841927,-2.623211,-20.107224,-20.407984,15.518984,-5.2223473,8.211501,7.8044257,-24.763462,-5.133248,5.039461,-33.95645,-0.65186274,-4.8248453,-17.565353
33.846172,-58.313133,-14.727545,28.480692,1.1937984,-11.732875,-7.906905,7.4250016,-17.424149,9.478746,-6.570796,5.8189774,3.8323991,2.474905,-18.17073,-2.7973053,0.78161323,-27.282795,-1.7254878,2.8793077,-5.9184985,-0.4485787,8.070024,-35.1593,-1.3166493,0.5639041,-43.023438,-6.7880287,1.010825,-25.410662,-4.7555747,13.992261,-41.27654,-4.4221234,0.93352044,-51.368183,-2.6709385,-2.234626,-33.508648,-21.849346,16.61019,-5.5512247,8.37205,7.0245304,-37.927597,-5.8937683,5.9740896,-53.212673,-1.1625625,-4.8205924,-31.257256
37.339874,-61.287148,-23.243315,28.969751,-1.2034154,-13.33741,-7.642931,7.357393,-24.71294,8.765089,-6.5282483,-5.385516,4.0923357,2.8202524,-25.904463,-2.819084,0.7452218,-49.92933,-1.5159414,2.7991197,-21.243496,-0.44154006,7.8230333,-45.9762,-1.3649778,0.61801106,-72.494514,-8.489455,1.9987844,-45.706684,-4.828983,13.273664,-54.389595,-4.801279,1.3393338,-78.63724,-3.6792402,-1.531944,-51.214966,-22.45184,17.027412,-5.6492825,8.043738,2.949738,-54.651497,-6.6412616,6.9375825,-80.09875,-1.7828646,-4.505985,-48.69173
38.09396,-61.791332,-26.548468,28.377996,-3.6507344,-14.523908,-7.325456,7.1661735,-28.733883,8.062634,-6.327513,-13.277572,4.134865,2.858998,-28.338015,-2.779809,0.71948713,-63.216103,-1.3364735,2.6719453,-31.566864,-0.44566557,7.6541214,-47.51038,-1.3770891,0.6408631,-84.45316,-9.091126,2.409107,-54.071884,-4.7943974,12.75456,-56.384212,-4.8716793,1.4770408,-88.05401,-4.0291114,-1.2125291,-58.01053,-22.315592,16.916779,-5.5990705,7.847614,1.3306313,-58.387432,-6.8062906,7.1627126,-88.619865,-2.0007539,-4.3085947,-55.415165
35.67816,-58.155144,-24.677994,26.386219,-4.782408,-14.316065,-6.8892345,6.732693,-27.660013,7.3803263,-5.8918753,-15.52873,3.9235773,2.8580954,-26.709227,-2.6458972,0.7078284,-64.68828,-1.226817,2.5036638,-34.607346,-0.43395516,7.6242943,-43.954872,-1.3503927,0.63562703,-82.112625,-8.72195,2.3983696,-53.20152,-4.504461,12.417185,-52.563923,-4.6143994,1.4239388,-84.408424,-3.8734474,-1.0961328,-56.332047,-20.974705,15.90043,-5.292433,7.3938913,1.7081469,-54.70697,-6.3882093,6.760731,-84.035995,-1.9055957,-4.0605707,-53.464207
35.04515,-57.178253,-23.618847,26.332958,-3.0125904,-13.289455,-6.916206,6.715797,-25.662605,7.600078,-5.921205,-11.38645,3.8488555,2.6410904,-25.467648,-2.6339262,0.7182303,-57.580376,-1.3240536,2.5610573,-28.537739,-0.43974668,7.1864767,-45.03345,-1.3421645,0.63064915,-79.77229,-8.61862,2.3224201,-51.936382,-4.4772706,11.9740095,-53.645405,-4.5880523,1.4109607,-83.52203,-3.864037,-1.1095502,-55.513348,-20.72524,15.723063,-5.243764,7.302622,1.2654102,-55.67204,-6.4130826,6.794351,-85.26862,-1.9489872,-4.0058727,-53.513527
34.707706,-57.08955,-22.285473,26.539062,-1.8928319,-12.715517,-7.093811,6.81683,-23.246328,7.9885387,-6.029687,-6.813054,3.8226185,2.064862,-25.120026,-2.6521268,0.73101676,-50.219887,-1.4256638,2.6321502,-22.547163,-0.4503528,6.940959,-44.65152,-1.3351363,0.6191724,-73.46083,-8.278803,2.0794473,-47.355656,-4.5039263,11.947842,-52.65882,-4.563295,1.3513899,-78.962875,-3.706173,-1.2705877,-51.906097,-20.741926,15.749734,-5.2605877,7.4167447,1.8370013,-53.318005,-6.342155,6.6818624,-81.20187,-1.842961,-4.1052856,-49.90939
34.479225,-57.293385,-20.537941,27.305119,0.39167336,-11.72676,-7.2917247,6.9525657,-21.807684,8.395922,-6.1726727,-2.8842978,3.8652096,3.2832134,-23.527987,-2.6934736,0.74057615,-44.39512,-1.5335982,2.7226615,-17.549047,-0.40447292,7.6091986,-47.304806,-1.3363004,0.62165105,-73.2832,-8.360761,2.106225,-47.797577,-4.513384,12.590219,-56.48836,-4.6161137,1.4024763,-80.9239,-3.7966292,-1.2530626,-53.355473,-20.981815,15.943248,-5.3293686,7.378839,2.115156,-57.858955,-6.4495444,6.8751116,-84.09374,-1.9107906,-4.1250134,-51.46568
36.137238,-59.205536,-23.60289,28.078163,0.06852874,-12.2803955,-7.4528227,7.1497474,-23.026997,8.646917,-6.4071507,-2.644549,3.94298,3.4947248,-22.759336,-2.7609293,0.749699,-43.5383,-1.6022577,2.8287194,-15.724038,-0.40827674,7.716139,-47.407673,-1.3551972,0.6242175,-75.41015,-8.563393,2.0650012,-48.09769,-4.672927,12.677776,-56.867138,-4.7617803,1.4071519,-82.32501,-3.8092408,-1.3890624,-53.264587,-21.668785,16.438845,-5.48767,7.58352,1.5888096,-60.171585,-6.687192,7.043269,-86.55862,-1.9382322,-4.2746253,-52.231014
35.04325,-57.244,-23.259157,26.79584,-1.4876964,-12.621794,-7.139145,6.8861413,-23.08642,8.230763,-6.1908817,-4.198329,3.7774575,2.6280851,-21.437151,-2.679685,0.74620056,-43.43788,-1.5442917,2.7415469,-16.30292,-0.44988516,7.044365,-41.485844,-1.3366961,0.6094526,-69.06348,-8.008779,1.793372,-42.931442,-4.5755725,11.914291,-49.737408,-4.582812,1.2816708,-74.77082,-3.4861424,-1.5319344,-48.036785,-20.907003,15.846212,-5.311508,7.522721,1.9085543,-52.232086,-6.352478,6.584641,-77.94987,-1.7395902,-4.2462497,-46.841602
31.801453,-53.06008,-17.80162,24.55638,-4.936158,-13.55716,-6.927027,6.5948553,-19.0397,7.9182334,-5.8832703,-2.3932095,3.371025,0.43249965,-15.728833,-2.5675855,0.7540689,-33.68191,-1.5344021,2.6405823,-11.05959,-0.52251405,6.3173513,-25.893826,-1.2837654,0.56148875,-45.06581,-6.3502045,0.9306582,-24.937666,-4.453587,11.351476,-30.426462,-4.144928,0.9109852,-50.066757,-2.535429,-2.066084,-31.584982,-19.712086,14.9420805,-5.043335,7.861851,4.793156,-28.314383,-5.4555306,5.4318004,-50.735947,-1.1127906,-4.3985353,-29.534306
32.106197,-53.941372,-15.431584,24.758856,-8.615266,-15.708967,-7.2698193,6.902597,-17.459124,8.395238,-6.154823,0.5721338,3.2137358,-2.1775496,-10.6533575,-2.6323326,0.77652246,-23.91715,-1.6035016,2.713456,-4.548592,-0.62830615,5.7288876,-9.884402,-1.2679183,0.5116496,-19.993464,-4.9720144,-0.019929001,-4.733809,-4.7841034,11.275638,-9.886285,-3.9717965,0.45752773,-23.292782,-1.4963301,-2.9410152,-12.514667,-20.406313,15.48632,-5.2122936,8.980545,7.5622826,-4.586263,-4.9761133,4.5871654,-23.143936,-0.47857687,-4.980255,-11.339041
31.951246,-54.005856,-14.035649,25.775734,-4.2023478,-13.626734,-7.175456,6.857869,-19.301247,8.188308,-6.0311418,-2.490927,3.560775,0.11857399,-19.462605,-2.6262066,0.7678765,-31.01109,-1.5427473,2.6686854,-9.729828,-0.5527232,6.7099485,-21.810068,-1.2789111,0.52959526,-28.740637,-5.5321164,0.32200634,-11.89225,-4.616356,12.463574,-22.29013,-4.0763855,0.68515015,-34.49631,-1.9812062,-2.6165254,-20.6647,-20.590662,15.583882,-5.201455,8.853732,8.472978,-9.752995,-5.0010524,4.7353935,-27.71335,-0.55078936,-4.914143,-14.343522
28.958254,-49.562153,-10.631254,24.425611,-0.8230804,-11.102751,-6.6020103,6.3516707,-18.689705,7.4084344,-5.49514,-4.2518992,3.5060017,2.128193,-21.264538,-2.4505486,0.76244545,-29.470463,-1.4805976,2.4944682,-9.902834,-0.4987308,7.3470755,-23.784914,-1.2470917,0.52024233,-25.494944,-5.0520177,0.3117999,-10.265958,-4.20629,12.335418,-23.025936,-3.7647123,0.6589144,-30.659124,-1.8167036,-2.4683833,-18.055431,-19.044111,14.44014,-4.809119,8.357291,8.527863,-6.724951,-4.4068923,4.2059093,-19.31322,-0.33942434,-4.6394806,-8.496988
32.648544,-55.92412,-13.245116,27.604925,1.5909402,-11.078312,-7.183388,6.9492917,-21.785866,8.045544,-5.9533396,-6.309848,3.989964,2.9479795,-28.53493,-2.6236618,0.77029353,-35.879112,-1.5047458,2.6293356,-13.748093,-0.4713297,8.427459,-31.18958,-1.2909234,0.5334355,-30.690422,-5.668246,0.4182898,-13.4332075,-4.518002,14.062337,-30.31502,-4.0978355,0.7433519,-35.920254,-2.0023713,-2.6149952,-21.053885,-21.042404,16.013021,-5.245408,9.038818,9.380415,-10.874608,-4.78567,4.5443177,-21.362616,-0.28022707,-5.076987,-9.011167
29.76218,-51.08382,-12.3134575,25.158821,2.0487938,-9.800066,-6.8310156,6.4639163,-16.73566,7.8674273,-5.5806384,-0.18084586,3.6283004,2.6984503,-24.1721,-2.470904,0.7681182,-27.695705,-1.5366071,2.5244918,-8.790809,-0.45380017,7.859392,-30.002323,-1.2518523,0.52707803,-27.213251,-5.120531,0.37306058,-12.194396,-4.110207,13.206028,-31.36872,-3.8026476,0.73552346,-34.1636,-1.8956198,-2.3872752,-20.374567,-19.174374,14.574135,-4.834779,7.9256907,8.699873,-17.377476,-4.4754524,4.36692,-23.581038,-0.3340143,-4.6362996,-10.694747
29.278492,-48.94501,-13.723486,24.00434,-0.7489388,-10.861857,-6.614762,6.294798,-16.438755,7.6769733,-5.5321174,0.5678688,3.3472235,1.183574,-18.897642,-2.424305,0.76958567,-22.592909,-1.54845,2.5078986,-5.391959,-0.5159006,6.7153015,-21.793133,-1.2407284,0.51609164,-20.55479,-4.608262,0.117454484,-6.3007464,-4.1631207,11.6459,-21.981869,-3.644775,0.5372362,-24.950588,-1.4609069,-2.622542,-13.194079,-18.644995,14.133972,-4.7256956,7.907478,7.5586634,-11.569572,-4.3299327,4.112899,-17.947721,-0.2582999,-4.596962,-6.887186
37.6323,-61.96191,-22.601213,28.723944,-4.6303163,-15.171345,-7.8638196,7.5498853,-23.778896,9.044841,-6.6790524,-4.051281,3.982559,-0.15857168,-24.547338,-2.8621392,0.76752037,-41.349567,-1.6110687,2.8684947,-14.539849,-0.5660528,6.7251015,-30.17685,-1.345711,0.5628782,-45.849895,-6.6463156,0.7654458,-21.86612,-5.116338,12.607345,-33.159264,-4.59936,0.9088475,-50.74067,-2.421971,-2.5413272,-29.543516,-22.910173,17.326208,-5.7434683,9.204627,5.4536805,-26.463642,-5.9037523,5.763345,-46.83897,-0.8352827,-5.1986732,-24.676527
39.24185,-64.55064,-23.779385,29.589828,-6.2304873,-16.4383,-8.11782,7.8014307,-25.141678,9.231786,-6.895012,-5.9018207,4.0790954,0.19987127,-23.596054,-2.9516954,0.76277775,-46.242252,-1.598627,2.9323337,-17.509153,-0.548476,7.2958975,-31.341711,-1.3686166,0.57885325,-53.377483,-7.238369,1.0111896,-27.21851,-5.279743,13.25519,-35.889057,-4.817184,1.0279107,-58.355865,-2.74082,-2.437284,-34.963615,-23.740427,17.979717,-5.951874,9.3850155,5.255149,-31.543367,-6.2806497,6.1926546,-55.257286,-1.0408567,-5.267362,-30.481747
39.445053,-65.37188,-23.401451,29.914358,-6.2385626,-16.58285,-8.060563,7.7890997,-27.452356,8.961174,-6.8266416,-10.37562,4.2171054,1.4415064,-25.816622,-2.9626195,0.74326587,-56.612946,-1.4812961,2.8674102,-25.498672,-0.50423396,7.971566,-37.245388,-1.3829167,0.6050543,-66.4365,-8.113145,1.5827348,-38.1287,-5.2355027,13.824703,-43.468174,-4.9587145,1.2490242,-71.613754,-3.3344126,-1.991812,-45.527397,-23.941113,18.131603,-5.992898,9.18932,4.724868,-39.80816,-6.5851603,6.6819525,-67.89752,-1.3939141,-5.06643,-40.29047
34.846508,-58.90101,-17.84783,27.268291,-5.012923,-14.775692,-7.5788155,7.2319913,-22.21136,8.540724,-6.3330173,-5.4770017,3.8135953,1.0690557,-21.009592,-2.7702162,0.75086707,-43.519245,-1.5029148,2.7317486,-18.087421,-0.50288904,7.559081,-30.149147,-1.3245283,0.5720507,-49.588444,-6.893804,1.1220423,-27.568855,-4.8265886,13.171719,-34.81601,-4.459806,1.0000029,-55.18871,-2.7319875,-2.1359985,-35.168076,-21.830074,16.528809,-5.5219755,8.663509,6.222879,-29.610855,-5.7939725,5.8279057,-52.026985,-1.0836073,-4.8225,-30.674236
33.89577,-58.286392,-15.060814,27.152098,-5.5506396,-15.001019,-7.7611146,7.3305335,-19.158422,8.86202,-6.449271,-1.0222898,3.681864,1.1790272,-15.56127,-2.7852383,0.7607847,-35.01715,-1.5820701,2.798643,-12.113655,-0.49654174,7.962386,-25.789368,-1.3119639,0.5623828,-42.04474,-6.6070657,0.87105083,-22.971422,-4.8379397,13.771586,-30.867895,-4.421247,0.91055804,-49.058636,-2.613843,-2.3009477,-31.964375,-21.800272,16.549063,-5.544178,8.764769,7.78979,-26.58195,-5.7488275,5.709125,-47.463745,-1.0547401,-4.898793,-28.47406
31.217829,-53.887936,-12.274108,25.35127,-5.6554556,-14.257047,-7.4573617,6.983172,-15.357721,8.626585,-6.1651754,2.786227,3.3719833,0.27246153,-11.897466,-2.6537077,0.7718011,-23.967564,-1.6219664,2.7302253,-5.0831766,-0.52853876,7.2709665,-18.11408,-1.2699486,0.5309078,-26.383974,-5.485815,0.30848855,-11.597585,-4.6144586,13.016184,-21.09593,-4.067901,0.6662356,-33.335644,-1.9941844,-2.6016183,-20.986021,-20.45598,15.535337,-5.2320538,8.599945,9.010927,-14.887046,-5.120481,4.9244924,-31.476187,-0.6912786,-4.8537602,-17.603403
29.474722,-49.471348,-14.440904,22.75552,-7.773301,-14.367152,-6.7301507,6.367745,-15.535836,7.7297244,-5.6951957,0.55199516,2.9994507,-1.2354889,-9.066571,-2.4675448,0.76664007,-21.22009,-1.551512,2.5695693,-3.7914042,-0.5825983,5.889779,-9.803982,-1.2379936,0.51199645,-19.40244,-4.6461267,0.00035689585,-5.1307006,-4.373917,10.897422,-10.731189,-3.7137027,0.46350166,-22.689396,-1.4432483,-2.7432861,-12.167303,-18.698484,14.18733,-4.8185034,8.154627,7.3850484,-6.6461706,-4.6009927,4.265677,-22.11764,-0.4674219,-4.614066,-10.753696
29.803555,-50.096554,-15.238161,22.909187,-7.418042,-14.242554,-6.632432,6.335707,-17.362791,7.5364265,-5.668963,-2.0851524,3.084041,-0.9421897,-11.456907,-2.471166,0.7619077,-25.574474,-1.5176194,2.564465,-6.312223,-0.5823511,5.818762,-12.220547,-1.2463804,0.51884884,-24.35454,-4.926388,0.12034024,-8.371677,-4.3831897,10.77504,-12.922033,-3.794867,0.55219746,-27.731216,-1.6463985,-2.6393592,-15.332704,-18.77939,14.241757,-4.831974,8.194842,6.932133,-7.3677506,-4.703438,4.3716083,-25.38881,-0.5502863,-4.5893493,-12.960958
31.234514,-52.959625,-15.920749,23.975729,-8.11519,-15.091392,-6.734461,6.507866,-21.537754,7.329629,-5.707419,-9.285416,3.3832934,0.5279904,-16.125195,-2.542563,0.7429142,-40.324287,-1.3730743,2.5124457,-17.833372,-0.5333215,7.0923643,-17.94682,-1.2757146,0.5433722,-37.16683,-5.7814283,0.64430904,-17.853394,-4.4585657,12.061657,-19.585476,-4.0030704,0.7489685,-39.551723,-2.1118157,-2.3437345,-24.111767,-19.680239,14.910279,-5.021121,8.359696,7.1388865,-12.905428,-4.970435,4.7794495,-33.58224,-0.72549736,-4.6145625,-19.298254
32.600204,-55.115074,-17.111675,24.87282,-8.315044,-15.592883,-6.970044,6.7330055,-22.151337,7.63262,-5.920586,-8.870086,3.476628,0.56916773,-16.200045,-2.6109393,0.74536884,-41.212093,-1.3998137,2.578163,-17.907106,-0.53500223,7.2852497,-18.763054,-1.2899843,0.54837364,-39.079895,-6.007687,0.69095457,-18.872923,-4.6037974,12.409582,-20.933115,-4.131206,0.77518606,-41.50214,-2.190743,-2.3823097,-25.331,-20.381739,15.446162,-5.184148,8.548538,7.047528,-15.463359,-5.1843762,4.998277,-36.31141,-0.7829671,-4.7300763,-20.941236
33.23865,-56.78325,-15.714049,25.98537,-7.5276623,-15.596646,-7.4265156,7.096228,-19.776163,8.322716,-6.234508,-3.9528303,3.518064,0.063590616,-14.45348,-2.6982868,0.7678716,-32.950035,-1.5195994,2.7083893,-11.8269205,-0.54800886,7.520317,-15.899175,-1.2944076,0.5315274,-29.161737,-5.6555896,0.32445073,-11.639199,-4.791166,13.130045,-17.02474,-4.1585994,0.60967124,-32.20147,-1.8589016,-2.778249,-18.759544,-21.129593,16.0504,-5.379242,9.041598,8.680636,-10.651533,-5.168356,4.844007,-27.989513,-0.5798345,-5.0614104,-14.973193
34.341328,-58.96522,-15.2293005,27.128847,-6.5395994,-15.545167,-7.8198614,7.410769,-18.450815,8.991313,-6.5307884,0.5553603,3.594002,-0.19529612,-13.733771,-2.7832785,0.7786057,-28.024426,-1.6129999,2.8103962,-7.581326,-0.55502087,7.5914354,-15.853837,-1.3020749,0.5277643,-24.80379,-5.546064,0.18856946,-8.294618,-4.959491,13.557042,-17.238733,-4.226992,0.55603373,-28.804945,-1.7149751,-2.973154,-16.25511,-21.866531,16.651169,-5.56738,9.269098,9.263054,-11.895596,-5.2741995,4.952254,-26.342302,-0.51925164,-5.27037,-13.533814
35.44445,-60.79689,-15.507205,28.33612,-5.3533583,-15.390317,-8.105727,7.6954384,-18.700474,9.535125,-6.824093,3.2937148,3.6887631,-0.4810059,-13.498374,-2.8653145,0.7935349,-23.94827,-1.7217149,2.938643,-3.0554059,-0.58011425,7.3464985,-15.849294,-1.3132257,0.5201337,-21.810688,-5.5068765,0.026698459,-5.6527357,-5.1717577,13.469194,-16.736172,-4.328136,0.503125,-26.098383,-1.5851934,-3.2046273,-13.797126,-22.640148,17.243744,-5.753886,9.665986,9.063432,-10.880925,-5.4274817,5.043755,-25.182606,-0.45487285,-5.4955053,-11.65756
36.734158,-62.616703,-17.055227,29.749678,-2.5957065,-14.433475,-8.321917,7.90672,-19.364635,9.97789,-7.0526633,5.0838256,3.8814168,0.035900578,-16.37354,-2.9257803,0.79860437,-23.87824,-1.7716541,3.0188255,-2.6468885,-0.56155396,7.47589,-21.278929,-1.3247356,0.52527994,-24.321491,-5.796882,0.07775508,-8.073543,-5.2562337,13.891326,-23.150873,-4.4658713,0.5489049,-29.863539,-1.7211459,-3.2189927,-16.449736,-23.309216,17.739603,-5.8985186,9.663517,8.858118,-17.579475,-5.698918,5.31407,-30.130444,-0.54428697,-5.585873,-14.498408
37.95351,-64.10172,-20.187714,30.395308,-1.7675792,-14.256823,-8.353602,7.967893,-21.287199,9.994267,-7.1356006,3.4599571,4.0388994,0.82442164,-19.41924,-2.9673312,0.79117686,-30.855001,-1.7528728,3.0500028,-6.836118,-0.5315944,7.5224266,-30.203451,-1.3522452,0.5559566,-40.380184,-6.8642974,0.6563419,-20.69083,-5.276267,13.908371,-34.433105,-4.717528,0.81670105,-46.996334,-2.4440825,-2.7647352,-28.708128,-23.714361,18.023811,-5.985923,9.3879175,7.0077004,-31.084387,-6.2540684,6.036718,-48.76368,-1.0146906,-5.37912,-27.195406
34.453133,-56.156116,-23.05084,26.825922,0.08332929,-11.703094,-7.122955,6.865416,-21.485529,8.40976,-6.1994467,-1.0840101,3.760637,1.9543676,-22.307926,-2.6413636,0.76030624,-36.99547,-1.5735226,2.7322087,-12.606571,-0.4921319,6.563053,-37.73009,-1.3176594,0.57878673,-54.746384,-7.1153026,1.2166845,-32.42794,-4.546372,11.717077,-43.969193,-4.3946395,1.0326378,-60.410763,-2.8883805,-1.965543,-37.703247,-20.68749,15.663815,-5.234395,7.6594176,3.2080016,-43.535603,-5.9607344,5.9729033,-62.48685,-1.3387308,-4.444954,-36.244915
35.532143,-57.382843,-24.740698,27.454048,0.64239216,-11.663959,-7.1504426,6.925852,-23.394634,8.343381,-6.2244825,-3.7204742,3.9199464,2.5805032,-25.827682,-2.6687295,0.7505022,-43.019615,-1.5277976,2.7240896,-16.863045,-0.464527,6.9227333,-43.263603,-1.3332882,0.5967066,-62.97799,-7.645708,1.527615,-38.448982,-4.562416,12.091463,-50.384853,-4.521606,1.1598717,-68.5748,-3.1883783,-1.7688844,-43.131382,-21.086252,15.945873,-5.3084364,7.5888944,2.609344,-49.740814,-6.1728234,6.2720475,-69.66449,-1.4870642,-4.4060016,-40.857384
34.987797,-56.402767,-24.71949,26.920683,0.20799649,-11.689098,-7.091948,6.846476,-22.389055,8.224929,-6.141994,-3.6197908,3.8606203,2.3759732,-25.361847,-2.6375473,0.7494128,-42.526035,-1.5026715,2.6900196,-17.252962,-0.4682317,6.807482,-42.57118,-1.3272145,0.59449804,-61.906,-7.5927725,1.5154424,-38.452515,-4.503274,11.914701,-49.45928,-4.467029,1.1378677,-67.533226,-3.1883025,-1.7379315,-42.878746,-20.756033,15.706334,-5.2352095,7.502573,2.6439571,-48.878326,-6.109056,6.1925907,-69.1038,-1.492921,-4.338412,-40.993774
32.65574,-54.1415,-19.244377,25.758572,-1.5759861,-12.131015,-7.146562,6.7805877,-17.839094,8.46585,-6.0924835,2.0119643,3.5112815,0.2255982,-18.842447,-2.594066,0.77042216,-27.98601,-1.60338,2.706782,-7.5240912,-0.53193176,6.146922,-28.568031,-1.2812381,0.5456063,-37.249355,-6.05041,0.6159532,-19.90041,-4.490339,11.816259,-32.383556,-4.135646,0.77979046,-43.499264,-2.273567,-2.3587024,-26.71285,-20.148094,15.269725,-5.1168003,7.960934,5.8327765,-28.179174,-5.411668,5.2440143,-44.54421,-0.92409563,-4.6092634,-24.890734
31.167233,-53.41989,-13.262933,25.164474,-5.176862,-13.89146,-7.148675,6.790026,-17.68831,8.1343155,-5.977149,-1.5060389,3.4060595,0.4433496,-14.544213,-2.5978246,0.76655906,-28.242327,-1.5254282,2.642846,-9.126,-0.5267592,7.343728,-17.74581,-1.26841,0.5280741,-26.491217,-5.451366,0.3146361,-11.334421,-4.534481,12.937521,-19.148094,-3.981299,0.6065233,-31.003193,-1.8709731,-2.6401885,-18.931849,-20.151913,15.313477,-5.1401653,8.620511,9.056855,-10.909445,-4.9353075,4.659154,-27.192057,-0.5935308,-4.8334546,-15.072098
32.546566,-55.44178,-14.800539,25.678318,-6.583933,-14.950913,-7.345212,7.006429,-18.342194,8.477778,-6.231067,-0.06765357,3.3765721,-1.1753104,-13.048135,-2.6604517,0.7768632,-25.0311,-1.5914149,2.730407,-5.408815,-0.5934578,6.4357967,-12.741931,-1.2769232,0.5159905,-21.046663,-5.168015,0.04051985,-5.795797,-4.80938,12.02761,-12.445758,-4.0276794,0.47733864,-24.465918,-1.5691148,-2.9570525,-13.210966,-20.742722,15.800783,-5.2942543,9.11086,8.21459,-5.411148,-5.018249,4.6294546,-22.817236,-0.4854201,-5.060588,-11.31689
33.008347,-56.381065,-14.247381,26.2127,-6.6452336,-15.199053,-7.5593023,7.18261,-17.826262,8.778994,-6.3737783,1.4417288,3.4319003,-0.71516514,-11.947787,-2.7138624,0.782271,-23.635408,-1.6464418,2.794034,-3.684976,-0.5825662,6.866805,-13.0636635,-1.28365,0.51663065,-20.97271,-5.2227607,0.024845421,-5.4199343,-4.8817616,12.57462,-13.520047,-4.102848,0.50266886,-25.148924,-1.5918075,-3.006815,-13.632809,-21.187296,16.12929,-5.4047985,9.246818,8.753841,-6.6123333,-5.096103,4.726543,-23.319653,-0.46468925,-5.1689796,-11.16412
36.8833,-63.41167,-17.582499,29.905245,-2.3295379,-14.348338,-8.222537,7.8505497,-21.183712,9.74726,-7.0074835,2.217301,3.9601576,1.0756494,-17.733955,-2.9302201,0.78821343,-29.521206,-1.7427074,3.0163662,-5.608819,-0.5351275,7.8445206,-25.313072,-1.3333452,0.5430351,-34.28976,-6.365151,0.38699168,-15.219763,-5.2236757,14.067483,-28.63929,-4.608458,0.7610512,-41.130157,-2.211543,-2.905869,-24.409279,-23.380293,17.788916,-5.9091167,9.551362,8.043716,-22.699524,-5.942385,5.660428,-39.838955,-0.79037845,-5.4519544,-21.281464
36.748314,-62.75769,-18.948341,30.31491,1.9865894,-12.096552,-8.203395,7.795357,-20.436094,9.950035,-6.981889,5.288173,4.0734344,2.7577434,-19.859121,-2.9171305,0.78669536,-29.58981,-1.7818407,3.026856,-5.707432,-0.45369917,8.216473,-36.78862,-1.3438767,0.56923807,-46.46505,-7.147043,0.9312166,-26.453741,-5.038306,14.300114,-43.412605,-4.6952167,0.9668834,-54.630077,-2.7484214,-2.4445984,-34.602146,-23.131449,17.598799,-5.850975,8.755901,6.307167,-41.5448,-6.323345,6.275436,-57.482067,-1.2141658,-5.110828,-33.06243
36.841652,-61.597603,-21.912537,29.674814,1.5148691,-12.128123,-7.8825803,7.5488257,-22.569881,9.389338,-6.783303,1.020546,4.0811005,4.0332346,-20.856014,-2.8655825,0.7661492,-37.9106,-1.6933477,2.9564378,-11.636671,-0.40694275,8.443477,-44.07225,-1.3572831,0.60462195,-64.79096,-8.18419,1.6415329,-40.595966,-4.8785844,13.922406,-53.388805,-4.8184237,1.2499611,-72.57416,-3.478556,-1.8313727,-47.17907,-22.717245,17.224125,-5.7356644,8.128255,3.8072014,-55.361343,-6.70465,6.882517,-76.88721,-1.7170955,-4.674402,-46.43896
35.76022,-58.05206,-24.450054,27.586645,-0.16105503,-12.203748,-7.2080584,6.99159,-24.080801,8.386004,-6.3016267,-4.2511053,3.9166036,3.2223551,-23.484777,-2.7051582,0.74671394,-44.847923,-1.5372512,2.7610712,-17.410091,-0.44348484,7.295223,-43.9142,-1.3429621,0.6092671,-69.48366,-8.10724,1.7837903,-43.40858,-4.6163526,12.263775,-52.51595,-4.639602,1.274692,-75.37481,-3.4948273,-1.5891131,-48.273716,-21.301937,16.117277,-5.383666,7.5621085,2.058405,-54.432884,-6.4386435,6.6345925,-78.095314,-1.7291443,-4.325939,-46.914215
34.819244,-56.43933,-24.005579,26.45466,-1.9036955,-12.716793,-6.955607,6.757366,-24.238628,7.9406667,-6.07086,-6.752624,3.7864723,3.026976,-22.092669,-2.6393135,0.73702395,-47.359886,-1.4542559,2.664276,-20.30577,-0.44839,7.2145987,-40.682076,-1.3312368,0.6084006,-68.93964,-7.935917,1.7897751,-43.069855,-4.4962177,12.019414,-49.232044,-4.5166183,1.2499294,-73.68081,-3.4108028,-1.5291991,-47.504704,-20.660793,15.647327,-5.2382984,7.3782735,2.2351854,-51.80126,-6.2217712,6.4238033,-75.57458,-1.6758394,-4.2084155,-46.113747
34.962097,-57.41978,-22.88965,26.92551,-1.5132126,-12.690414,-7.114512,6.8865952,-24.06308,8.128242,-6.14921,-6.364221,3.86934,3.614319,-22.1419,-2.6778584,0.73745584,-47.610497,-1.4543417,2.6799076,-21.025707,-0.41848257,7.949156,-40.90382,-1.3346254,0.608042,-67.68058,-7.936766,1.7834564,-42.464294,-4.5199776,12.918977,-49.786064,-4.539971,1.2406151,-72.58629,-3.3909535,-1.5737569,-47.230602,-21.003704,15.908216,-5.3224535,7.4790773,3.2566862,-51.942192,-6.2224493,6.430961,-73.76578,-1.637453,-4.302096,-45.426937
35.596447,-59.44485,-22.230904,27.882847,-0.53378713,-12.549632,-7.4269733,7.1508594,-23.42623,8.609863,-6.387273,-3.664279,3.957648,3.9574697,-21.092285,-2.7507281,0.74644744,-44.548763,-1.5108938,2.7589715,-18.882353,-0.40313482,8.471515,-40.473473,-1.3408823,0.604248,-64.19597,-7.91092,1.6781961,-40.32581,-4.642536,13.727878,-49.576206,-4.6054797,1.1886159,-69.57786,-3.31047,-1.7357416,-45.666157,-21.647135,16.408268,-5.4885044,7.7007585,4.11128,-52.506718,-6.333543,6.5021815,-71.98264,-1.6126974,-4.4820094,-44.560543
34.221672,-58.142784,-18.811491,27.244705,-1.5122468,-12.808319,-7.4639997,7.1133013,-20.709793,8.663346,-6.3320093,-1.2367299,3.7893965,3.5648365,-17.07792,-2.729863,0.7554352,-36.94169,-1.5657012,2.7654874,-13.830809,-0.40881708,8.642416,-34.048683,-1.3199781,0.5841539,-52.88909,-7.2028546,1.2904203,-32.078907,-4.601606,13.992497,-41.97509,-4.442613,1.0444187,-58.689926,-2.9187598,-1.993036,-38.572487,-21.302452,16.171806,-5.4227133,7.8881874,5.9348564,-43.287403,-5.97329,6.0524564,-60.216805,-1.3438349,-4.595705,-36.991592
32.83,-56.08717,-14.649433,26.3073,-6.111423,-14.875747,-7.6509123,7.1900544,-16.5246,8.766309,-6.332887,1.4240029,3.4725442,0.9452805,-11.113661,-2.7159998,0.7747557,-24.858294,-1.6336379,2.7823577,-5.9592495,-0.50766385,8.100479,-17.42729,-1.2852453,0.5337869,-26.653038,-5.5504637,0.26944828,-10.791589,-4.731922,13.810969,-20.676605,-4.1512175,0.6275225,-31.772139,-1.856109,-2.7799773,-19.06085,-21.150301,16.05217,-5.3871536,8.797385,9.255582,-16.36404,-5.204408,4.9427733,-29.925768,-0.5960266,-5.048667,-15.78738
32.930294,-55.679813,-14.777371,25.804014,-9.701067,-16.678532,-7.646107,7.2119207,-16.88602,8.603717,-6.331057,-0.5585987,3.3623643,0.10018763,-8.309727,-2.7205756,0.7756998,-25.13587,-1.610231,2.7719402,-6.2492614,-0.5401535,7.9500275,-11.12542,-1.2886003,0.5269748,-23.136675,-5.3117476,0.117997006,-6.8417563,-4.827038,13.561977,-13.203096,-4.1148095,0.5269537,-26.19608,-1.6282665,-2.95398,-14.619835,-21.266829,16.12256,-5.4070024,9.138755,9.6951,-8.697099,-5.0812573,4.72578,-23.506065,-0.46120206,-5.1516137,-11.438688
31.25038,-53.29148,-11.740497,25.477211,-7.9642696,-15.518061,-7.594281,7.129316,-15.092438,8.694555,-6.2388554,2.7096822,3.2687423,0.2558918,-6.852496,-2.6834092,0.78744644,-17.86541,-1.6884165,2.7740462,-1.0185578,-0.5482029,7.8335695,-9.412447,-1.270469,0.5094419,-15.158939,-4.7374744,-0.11135369,-1.0563103,-4.7592435,13.294935,-10.2395,-3.9355516,0.40546978,-18.324842,-1.2840239,-3.0998993,-9.125374,-20.865112,15.766624,-5.299551,9.17972,10.047885,-3.670961,-4.7544956,4.4124675,-15.207773,-0.24525757,-5.159599,-5.576306
31.802357,-54.425297,-11.622195,26.194641,-6.9168687,-15.230034,-7.732724,7.2643085,-15.380149,8.949612,-6.3646035,3.869099,3.343142,0.16906935,-7.718572,-2.7229,0.79231447,-16.836132,-1.7210121,2.8163822,0.11587271,-0.558407,7.747163,-10.204891,-1.275291,0.5070002,-13.743286,-4.7295537,-0.14953724,0.025088772,-4.857522,13.31861,-10.582401,-3.972238,0.38243186,-17.110022,-1.2298571,-3.181238,-8.199983,-21.26422,16.08271,-5.3925066,9.363615,9.979946,-3.4624457,-4.8105516,4.468962,-14.412858,-0.21704702,-5.2594976,-4.940236
32.318554,-55.571747,-11.635693,26.81584,-5.3582973,-14.64076,-7.8330655,7.376208,-15.909734,9.162161,-6.4687314,4.7375245,3.4383228,-0.016468927,-9.695658,-2.7560341,0.7959061,-16.821901,-1.7389154,2.8422625,0.26580366,-0.5724405,7.5003653,-11.643071,-1.2807384,0.505416,-12.796921,-4.734107,-0.16258214,0.6110284,-4.949682,13.167301,-11.376485,-4.0037727,0.3560494,-16.133923,-1.177861,-3.2427807,-7.535466,-21.554234,16.334423,-5.473668,9.505054,9.6521,-3.6371818,-4.8691664,4.527475,-13.8461685,-0.19367176,-5.341266,-4.497285
30.600613,-52.26535,-11.490551,24.99338,-6.6803074,-14.616714,-7.4579463,6.999699,-14.467627,8.691307,-6.159424,4.786395,3.2095127,-0.2967766,-7.4461827,-2.6422784,0.7885309,-15.422842,-1.7053173,2.7473402,0.90426636,-0.5726454,7.021578,-9.639977,-1.2586505,0.50437677,-12.762136,-4.516917,-0.16312757,0.31255317,-4.7098255,12.378137,-9.891294,-3.8460803,0.37169713,-16.206707,-1.1846919,-3.0864828,-7.8635654,-20.340958,15.414988,-5.2000284,8.995348,9.140488,-3.710661,-4.674906,4.3533998,-14.733908,-0.23503901,-5.065887,-5.1041517
31.184107,-52.838596,-14.001724,24.518782,-7.875575,-15.14669,-7.3086424,6.902794,-15.751737,8.488977,-6.1178265,2.9717898,3.1896262,-0.69651043,-7.9413857,-2.6253579,0.7821611,-18.690104,-1.6700455,2.7284794,-0.91920483,-0.58207995,6.639044,-9.57805,-1.261963,0.5108297,-16.95075,-4.684161,-0.09336204,-2.1839952,-4.695647,11.866904,-10.214475,-3.8946533,0.43376204,-19.860489,-1.2990934,-3.0122027,-9.891802,-20.111856,15.288308,-5.1696444,8.827041,8.19536,-6.0216436,-4.778717,4.437785,-19.069534,-0.3233805,-4.9992356,-7.6380143
33.014217,-55.722355,-15.828955,25.498571,-8.953934,-16.184616,-7.5822554,7.1748643,-16.84062,8.752321,-6.3653383,1.9467993,3.309392,-0.7363938,-8.271001,-2.7122295,0.78334445,-21.483305,-1.6817544,2.8089333,-2.1838593,-0.5791346,6.999385,-10.043074,-1.2832444,0.5187711,-20.446745,-5.0261474,-0.05392832,-4.0051193,-4.8732305,12.450369,-11.272948,-4.08788,0.48875305,-23.416904,-1.4529306,-3.0659094,-11.970688,-20.98894,15.979868,-5.377942,9.118708,8.363131,-7.897491,-5.056338,4.6756883,-22.540615,-0.39180303,-5.1690326,-9.73042
37.758728,-60.140507,-28.036547,27.872478,-2.1184921,-13.402328,-6.928063,6.8983564,-30.79161,7.5350776,-6.064466,-17.15815,4.219678,1.9157405,-36.014664,-2.6830683,0.7118192,-68.84671,-1.2120526,2.520122,-37.028637,-0.48302695,6.7280083,-49.433296,-1.3649352,0.6273433,-80.8417,-8.675878,2.2965453,-51.629375,-4.66956,11.654129,-55.56569,-4.698238,1.367971,-83.056656,-3.72943,-1.2896415,-53.763783,-21.608019,16.404522,-5.409522,7.7496085,0.61340076,-53.042446,-6.453404,6.7196946,-80.58497,-1.7414258,-4.27532,-49.024307
38.528347,-61.048313,-28.578554,28.688087,-0.9033382,-13.032589,-7.2469907,7.134217,-28.334488,8.214915,-6.3428144,-10.581509,4.180446,0.5733969,-35.0041,-2.7336628,0.73828185,-57.609673,-1.3820364,2.6681037,-27.369278,-0.5383563,5.8637056,-47.095863,-1.3630779,0.6064043,-70.25841,-8.143014,1.8075897,-42.8303,-4.8353615,11.2808,-51.770805,-4.698299,1.2079837,-73.78661,-3.331964,-1.7129488,-46.008476,-22.0778,16.756424,-5.515276,8.114367,1.0876135,-48.25693,-6.4049277,6.512804,-72.810555,-1.510665,-4.5545983,-42.151085
39.008247,-62.17466,-28.316824,29.075855,-1.6371399,-13.611285,-7.2549434,7.1774025,-30.529968,7.9900713,-6.306409,-15.448854,4.348674,1.8120813,-37.617077,-2.7641485,0.7210572,-66.854935,-1.2856426,2.6217408,-34.574657,-0.48417297,6.9860344,-51.041843,-1.3786806,0.6265427,-79.428635,-8.702383,2.1786168,-49.659157,-4.8161635,12.329295,-56.949013,-4.818588,1.3723598,-82.73824,-3.7050538,-1.4479687,-52.776733,-22.457537,17.028984,-5.591488,8.098239,1.4840428,-52.50335,-6.5487704,6.780545,-78.86153,-1.6565076,-4.509205,-46.94534
39.74548,-63.28113,-29.351624,29.211672,-3.2717023,-14.59962,-7.138751,7.1364903,-34.334724,7.5172067,-6.19179,-22.9347,4.5245695,3.0101416,-41.190918,-2.7773263,0.69087976,-82.18013,-1.1059053,2.505303,-46.755306,-0.43480283,7.918722,-56.21411,-1.3981007,0.6579419,-94.51717,-9.559274,2.8169813,-61.085384,-4.7838154,12.989462,-63.888535,-4.9569016,1.6046035,-96.68467,-4.2615333,-0.9736049,-63.467,-22.757935,17.230824,-5.641288,7.9134736,0.78191376,-60.37765,-6.7967896,7.243207,-90.62788,-1.9525188,-4.319634,-56.131454
39.960724,-63.871468,-29.2756,29.38412,-3.2480047,-14.676021,-7.2385454,7.2211714,-33.88227,7.66575,-6.277681,-21.865734,4.525099,3.099268,-39.98261,-2.8018496,0.69658756,-80.1221,-1.1416445,2.548702,-44.985146,-0.4343185,8.04696,-55.039474,-1.4008342,0.65470386,-92.938225,-9.508005,2.7278402,-59.68611,-4.834156,13.148466,-62.731018,-4.9841294,1.580699,-95.27316,-4.2087145,-1.0664071,-62.251553,-22.9158,17.362005,-5.6924515,8.0164795,1.0238564,-59.686333,-6.8264055,7.2333364,-89.52362,-1.9253192,-4.395492,-55.197002
41.029404,-65.85022,-30.25419,29.866068,-4.7234206,-15.715897,-7.3404183,7.366085,-35.83437,7.612262,-6.3735085,-25.22698,4.611525,3.409936,-39.70584,-2.8566716,0.69265664,-85.178696,-1.1017241,2.5650423,-48.656208,-0.42418855,8.56935,-54.015755,-1.4160421,0.66114676,-96.38415,-9.773288,2.8266516,-61.696377,-4.953436,13.618467,-61.763275,-5.0971465,1.6109476,-97.336525,-4.2888374,-1.0828302,-63.684345,-23.467426,17.79576,-5.8301315,8.277005,1.082479,-59.350346,-6.9744625,7.3572507,-91.00642,-1.954094,-4.501489,-56.47434
39.698536,-63.82726,-29.21684,29.142002,-3.400542,-14.660485,-7.2952027,7.2623296,-32.457115,7.86488,-6.363539,-18.724546,4.402111,2.831371,-35.32764,-2.809016,0.71175915,-72.62698,-1.2286494,2.6141732,-39.1705,-0.45234996,7.890997,-49.18926,-1.3938229,0.63831216,-84.893585,-9.015287,2.3764815,-53.148743,-4.8884687,12.876831,-56.27655,-4.9120274,1.4251506,-86.27174,-3.8278768,-1.3740523,-55.451164,-22.783237,17.282804,-5.694791,8.125224,1.1645516,-55.41683,-6.716044,6.986938,-82.75991,-1.7631595,-4.5183554,-50.24468
38.29498,-61.34648,-28.438723,28.15602,-2.6146467,-13.791684,-7.1276846,7.068064,-29.870659,7.827934,-6.233298,-15.058644,4.1996217,1.9592062,-32.838207,-2.731074,0.72556823,-63.88387,-1.2854736,2.5999787,-33.18416,-0.48587313,7.103347,-44.860485,-1.3700147,0.6158574,-74.668304,-8.326731,1.9986771,-45.9399,-4.7752466,12.051051,-50.52927,-4.6975017,1.2418056,-75.77346,-3.4060647,-1.6025779,-47.92984,-21.942207,16.65846,-5.5076685,7.988478,1.2902405,-49.53549,-6.393595,6.539712,-73.89615,-1.5597056,-4.4903026,-43.960915
39.551537,-63.308483,-29.333916,29.379827,-1.3086251,-13.560186,-7.373345,7.3034644,-30.44596,8.187442,-6.429874,-14.175273,4.3496227,2.0863826,-34.81533,-2.7939672,0.7335035,-63.244713,-1.3271451,2.6663773,-32.386982,-0.48708692,7.320549,-46.585285,-1.3819041,0.6133778,-73.16821,-8.333493,1.912208,-44.261593,-4.9039106,12.542784,-51.83254,-4.77684,1.2096233,-74.25739,-3.3038979,-1.7665292,-46.253117,-22.69433,17.214693,-5.6625624,8.256435,1.6092603,-49.864307,-6.4595685,6.566107,-71.78556,-1.455379,-4.694885,-41.85916
38.43751,-61.904194,-27.992624,28.822966,-0.19073278,-12.705373,-7.300193,7.197302,-28.458689,8.282279,-6.376568,-10.430979,4.2148056,1.7745674,-32.289963,-2.7503912,0.7422501,-55.983868,-1.3851273,2.6704214,-27.20436,-0.4994542,6.9196396,-43.627144,-1.36394,0.5996265,-65.70864,-7.8423676,1.6546291,-39.031883,-4.8268604,12.162205,-48.505684,-4.631631,1.092684,-67.06791,-3.0149043,-1.9183705,-41.28141,-22.168535,16.82496,-5.551943,8.108692,1.8575463,-47.21617,-6.254601,6.30683,-66.20807,-1.3383745,-4.6748276,-38.118683
38.45227,-62.016838,-28.027805,28.923332,0.27108607,-12.485155,-7.3158755,7.207843,-28.354189,8.327761,-6.3800974,-10.001052,4.234315,1.7362309,-32.928314,-2.7497797,0.7442263,-55.241795,-1.3877653,2.6659648,-27.00994,-0.49829307,6.983876,-43.633804,-1.3629463,0.5967021,-63.852203,-7.7291455,1.604229,-37.638927,-4.821422,12.2983885,-48.18358,-4.59872,1.0512819,-64.76793,-2.903739,-1.9821401,-39.610107,-22.190079,16.837803,-5.5537453,8.114846,2.1118767,-46.65054,-6.1825137,6.221419,-63.815258,-1.2668617,-4.7141933,-36.415447
39.78822,-63.99541,-28.97563,29.996164,0.41730264,-12.877529,-7.5275946,7.425306,-29.635836,8.550139,-6.5606346,-10.949992,4.386257,1.749572,-35.280163,-2.8146331,0.7409801,-59.805405,-1.3638817,2.6959972,-30.244396,-0.50084275,7.070135,-47.626724,-1.3789394,0.607878,-69.38141,-8.268307,1.8581717,-42.597786,-4.960393,12.614194,-52.77507,-4.7607284,1.1374773,-70.98456,-3.2015865,-1.8571961,-44.647694,-22.934704,17.41946,-5.722913,8.292534,1.8376985,-51.25685,-6.498985,6.598778,-70.83881,-1.4522665,-4.753308,-41.59458
39.42408,-63.463146,-28.512201,29.609522,-0.31692386,-13.121815,-7.3445697,7.2805824,-31.113283,8.147712,-6.3831816,-14.9696455,4.427728,2.2651937,-37.433113,-2.7843904,0.72357804,-66.742676,-1.2648736,2.6087348,-35.80368,-0.46770304,7.493555,-50.062195,-1.3809627,0.6223234,-76.03404,-8.583406,2.1418023,-47.614334,-4.853063,12.905104,-55.808475,-4.7703094,1.2544208,-77.25475,-3.4617045,-1.5949551,-49.48448,-22.73586,17.257635,-5.659833,8.116382,1.8111824,-53.273273,-6.4992595,6.701435,-74.97176,-1.5653759,-4.6049275,-45.030067
40.94907,-65.58048,-29.825489,30.581911,-1.216614,-14.046924,-7.398436,7.408481,-35.122047,7.9249825,-6.4227924,-21.776108,4.700896,3.8054318,-41.966644,-2.855084,0.70230573,-79.89783,-1.1762073,2.601315,-44.54016,-0.41156995,8.591478,-57.330902,-1.4130331,0.6554115,-92.34606,-9.565898,2.7098129,-58.831947,-4.9251637,13.786176,-64.77098,-5.0414805,1.5481973,-93.7442,-4.1025114,-1.2019042,-60.67104,-23.560793,17.861446,-5.827572,8.22445,1.2503698,-60.79847,-6.866216,7.2534447,-87.590744,-1.8276389,-4.5663223,-53.478897
39.215218,-63.01956,-27.857695,29.697624,-0.37113243,-13.178473,-7.1612597,7.1635194,-33.711407,7.631968,-6.197289,-21.398657,4.6009,4.3891454,-41.295883,-2.7762828,0.7009054,-77.111786,-1.1697032,2.5460455,-42.972584,-0.38514984,8.82852,-57.016083,-1.3945227,0.65022707,-89.93959,-9.31996,2.6401944,-57.62256,-4.720277,13.850233,-64.43739,-4.9038444,1.537637,-92.028595,-4.056936,-1.1485974,-59.67861,-22.764036,17.241667,-5.63684,7.949197,1.8548219,-59.027065,-6.6210213,7.0082893,-84.49349,-1.7738377,-4.4301314,-51.539154
39.693188,-63.846478,-28.053734,29.91534,-1.0285565,-13.642859,-7.20414,7.2171717,-34.529472,7.5645194,-6.2037754,-23.428635,4.6593566,4.2494884,-42.768368,-2.792573,0.699684,-80.07208,-1.135654,2.5333939,-45.382183,-0.3901438,8.963603,-56.70419,-1.3997033,0.649307,-90.08549,-9.333852,2.6268847,-57.347992,-4.7598057,14.107188,-63.483883,-4.9303427,1.535785,-91.70255,-4.039142,-1.1873559,-59.352398,-23.018154,17.429647,-5.684781,8.133465,2.302317,-56.567192,-6.589116,6.945291,-82.31272,-1.7018273,-4.515227,-50.110348
39.385662,-62.97353,-28.761175,29.651316,-0.029389068,-12.965232,-7.269658,7.224905,-31.65006,7.936573,-6.306076,-17.181074,4.4863334,2.9430447,-39.602257,-2.775377,0.7227332,-68.618454,-1.2663276,2.6150694,-36.441658,-0.44935578,7.7943335,-52.30022,-1.3847394,0.62520117,-79.049065,-8.67147,2.147737,-48.99096,-4.800092,13.100838,-57.937153,-4.8180785,1.341289,-81.18235,-3.5868685,-1.5436902,-51.20697,-22.700396,17.193436,-5.630248,8.1522255,2.0546703,-52.486538,-6.4533687,6.6459823,-75.1094,-1.5174526,-4.616011,-44.2191
40.799034,-65.155396,-30.219748,30.131441,-2.4331486,-14.504662,-7.447609,7.414377,-33.125515,7.9968886,-6.4585543,-19.669773,4.5395975,2.682855,-38.863815,-2.841314,0.71680504,-74.16852,-1.2209888,2.6328878,-40.447544,-0.46298754,7.9475737,-51.346462,-1.401965,0.6344688,-83.4757,-9.024298,2.3040411,-51.97113,-4.964222,13.287036,-57.403355,-4.9595456,1.3926122,-84.88782,-3.7507079,-1.4998243,-54.07047,-23.355366,17.692453,-5.7907715,8.390197,1.7262975,-53.760105,-6.7030063,6.9104114,-79.40985,-1.6325183,-4.688172,-47.47128
40.29204,-64.39611,-29.67411,29.756935,-2.4746752,-14.393622,-7.3673472,7.338339,-32.92761,7.93268,-6.404201,-19.404285,4.4951906,2.572842,-38.268,-2.8186476,0.71249455,-74.834946,-1.1957321,2.602293,-41.30628,-0.46928105,7.700428,-51.683308,-1.3964117,0.6365246,-84.75675,-9.122742,2.4024174,-53.82216,-4.9221454,13.007298,-58.2293,-4.9384017,1.4145217,-86.45924,-3.8561902,-1.3830321,-56.002983,-23.093184,17.504984,-5.7401276,8.232147,1.3883235,-55.41978,-6.7474627,6.99505,-82.35399,-1.7426744,-4.5730076,-50.149223
40.46751,-64.61775,-30.212324,29.657087,-3.231093,-14.792463,-7.316074,7.3132496,-33.76659,7.823314,-6.3835826,-20.806719,4.5002494,2.3021936,-38.96664,-2.8160872,0.7070293,-77.4442,-1.1709915,2.5874746,-42.889595,-0.4766227,7.4999113,-51.954308,-1.399592,0.6418157,-87.64578,-9.270838,2.4868236,-55.70919,-4.942356,12.708591,-58.519066,-4.9737463,1.4618104,-89.333336,-3.9755096,-1.3022275,-57.947414,-23.097902,17.52667,-5.7405386,8.261822,0.8653051,-55.663937,-6.8193583,7.0868263,-85.1124,-1.8125015,-4.531913,-52.11452
41.124077,-65.39328,-31.286385,29.954857,-3.4434288,-15.050846,-7.4287252,7.4074097,-33.40256,7.998436,-6.481885,-19.555225,4.505124,1.6294216,-39.25402,-2.835686,0.7140716,-75.554504,-1.2000245,2.622961,-41.25454,-0.49962604,7.139551,-51.12496,-1.402734,0.6363723,-85.18635,-9.189824,2.3656569,-53.577904,-5.0250373,12.52459,-56.883774,-4.993521,1.4087121,-86.911285,-3.883804,-1.4241005,-55.984226,-23.35498,17.725277,-5.795165,8.423707,0.8583132,-54.190723,-6.8489723,7.051794,-83.24466,-1.7678963,-4.624433,-50.54824
40.228176,-63.637764,-30.361303,29.68342,-2.059179,-14.089547,-7.357261,7.297839,-31.345276,8.013714,-6.388075,-16.8696,4.423474,1.0706216,-40.03149,-2.7814898,0.7257297,-68.572464,-1.2571092,2.6212544,-36.194798,-0.51130384,6.7883406,-49.981865,-1.3840203,0.6179303,-76.128136,-8.574269,2.0101058,-46.721767,-4.9198384,12.354545,-53.997833,-4.833581,1.2793865,-78.49835,-3.5177133,-1.6521394,-49.39681,-22.904142,17.361897,-5.667741,8.414647,1.7419989,-48.438057,-6.5047927,6.60531,-73.53583,-1.4964253,-4.6889424,-42.902138
40.271477,-63.968063,-30.02365,29.62075,-2.8748162,-14.531415,-7.3268285,7.2820544,-32.443184,7.88332,-6.35417,-19.017971,4.4522495,1.2316631,-40.656902,-2.7925818,0.714933,-73.03116,-1.2139163,2.5983353,-39.356823,-0.5001964,6.919672,-51.65924,-1.389858,0.6307093,-81.717026,-8.897416,2.2466145,-50.985844,-4.919705,12.4503565,-56.561924,-4.896819,1.3872693,-84.3126,-3.7615685,-1.458312,-53.83406,-22.967482,17.418488,-5.6900673,8.371398,1.499789,-51.001774,-6.6224,6.819806,-78.83298,-1.6375196,-4.6092887,-47.00919
38.006653,-60.107815,-28.306934,28.08038,-1.8799447,-13.334608,-7.0519223,6.9680815,-29.06277,7.775989,-6.153024,-14.127053,4.164717,1.0842621,-35.662178,-2.6887875,0.725396,-61.917694,-1.296412,2.5838454,-31.400528,-0.5124315,6.303282,-47.480778,-1.3592944,0.613186,-73.20131,-8.231414,1.943097,-45.20254,-4.712618,11.564574,-52.353706,-4.656837,1.2615352,-76.31496,-3.4406667,-1.561642,-48.182835,-21.724382,16.472216,-5.4207764,7.949415,1.3908361,-48.306866,-6.3021097,6.451267,-73.09632,-1.5316782,-4.441101,-42.994553
40.477062,-63.907806,-30.51829,29.792377,-2.1398418,-14.188252,-7.401321,7.3462324,-31.40374,8.052262,-6.442803,-16.767977,4.411646,1.5084598,-38.15118,-2.7992938,0.727803,-67.576614,-1.2792344,2.6534288,-35.272434,-0.50758344,6.979474,-49.30073,-1.3874133,0.6192266,-76.864174,-8.635364,2.0203185,-47.134975,-4.953719,12.439074,-53.8716,-4.873066,1.2913146,-79.136795,-3.5431051,-1.6645801,-49.68025,-23.012638,17.452845,-5.7027006,8.445221,1.5588088,-49.411575,-6.5751023,6.6735144,-74.60811,-1.5262231,-4.704354,-43.61064
39.745216,-63.23568,-30.175428,29.348534,-0.99109197,-13.387655,-7.4191175,7.321841,-29.290876,8.364946,-6.507603,-11.287606,4.2532387,1.1070882,-33.629555,-2.7909553,0.74446386,-58.026894,-1.4013832,2.7254176,-27.479881,-0.53313434,6.348503,-45.150345,-1.3759385,0.60419047,-69.54577,-8.137895,1.7138638,-41.40044,-4.9631577,11.715163,-49.895817,-4.7749796,1.162807,-71.888,-3.1973202,-1.893702,-43.993652,-22.615242,17.16329,-5.6537304,8.320584,1.0934558,-48.482063,-6.4842925,6.52092,-71.005745,-1.4300035,-4.7304974,-40.66676
37.069744,-59.35625,-27.159803,27.78608,0.26641673,-11.977658,-7.079002,6.940003,-26.1512,8.049385,-6.151245,-8.778742,4.068864,0.90449476,-33.20123,-2.646043,0.7454864,-51.938316,-1.3482747,2.5760603,-25.826242,-0.5177192,6.4754906,-41.405373,-1.3361008,0.5809524,-56.82632,-7.2487583,1.3786763,-33.249775,-4.6171827,12.029507,-44.822598,-4.392716,0.93727607,-58.223843,-2.6823435,-2.0458248,-35.535732,-21.312292,16.142864,-5.327896,7.853621,3.077433,-41.70206,-5.8374286,5.7888956,-56.665447,-1.1285187,-4.6120524,-31.87084
34.797707,-56.67676,-22.731415,26.930233,2.2814016,-10.484278,-7.042861,6.80287,-22.024437,8.219461,-6.015112,-2.9610057,3.9099834,1.3173438,-29.432571,-2.5889065,0.7573599,-41.01315,-1.4215274,2.5569537,-19.139048,-0.49162093,6.802307,-37.79923,-1.3054283,0.560357,-44.267944,-6.44593,1.0367705,-25.156218,-4.424218,12.475698,-41.127346,-4.135414,0.76909167,-46.425835,-2.2409484,-2.2319357,-28.289246,-20.516333,15.554701,-5.1617756,7.5938954,4.8122573,-37.534832,-5.4016495,5.3259344,-45.482582,-0.8829738,-4.596542,-24.938698
34.640373,-57.58303,-20.519993,27.516483,3.3951945,-10.133512,-7.2638364,6.97642,-21.25517,8.504089,-6.122364,-1.6331775,4.004862,2.6245263,-28.087776,-2.6485388,0.76142955,-39.0667,-1.4681964,2.6089923,-18.195955,-0.4344921,7.9564266,-39.038696,-1.311596,0.56337637,-43.803417,-6.525746,1.0943012,-25.584803,-4.4506545,13.671235,-43.32476,-4.180556,0.7899018,-46.494816,-2.268431,-2.2421052,-29.11672,-20.88106,15.84652,-5.2736797,7.672794,5.911672,-39.874577,-5.4512534,5.4300604,-45.43914,-0.8812187,-4.682144,-25.314474
34.82575,-57.416843,-21.506834,27.218554,1.521978,-11.055285,-6.9726214,6.7906055,-25.55245,7.799351,-5.8787436,-10.291926,4.122794,3.4520698,-32.453964,-2.6202161,0.7276226,-55.56909,-1.2758572,2.4594734,-30.581543,-0.40101585,8.347925,-44.944725,-1.327539,0.5973929,-61.25787,-7.4382095,1.8145126,-38.57836,-4.3717566,13.5608,-50.627457,-4.289848,1.0682253,-62.984364,-2.9120064,-1.6541845,-41.05485,-20.821363,15.783655,-5.2311935,7.431562,4.373902,-47.012962,-5.6603613,5.896262,-59.331955,-1.2171209,-4.3790517,-35.59649
34.071144,-55.88554,-21.377369,26.611364,1.4895277,-10.805279,-6.7392125,6.595424,-26.178133,7.416271,-5.6644073,-12.734207,4.1055446,3.6523612,-34.102757,-2.5605981,0.72051895,-58.323326,-1.218042,2.37715,-33.233845,-0.39184257,8.364405,-45.786674,-1.3212353,0.59883946,-62.607056,-7.3987207,1.8879647,-39.682343,-4.2453365,13.344595,-50.963543,-4.2057195,1.0854306,-63.660446,-2.9204552,-1.5495445,-41.51843,-20.351818,15.4145,-5.100342,7.286944,4.161112,-45.891968,-5.495154,5.7564983,-58.34865,-1.1728593,-4.2664256,-34.957676
39.500706,-63.564667,-27.290815,29.874413,-0.5471659,-13.31202,-7.3941035,7.3005266,-31.677294,8.034175,-6.2989807,-17.759832,4.57022,3.4003108,-40.327522,-2.7914698,0.70861566,-73.65573,-1.1564434,2.5174856,-42.67568,-0.40662402,8.817547,-53.122124,-1.384977,0.63156974,-79.31667,-8.751506,2.3753636,-50.43674,-4.754711,14.402642,-59.57539,-4.7618775,1.3143845,-80.11224,-3.5815783,-1.4222586,-52.595894,-23.002092,17.401836,-5.681179,7.9989724,3.1736875,-55.684998,-6.4087644,6.729176,-74.590614,-1.548211,-4.5841775,-45.54971
36.50871,-57.82211,-27.122633,26.876976,-1.9938272,-12.86955,-6.751183,6.6750765,-28.768772,7.4366083,-5.903952,-14.736468,4.0807247,1.7056572,-34.975773,-2.6086237,0.7108724,-64.74432,-1.2089279,2.4603767,-34.722893,-0.476781,6.6784334,-47.111855,-1.3444945,0.6163879,-74.901,-8.128191,2.0872931,-46.83815,-4.4801135,11.694547,-53.196587,-4.5071836,1.2746463,-77.12949,-3.4490747,-1.3580925,-49.642845,-20.888988,15.797482,-5.2268524,7.366941,1.3630455,-51.299213,-6.1220026,6.3851953,-74.29715,-1.5948776,-4.1909757,-44.629463
37.863926,-59.680832,-28.154886,28.106365,-1.3229398,-13.0280075,-7.3372054,7.146645,-24.490458,8.63541,-6.4861927,-3.152242,3.9086008,-0.015405789,-26.853863,-2.725692,0.7629844,-41.93939,-1.5687315,2.8007734,-14.695578,-0.56772363,5.3828564,-38.876396,-1.345338,0.5810876,-57.647957,-7.3500605,1.1943129,-32.277306,-4.857656,10.849723,-43.331223,-4.597364,1.0201074,-62.068607,-2.855886,-2.1361303,-36.889626,-21.792427,16.508007,-5.46504,8.138649,1.6530895,-42.82233,-6.2505918,6.1655264,-64.265724,-1.3144418,-4.685864,-35.384186
39.741356,-62.392445,-30.158117,29.30332,-2.1841638,-14.012273,-7.7272058,7.526718,-24.95662,9.156554,-6.825554,-1.701652,3.9893517,-1.3363733,-26.53951,-2.825402,0.7818372,-37.81543,-1.6597507,2.9342184,-11.0331135,-0.6250497,4.834712,-34.59434,-1.3586001,0.56401724,-49.882053,-7.056507,0.77532446,-24.916986,-5.181201,10.676384,-36.73844,-4.7008667,0.8568374,-53.46062,-2.496257,-2.6070735,-29.48679,-22.915974,17.35274,-5.710059,8.923492,1.9754595,-34.56999,-6.322324,5.998043,-56.13395,-1.0697892,-5.09605,-28.636604
42.699673,-67.20306,-31.523714,31.6745,-2.0479481,-14.904165,-8.306098,8.091201,-26.068367,9.747962,-7.283462,-2.6366928,4.272523,-0.8498483,-28.166958,-2.9857512,0.7974974,-38.28272,-1.71173,3.087633,-11.133045,-0.6135948,6.1066856,-33.885303,-1.3880479,0.5554893,-45.837425,-7.102503,0.52625453,-20.621004,-5.504765,12.448835,-35.061947,-4.917258,0.7684227,-48.858322,-2.3154197,-3.024142,-25.338936,-24.669125,18.661533,-6.0985823,9.744636,3.8187313,-30.588121,-6.4795465,5.9781537,-48.75142,-0.83922935,-5.618609,-22.892008
41.69452,-65.44531,-31.574286,30.8092,-0.83167374,-13.85407,-7.963355,7.7861233,-26.40124,9.217049,-6.9764733,-4.9956546,4.2567654,0.19159889,-30.112284,-2.8958552,0.78228045,-43.081486,-1.6104944,2.958495,-15.56778,-0.5719534,6.3936443,-38.08081,-1.3803728,0.5701901,-52.40615,-7.355302,0.8694513,-26.744986,-5.260808,12.250467,-40.474426,-4.8307357,0.8728546,-55.11755,-2.542224,-2.6814399,-30.167093,-23.705847,18.003084,-5.8952513,9.140617,2.80345,-37.473846,-6.418118,6.064861,-54.64083,-0.9966973,-5.30192,-27.374495
41.93102,-66.36391,-31.714031,31.529018,2.1102104,-12.505188,-8.060017,7.8723826,-26.389507,9.482821,-7.0384,-2.8292449,4.391324,1.2862583,-31.666874,-2.9201307,0.7880085,-41.21704,-1.6534487,2.978416,-14.474281,-0.53508615,6.9704084,-42.293114,-1.3860068,0.5741223,-52.49853,-7.371986,0.9535924,-27.173267,-5.232617,12.794412,-45.3326,-4.818075,0.86712813,-54.836384,-2.4488428,-2.7032762,-29.546642,-23.837538,18.133768,-5.940402,8.973866,2.7750773,-43.184814,-6.403392,6.1343226,-54.97963,-0.94470894,-5.33755,-27.148365
41.959743,-66.94776,-30.798243,32.19126,3.928082,-11.714266,-8.235999,8.008385,-25.51027,9.792017,-7.1367683,-0.48943388,4.457608,1.7299427,-31.837894,-2.9493432,0.7977743,-38.13323,-1.6919568,3.0068948,-13.039869,-0.52202135,7.4091616,-43.01609,-1.3878857,0.5683739,-48.14197,-7.2151465,0.86693907,-24.591095,-5.253995,13.459895,-45.640087,-4.7814784,0.781324,-50.09127,-2.2561803,-2.8458104,-26.636911,-24.109987,18.336899,-6.0041676,9.041842,3.6247158,-43.400158,-6.3304424,6.0494723,-50.734264,-0.82977104,-5.45215,-24.330574
38.820755,-62.594704,-27.266947,30.292515,4.9818144,-10.30813,-7.8244295,7.567284,-22.871683,9.405761,-6.738169,1.7184947,4.2109895,1.6690202,-29.496227,-2.8058927,0.79901576,-31.914915,-1.6823294,2.8842518,-9.95712,-0.51635176,7.1540356,-38.624413,-1.348553,0.54809254,-38.2659,-6.373013,0.5799624,-17.982943,-4.935296,13.028395,-40.289074,-4.429296,0.6334499,-39.998943,-1.8443421,-2.9020283,-20.357115,-22.618135,17.179426,-5.6576385,8.590499,4.424248,-37.055744,-5.748474,5.449273,-40.176994,-0.5897099,-5.2623477,-17.875967
34.557213,-55.343365,-25.251776,26.80708,4.5578265,-9.108586,-6.9320817,6.706743,-20.818745,8.3054285,-6.0025134,0.42453045,3.8502314,1.1926106,-29.448902,-2.5459971,0.77837396,-31.306862,-1.5498655,2.6274757,-11.311567,-0.5088387,6.2183666,-37.38909,-1.299177,0.543197,-37.237316,-5.9104943,0.6257293,-18.836653,-4.3835344,11.588342,-38.784424,-4.0332813,0.63445926,-39.025158,-1.8523095,-2.53655,-20.92332,-20.046795,15.195367,-5.0522766,7.5696764,3.9250965,-34.82853,-5.209899,4.97297,-38.831142,-0.6468737,-4.672215,-18.246462
35.415504,-55.94283,-26.774128,26.2389,-0.43834442,-11.710243,-6.87069,6.682751,-22.649782,8.031095,-6.047906,-3.5804913,3.7210393,-0.42592883,-27.687115,-2.5668359,0.7612988,-39.50787,-1.4855669,2.6341026,-15.328974,-0.5674486,5.1078577,-35.42469,-1.3105586,0.5611357,-48.686073,-6.589927,0.9290483,-26.564169,-4.524803,10.475863,-38.110256,-4.248718,0.8447657,-51.763878,-2.44047,-2.2107222,-30.160324,-20.261276,15.340245,-5.1068954,7.696132,2.437334,-35.83318,-5.6559024,5.477636,-52.50995,-1.051812,-4.513286,-28.129745
36.46531,-57.585426,-26.833006,27.05629,-1.8569683,-12.862748,-7.065303,6.8834558,-24.148678,8.111054,-6.1794796,-6.2150207,3.8354487,-0.15228792,-28.277933,-2.635212,0.7543871,-44.973537,-1.4534366,2.6625118,-19.000227,-0.56081235,5.501294,-37.455376,-1.3289173,0.5744948,-54.89832,-7.1058517,1.1728071,-31.270626,-4.6628294,10.965708,-40.719692,-4.4178686,0.95816654,-58.33393,-2.750105,-2.0793717,-35.26076,-21.047092,15.924416,-5.2736454,7.9733295,2.5479512,-37.980137,-5.9146543,5.800286,-58.118526,-1.1961312,-4.57131,-32.40784
37.833748,-58.810127,-28.764208,27.650667,-3.3806293,-13.93218,-7.324767,7.11792,-23.373377,8.461712,-6.4238977,-4.162468,3.786602,-1.0721685,-25.287989,-2.6822987,0.7705382,-39.272125,-1.5195478,2.7512498,-15.049547,-0.60821056,5.202282,-31.592758,-1.3296175,0.5561788,-46.25825,-6.743067,0.778108,-23.860575,-4.8640523,10.944016,-33.399727,-4.43999,0.7810191,-48.861656,-2.4004369,-2.469145,-27.943972,-21.698336,16.394588,-5.4051065,8.439016,3.1399717,-31.681366,-5.9019012,5.5760775,-49.868412,-0.9993404,-4.8421655,-26.276035
40.05797,-62.53082,-30.656378,29.524385,-0.67700064,-13.195591,-7.6583967,7.465284,-24.691132,8.955152,-6.735158,-3.3482368,4.0642834,-0.1131423,-28.405104,-2.7883227,0.7808129,-39.344902,-1.5839884,2.8651083,-14.203167,-0.57894063,5.964155,-36.089863,-1.3545302,0.5600854,-47.6912,-6.965057,0.7674748,-24.189373,-5.030015,11.901013,-38.23205,-4.617317,0.7954333,-50.346344,-2.3908632,-2.6363544,-27.757435,-22.72681,17.230991,-5.6510496,8.69429,3.2546973,-36.067535,-6.122107,5.7646933,-50.677094,-0.9460578,-5.104599,-25.557903
40.314335,-63.74235,-30.511662,30.182129,1.0188131,-12.5544615,-7.818466,7.608301,-24.9065,9.275834,-6.869828,-1.2620089,4.151867,0.8770556,-27.607822,-2.8462088,0.78291595,-38.486088,-1.6508756,2.92907,-12.479721,-0.549297,6.3924065,-39.02124,-1.3673725,0.5721732,-51.604122,-7.16405,0.926584,-26.868406,-5.089661,12.070768,-42.92738,-4.6969995,0.86815006,-54.457756,-2.451504,-2.588618,-29.992104,-23.005417,17.475655,-5.753477,8.579091,2.4580169,-43.325237,-6.298807,6.073022,-56.48173,-1.0348682,-5.116475,-28.882492
39.64297,-63.206768,-29.65872,30.118279,2.999787,-11.355749,-7.780956,7.5456767,-23.575613,9.333871,-6.791853,0.65527874,4.1455474,0.66245896,-28.819082,-2.8069594,0.79680103,-32.620018,-1.6820407,2.9092023,-9.339637,-0.5465701,6.5229893,-36.0854,-1.350762,0.5471092,-39.25721,-6.3294187,0.46948174,-17.234678,-4.999199,12.411394,-37.929054,-4.4855604,0.6458534,-41.13753,-1.8333832,-2.9703534,-19.793116,-22.675425,17.203547,-5.665539,8.626671,3.86662,-35.78147,-5.8195343,5.447002,-41.340794,-0.6023934,-5.2949624,-17.756233
40.22205,-64.820595,-29.124523,31.069653,4.473432,-10.912676,-8.027083,7.770053,-23.41043,9.778365,-6.9875855,2.9366305,4.249116,0.60082614,-29.178783,-2.865353,0.8070188,-29.464678,-1.734616,2.973788,-7.2388177,-0.5439271,6.7273865,-35.439964,-1.3551675,0.5380578,-33.484985,-6.0999923,0.25584105,-12.870169,-5.1103215,12.964253,-36.603115,-4.4995303,0.5371586,-35.19919,-1.5706016,-3.2356648,-15.532697,-23.23896,17.642076,-5.8024855,8.89158,4.7028484,-33.791904,-5.800199,5.346264,-35.95516,-0.4424537,-5.5228148,-13.884927
43.123722,-69.69893,-30.503635,33.526352,5.274361,-11.484202,-8.611604,8.340255,-24.92144,10.518712,-7.4699707,3.508471,4.5536566,0.92000014,-31.47349,-3.0350847,0.8180166,-30.696796,-1.798012,3.127552,-7.545877,-0.5356921,7.5545244,-37.698677,-1.3880284,0.541447,-33.541225,-6.400181,0.21154357,-12.11398,-5.446846,14.321575,-38.67967,-4.7556725,0.52545094,-35.2334,-1.565484,-3.4856462,-15.1323,-24.99496,18.989666,-6.207247,9.557382,5.6021533,-35.19717,-6.118287,5.603015,-35.378468,-0.37560076,-5.9407263,-12.898648
46.092865,-74.12258,-33.18297,35.499916,4.5845814,-12.657102,-9.074268,8.808613,-26.716991,11.019526,-7.8720837,2.7305446,4.7742724,1.037424,-32.615227,-3.1752906,0.82661504,-32.650818,-1.8413348,3.2551484,-8.263394,-0.5387034,8.17468,-38.573437,-1.4192088,0.5458377,-35.13193,-6.695575,0.19257823,-11.788322,-5.754842,15.23476,-39.26143,-4.9941106,0.52662206,-36.098335,-1.5668209,-3.6971397,-14.648591,-26.51046,20.154978,-6.547638,10.142519,5.832893,-36.315933,-6.417275,5.838958,-35.55069,-0.32652003,-6.288353,-12.055177
47.60711,-76.19234,-34.741867,36.345398,3.607016,-13.556636,-9.304081,9.032414,-27.533905,11.244387,-8.069014,2.174115,4.854747,0.9703148,-32.50991,-3.2452323,0.82968694,-33.570652,-1.8651819,3.3244784,-8.424052,-0.53814137,8.417573,-38.781395,-1.4357784,0.55050635,-37.084183,-6.9204717,0.21181354,-12.450717,-5.9112096,15.608452,-39.541725,-5.1326084,0.55167854,-37.890507,-1.6350313,-3.7674336,-15.2913065,-27.286844,20.73586,-6.7144966,10.432933,5.8317337,-37.034054,-6.6100683,6.002921,-37.34099,-0.3465629,-6.4377513,-12.810786
45.907692,-73.04191,-33.13589,34.999004,2.3176837,-13.711939,-9.030755,8.7450695,-26.529814,10.691678,-7.7553062,-0.059176117,4.705351,1.3115536,-31.159925,-3.1602798,0.819013,-35.192356,-1.8062484,3.2316892,-10.172582,-0.5219525,8.470817,-38.662987,-1.4247358,0.558179,-40.440838,-7.0292287,0.37889725,-15.741454,-5.717696,15.307454,-39.795414,-5.041231,0.6308146,-41.47752,-1.865799,-3.4923372,-18.679058,-26.503145,20.091974,-6.508649,10.17783,5.7139235,-35.97731,-6.4928236,5.9529223,-39.705364,-0.45669135,-6.1744733,-15.411254
47.201702,-75.086105,-34.253616,35.979015,2.5627232,-13.996332,-9.260613,8.971792,-27.310776,10.978121,-7.9548416,0.003156662,4.832646,1.4022093,-32.27217,-3.2307491,0.82310194,-36.48341,-1.8334999,3.2987773,-10.541699,-0.52335036,8.640268,-40.33398,-1.4413974,0.5624338,-42.50223,-7.2654414,0.41880393,-16.878601,-5.8629827,15.628277,-41.602364,-5.173627,0.6593697,-43.67177,-1.9475139,-3.541318,-19.850216,-27.220053,20.637602,-6.6733494,10.4146595,5.647427,-37.81256,-6.6911254,6.143492,-41.993797,-0.48825902,-6.311203,-16.583199
45.910816,-72.77117,-33.481926,34.83831,1.9537349,-13.871652,-9.018787,8.725922,-26.360895,10.67393,-7.7471433,0.08486709,4.6822453,1.308624,-30.661814,-3.1568985,0.81788903,-35.234497,-1.8111124,3.2329884,-10.020315,-0.5235781,8.350695,-38.8931,-1.425853,0.5615133,-42.029877,-7.107367,0.42836446,-16.843918,-5.712525,15.116753,-40.39559,-5.0568314,0.664672,-43.334164,-1.9436045,-3.4325967,-19.852201,-26.456907,20.051758,-6.4954348,10.118122,5.397973,-37.143627,-6.5359173,6.021408,-41.91436,-0.50813544,-6.130062,-16.872416
42.600647,-67.57583,-31.082125,32.359894,2.1527157,-12.73517,-8.427241,8.138684,-24.398254,9.913882,-7.219909,-0.33047372,4.4078608,1.7424941,-28.571474,-2.985099,0.8057924,-34.419388,-1.7398133,3.0654643,-10.662408,-0.50357777,8.036992,-38.715256,-1.3932419,0.5630168,-43.636566,-6.95673,0.60452044,-19.867725,-5.311391,14.224947,-41.08335,-4.795183,0.7113635,-45.259747,-2.0623016,-3.0713365,-22.419716,-24.554852,18.627228,-6.0763645,9.319814,4.7637935,-38.750813,-6.2361116,5.8435216,-44.533295,-0.63719374,-5.6461067,-19.894081
43.455986,-69.052315,-31.705873,33.071888,2.6774518,-12.733261,-8.567284,8.28711,-25.050604,10.107462,-7.359339,-0.26293296,4.500803,1.7973913,-29.535929,-3.0287502,0.8093312,-34.9459,-1.7535757,3.1089246,-10.763435,-0.50600827,8.17316,-39.466507,-1.4020184,0.56188637,-43.579384,-7.0325384,0.5741333,-19.58902,-5.406052,14.492867,-41.62197,-4.867167,0.7008,-45.167095,-2.0557175,-3.1538696,-22.12982,-25.013178,18.979073,-6.1832952,9.494485,4.8828816,-39.025356,-6.333305,5.907938,-44.28806,-0.6257658,-5.7606845,-19.506252
42.75483,-67.982315,-31.302082,32.576157,2.9418583,-12.394399,-8.449198,8.17153,-24.712175,9.997287,-7.268165,0.09642573,4.4511566,1.8207102,-29.323547,-2.9968781,0.8070084,-34.5761,-1.7487581,3.0833502,-10.560626,-0.50409687,7.9853773,-40.0304,-1.395922,0.5630853,-44.558884,-7.0440245,0.6318865,-20.790136,-5.3307137,14.184133,-42.493988,-4.8269444,0.72449565,-46.475048,-2.1168664,-3.059424,-23.272179,-24.621801,18.686466,-6.101698,9.308821,4.5488033,-40.22782,-6.3127427,5.923877,-46.16823,-0.6873094,-5.647028,-20.989439
41.982803,-67.01678,-30.544489,32.13806,3.5327961,-11.84518,-8.345163,8.06233,-23.956127,9.982419,-7.19745,1.6878338,4.3768673,1.5076438,-28.685884,-2.9577575,0.8086194,-31.95958,-1.7588053,3.0581388,-8.68986,-0.51475734,7.646449,-38.31256,-1.3822353,0.55415565,-40.47521,-6.697396,0.48350713,-17.730595,-5.2618546,13.8348465,-40.39664,-4.7205925,0.65975285,-42.42683,-1.9212823,-3.1340327,-20.375025,-24.187946,18.366236,-6.0088806,9.173531,4.5674405,-38.2502,-6.1457176,5.7389817,-42.5878,-0.5969558,-5.6162667,-18.332348
46.543217,-74.252846,-34.42748,35.31951,3.1942792,-13.362257,-9.068363,8.800905,-26.931396,10.867654,-7.8479896,1.0532877,4.75389,0.94739664,-32.366875,-3.1720073,0.8229339,-34.28711,-1.8192883,3.2521229,-9.357037,-0.5340692,8.22305,-38.64274,-1.4248445,0.55121964,-38.27161,-6.883775,0.26410872,-13.692697,-5.7619376,15.162785,-39.421436,-5.044997,0.5743195,-39.046627,-1.7074113,-3.6278942,-16.266575,-26.582048,20.20453,-6.54488,10.171553,5.4325514,-36.600525,-6.497671,5.910194,-38.015446,-0.39164627,-6.2556977,-13.586295
43.84893,-69.932274,-32.506367,33.289055,3.2702708,-12.493774,-8.563987,8.308651,-25.376724,10.23235,-7.419989,0.6015631,4.532321,0.94420075,-31.389181,-3.0214357,0.8121392,-33.72865,-1.751729,3.1095705,-9.782824,-0.53120303,7.677518,-38.02369,-1.3951234,0.5492184,-38.43025,-6.6906457,0.3300314,-15.132906,-5.4402275,14.257647,-39.013523,-4.8272004,0.5990032,-39.670364,-1.7812183,-3.370802,-17.659088,-25.041126,19.02719,-6.189929,9.567021,5.0972753,-35.87332,-6.223402,5.6905646,-38.67926,-0.4701511,-5.880481,-14.961744
42.83656,-68.1574,-30.639845,32.132744,-1.322177,-14.625728,-8.452157,8.20893,-24.828089,10.02608,-7.3757143,-0.20320746,4.264264,-0.06038648,-24.758793,-2.994999,0.8064667,-31.831272,-1.7279425,3.0891278,-8.598408,-0.56004643,7.352929,-28.382534,-1.3792046,0.5415608,-33.72932,-6.4359736,0.14931682,-11.472313,-5.4875627,13.837812,-29.101133,-4.7608914,0.52416486,-34.648556,-1.6841407,-3.4528599,-15.171747,-24.802364,18.852997,-6.1408863,9.800988,5.8698664,-27.170523,-6.1367483,5.5143313,-35.070427,-0.47782606,-5.8590627,-13.931324
42.45664,-67.22815,-30.618929,31.456467,-3.7611616,-15.742977,-8.40938,8.169372,-24.65894,9.887362,-7.3625298,-1.0667045,4.1523876,-1.0941088,-23.196474,-2.9856656,0.8030225,-33.211815,-1.7132404,3.0879505,-9.175972,-0.60430145,6.603162,-25.348951,-1.3762773,0.54044163,-34.70395,-6.495135,0.13228935,-12.111604,-5.543682,13.063932,-25.84201,-4.792749,0.54615533,-36.260273,-1.8136768,-3.3961966,-16.74283,-24.671322,18.727833,-6.1193037,9.924712,5.496742,-23.924578,-6.2212477,5.5607677,-37.20939,-0.5783299,-5.8037553,-15.753162
41.748756,-66.10386,-29.910576,30.880882,-4.475805,-15.89223,-8.297696,8.062997,-24.291866,9.694929,-7.266468,-1.7309706,4.07819,-1.2807,-22.550055,-2.9580135,0.8019789,-33.569504,-1.7021314,3.0635788,-9.244432,-0.62346715,6.369795,-23.847363,-1.3711963,0.5371448,-34.459953,-6.394903,0.10306911,-11.719853,-5.5061555,12.686528,-24.02057,-4.7507877,0.5468383,-36.11027,-1.8131069,-3.3620195,-16.762722,-24.34269,18.445845,-6.046751,9.894137,5.3545957,-21.605202,-6.1419024,5.4822903,-36.236275,-0.56896037,-5.745826,-15.224381
41.93511,-66.28324,-30.636723,31.07035,-2.634584,-14.9383335,-8.254091,8.027525,-24.442083,9.7557,-7.2512355,-0.81418234,4.1339207,-0.8395225,-23.971746,-2.951745,0.80401534,-32.658367,-1.7236191,3.068999,-8.377828,-0.60116994,6.4872227,-26.942762,-1.3722031,0.5389358,-35.59005,-6.412072,0.14148629,-12.606493,-5.4402466,12.7974415,-27.661135,-4.7425027,0.5643583,-37.22616,-1.7925229,-3.3500237,-17.032019,-24.253227,18.376104,-6.023384,9.680793,5.019914,-25.383312,-6.145958,5.512508,-37.80876,-0.5601338,-5.722044,-15.526744
41.285534,-64.97366,-31.57094,30.603695,0.048680693,-13.260124,-7.941158,7.7415967,-25.34635,9.329412,-6.9555216,-2.7671063,4.21531,-0.16944359,-29.759323,-2.87126,0.78821224,-40.17193,-1.6206949,2.9387283,-14.241186,-0.58149624,6.096219,-36.996864,-1.3713351,0.560696,-47.42897,-7.0534325,0.7332102,-23.704262,-5.2125406,12.098407,-38.99685,-4.724762,0.7714645,-49.81525,-2.3138556,-2.7898123,-26.760519,-23.415056,17.792316,-5.8381977,8.9952755,3.0801282,-36.97392,-6.2749114,5.886023,-50.836014,-0.8984846,-5.303522,-24.892647
38.323364,-60.47572,-29.05426,28.748371,1.3363199,-11.7140465,-7.4465055,7.2463875,-23.366621,8.792786,-6.5116005,-1.724849,4.008238,0.41038942,-28.658558,-2.7184877,0.7850961,-35.27721,-1.6078205,2.8099523,-11.558529,-0.55565095,6.1484613,-35.195255,-1.3378558,0.5495596,-41.74127,-6.364293,0.57761896,-19.489489,-4.84948,11.645513,-36.689594,-4.397966,0.6963479,-43.5554,-1.9936898,-2.7570071,-22.082474,-21.835697,16.565035,-5.464776,8.408507,3.2833157,-33.74003,-5.709691,5.365003,-42.947445,-0.6885179,-5.0610256,-19.330833
38.227913,-60.312824,-29.075897,28.547047,0.7560854,-12.000218,-7.4203587,7.223195,-23.5197,8.72315,-6.49502,-2.3061457,3.984264,0.4803822,-27.942343,-2.714886,0.7793149,-36.87136,-1.5857316,2.7973912,-12.794116,-0.5566331,6.0883026,-35.703354,-1.3383849,0.5567093,-44.941,-6.587853,0.71682596,-22.447474,-4.8450437,11.528549,-38.101658,-4.432943,0.7547686,-47.16415,-2.1754994,-2.6228652,-25.155403,-21.780556,16.54258,-5.458907,8.323816,2.935701,-36.201767,-5.8278613,5.527907,-47.403522,-0.8301827,-4.970309,-23.071482
38.21442,-60.28797,-28.64389,28.502495,-0.21252891,-12.53894,-7.4175487,7.2306423,-24.105762,8.60858,-6.4927683,-3.974656,3.977219,0.76763666,-26.968567,-2.723815,0.7710265,-40.10887,-1.5446625,2.782917,-15.29028,-0.5535455,6.2363844,-35.85222,-1.3434134,0.5667029,-49.33165,-6.892982,0.89887464,-25.995804,-4.8685164,11.599015,-39.048756,-4.495576,0.82811487,-51.63915,-2.4100847,-2.4632163,-29.063696,-21.899878,16.61639,-5.484336,8.329158,2.6918604,-37.886765,-5.9704127,5.7243814,-51.900063,-0.98921716,-4.8945646,-27.019154
39.83626,-63.062313,-29.924088,29.738155,0.58550704,-12.580332,-7.7812185,7.556997,-23.848446,9.162248,-6.7886996,-1.3170526,4.0855484,0.70854604,-26.635212,-2.812896,0.7870328,-35.45157,-1.6485138,2.9062386,-11.001551,-0.552274,6.5690575,-34.69266,-1.3558359,0.5572006,-44.201084,-6.6284223,0.61031747,-20.597782,-5.0477614,12.167375,-37.377113,-4.577833,0.7366935,-46.189762,-2.0978868,-2.8204541,-23.526953,-22.735453,17.278616,-5.6820087,8.686906,3.1663651,-36.584244,-6.0021014,5.6522527,-46.56469,-0.7716174,-5.2166176,-21.714005
40.310383,-63.97643,-29.8853,30.506561,2.20394,-11.96078,-7.9015794,7.674538,-24.077639,9.362868,-6.8757772,-0.4546491,4.201766,1.1628544,-28.454052,-2.8416593,0.7919004,-34.65206,-1.6709714,2.932034,-10.56729,-0.5384446,6.8891745,-36.972958,-1.3618268,0.55706763,-43.186802,-6.6394253,0.5987433,-19.869492,-5.0800295,12.619806,-39.225906,-4.5972652,0.7167764,-44.97719,-2.0423777,-2.8904643,-22.533129,-23.090462,17.542698,-5.7520647,8.7817745,3.5123982,-37.379185,-6.0004535,5.6510854,-44.791527,-0.7084106,-5.312049,-20.234526
41.61896,-66.10246,-30.573868,31.776714,3.6230626,-11.692044,-8.152906,7.917345,-24.82224,9.726127,-7.081952,0.19689906,4.38107,1.5615774,-30.70984,-2.9133859,0.79748315,-35.412056,-1.6893028,2.984991,-11.355172,-0.52298874,7.375581,-40.08151,-1.377411,0.5591779,-43.27338,-6.822434,0.64373994,-20.280962,-5.1894116,13.437764,-42.21349,-4.689031,0.7068476,-45.141434,-2.055406,-2.96749,-22.798807,-23.86629,18.122034,-5.9229717,8.976384,4.120741,-39.821922,-6.1249733,5.779194,-44.791992,-0.6905292,-5.4739623,-20.292067
43.196697,-68.99289,-31.442778,33.25502,4.4647512,-11.788897,-8.516156,8.254658,-25.24417,10.242623,-7.3736396,1.5577526,4.546102,1.5374106,-31.821518,-3.0115519,0.8116112,-33.22282,-1.7665427,3.0997508,-9.385023,-0.5166224,7.875099,-40.047924,-1.3934853,0.55287796,-39.355457,-6.7154665,0.41845104,-16.31752,-5.372147,14.396214,-41.504658,-4.794539,0.6318046,-41.03467,-1.8442719,-3.274891,-19.125925,-24.88555,18.879333,-6.1518764,9.425558,5.1630507,-37.945095,-6.18827,5.7362885,-39.81011,-0.5038083,-5.808905,-16.060848
40.965878,-65.28724,-29.998707,31.438011,3.990191,-11.296946,-8.101001,7.839257,-23.818386,9.671098,-6.995779,0.84902716,4.326484,1.7913898,-29.629103,-2.8879938,0.80452514,-32.04384,-1.7149013,2.9816897,-9.711343,-0.49990922,7.7714005,-38.72458,-1.3704064,0.55251944,-39.26097,-6.545895,0.49054155,-17.368479,-5.0855403,13.954589,-40.538437,-4.5966325,0.63839334,-40.753952,-1.8766377,-3.0655937,-19.768923,-23.59633,17.894045,-5.8550596,8.912771,5.0766115,-37.576805,-5.930915,5.5304112,-39.591557,-0.5513611,-5.495722,-17.007576
39.923515,-63.948364,-28.863787,30.896942,4.483933,-10.782029,-7.9761086,7.709021,-23.05946,9.617182,-6.9003015,2.236823,4.241766,1.6129049,-28.56474,-2.8493934,0.80590636,-29.658218,-1.7275559,2.9554863,-7.9892316,-0.5058697,7.438526,-37.224365,-1.3587968,0.5464472,-36.439915,-6.2797456,0.40610957,-15.455499,-5.0125527,13.515712,-38.909588,-4.49261,0.5941366,-37.98784,-1.7383426,-3.0869906,-17.945862,-23.12746,17.532183,-5.7547493,8.756356,4.936097,-36.17335,-5.7904615,5.399181,-37.563152,-0.506372,-5.4266343,-15.607697
43.999718,-70.18545,-32.15075,33.734318,3.6351016,-12.4234495,-8.673594,8.395165,-25.21721,10.432859,-7.510808,1.9266009,4.549816,1.3268173,-30.335207,-3.05593,0.8181448,-31.555243,-1.8062315,3.160393,-7.8512564,-0.5163327,7.9899406,-38.329964,-1.4012825,0.55105203,-38.12662,-6.694517,0.31489238,-14.71977,-5.4719744,14.658315,-39.752087,-4.8580823,0.60687137,-39.766087,-1.7785091,-3.4072526,-17.622448,-25.352272,19.215912,-6.250598,9.640909,5.4473953,-36.59428,-6.2621937,5.7479663,-38.750343,-0.46098107,-5.9391575,-14.937847
45.998486,-73.20037,-33.857708,35.24307,3.6745708,-13.037002,-9.030081,8.747992,-26.563427,10.835302,-7.8104978,1.5655775,4.741917,1.3329747,-32.15871,-3.1636147,0.82307047,-34.049637,-1.8405223,3.2596347,-8.749096,-0.52424693,8.15647,-40.689484,-1.4270222,0.5582263,-41.603935,-7.087011,0.3875454,-16.599089,-5.713651,15.035193,-42.08754,-5.067914,0.65340173,-43.386246,-1.9158672,-3.4771683,-19.506512,-26.499292,20.069506,-6.508012,10.066649,5.234739,-38.56868,-6.5741653,6.0433035,-42.430172,-0.5131296,-6.15102,-16.70367
43.483448,-69.63207,-31.369665,33.64845,4.3908725,-11.965543,-8.632405,8.352372,-25.144892,10.410176,-7.4563355,2.3232305,4.552463,1.4241034,-30.822126,-3.04413,0.81843466,-31.777374,-1.8069897,3.1406524,-7.988499,-0.5196415,7.8053923,-39.23094,-1.3991364,0.55194277,-38.445015,-6.7063885,0.37598646,-15.370847,-5.449881,14.39732,-40.406227,-4.823478,0.6140361,-40.10213,-1.788888,-3.3505163,-18.17242,-25.202932,19.092056,-6.2200127,9.597682,5.1791606,-36.80617,-6.231729,5.7634425,-39.470238,-0.47359365,-5.8876996,-15.5258665
45.068787,-72.01627,-32.958065,34.749073,4.4579277,-12.382774,-8.882846,8.603105,-26.140564,10.698026,-7.675527,1.9561241,4.695485,1.4412518,-32.37068,-3.1177907,0.82223886,-33.355347,-1.8253835,3.2089052,-8.747085,-0.5212141,8.086545,-40.71266,-1.4165323,0.55486685,-39.84739,-6.907572,0.37770355,-15.800826,-5.6007395,14.920628,-41.940002,-4.961697,0.6249182,-41.445583,-1.831446,-3.4438665,-18.545404,-26.00864,19.70449,-6.3999414,9.870228,5.353332,-38.20146,-6.413503,5.908451,-40.34128,-0.46901572,-6.0645056,-15.678877
43.315746,-69.135735,-32.357697,33.384834,4.8820624,-11.600142,-8.5575285,8.28438,-25.24778,10.3287325,-7.40723,2.2359045,4.5575633,1.5137018,-31.836948,-3.0236032,0.8164279,-33.219975,-1.7938097,3.1225686,-9.056706,-0.5251269,7.620242,-41.16796,-1.400236,0.55576086,-41.389923,-6.8383446,0.48351124,-17.765522,-5.3984575,14.093149,-42.943436,-4.8226886,0.6495812,-43.02487,-1.885972,-3.2460315,-20.02246,-24.94431,18.8917,-6.170803,9.382755,4.5199585,-40.31657,-6.276678,5.848944,-42.960487,-0.55369604,-5.789582,-17.75862
42.69621,-68.16998,-31.692148,32.929783,4.8086977,-11.455111,-8.436367,8.172909,-25.096506,10.158587,-7.303085,1.7921021,4.5100684,1.5583228,-31.678495,-2.9897718,0.81297225,-33.480484,-1.7754912,3.0870497,-9.30249,-0.5260553,7.5253143,-40.874535,-1.3934973,0.5555998,-41.538807,-6.794316,0.50566196,-18.061705,-5.332834,13.871569,-42.60957,-4.7743654,0.66068983,-43.229256,-1.9079386,-3.182213,-20.379421,-24.611803,18.645973,-6.093172,9.286678,4.414234,-39.551804,-6.204811,5.796397,-42.804375,-0.56381774,-5.708979,-17.88238
46.193108,-73.52899,-34.573494,35.398064,4.4678354,-12.659852,-9.062779,8.7722,-26.598637,10.89919,-7.8279467,1.9842243,4.7885556,1.3895131,-33.453934,-3.169134,0.8234917,-35.00532,-1.8432173,3.261147,-9.342805,-0.5291404,8.057129,-42.566162,-1.4301589,0.56040376,-43.01064,-7.1521215,0.44066238,-17.675774,-5.714139,14.93147,-44.228004,-5.084152,0.6725003,-44.982056,-1.9477162,-3.442133,-20.331362,-26.488596,20.072052,-6.518261,9.982776,4.856092,-41.207764,-6.612578,6.115427,-44.21953,-0.53152895,-6.1391025,-17.665318
46.20915,-73.59913,-34.456924,35.33596,4.144386,-12.83122,-9.075672,8.782879,-26.566437,10.888084,-7.8305154,1.7832439,4.775651,1.410329,-32.841053,-3.17362,0.82314456,-35.12287,-1.8430163,3.2655885,-9.445699,-0.5268277,8.11221,-42.31579,-1.4310706,0.56190866,-43.687042,-7.220572,0.47128692,-18.346704,-5.724551,14.959192,-44.15717,-5.0992293,0.685928,-45.668,-1.9925538,-3.4196057,-21.001553,-26.512058,20.100742,-6.5278225,10.006615,4.8194737,-41.350376,-6.6509132,6.158256,-45.264004,-0.5643868,-6.129295,-18.522217
46.172424,-73.47978,-33.949997,35.29325,3.5676615,-13.143473,-9.077115,8.784621,-26.646692,10.825064,-7.813932,0.9852024,4.7668395,1.5160352,-32.436577,-3.1745439,0.82086164,-35.564648,-1.832063,3.2603712,-9.868305,-0.52018887,8.298051,-41.78362,-1.431227,0.56339645,-43.887115,-7.256418,0.48422047,-18.52644,-5.7269096,15.129646,-43.57028,-5.1074367,0.69871926,-45.89996,-2.040015,-3.3984864,-21.452707,-26.581919,20.1517,-6.5326586,10.084434,5.0693617,-40.06481,-6.6477885,6.1525493,-44.844204,-0.5713665,-6.1316338,-18.603521
46.179745,-73.2863,-34.228966,35.14236,2.9833493,-13.409546,-9.038553,8.757866,-26.837639,10.733426,-7.7918806,0.23017511,4.7477956,1.4803864,-32.14782,-3.168747,0.8184464,-36.220646,-1.8192334,3.2531703,-10.343018,-0.5203946,8.293412,-41.46219,-1.4322352,0.5656106,-44.90592,-7.311265,0.5124358,-19.179108,-5.7242103,15.041141,-43.280735,-5.1142,0.7101388,-46.688,-2.0768676,-3.3736637,-21.933947,-26.536312,20.115923,-6.520879,10.078319,4.909225,-39.971054,-6.6660066,6.1677337,-45.676132,-0.59951377,-6.107937,-19.16708
45.960674,-72.8208,-33.988476,34.9764,2.757368,-13.464032,-8.974413,8.711218,-27.073185,10.648704,-7.7592516,-0.17609262,4.7299833,1.4215217,-32.16258,-3.155699,0.81603134,-36.460445,-1.811009,3.2425296,-10.324406,-0.52357554,8.169864,-41.049004,-1.4296753,0.5653724,-44.99926,-7.2951875,0.50646126,-19.148611,-5.7138276,14.831568,-42.695995,-5.104469,0.71560365,-46.860237,-2.0975862,-3.355353,-22.068829,-26.43918,20.03683,-6.493326,10.0843525,4.769965,-38.9001,-6.651467,6.147448,-45.549644,-0.6131201,-6.080531,-19.127787
47.103767,-74.74598,-34.52733,35.987175,3.046708,-13.712118,-9.187836,8.922985,-27.904284,10.852693,-7.91711,-0.94741315,4.863349,1.579169,-33.708305,-3.217696,0.8193963,-37.933907,-1.8199241,3.2914221,-11.273401,-0.51843864,8.528118,-42.37884,-1.4439971,0.56753564,-45.69874,-7.466295,0.51512873,-19.398579,-5.8407025,15.391178,-43.643238,-5.209019,0.72044367,-47.50731,-2.1354187,-3.4291027,-22.321615,-27.153675,20.5726,-6.64664,10.390819,5.1339135,-38.69188,-6.7758846,6.2421923,-45.243473,-0.5941874,-6.237121,-18.827375
49.795185,-79.507515,-36.2883,38.2098,3.8998456,-14.151373,-9.6967535,9.425967,-29.511578,11.526569,-8.352543,-0.3118387,5.1325426,1.4813689,-36.160313,-3.3636613,0.83074975,-39.232,-1.8740895,3.423246,-11.4411745,-0.5290164,8.916964,-43.84511,-1.4713118,0.5660359,-44.75325,-7.633512,0.42146632,-17.66101,-6.160068,16.270147,-44.535175,-5.42237,0.68235886,-46.21735,-2.0397615,-3.7045066,-20.687204,-28.672293,21.76101,-7.002632,10.988682,5.6137667,-39.282917,-7.0378613,6.4296427,-43.72671,-0.49843362,-6.6274385,-16.88657
48.222374,-76.66181,-35.45375,36.828136,2.9815855,-14.0741415,-9.392146,9.12175,-28.432487,11.110116,-8.086935,-0.82067615,4.9522114,1.3209739,-34.563343,-3.2692854,0.824802,-37.96503,-1.8373199,3.33877,-11.133241,-0.53196955,8.627621,-41.571526,-1.4523789,0.56242186,-43.31471,-7.3817472,0.3790211,-16.757767,-5.974252,15.737611,-42.235703,-5.272405,0.667912,-44.706635,-1.9901032,-3.6152713,-19.764269,-27.755833,21.047342,-6.780918,10.683975,5.4934807,-36.95353,-6.811258,6.205133,-41.84552,-0.47775072,-6.4354477,-15.900062
47.10747,-74.79905,-34.924725,35.90686,2.9734678,-13.700244,-9.221069,8.931787,-27.187668,10.99279,-7.94717,0.7443695,4.8247766,1.1068141,-33.062027,-3.2142198,0.82366294,-35.628517,-1.8413837,3.2978442,-9.750546,-0.5314431,8.270884,-40.84591,-1.438607,0.56027734,-42.299984,-7.213518,0.37484762,-16.538689,-5.844914,15.268434,-41.942455,-5.16595,0.65757465,-43.97077,-1.9416317,-3.5469866,-19.489998,-27.087208,20.52997,-6.6370993,10.350723,5.2254615,-37.98538,-6.6967707,6.128367,-42.590588,-0.49652743,-6.2845435,-16.439318
42.644585,-67.17814,-32.03617,32.12732,1.4626924,-12.981163,-8.374381,8.095784,-24.3934,9.900933,-7.21276,0.04605186,4.366456,0.8334659,-29.241783,-2.9590998,0.80552536,-33.25796,-1.7340596,3.0514798,-9.63696,-0.5332413,7.458273,-36.34743,-1.386732,0.5536716,-39.707867,-6.6236825,0.3836422,-15.831402,-5.323052,13.702014,-37.643295,-4.7415276,0.63193214,-40.920845,-1.8465223,-3.225236,-18.504292,-24.464634,18.533287,-6.0323753,9.379228,4.5815663,-34.61901,-6.1093264,5.626034,-39.86533,-0.50449705,-5.702966,-15.777526
40.396427,-63.38211,-30.526379,30.287247,1.0319508,-12.489529,-7.955618,7.698719,-23.334475,9.392259,-6.870001,-0.19219887,4.162052,0.845865,-27.363274,-2.8451066,0.79747486,-32.72247,-1.6865151,2.9423814,-9.900392,-0.5348333,6.97478,-35.26222,-1.3646421,0.55321264,-40.413574,-6.5117555,0.48599955,-17.532042,-5.0858216,12.783875,-36.88254,-4.5667,0.64871347,-41.508957,-1.909309,-3.001774,-19.91047,-23.178272,17.565622,-5.7546854,8.894602,3.9304996,-34.559383,-5.921123,5.5021987,-41.543438,-0.5982721,-5.3812866,-17.744444
42.824314,-67.81846,-31.397278,32.55411,2.2320976,-12.765892,-8.443919,8.187332,-25.024355,10.0436945,-7.3029537,0.32589114,4.4326286,1.0908164,-29.53796,-2.9931924,0.80832154,-33.65612,-1.7478948,3.083819,-9.714628,-0.53161067,7.5800676,-37.307293,-1.3919368,0.5533091,-40.29143,-6.7715387,0.43634313,-16.80339,-5.388254,13.857172,-38.61566,-4.791754,0.6378686,-41.633595,-1.9101673,-3.2273023,-19.551651,-24.729164,18.736578,-6.1088247,9.50107,4.6561685,-35.182587,-6.2169814,5.740332,-41.16782,-0.5620092,-5.7427216,-17.036247
45.05495,-71.271385,-33.294746,34.1982,2.408412,-13.359825,-8.833058,8.560146,-26.313387,10.448364,-7.607913,-0.3524052,4.646268,1.33529,-31.6092,-3.1089716,0.81318504,-36.410812,-1.780299,3.1849222,-11.055662,-0.5244031,8.066123,-40.35887,-1.4199636,0.56299937,-44.14275,-7.187982,0.5311302,-19.060226,-5.614601,14.607741,-41.907894,-5.0098886,0.69667864,-45.732475,-2.0644522,-3.2868156,-21.793337,-25.936628,19.649452,-6.380986,9.900231,4.7580194,-38.2727,-6.522822,6.0449295,-44.676846,-0.6047274,-5.9688683,-18.93285
45.69291,-72.85471,-33.314323,35.052578,3.9189906,-12.860219,-9.003067,8.715494,-26.531868,10.7143,-7.7426696,0.6898072,4.753034,1.7982279,-32.402775,-3.157434,0.81894493,-36.13881,-1.8206451,3.2392292,-10.400946,-0.51240396,8.339999,-42.605892,-1.4288392,0.5656796,-45.345997,-7.335311,0.57179594,-20.091986,-5.676833,15.047889,-44.621307,-5.0891347,0.72662336,-47.530262,-2.1222222,-3.3039818,-22.930124,-26.355404,19.984943,-6.4879227,9.978211,4.9071226,-41.13788,-6.6474075,6.1925,-46.506104,-0.6301031,-6.048656,-20.102644
45.264183,-71.614296,-33.987236,34.171204,2.7896707,-13.110901,-8.794079,8.52612,-26.074137,10.428858,-7.598466,-0.057721883,4.6398044,1.4954343,-31.606985,-3.096078,0.8142482,-35.758957,-1.7764761,3.1784925,-10.744753,-0.5169282,8.225969,-40.441483,-1.4163041,0.5611068,-43.406982,-7.092925,0.48818353,-18.42424,-5.561568,14.830565,-42.21432,-4.988636,0.68204904,-44.76187,-1.9900564,-3.3236492,-20.899616,-25.757866,19.561424,-6.353071,9.744434,4.966192,-39.808205,-6.474001,5.981585,-43.532764,-0.56751335,-5.9675574,-17.972082
47.008755,-75.42712,-32.901917,35.662327,-0.66120565,-15.675657,-9.330384,9.044332,-26.681389,11.050318,-8.0468235,0.26720843,4.653698,0.95803237,-25.752804,-3.2455635,0.82751906,-31.789915,-1.8493276,3.324455,-7.596396,-0.5401239,9.034518,-29.966137,-1.4286426,0.5448364,-33.03414,-6.694742,0.03843336,-8.758113,-5.9716,15.991074,-30.42378,-5.097707,0.4801886,-32.436256,-1.4959244,-3.8972256,-12.122901,-27.325531,20.761448,-6.724416,10.74106,6.957716,-29.406748,-6.497833,5.806297,-31.4001,-0.26912013,-6.505475,-10.00085
42.494064,-68.51694,-29.944141,32.210762,-0.5858938,-14.237467,-8.521101,8.238485,-24.14175,10.214692,-7.4077063,1.6233928,4.228056,-0.10232942,-23.239592,-3.0157213,0.8139193,-28.926489,-1.7850007,3.123216,-6.051982,-0.566706,7.370517,-26.89624,-1.3776569,0.5355973,-30.459076,-6.1385,0.02364467,-8.757594,-5.5038257,13.869021,-27.769314,-4.711195,0.47297746,-31.148153,-1.4445009,-3.5826285,-12.409684,-24.739378,18.786343,-6.1593084,9.762504,5.987527,-27.30143,-6.0405416,5.4352837,-32.463554,-0.35700488,-5.9330297,-11.750595
40.635117,-65.82943,-27.58467,30.598616,-4.0583186,-15.531216,-8.244329,7.98367,-23.867727,9.744906,-7.2076225,-0.25229198,3.9621565,-1.3203713,-19.456442,-2.9495976,0.8048611,-29.868076,-1.738253,3.0614266,-6.333276,-0.62249875,6.3880873,-20.417645,-1.3584583,0.5295721,-29.412016,-6.0006857,-0.020664547,-8.26376,-5.475644,12.61449,-20.522852,-4.6279283,0.4806292,-30.872683,-1.5556302,-3.4578323,-13.376234,-23.999376,18.219112,-6.004674,9.851949,5.718876,-19.262737,-5.954255,5.3331323,-32.23489,-0.46811628,-5.7517266,-13.143769
38.489624,-63.131245,-24.681067,29.207348,-4.7538366,-15.365291,-7.9675345,7.7020407,-22.705122,9.363754,-6.947432,-0.5489304,3.8098376,-1.2297441,-17.925402,-2.8701108,0.7964975,-29.252592,-1.6938846,2.9702935,-6.5161657,-0.6158385,6.388439,-18.641788,-1.3375969,0.5265572,-27.89895,-5.792919,0.009169001,-8.161609,-5.2864146,12.409026,-18.993326,-4.4732814,0.48751467,-29.800577,-1.5687094,-3.3161483,-13.750263,-23.057705,17.50412,-5.807864,9.585301,6.2810197,-16.612543,-5.7261953,5.1643834,-30.39507,-0.49188554,-5.553309,-13.016582
38.637047,-61.857117,-26.776554,28.90615,-4.0439587,-14.798367,-7.7940984,7.557422,-22.587833,9.065679,-6.807329,-1.8724954,3.8547451,-0.76898533,-21.015095,-2.8096607,0.7920789,-31.851578,-1.635396,2.9052362,-9.235162,-0.6023049,6.3473043,-22.312738,-1.3390697,0.53324914,-31.791218,-5.9802356,0.12956989,-11.153293,-5.150057,12.27533,-22.621416,-4.4609,0.5333041,-33.592186,-1.7327392,-3.1579013,-16.063036,-22.724451,17.216244,-5.68515,9.286341,5.7218027,-19.861055,-5.703923,5.1409583,-32.57432,-0.54200304,-5.4071107,-14.158073
39.276558,-63.567474,-26.40264,29.676668,-4.56217,-15.418036,-7.95746,7.7321315,-23.881243,9.174571,-6.9312034,-3.2328737,3.964668,-0.31680775,-21.523428,-2.8688715,0.7928396,-33.354317,-1.6418912,2.9381034,-10.151517,-0.5943657,7.0571575,-21.401194,-1.3483711,0.53158695,-30.770681,-5.9463625,0.08594825,-9.428295,-5.2738013,12.939438,-21.114428,-4.516439,0.51723766,-31.927515,-1.6604341,-3.2693071,-14.66938,-23.351444,17.69292,-5.827606,9.646553,6.3851533,-17.251919,-5.696992,5.132764,-28.694828,-0.44246417,-5.5881395,-11.764372
34.718216,-58.334007,-17.928158,26.953615,-6.852545,-15.640631,-7.7172017,7.368973,-18.845234,8.950593,-6.572176,0.75774944,3.5146866,-0.9176111,-12.513866,-2.7608576,0.78737926,-24.996067,-1.6437507,2.837136,-5.167398,-0.58805,6.8936815,-13.100864,-1.3023691,0.51828116,-21.644072,-5.30565,-0.014693972,-5.3792896,-5.005973,12.64646,-13.793546,-4.1895547,0.4402782,-23.970713,-1.4673085,-3.1669273,-12.003042,-21.71423,16.515715,-5.5272303,9.2776985,8.209125,-10.323846,-5.2562113,4.8000627,-23.46198,-0.43981373,-5.3008676,-10.665281
35.256355,-59.49283,-16.758533,27.520575,-7.7359138,-16.348776,-7.99892,7.5994225,-18.263607,9.263101,-6.739726,1.881093,3.5446718,-0.6462606,-10.458325,-2.8322012,0.79358387,-22.853088,-1.7098696,2.9171824,-2.9537313,-0.58224094,7.5137777,-11.513244,-1.3088459,0.51626754,-19.921457,-5.262575,-0.09398487,-3.359784,-5.1343784,13.361574,-12.376019,-4.265212,0.43832636,-22.672724,-1.4163673,-3.2851343,-10.962725,-22.328619,16.978859,-5.677247,9.626015,8.989908,-8.374888,-5.296524,4.844749,-21.38565,-0.3557101,-5.4813027,-8.776004
35.1917,-59.84142,-14.881521,28.185007,-6.374235,-15.83664,-8.196138,7.755566,-17.424406,9.542755,-6.8361006,3.7085664,3.6164095,0.30082592,-9.674554,-2.8713949,0.8004447,-19.819868,-1.7649653,2.9618218,-0.7915747,-0.55502135,8.288764,-11.974162,-1.3101065,0.5123714,-16.958223,-5.1396627,-0.15459827,-1.1549401,-5.1670556,14.189047,-12.980758,-4.264514,0.40649253,-19.972088,-1.3031466,-3.3800218,-9.164863,-22.70817,17.24497,-5.756275,9.774534,9.90792,-8.024141,-5.227469,4.804574,-17.686022,-0.24204084,-5.5986195,-6.1366625
35.44185,-60.372765,-14.388492,28.508791,-6.522338,-16.049492,-8.310044,7.8460717,-17.164293,9.674095,-6.9029164,4.191372,3.643529,0.50147873,-9.211587,-2.8975995,0.8020098,-19.11135,-1.7804484,2.984853,-0.26736176,-0.5473145,8.594579,-12.0334215,-1.3130138,0.51295966,-16.424997,-5.1668587,-0.15219814,-0.7748174,-5.201547,14.605621,-13.207539,-4.2894883,0.40870243,-19.684015,-1.306014,-3.40557,-9.034434,-22.980606,17.444532,-5.813651,9.876181,10.442759,-7.93677,-5.242114,4.8337274,-17.086523,-0.22749427,-5.6560874,-5.852446
33.071995,-56.372498,-14.762604,26.736607,-3.2524853,-13.489232,-7.4925056,7.1683283,-18.315636,8.84183,-6.3850865,2.5574028,3.554065,1.026881,-13.213078,-2.7024221,0.7886974,-21.575024,-1.6890454,2.8113735,-1.8050396,-0.54162025,7.541376,-16.415909,-1.2859172,0.51433164,-20.644594,-5.092267,-0.020167455,-4.5457196,-4.7901974,12.994545,-17.568743,-4.080547,0.49477524,-24.283749,-1.460288,-3.0730119,-12.113567,-21.115631,16.049246,-5.373294,8.978599,8.596476,-11.228116,-5.001858,4.6412606,-20.95672,-0.34669164,-5.1920447,-8.380692
34.96186,-59.43893,-16.119553,27.919907,-4.6068087,-14.745818,-7.8693933,7.528075,-19.147116,9.247385,-6.692978,2.3636422,3.6585646,0.7624019,-12.421179,-2.809707,0.79432994,-22.462051,-1.7240584,2.910145,-2.0526762,-0.5511664,7.932331,-15.150918,-1.3061817,0.5164923,-21.027905,-5.291215,-0.051258035,-4.053446,-5.037015,13.625501,-16.345402,-4.2466984,0.47524393,-23.972704,-1.446531,-3.2406907,-11.544212,-22.201319,16.881107,-5.631117,9.437632,8.923149,-11.121725,-5.238158,4.822795,-21.298838,-0.33769816,-5.4421096,-8.348983
35.21974,-59.338707,-18.26954,27.558578,-4.799347,-14.734517,-7.6784687,7.3973165,-20.408318,9.009355,-6.6226373,0.7350112,3.639287,0.23491624,-13.811567,-2.7760024,0.7875306,-25.7926,-1.673872,2.871858,-4.3126407,-0.5701918,7.185543,-16.36791,-1.3078938,0.5232843,-25.177765,-5.5023675,0.05584994,-7.2270403,-5.0102706,12.775594,-17.60167,-4.270545,0.52030736,-27.821634,-1.5985442,-3.1223664,-14.137492,-21.91959,16.67907,-5.566738,9.242174,7.627169,-13.601458,-5.366527,4.93466,-26.439882,-0.48476434,-5.312642,-11.911942
34.948864,-57.494053,-21.690638,26.807705,-3.2509563,-13.527711,-7.275129,7.069408,-21.197752,8.552098,-6.3787575,-0.6980209,3.5863857,-0.08844696,-16.524931,-2.6683202,0.7843235,-26.96952,-1.6180592,2.7847366,-5.8069816,-0.58455974,6.2199154,-18.89063,-1.3014793,0.5250051,-27.7501,-5.522376,0.108407155,-9.319066,-4.833586,11.557802,-19.376392,-4.16909,0.5039153,-29.131079,-1.5971258,-3.0172634,-14.202618,-21.105562,16.042355,-5.3418913,8.771504,5.7670255,-16.455458,-5.2985873,4.8212996,-28.911808,-0.5345353,-5.0839567,-13.022397
36.855995,-59.739193,-24.78882,27.924799,-2.8094163,-13.710125,-7.521963,7.3079643,-22.045591,8.831827,-6.5763173,-0.89658004,3.7205462,-0.5190578,-18.90456,-2.7260406,0.7904962,-28.976845,-1.6284761,2.833574,-7.40299,-0.603919,6.0222797,-20.446985,-1.3184422,0.52605057,-28.973507,-5.676153,0.099378884,-9.494262,-5.0015182,11.522688,-20.38299,-4.279618,0.4724017,-29.461386,-1.5501496,-3.126744,-13.549227,-21.871948,16.605183,-5.4953003,8.980342,4.928122,-18.724752,-5.4747,4.945703,-30.023851,-0.49840963,-5.2373953,-12.742579
38.817833,-63.066147,-25.100544,30.170008,-0.49343097,-13.326241,-8.03371,7.780308,-22.645874,9.500581,-6.9337234,0.55674434,4.0349526,0.5836325,-22.0668,-2.8615623,0.80317706,-28.3812,-1.717398,2.958847,-6.441683,-0.577423,7.1451283,-24.44973,-1.3430755,0.52497566,-27.634409,-5.7347674,0.026654284,-7.331691,-5.2276382,12.922507,-24.110308,-4.443406,0.4537676,-28.233515,-1.4344232,-3.3557277,-11.797832,-23.287935,17.65227,-5.805642,9.475489,5.8029127,-20.3563,-5.6012774,5.0714903,-26.491598,-0.31652695,-5.6068406,-9.031186
38.28296,-61.80909,-24.826653,29.500689,-0.607659,-13.127478,-7.8886075,7.6371946,-22.398357,9.249768,-6.789847,-0.5163931,3.9922009,0.66239405,-22.644306,-2.8236341,0.7966108,-30.099205,-1.6933129,2.9203246,-7.417769,-0.5735092,7.020152,-25.918673,-1.3401175,0.53051007,-31.00097,-5.8286486,0.1344674,-9.794192,-5.1293144,12.617195,-26.055264,-4.4299464,0.53071475,-31.995127,-1.5950596,-3.189701,-14.46254,-22.88093,17.333736,-5.7054863,9.288518,5.284502,-21.360107,-5.589534,5.108844,-29.48124,-0.38612953,-5.4682803,-10.901451
37.907757,-61.471916,-24.262331,29.45391,0.09833455,-12.682698,-7.8739657,7.6094317,-21.997631,9.214836,-6.743166,-0.40723354,4.0075345,0.66734636,-23.889133,-2.808863,0.79523546,-30.594149,-1.6787151,2.8930244,-8.148524,-0.57511556,6.9794226,-26.53117,-1.334635,0.52843344,-29.968426,-5.737832,0.11991233,-9.29629,-5.1029754,12.549686,-26.19597,-4.3893514,0.5134199,-31.193258,-1.5532194,-3.1796622,-14.100879,-22.71564,17.211187,-5.6743355,9.243805,5.2941995,-21.000069,-5.5195627,5.0557365,-28.202635,-0.35449457,-5.448744,-10.027256
32.700882,-54.516373,-17.878181,26.388063,0.510231,-11.181596,-7.217889,6.9192133,-18.209133,8.592766,-6.142144,2.9241674,3.6103592,0.95688206,-18.93191,-2.5997198,0.7883035,-23.234127,-1.623755,2.6842923,-5.052519,-0.55716866,6.6766376,-21.457254,-1.2799059,0.5128281,-20.86762,-4.9217014,0.038718168,-5.1330314,-4.6133327,11.834092,-21.167856,-3.902731,0.39758512,-22.326838,-1.2502776,-3.0087268,-10.030887,-20.333506,15.42508,-5.160631,8.398478,6.419401,-16.46396,-4.820205,4.4774523,-20.173246,-0.27542666,-4.9957294,-7.0438285
33.396053,-56.853493,-14.669434,27.177658,-2.4445312,-13.212343,-7.6951,7.305917,-17.306414,9.113099,-6.448101,4.198956,3.6208017,0.8529455,-14.449703,-2.7303097,0.79219514,-22.185629,-1.670678,2.7902296,-3.9006894,-0.54305,7.565914,-17.805634,-1.2924378,0.5147398,-19.34983,-5.0942173,0.055116035,-4.498823,-4.830368,13.22283,-18.71509,-4.0528297,0.42622864,-22.089983,-1.3525624,-3.0892525,-11.274855,-21.37484,16.238468,-5.4357815,8.926555,8.644558,-14.115388,-5.0146356,4.7051415,-20.262932,-0.3299402,-5.2222767,-8.479555
35.94395,-60.927395,-17.80775,28.138033,-6.0183516,-15.651953,-7.942363,7.5835686,-20.485336,9.1643715,-6.7072177,-0.5895074,3.7831178,0.9612901,-15.114943,-2.8380675,0.77217364,-34.367905,-1.5806955,2.8309393,-11.924553,-0.53161436,8.039965,-20.837543,-1.3260765,0.5481145,-34.802162,-6.1964083,0.5482433,-15.634104,-5.0376706,13.926978,-24.477976,-4.416881,0.6926429,-38.15588,-2.06722,-2.7614465,-23.086824,-22.537867,17.128263,-5.705224,9.090182,8.094578,-22.776205,-5.6566095,5.441055,-36.72102,-0.7625606,-5.2231064,-20.422009
32.283356,-54.61996,-14.70418,25.361044,-7.201449,-15.104305,-7.2758207,6.92143,-18.190144,8.186725,-6.10086,-2.7598991,3.4782574,1.390094,-13.237213,-2.638084,0.75588655,-34.02488,-1.4644547,2.6291027,-13.723335,-0.49355802,8.178252,-19.267649,-1.2839333,0.543453,-33.73932,-5.881957,0.61221087,-16.692556,-4.5554132,13.6411915,-23.328484,-4.1120167,0.71592045,-37.9319,-2.1309767,-2.4551966,-24.147142,-20.503681,15.583913,-5.2337713,8.332139,8.898519,-20.119337,-5.1807003,5.017621,-34.515694,-0.77709424,-4.779934,-19.997927
31.046286,-51.98878,-14.011229,24.234467,-8.784026,-15.495734,-7.0145245,6.687089,-17.853802,7.751187,-5.8724275,-4.657488,3.3103101,1.3898394,-10.975035,-2.567646,0.753884,-32.917885,-1.4588128,2.5861316,-12.639777,-0.49559245,8.136802,-16.120665,-1.272404,0.53858507,-33.103466,-5.6670976,0.53295994,-15.494384,-4.4381866,13.185312,-19.563766,-4.00708,0.69916236,-36.285137,-2.0580497,-2.4373271,-22.670368,-19.860544,15.068796,-5.06802,8.278563,8.691451,-15.510823,-4.977063,4.784666,-31.671368,-0.70543015,-4.672611,-17.849434
34.443787,-57.24571,-17.276539,26.711416,-7.716927,-16.01253,-7.453607,7.164119,-21.732944,8.282904,-6.3116207,-6.6416073,3.6851618,2.1296275,-15.689405,-2.7384512,0.7484584,-41.656334,-1.4851245,2.7312002,-16.725937,-0.4769568,8.516837,-25.518923,-1.3203106,0.57017034,-48.901226,-6.868176,1.0428026,-26.557062,-4.758772,13.76632,-30.85479,-4.4506383,0.9764412,-53.451443,-2.746313,-2.1843252,-34.14512,-21.624851,16.38436,-5.4663057,8.614984,7.163456,-27.728802,-5.7503195,5.703179,-49.406593,-1.1045895,-4.7958307,-29.294174
35.30852,-58.724987,-17.256723,27.870642,-6.0670366,-15.587657,-7.676583,7.3834934,-22.297752,8.59616,-6.4850287,-6.047098,3.8458972,2.5155325,-17.94055,-2.8048067,0.75754184,-41.20609,-1.5428779,2.8130023,-15.541205,-0.47362897,8.753076,-28.49237,-1.3342007,0.5691471,-49.35494,-7.0111203,1.023995,-26.58565,-4.878194,14.195248,-33.432873,-4.563171,1.0009522,-54.69384,-2.79432,-2.2631042,-34.510822,-22.325052,16.893887,-5.614561,8.923662,7.423083,-27.890831,-5.86995,5.80715,-49.391804,-1.0685091,-4.960363,-28.64049
35.581043,-58.924183,-18.478619,27.963163,-4.9188643,-15.018674,-7.5612326,7.292115,-24.173122,8.381622,-6.3730674,-8.778351,3.970465,3.1128986,-22.173592,-2.79627,0.74006057,-49.94525,-1.4615645,2.7508922,-21.86239,-0.4409848,8.662224,-36.903267,-1.3473613,0.59768975,-63.405193,-7.835395,1.615418,-38.04323,-4.806242,13.913014,-43.566177,-4.680307,1.2437522,-69.491234,-3.3710358,-1.7671114,-45.32784,-22.249542,16.837183,-5.592557,8.53244,5.5795856,-39.00046,-6.178444,6.3449264,-64.93053,-1.4284829,-4.68238,-39.337765
34.618332,-58.13063,-16.402332,27.717209,-3.9348571,-14.389764,-7.575391,7.261184,-22.800892,8.53458,-6.353066,-5.9902782,3.9203665,2.6700635,-21.816113,-2.7827623,0.7427608,-46.572025,-1.4942245,2.750918,-19.339958,-0.454089,8.2196665,-36.588177,-1.3360792,0.5915892,-60.12475,-7.6479964,1.5497652,-36.324398,-4.7831025,13.584817,-43.10063,-4.6175227,1.2203581,-67.47051,-3.3265052,-1.7587795,-44.461037,-22.010668,16.657759,-5.5485096,8.491377,5.7028947,-37.726463,-6.1094856,6.307036,-63.822273,-1.4279592,-4.6406074,-38.975956
35.961304,-60.004044,-17.980667,28.382631,-4.874993,-15.202013,-7.745574,7.4429545,-24.019867,8.685442,-6.504082,-7.2579565,4.0197153,2.453396,-22.958382,-2.840137,0.7421366,-49.93203,-1.4877926,2.7881997,-21.298988,-0.46519306,8.287047,-36.909233,-1.3522253,0.5967263,-62.802307,-7.8475447,1.5871626,-37.335777,-4.9226313,13.780006,-43.415653,-4.73737,1.2468824,-69.54812,-3.3848994,-1.7989168,-45.457344,-22.65481,17.146732,-5.6905622,8.73257,5.5600758,-38.25781,-6.263456,6.445712,-65.3945,-1.4365239,-4.7644186,-39.68862
38.202293,-63.171036,-21.39326,29.483454,-5.710825,-16.146984,-7.866917,7.6249495,-27.595577,8.674298,-6.6556473,-11.77676,4.234744,2.8411825,-26.314146,-2.9135535,0.72691643,-60.916103,-1.4010322,2.7893193,-29.123373,-0.45287353,8.581794,-42.24614,-1.3826697,0.6238251,-75.8004,-8.733769,2.065432,-46.844517,-5.069743,14.067305,-50.18762,-4.9773836,1.421421,-81.67285,-3.849224,-1.5344437,-53.985775,-23.53207,17.814093,-5.883935,8.778521,4.2762985,-47.132126,-6.72248,7.0181108,-78.04138,-1.7319092,-4.741716,-48.484653
39.464134,-65.1081,-23.185606,30.224535,-5.910433,-16.587214,-7.9168067,7.7180395,-30.200941,8.579778,-6.7107635,-15.6702385,4.4095306,3.950911,-28.585783,-2.960692,0.7134298,-69.7478,-1.3254274,2.7740343,-35.771324,-0.40967453,9.351142,-47.51236,-1.4047325,0.64806044,-87.296326,-9.505816,2.5296898,-55.79337,-5.1099806,14.733269,-57.163746,-5.1480103,1.592761,-92.71419,-4.2798376,-1.2504574,-62.036045,-24.053387,18.216778,-6.0040693,8.690909,3.6750302,-55.774723,-7.0472703,7.478744,-88.8848,-1.9884206,-4.670803,-56.321945
40.64149,-66.38937,-26.211897,30.52757,-6.444262,-17.014671,-7.803135,7.6853085,-33.130478,8.267327,-6.6755977,-20.571302,4.5486727,4.962381,-31.231016,-2.9682477,0.6973289,-79.196655,-1.2191143,2.7196748,-43.129917,-0.37045646,9.954787,-52.05462,-1.4233123,0.67113525,-98.18488,-10.154411,2.9379277,-63.992332,-5.0836344,15.106193,-63.095203,-5.265964,1.7364438,-102.42762,-4.6293106,-0.99065745,-68.768776,-24.237766,18.361403,-6.040925,8.457928,2.8197126,-63.803135,-7.279723,7.8006287,-98.05953,-2.1969264,-4.5595965,-62.78695
39.70278,-64.69606,-25.810747,29.930801,-5.199241,-16.023024,-7.628741,7.5084624,-31.935251,8.161665,-6.5402923,-18.90297,4.4656143,4.980304,-30.855314,-2.9053876,0.70105904,-75.509125,-1.231503,2.6828628,-40.83018,-0.36710727,9.733705,-51.379116,-1.4084103,0.6619677,-94.07719,-9.806206,2.7999341,-61.240772,-4.9429107,14.788043,-62.158905,-5.1301,1.6669369,-98.25373,-4.4438386,-1.0388362,-65.67542,-23.589931,17.877663,-5.8905716,8.190174,2.7543654,-62.926865,-7.083013,7.571375,-94.33874,-2.109863,-4.4758024,-59.978195
36.6298,-60.185356,-22.392708,28.193254,-3.5436819,-14.351821,-7.2458034,7.0941305,-28.85624,7.810787,-6.1731005,-16.009905,4.2340574,5.0125804,-29.07381,-2.7670758,0.70564336,-68.2758,-1.2422156,2.5853164,-36.54175,-0.36375028,9.303755,-49.206635,-1.3717463,0.6441499,-86.01896,-9.1557045,2.5953653,-56.65879,-4.637581,14.103257,-59.079353,-4.8295937,1.568239,-91.04501,-4.18759,-1.0253013,-61.307884,-22.076595,16.733675,-5.551547,7.731853,3.1125197,-58.479504,-6.6232667,7.106286,-87.159325,-1.9748415,-4.2459326,-55.50444
32.912674,-54.870464,-17.975695,26.157553,-1.8888868,-12.5371065,-6.821733,6.6168756,-24.633455,7.4416637,-5.748953,-11.907858,3.927871,4.8744864,-26.009365,-2.5990481,0.70970523,-57.914787,-1.2489092,2.4598498,-30.88519,-0.3559045,8.958807,-45.130344,-1.3240781,0.6218573,-73.34354,-8.249971,2.2834947,-49.282948,-4.271195,13.5888,-54.024574,-4.4219623,1.3806908,-78.80549,-3.7486618,-1.0934819,-53.858112,-20.299097,15.403754,-5.1498547,7.201002,4.229683,-52.133396,-6.0074387,6.4520984,-75.60216,-1.7634816,-4.006119,-48.576485
32.76083,-55.10917,-17.210258,26.106459,-2.4304135,-12.838247,-6.933372,6.6848135,-23.783056,7.5354424,-5.7785044,-11.256423,3.902373,4.6256433,-25.0226,-2.6138382,0.71194917,-57.09376,-1.2537811,2.4684181,-30.710028,-0.35788423,9.037886,-44.06257,-1.322506,0.6205412,-72.09551,-8.249245,2.2735078,-48.76021,-4.299622,13.830378,-52.853504,-4.4235735,1.3616157,-77.654884,-3.7397635,-1.1112883,-53.5408,-20.401312,15.4851055,-5.183324,7.3000126,4.7380705,-51.007133,-6.006386,6.44737,-74.88396,-1.7602717,-4.0365167,-48.629726
32.09181,-53.726387,-17.849728,25.150997,-3.0328488,-12.783749,-6.622762,6.4280057,-24.608316,7.0395308,-5.534639,-14.295823,3.8568532,4.485371,-26.68232,-2.535027,0.6982436,-62.054478,-1.1383809,2.3422666,-35.59215,-0.36056292,8.809173,-44.212444,-1.3134148,0.62390995,-74.1651,-8.252693,2.3863323,-50.805412,-4.15046,13.410823,-52.933723,-4.327264,1.3698423,-78.74642,-3.7834635,-0.96000123,-54.713512,-19.722849,14.982154,-5.020009,6.9920154,4.2954164,-51.13827,-5.8829436,6.3350673,-75.23081,-1.7935292,-3.8567705,-49.521324
32.673206,-53.83543,-19.578957,25.140854,-3.4069598,-12.937315,-6.3769393,6.2795787,-27.728413,6.5455937,-5.353423,-20.25836,3.9902356,4.4614105,-32.640453,-2.4965878,0.6785315,-72.56833,-0.99593836,2.218944,-43.924057,-0.35658002,8.816303,-47.96621,-1.3202727,0.63524944,-80.51952,-8.4748,2.6259751,-54.867046,-4.0755377,13.310037,-56.16469,-4.327112,1.4456244,-83.58709,-3.912018,-0.77639693,-57.809696,-19.655775,14.911453,-4.96257,6.8758035,3.6919165,-52.21077,-5.8333335,6.34138,-76.856674,-1.7956014,-3.772099,-50.322376
32.328632,-53.359528,-19.73287,24.743717,-3.6370115,-12.897039,-6.2394767,6.1720443,-28.439604,6.289215,-5.2403708,-22.368158,3.9910085,4.834256,-33.154785,-2.4682634,0.67186826,-75.65669,-0.9403993,2.16244,-46.948383,-0.33929414,9.103248,-48.28418,-1.3189396,0.6391188,-82.75384,-8.548571,2.7399695,-56.634872,-3.9984927,13.455297,-56.645206,-4.290034,1.4566319,-84.744896,-3.9420676,-0.69091386,-58.77312,-19.393215,14.709148,-4.904628,6.72052,3.6544333,-53.154785,-5.7779098,6.314401,-77.45835,-1.8172727,-3.6907725,-51.02578
34.017506,-54.80734,-23.576458,24.981995,-5.1896424,-13.891424,-6.1443424,6.171639,-31.823015,6.0303097,-5.2587214,-27.100704,4.0768757,4.758423,-35.29794,-2.485605,0.65923,-84.08188,-0.8755302,2.1418834,-52.27527,-0.35378626,8.898575,-50.46801,-1.3378782,0.6551178,-92.61386,-9.023193,3.0133858,-62.25127,-4.0786357,12.991818,-59.29967,-4.430393,1.5759547,-92.90983,-4.1887956,-0.52210176,-63.47566,-19.770296,14.957378,-4.964999,6.705225,1.8482746,-57.525433,-6.021464,6.6135,-85.21377,-1.9629486,-3.6382203,-55.555138
35.895473,-57.043903,-25.550114,26.257439,-5.295406,-14.492434,-6.5988746,6.5580006,-30.32004,6.741827,-5.6584573,-22.673922,4.107686,4.1558986,-32.913006,-2.5822515,0.6821565,-76.401474,-1.0030527,2.3149495,-45.91861,-0.3840701,8.849824,-47.38571,-1.3489642,0.6400847,-84.86877,-8.791178,2.5968535,-55.901047,-4.31274,13.4894285,-55.819054,-4.539407,1.4372401,-85.748024,-3.9101474,-0.95638955,-57.724724,-20.763851,15.709526,-5.188961,7.1622934,2.902895,-55.1771,-6.141704,6.5325513,-79.51695,-1.7965412,-3.9970088,-51.07643
35.322803,-56.221504,-25.59399,26.084286,-3.2872176,-13.302586,-6.7196107,6.6025677,-26.525179,7.259851,-5.8147306,-14.303248,3.91921,3.5222774,-27.609941,-2.5722723,0.71127474,-60.650146,-1.1947958,2.447786,-33.420338,-0.42005783,8.0316305,-42.688007,-1.3325838,0.61629844,-72.9185,-8.144216,2.0669494,-47.032078,-4.3431106,12.786796,-50.637695,-4.4417043,1.2417345,-74.9143,-3.481534,-1.3440722,-49.399086,-20.444235,15.493033,-5.145274,7.164411,2.8580089,-52.23599,-6.0490885,6.260067,-72.932976,-1.6472312,-4.1018996,-45.68126
33.719048,-53.148575,-24.824787,24.47858,-4.760562,-13.417295,-6.410966,6.2965517,-24.518805,6.8900023,-5.5753627,-13.235771,3.6306422,2.4169867,-24.000235,-2.4647908,0.7165147,-54.612293,-1.2025756,2.3869731,-29.245117,-0.47073194,7.1237345,-35.377922,-1.3060777,0.5960333,-63.84699,-7.3814487,1.6713991,-39.613506,-4.206497,11.655984,-41.786686,-4.211083,1.0893815,-65.1452,-3.082269,-1.5283957,-42.08921,-19.379072,14.696037,-4.895298,7.056494,2.9153256,-43.14254,-5.64525,5.7212877,-62.93003,-1.4232026,-4.02988,-38.709286
34.877197,-55.47143,-24.32585,25.514126,-6.0001388,-14.563638,-6.843012,6.6823134,-23.811497,7.4158077,-5.898422,-11.369991,3.6690907,1.4753951,-22.109104,-2.5665362,0.7366637,-49.651768,-1.2817119,2.5104685,-25.487043,-0.5077089,7.2016525,-29.638721,-1.3147247,0.576595,-53.79661,-7.020352,1.2437136,-31.382893,-4.482833,12.254159,-34.06522,-4.272082,0.9079468,-54.68381,-2.699211,-2.005501,-34.530315,-20.411165,15.483659,-5.139431,7.837031,4.670892,-33.499226,-5.6046734,5.4729705,-51.98625,-1.1468873,-4.456747,-31.242853
34.622276,-56.07307,-23.440638,25.16854,-7.722481,-15.419394,-6.6393914,6.5814695,-27.5031,6.874304,-5.7398067,-18.548046,3.7886477,2.2234848,-24.773596,-2.567062,0.7081976,-63.782185,-1.1201037,2.3974001,-35.955486,-0.48788932,7.588416,-32.48992,-1.3277009,0.6012862,-66.94218,-7.7126617,1.7713947,-41.133606,-4.471265,12.214843,-37.804314,-4.3854594,1.1264699,-67.085785,-3.229356,-1.5618365,-44.22203,-20.398478,15.467412,-5.149559,7.7802157,3.677081,-36.642548,-5.8213673,5.866539,-62.12241,-1.446086,-4.252019,-39.385727
33.191635,-54.748245,-20.79875,24.560556,-7.8614645,-15.255212,-6.453432,6.4223075,-27.985987,6.5362477,-5.5432973,-20.994066,3.7839153,2.9177005,-25.203028,-2.5280685,0.6980166,-66.8293,-1.0498765,2.3151813,-39.11644,-0.4603699,8.123197,-32.204323,-1.3180354,0.6023953,-67.262726,-7.677163,1.8593879,-42.090702,-4.3508806,12.583837,-37.31966,-4.3019433,1.1513081,-67.20046,-3.2762537,-1.4453416,-45.248737,-19.982111,15.1470785,-5.057721,7.7124124,4.4868226,-33.988285,-5.642101,5.7367635,-60.008095,-1.4293691,-4.1641006,-39.132072
32.452415,-53.678566,-20.301268,24.034578,-7.4538903,-14.796281,-6.2686005,6.228679,-28.173883,6.1922817,-5.3128257,-23.247831,3.8083878,3.6855366,-27.35347,-2.475702,0.6823813,-72.69014,-0.9466599,2.1986797,-44.866207,-0.4096496,8.550492,-37.284992,-1.316391,0.6204852,-74.79366,-8.111602,2.2983665,-49.511765,-4.1534257,12.902043,-43.769703,-4.2617626,1.2805815,-74.865135,-3.6003437,-1.0590957,-51.7537,-19.461094,14.770568,-4.938586,7.2271905,4.2809205,-41.186626,-5.6599345,5.9374723,-67.70754,-1.6293236,-3.8896585,-45.29514
34.104267,-55.96015,-22.63089,25.087494,-6.859789,-14.920711,-6.4219937,6.407731,-30.03912,6.374143,-5.474438,-24.449688,3.9923947,3.7048514,-30.92706,-2.5339854,0.6791977,-77.73924,-0.92547554,2.226207,-48.2216,-0.41299915,8.49529,-41.70719,-1.335913,0.6320361,-80.66328,-8.564353,2.501203,-53.74918,-4.2752275,13.030412,-48.62215,-4.418514,1.3606923,-80.79537,-3.8247423,-0.973594,-55.746906,-20.16368,15.29917,-5.087802,7.3282533,3.5931873,-46.25145,-5.941317,6.255939,-73.82221,-1.7565243,-3.9440827,-49.19713
36.30687,-58.903965,-25.609552,26.508831,-5.4915414,-14.741903,-6.731834,6.709399,-30.82273,6.871478,-5.78365,-22.671652,4.143811,3.5784614,-32.4288,-2.6279528,0.6906233,-76.507324,-1.0248071,2.3613503,-45.55965,-0.42113107,8.36505,-45.060837,-1.3585802,0.63724935,-83.829796,-8.841689,2.5087345,-54.850307,-4.4750257,13.057022,-52.42805,-4.6135015,1.3995008,-84.20743,-3.8862214,-1.0778844,-56.6337,-21.080973,15.996745,-5.298559,7.53956,2.5285673,-51.211514,-6.2683773,6.563966,-78.88272,-1.8012084,-4.118404,-50.714237
38.571053,-61.90372,-28.224726,27.914545,-5.8077574,-15.4964485,-6.9373155,6.9636917,-33.910694,6.911429,-5.923452,-27.064425,4.4395647,3.9048655,-38.293846,-2.7012937,0.6815468,-85.883484,-0.9442662,2.3441083,-52.950615,-0.41412082,8.924822,-49.534748,-1.3865466,0.6507555,-89.92146,-9.270975,2.7401621,-58.2601,-4.6379867,13.709675,-56.00221,-4.769418,1.4561543,-88.44241,-4.016624,-1.0400913,-59.189346,-22.201904,16.799332,-5.502367,7.8738084,2.2654963,-53.23434,-6.4275975,6.7567606,-80.32538,-1.7763319,-4.2833257,-51.17451
40.70513,-65.399635,-29.716938,30.011038,-3.5949452,-15.094571,-7.3979244,7.3889904,-34.367718,7.6832843,-6.348867,-23.674925,4.6283336,3.915548,-39.665573,-2.8358867,0.7018314,-81.14188,-1.1068854,2.5396252,-47.261585,-0.41834825,9.065592,-51.974888,-1.4093418,0.6469578,-87.85939,-9.261922,2.5542655,-55.318645,-4.901216,14.209984,-58.538876,-4.954678,1.4405587,-87.540306,-3.875812,-1.3379964,-56.774925,-23.441235,17.731565,-5.794139,8.316997,2.348746,-55.305965,-6.649103,6.9359326,-79.67446,-1.6569204,-4.6362653,-48.70746
41.40243,-66.49361,-30.32496,30.439644,-4.025196,-15.512977,-7.503946,7.4942045,-35.03609,7.80655,-6.459244,-24.031685,4.6522694,3.8097003,-39.203754,-2.8739207,0.7010769,-82.91531,-1.1112171,2.5727298,-48.043377,-0.42989028,8.990634,-52.362465,-1.4172862,0.651258,-90.69266,-9.476582,2.6390734,-57.312172,-4.992081,14.209041,-59.543407,-5.045584,1.4859083,-90.69493,-3.9996836,-1.2970517,-59.046436,-23.80158,18.002207,-5.882887,8.402163,1.9590665,-57.38591,-6.8315067,7.146193,-83.64119,-1.7574311,-4.6576605,-51.4855
41.888283,-67.344536,-30.320776,31.186974,-2.559303,-14.977396,-7.6719284,7.6335726,-34.392387,8.162344,-6.611633,-21.314735,4.702508,3.906073,-39.131165,-2.910662,0.7117564,-78.42221,-1.189134,2.6483967,-44.098732,-0.42791304,9.085433,-52.745964,-1.4187176,0.64436096,-86.927185,-9.312241,2.4677765,-54.135624,-5.0570035,14.490746,-59.77823,-5.0669703,1.4345324,-87.548805,-3.8521945,-1.4699929,-56.234367,-24.153856,18.262323,-5.9613132,8.522078,2.3449101,-57.199993,-6.836142,7.107551,-80.83524,-1.6654431,-4.796581,-48.864517
41.258617,-66.36093,-29.878407,31.020388,-0.89637244,-13.969099,-7.72828,7.6325593,-31.414507,8.546976,-6.7014737,-14.751356,4.5395336,3.1429253,-35.46377,-2.891747,0.7347818,-65.53946,-1.3398974,2.7401912,-33.82392,-0.46429244,8.339929,-48.468513,-1.401392,0.6202687,-75.242485,-8.606753,1.9712268,-45.14547,-5.066209,13.839133,-54.582516,-4.942176,1.250238,-76.69472,-3.3967733,-1.8282151,-47.763393,-23.817883,18.023663,-5.90069,8.53895,2.4754767,-52.887665,-6.65303,6.7790937,-72.5959,-1.4611933,-4.9026594,-42.34362
40.800465,-65.21822,-29.778482,30.98759,1.650941,-12.531993,-7.8028607,7.654055,-28.287302,9.03242,-6.823713,-6.9548564,4.393859,2.4915824,-31.881351,-2.8777156,0.75879693,-51.267056,-1.5145098,2.8515067,-22.39034,-0.49868876,7.414603,-46.23588,-1.3858176,0.6003399,-64.91437,-8.024375,1.5471306,-37.67241,-5.083447,12.920097,-51.85147,-4.842498,1.0912192,-67.65042,-3.0109122,-2.139714,-40.48681,-23.477644,17.808252,-5.844845,8.487832,1.9274014,-51.480038,-6.56814,6.578949,-67.532524,-1.3274454,-4.9681787,-37.663067
39.795372,-63.32599,-29.437857,30.23986,2.6926355,-11.604131,-7.7506495,7.544435,-24.640083,9.161208,-6.770143,-1.6367373,4.1952066,1.4911878,-29.23348,-2.810577,0.78439957,-37.55616,-1.6254783,2.8846853,-12.785064,-0.5316716,6.8382673,-39.257816,-1.3582866,0.56378764,-47.3175,-6.894005,0.80862594,-23.925856,-4.992955,12.545391,-42.29297,-4.593661,0.7971713,-49.7633,-2.2715914,-2.6739922,-26.699554,-22.80032,17.31299,-5.6862736,8.558364,3.2904196,-40.42533,-6.056818,5.78978,-49.554794,-0.8673091,-5.149891,-24.377033
41.016335,-64.77306,-30.678654,30.783773,1.3997812,-12.571917,-7.926236,7.720998,-25.234003,9.291709,-6.924248,-2.6790802,4.2522435,1.3335425,-29.221134,-2.8690884,0.78683263,-38.54337,-1.641479,2.9449778,-13.095875,-0.534447,7.101717,-38.637894,-1.3710731,0.56524163,-48.156544,-7.027983,0.77703345,-23.877,-5.1255484,12.903707,-41.73522,-4.7077084,0.8072215,-50.602425,-2.3093264,-2.7619665,-26.801666,-23.393064,17.75901,-5.8219986,8.849049,3.5517788,-39.628613,-6.1912947,5.869614,-49.788082,-0.8556293,-5.296412,-24.16436
39.694164,-62.595303,-28.813034,29.879532,0.09635258,-12.880331,-7.7916884,7.5713077,-23.629114,9.08591,-6.778572,-2.3967383,4.1036806,1.1277039,-26.497599,-2.8095584,0.7861775,-35.67086,-1.613754,2.8901033,-12.220217,-0.53541255,7.1273804,-34.33585,-1.3535523,0.55544496,-42.64896,-6.6895895,0.6029148,-20.29609,-5.0173554,12.984401,-36.64715,-4.569496,0.7159532,-44.676044,-2.1484408,-2.8262606,-23.584137,-22.898636,17.36715,-5.69149,8.819821,4.684407,-33.698414,-5.945194,5.548481,-43.48543,-0.7549627,-5.248633,-20.768707
36.823437,-59.52983,-24.58302,27.942093,-2.975831,-13.839361,-7.5015674,7.287027,-22.204441,8.777848,-6.561182,-1.5059731,3.7575364,-0.31696647,-20.192574,-2.7192767,0.7814454,-31.4118,-1.5727799,2.798256,-9.967233,-0.58471966,6.160411,-22.848606,-1.317994,0.5355638,-31.71684,-5.9558606,0.2748125,-12.931052,-4.9566016,11.852131,-23.567495,-4.311672,0.546044,-33.443615,-1.7942437,-2.959713,-17.370165,-21.848536,16.62529,-5.490217,8.886109,5.496394,-21.347717,-5.5565295,5.076949,-33.781708,-0.64043605,-5.1515074,-16.45883
34.689327,-57.435772,-20.240282,26.88266,-4.1842623,-14.082116,-7.3424134,7.1151247,-20.98093,8.565364,-6.4082212,-1.0791292,3.5902665,0.34402347,-15.617977,-2.681136,0.77707624,-28.320274,-1.5794978,2.7682319,-7.5908656,-0.56298864,6.7843533,-18.631996,-1.2988138,0.5293604,-28.355185,-5.665054,0.21088682,-10.76966,-4.832106,12.209666,-19.997458,-4.1897163,0.53909326,-30.555635,-1.7391711,-2.9274213,-16.351137,-21.224005,16.145832,-5.3763075,8.802371,6.753786,-17.059475,-5.3424215,4.91224,-29.931059,-0.6232842,-5.060354,-14.942503
35.582294,-59.42111,-20.788734,27.397892,-4.907113,-14.703685,-7.4824023,7.250967,-21.79397,8.649153,-6.5169907,-2.3362796,3.6724417,0.6889832,-15.917148,-2.731535,0.7742133,-31.491096,-1.5675421,2.795025,-9.486602,-0.5490255,7.31306,-19.075684,-1.3110108,0.53670275,-31.566242,-5.8903046,0.29166737,-12.527048,-4.907157,12.820384,-21.08893,-4.2961907,0.5966127,-33.738792,-1.8585141,-2.9098747,-18.456657,-21.690418,16.498224,-5.4939365,8.913337,7.087111,-18.82545,-5.4767923,5.065436,-32.242153,-0.66997504,-5.1419888,-16.602978
35.649887,-59.063683,-21.371714,27.391022,-4.4501953,-14.436798,-7.4357824,7.217206,-22.063833,8.592879,-6.490002,-2.6429715,3.6850536,1.117222,-15.975542,-2.7256925,0.7728944,-32.148388,-1.571089,2.7959373,-9.789378,-0.53876257,7.3947115,-20.575586,-1.3135492,0.54179984,-34.110577,-6.006715,0.3660156,-14.2923975,-4.876676,12.79439,-23.181654,-4.31673,0.6382683,-36.30071,-1.9343861,-2.844735,-20.007895,-21.625439,16.448036,-5.4760847,8.79247,6.647778,-21.473238,-5.523511,5.1384954,-34.898083,-0.71151304,-5.094705,-18.019646
35.096775,-57.4682,-22.57154,26.620308,-3.9399683,-13.805185,-7.0830326,6.9204335,-23.337204,8.048803,-6.201545,-5.9763174,3.6907284,1.9380877,-18.394243,-2.6441593,0.7585142,-37.714874,-1.4715312,2.6724002,-14.779454,-0.506922,7.556836,-24.154175,-1.3093637,0.5537186,-40.53522,-6.216076,0.65973186,-19.32664,-4.6672425,12.5599165,-27.264885,-4.241114,0.7240238,-41.644623,-2.1032667,-2.5572965,-23.666897,-20.932795,15.905423,-5.2950153,8.296526,5.611159,-26.320126,-5.436207,5.1627502,-39.201435,-0.80273557,-4.8343434,-21.078743
35.684696,-57.548233,-24.419415,26.932894,-2.4200933,-13.084033,-7.177593,6.9943695,-22.221085,8.384738,-6.316778,-2.1114728,3.6475756,0.3955166,-18.920496,-2.646393,0.7792078,-30.7816,-1.5744176,2.7411275,-8.859004,-0.5779181,6.1751413,-22.30199,-1.3068861,0.53389233,-32.46652,-5.696907,0.2718962,-12.524034,-4.779754,11.30368,-23.544123,-4.1808724,0.5561099,-33.336685,-1.6780223,-2.8914404,-16.443235,-21.013481,15.951141,-5.2988806,8.474781,4.551559,-22.312735,-5.344277,4.927228,-32.95114,-0.57782304,-4.9888425,-15.116496
35.390106,-56.137775,-26.0984,26.213942,-1.6929708,-12.3937645,-6.9162984,6.760278,-22.57249,8.05076,-6.1189137,-3.283028,3.6045222,0.16164361,-21.109068,-2.5845528,0.7719896,-33.393795,-1.5456386,2.6840677,-10.584281,-0.57864857,5.5499315,-26.452734,-1.3047965,0.54507023,-38.86202,-5.940018,0.5063555,-17.579899,-4.637017,10.481787,-28.489931,-4.162893,0.65649664,-39.93023,-1.8858817,-2.6382327,-20.68907,-20.366182,15.467904,-5.150794,8.033908,2.9857292,-28.08209,-5.403622,5.06957,-40.44877,-0.72643507,-4.7496486,-19.520021
36.618893,-57.97095,-26.00242,27.279999,-2.8497105,-13.468327,-7.2853246,7.089864,-22.389353,8.493265,-6.4000764,-2.3163476,3.691696,-0.18425299,-20.492504,-2.675074,0.77828455,-32.67671,-1.5768595,2.7695217,-10.080267,-0.58647907,5.898965,-25.090956,-1.3178899,0.5419229,-36.560616,-6.030343,0.41393685,-15.819914,-4.838872,11.238671,-26.777452,-4.283834,0.6139172,-37.85349,-1.871432,-2.804988,-19.669498,-21.35545,16.194471,-5.3661957,8.506863,4.0913835,-25.655045,-5.55711,5.153197,-38.539524,-0.69965684,-4.9823647,-18.388811
37.11092,-58.720047,-26.743593,27.470062,-3.055528,-13.670258,-7.32553,7.129413,-22.716835,8.51129,-6.441457,-2.8852084,3.7345746,-0.28440863,-21.641731,-2.687082,0.7743196,-35.240044,-1.5518541,2.7669997,-11.9535475,-0.5898035,5.833764,-26.960445,-1.3230172,0.54869217,-39.985153,-6.2854075,0.5416566,-18.725721,-4.856914,11.312327,-29.211384,-4.351259,0.67456007,-41.74274,-2.0508873,-2.7026913,-22.668612,-21.488083,16.314976,-5.401099,8.46867,3.9663978,-28.443758,-5.6964474,5.323123,-42.576817,-0.81389844,-4.949171,-21.341242
36.270153,-57.79695,-25.846285,27.240974,-1.2336613,-12.556176,-7.1707444,6.983625,-22.657999,8.362387,-6.3057785,-2.8415816,3.7626011,0.39826173,-23.514814,-2.6489277,0.76995105,-36.01356,-1.5394161,2.7290258,-12.407843,-0.56155294,5.923561,-31.060575,-1.3191695,0.55620354,-43.597824,-6.4517136,0.71970475,-22.204985,-4.7180247,11.280941,-33.92572,-4.326079,0.76401436,-46.218727,-2.2344553,-2.5043793,-26.023632,-21.045181,15.998474,-5.304058,8.168826,3.6557198,-32.312416,-5.6868815,5.4098616,-46.562614,-0.9142591,-4.790351,-24.173357
39.840622,-63.207184,-28.655283,29.50391,-3.131785,-14.59728,-7.7270994,7.542877,-25.73615,8.81508,-6.7500086,-6.4519396,4.0833273,0.7523306,-26.227,-2.8324125,0.76825845,-45.03238,-1.5233257,2.8486316,-18.127333,-0.5531844,6.885125,-34.24278,-1.3658382,0.57496476,-52.540104,-7.256821,0.98523176,-27.614645,-5.0870433,12.612872,-37.987823,-4.6959925,0.890275,-54.877914,-2.5789328,-2.5097363,-31.576815,-23.010904,17.465693,-5.744214,8.829465,3.9679127,-36.493782,-6.197569,5.9436607,-53.4564,-1.0380723,-5.1141467,-28.639437
38.375694,-60.957428,-28.646147,28.146341,-2.8724253,-13.912952,-7.249932,7.128,-27.044556,8.10056,-6.355217,-10.558957,4.0338516,1.6263161,-27.77697,-2.7238262,0.7448899,-52.801712,-1.3891442,2.6816785,-24.74933,-0.51622325,6.948184,-38.14486,-1.3560851,0.59383833,-62.269375,-7.617018,1.4372996,-35.879192,-4.8056335,12.169523,-43.43419,-4.603094,1.0444291,-63.959282,-2.916079,-2.040268,-38.727192,-21.924963,16.641048,-5.4953003,8.122722,2.6704102,-43.540188,-6.1535277,6.0915937,-62.3333,-1.2718167,-4.6989336,-35.633015
37.72106,-59.64529,-28.43465,28.057627,-0.1267633,-12.3243885,-7.2389555,7.0758543,-24.68288,8.351612,-6.347208,-5.533829,3.9678466,0.93082356,-28.182465,-2.6839242,0.7630884,-43.397373,-1.4843893,2.711186,-17.952644,-0.54392695,6.2287617,-37.357414,-1.3396032,0.57237774,-51.917183,-6.9705553,1.0543202,-28.407299,-4.7517123,11.597911,-41.12723,-4.4437003,0.8695292,-53.959866,-2.478753,-2.3194098,-31.07868,-21.51198,16.331676,-5.396722,8.0534,2.7543278,-40.14755,-5.8893833,5.7184396,-53.552876,-1.0269346,-4.7706647,-28.650013
37.29678,-59.28239,-27.69088,27.551476,-2.0028343,-13.120069,-7.0751767,6.9353905,-26.271912,7.772308,-6.078395,-12.490822,4.1008377,1.2602103,-33.724068,-2.6316,0.735716,-57.294693,-1.244297,2.513989,-31.275682,-0.5026924,7.1452847,-40.713215,-1.3382133,0.5840827,-58.774063,-7.4092917,1.4217881,-34.94499,-4.576101,12.762783,-43.92179,-4.420384,0.9640062,-59.62533,-2.8188624,-1.9807324,-37.296116,-21.412529,16.2015,-5.319647,7.9199343,4.0487547,-39.795853,-5.8092327,5.7022643,-55.442493,-1.1185168,-4.619072,-31.76224
29.489326,-47.00287,-21.021355,22.212679,-0.8728517,-10.262283,-5.753979,5.620407,-21.7928,6.276806,-4.958338,-11.197287,3.4335938,1.5875741,-28.320889,-2.2506773,0.7075078,-51.55104,-1.1469786,2.1834762,-28.5123,-0.46885675,5.791972,-40.405453,-1.2579778,0.5872296,-60.804226,-6.934527,1.7371584,-40.16463,-3.7152243,10.185157,-45.726654,-3.8406959,1.086899,-63.970566,-3.0630324,-1.1921222,-42.49181,-17.190609,13.005836,-4.3793025,6.151336,2.099883,-42.868683,-5.1787868,5.377294,-62.377445,-1.4400759,-3.5262985,-38.594646
31.447878,-50.529804,-22.033451,23.499214,-2.4614007,-11.727808,-6.0632935,5.949286,-24.758007,6.496318,-5.2085257,-14.532977,3.6482184,2.0108635,-30.05379,-2.380764,0.6983757,-59.913345,-1.1361164,2.256494,-33.31313,-0.45436355,6.3095913,-44.310333,-1.2928832,0.6131046,-72.43259,-7.744626,2.1526406,-47.95286,-3.9634213,10.711178,-50.758404,-4.135202,1.2916386,-75.6312,-3.517623,-0.9925405,-50.492176,-18.387165,13.929247,-4.6728897,6.532878,1.47404,-48.30275,-5.6364074,5.9812255,-73.37025,-1.6789926,-3.6276588,-45.937473
33.80995,-54.254074,-23.95541,24.995869,-3.7003376,-13.100436,-6.3267703,6.269837,-28.738718,6.6090984,-5.4470143,-19.461535,3.9250102,3.044495,-32.689316,-2.50685,0.6842833,-71.26016,-1.0864723,2.3080788,-40.599922,-0.42228815,7.1834106,-49.92633,-1.332171,0.64339805,-87.19087,-8.765155,2.6941679,-58.265305,-4.191159,11.473041,-57.98995,-4.4607844,1.5311959,-90.02407,-4.0898747,-0.70702827,-60.612095,-19.678751,14.914936,-4.9714994,6.827718,0.57539785,-56.647804,-6.1675143,6.679532,-86.85191,-1.9868032,-3.6841779,-55.238155
33.345646,-53.080276,-24.223248,24.643494,-2.9637287,-12.525929,-6.2347198,6.176343,-27.79918,6.6120977,-5.3989873,-17.591158,3.8532298,2.7044575,-32.24021,-2.4715278,0.6915,-66.9845,-1.1236554,2.3067818,-37.472294,-0.43820974,6.758708,-48.377346,-1.3224115,0.6323806,-82.23764,-8.380554,2.488472,-54.35371,-4.144047,10.967331,-55.852535,-4.359187,1.440839,-84.98322,-3.8420644,-0.8450067,-56.45269,-19.305637,14.627914,-4.883996,6.7404604,0.4260524,-54.41661,-5.9985743,6.4517407,-82.18151,-1.8546724,-3.6897836,-51.486504
33.57246,-53.824547,-23.327734,25.000654,-2.018876,-12.083536,-6.475324,6.3592386,-24.906054,7.1827207,-5.6215835,-11.090061,3.7378073,1.7387584,-27.820877,-2.4942174,0.7207427,-53.657185,-1.2628232,2.4174254,-27.479284,-0.48085478,6.458791,-39.87717,-1.3061124,0.59582007,-63.8287,-7.365391,1.7342019,-39.769093,-4.254287,11.135872,-45.430737,-4.2243414,1.1172547,-65.97224,-3.0619476,-1.50819,-42.427197,-19.474579,14.812736,-4.941189,7.109276,2.0760586,-44.06184,-5.692664,5.859571,-64.799385,-1.4206088,-4.0523615,-38.777546
36.632202,-59.16736,-25.631691,27.562464,-0.708897,-12.433915,-6.9927187,6.89691,-27.79394,7.7996078,-6.0667524,-12.135846,4.0927896,2.3585067,-31.19207,-2.6623282,0.7295196,-57.72662,-1.3103437,2.5551188,-29.465963,-0.4709202,7.196002,-43.249462,-1.344486,0.60306406,-66.988976,-7.781841,1.7877,-40.958836,-4.5992675,12.161216,-48.658554,-4.4968095,1.1420128,-68.44462,-3.101797,-1.6993644,-43.2175,-21.252846,16.148495,-5.3425264,7.745876,2.1274755,-46.754166,-6.050798,6.185935,-66.542725,-1.3805219,-4.4359517,-39.122543
34.845936,-56.757915,-23.447222,26.687063,1.3418033,-10.928246,-6.875174,6.7161884,-24.346714,7.9263144,-5.9447145,-6.4853897,3.9208422,1.3719572,-29.909435,-2.580044,0.7446744,-47.053696,-1.3714253,2.529048,-22.720587,-0.4963776,6.4711313,-39.327095,-1.3127583,0.5747862,-52.9626,-6.9055514,1.3230032,-31.477282,-4.449503,11.702978,-43.143894,-4.2268944,0.91405725,-54.89626,-2.5842304,-1.9776981,-34.11414,-20.402092,15.508988,-5.148014,7.5715537,3.1308746,-40.057774,-5.621468,5.6278114,-54.408646,-1.110996,-4.4413056,-31.08287
33.485054,-54.897892,-21.41821,26.17043,2.8113096,-9.86071,-6.804779,6.600565,-22.160498,7.876429,-5.7881236,-4.3799586,3.868006,2.0367002,-29.143412,-2.5293329,0.75305974,-41.096043,-1.395011,2.4836528,-20.000969,-0.45986888,7.1433506,-37.685173,-1.2964802,0.56039274,-44.279945,-6.3203936,1.1057508,-25.572649,-4.2861404,12.296235,-40.48858,-4.0102715,0.76180476,-45.242218,-2.1739266,-2.151324,-27.548569,-19.853334,15.087058,-5.0188284,7.4344087,4.480007,-36.39801,-5.2014894,5.174237,-43.839233,-0.8308034,-4.4663043,-23.887213
32.807556,-53.336536,-21.88226,25.538158,3.299914,-9.291104,-6.7336297,6.490478,-19.380362,7.987474,-5.7653174,0.06446089,3.6755211,0.87089974,-26.650768,-2.4769883,0.77375257,-30.647665,-1.4879977,2.525082,-12.032428,-0.5055083,6.2488585,-32.442883,-1.2779504,0.5337345,-32.33415,-5.533907,0.55058825,-16.04561,-4.2355022,11.5661125,-33.46453,-3.8469863,0.5540333,-33.531353,-1.6742327,-2.5274596,-18.37761,-19.287199,14.654094,-4.8899307,7.423737,4.8754616,-29.268469,-4.908994,4.671519,-33.06034,-0.56567764,-4.559612,-15.670343
34.723743,-55.67275,-25.019423,26.275372,0.9062934,-10.932662,-6.941161,6.7268124,-20.860464,8.252653,-6.073924,-0.39432907,3.6692023,-0.25675154,-24.841059,-2.5640345,0.7786697,-31.309837,-1.5626189,2.668842,-9.763784,-0.5659568,5.367277,-30.466526,-1.298281,0.5386847,-36.74326,-5.8650494,0.49207523,-17.537003,-4.526047,10.6865015,-31.843283,-4.095857,0.63435876,-38.916798,-1.8760753,-2.6106043,-20.645206,-20.09346,15.260522,-5.0889206,7.857068,3.534966,-29.007057,-5.329816,5.0083423,-39.993046,-0.71253514,-4.7080293,-19.005714
39.450466,-62.79803,-28.769346,29.676878,-0.34368283,-13.083799,-7.7989135,7.5808053,-23.787077,9.284078,-6.854335,-0.46417904,4.0268373,-0.39522737,-25.556713,-2.8276553,0.79453665,-32.951443,-1.690131,2.9527588,-8.455774,-0.5912946,5.9218397,-31.310068,-1.3508449,0.544518,-39.878727,-6.450336,0.39187968,-17.310831,-5.1284995,11.846677,-32.75538,-4.576648,0.6762303,-42.425945,-2.0094266,-2.97181,-21.41934,-22.906178,17.345442,-5.7131376,9.007829,3.8793015,-29.490492,-5.986633,5.5254135,-43.264633,-0.72168666,-5.317491,-19.74248
41.5281,-65.59569,-30.607845,30.924755,-1.8936987,-14.450002,-8.174228,7.9456687,-24.464155,9.647019,-7.1713395,-1.0919478,4.1498885,-0.5491275,-25.369272,-2.932392,0.80176234,-33.352306,-1.7279065,3.0606995,-8.245351,-0.5986821,6.38095,-29.426271,-1.3720163,0.54261976,-38.625595,-6.5107512,0.22289789,-14.723758,-5.383838,12.512322,-30.273853,-4.752391,0.63955814,-40.961266,-1.937696,-3.2233665,-19.283316,-24.05444,18.194311,-5.9662304,9.563451,4.420426,-26.87165,-6.16114,5.580952,-40.48993,-0.61989915,-5.632859,-16.996204
40.319653,-64.182076,-28.864872,30.340092,-0.5734283,-13.486185,-7.9794126,7.7470455,-24.128092,9.358343,-6.9545045,-1.6600556,4.113634,0.80988675,-24.765162,-2.8775523,0.79178846,-35.139706,-1.6851888,2.9803472,-10.02244,-0.5558386,6.952979,-32.27022,-1.3639641,0.5545132,-43.352795,-6.696428,0.52305794,-19.375696,-5.193634,12.6859255,-34.776127,-4.6799717,0.73981345,-45.78406,-2.1432128,-2.9184053,-23.561049,-23.388851,17.74141,-5.8291826,9.100229,3.961143,-32.90309,-6.116272,5.7157035,-45.307766,-0.7674309,-5.374954,-21.28673
38.45345,-61.544716,-27.034498,29.384645,1.781295,-11.728233,-7.483413,7.3155756,-25.772501,8.609495,-6.4602904,-6.3529773,4.2006407,2.5379984,-30.215502,-2.762628,0.76706874,-44.51137,-1.5263305,2.7642784,-18.71055,-0.47965774,7.6646843,-40.470364,-1.3538293,0.57548314,-52.803173,-7.035807,1.0945863,-28.200327,-4.8186665,12.975196,-43.958088,-4.5236235,0.90617716,-54.39853,-2.4398034,-2.3912928,-30.809227,-22.276443,16.917032,-5.561901,8.372104,3.5333443,-40.27195,-5.8844433,5.7647047,-51.05496,-0.88182664,-4.971604,-26.12172
37.364635,-60.761295,-24.277916,29.619623,5.484711,-9.747013,-7.6962943,7.4066267,-21.45848,9.249518,-6.5588984,2.2198493,4.139574,1.7245581,-29.368303,-2.7525935,0.79548043,-30.05331,-1.6681442,2.8295512,-9.105433,-0.4957573,7.2943296,-37.777893,-1.3307178,0.54134154,-34.853603,-6.0998263,0.5030073,-16.155846,-4.7848754,13.244682,-39.29898,-4.3095975,0.620443,-37.62009,-1.7997783,-2.8551474,-19.5205,-22.110634,16.784348,-5.524558,8.472783,5.3923965,-33.528854,-5.514789,5.227967,-36.168404,-0.5160377,-5.181703,-15.823218
39.40005,-64.47799,-24.74691,31.348108,5.43391,-10.502207,-8.029462,7.763444,-24.469152,9.445212,-6.7639527,-2.0674202,4.4591603,2.6136072,-33.768673,-2.8722155,0.78925157,-39.525112,-1.6097355,2.8569777,-16.359346,-0.45424554,8.542762,-42.15274,-1.3628513,0.5574746,-41.64052,-6.6908994,0.79269564,-20.958431,-4.970518,14.78736,-43.82904,-4.525405,0.7225533,-43.54593,-2.0440588,-2.793336,-24.174593,-23.442047,17.799965,-5.81818,8.926774,6.2363176,-36.134266,-5.756697,5.5300603,-39.313904,-0.5459882,-5.401029,-18.445856
38.65489,-63.44014,-24.288366,30.918364,6.2463427,-9.829414,-7.995862,7.708966,-22.290752,9.649254,-6.8017454,2.7402432,4.2719965,1.8598841,-29.308653,-2.842841,0.80776155,-28.900747,-1.7149433,2.9142997,-8.004264,-0.49574426,7.7676,-36.397007,-1.3464136,0.5349928,-30.739899,-5.9975696,0.33670142,-12.460537,-4.982639,13.931484,-36.95656,-4.379457,0.5250473,-32.47118,-1.5566194,-3.1440353,-15.488564,-22.978834,17.457266,-5.7395153,8.941517,6.0743494,-30.664808,-5.5512404,5.1795225,-30.742102,-0.34566468,-5.481443,-11.82304
40.156647,-64.73066,-27.819942,31.211924,4.374817,-10.970734,-8.089921,7.811175,-22.780045,9.720278,-6.941739,2.058113,4.289112,1.4647028,-29.169664,-2.8723853,0.8071054,-29.907984,-1.7155467,2.9573586,-8.44082,-0.50252455,7.7297,-36.10303,-1.3579239,0.5403205,-33.270714,-6.1525135,0.3107599,-13.142867,-5.065053,13.947374,-37.028812,-4.4898996,0.54088736,-34.501015,-1.6047024,-3.2055712,-15.873846,-23.362356,17.747229,-5.8167353,8.969001,5.6613855,-33.06511,-5.722295,5.2856216,-33.34773,-0.3870607,-5.551903,-12.63631
40.67757,-64.727905,-30.275188,30.936914,2.972882,-11.652071,-7.968885,7.740637,-23.922956,9.539887,-6.943546,0.67297894,4.2413845,0.8859801,-29.00639,-2.856216,0.8037057,-31.378212,-1.7075392,2.9619937,-8.525935,-0.53944194,6.9454327,-35.351463,-1.3613051,0.5429084,-36.567722,-6.26848,0.31991145,-14.359266,-5.1125813,12.932678,-36.075096,-4.543517,0.58427864,-37.731354,-1.7013906,-3.1714642,-16.842499,-23.311995,17.677515,-5.7896023,8.968502,4.3508034,-32.922607,-5.837288,5.3700337,-36.91124,-0.47344607,-5.4980025,-14.25742
44.82053,-70.92731,-33.18974,33.738556,1.1317074,-13.868399,-8.7423725,8.481906,-25.839537,10.395278,-7.5949674,0.20335647,4.51974,0.7404927,-28.884804,-3.0804746,0.8143075,-33.26504,-1.7897565,3.184792,-8.35832,-0.5483698,7.7467833,-34.932995,-1.4053944,0.5491309,-38.606754,-6.7265077,0.22989386,-13.758405,-5.6096354,14.295735,-36.05404,-4.9397244,0.6053344,-39.867863,-1.784192,-3.4874203,-17.057755,-25.699217,19.478943,-6.324211,9.913653,5.0601435,-33.36175,-6.361253,5.7751455,-38.63785,-0.46169227,-6.0272346,-14.409127
42.496243,-67.424286,-30.976091,31.701508,-2.0193884,-14.810918,-8.398987,8.146396,-24.387547,9.823063,-7.2986503,-1.4304318,4.2171483,0.2664663,-23.84047,-2.980983,0.8078666,-32.087677,-1.7377889,3.0863135,-8.286693,-0.5767906,7.4326153,-26.630373,-1.3802025,0.53739065,-33.70272,-6.2208624,0.04678657,-10.038508,-5.469995,13.572223,-27.313227,-4.7399793,0.5249527,-34.371952,-1.6033674,-3.4824648,-14.027295,-24.572414,18.625088,-6.088521,9.775194,5.4440064,-25.502441,-6.026396,5.3936996,-32.379776,-0.3779625,-5.865343,-11.459603
38.57168,-61.886795,-26.21714,29.406263,-2.0887933,-13.892265,-7.815612,7.6051736,-22.843798,9.167557,-6.8380113,-1.0026219,3.916808,0.57112217,-20.007,-2.8159873,0.79830706,-28.568926,-1.6799226,2.9287646,-6.7607856,-0.5739234,7.1019764,-21.879822,-1.3394504,0.5258074,-28.348541,-5.6966453,-0.005934719,-7.458355,-5.1453085,12.686955,-21.921345,-4.410788,0.4546193,-28.63898,-1.4566325,-3.331186,-11.592394,-22.833242,17.310501,-5.70185,9.292317,5.765874,-19.743273,-5.5570416,4.97854,-26.647713,-0.36099884,-5.5093913,-9.400955
33.94509,-56.6442,-19.11693,26.851929,-2.5027244,-13.088231,-7.318657,7.0725822,-19.930794,8.608342,-6.342247,0.5965096,3.5836189,0.90618724,-15.345692,-2.6602254,0.7872086,-23.989597,-1.6315312,2.766491,-4.549234,-0.5497677,7.1328716,-17.713297,-1.2923555,0.517501,-22.85955,-5.2073226,0.025418662,-6.043579,-4.7663836,12.34841,-18.099747,-4.060944,0.43825573,-24.110268,-1.3991033,-3.0868018,-11.06693,-20.970293,15.92416,-5.312989,8.7493105,7.0231814,-14.783877,-5.058966,4.6244736,-22.456034,-0.38880354,-5.116804,-9.04384
34.436234,-58.144417,-15.932688,28.090271,-1.8172582,-13.243978,-7.879356,7.486387,-17.542189,9.385094,-6.6327796,4.8392406,3.7222788,1.3016896,-15.089555,-2.7808123,0.79895717,-20.578741,-1.7310493,2.875394,-2.0102723,-0.52717507,8.096778,-19.05107,-1.301734,0.5134665,-19.040144,-5.138952,-0.05451135,-3.6399097,-4.9128475,13.875915,-20.225103,-4.157176,0.43604386,-22.406055,-1.3674566,-3.2078722,-10.852938,-21.956656,16.661346,-5.5539074,9.1169,9.0823765,-14.989829,-5.1212807,4.7505856,-19.53245,-0.28190956,-5.378929,-7.2750964
34.74437,-59.777817,-14.100009,29.13861,0.0696287,-12.662233,-8.12486,7.669848,-17.842829,9.712542,-6.774461,5.519513,3.917065,2.2312496,-17.978796,-2.8576884,0.79046875,-25.163982,-1.7501024,2.9375994,-4.2032237,-0.48110825,8.485663,-28.332472,-1.3172334,0.5387641,-31.230806,-6.077153,0.44992718,-14.37383,-4.944171,14.621563,-32.44392,-4.410821,0.7374253,-39.02607,-2.1385877,-2.755278,-23.68604,-22.587046,17.125767,-5.7026854,9.044677,9.004453,-25.526426,-5.6212597,5.4737773,-36.44178,-0.71518433,-5.2535806,-19.358536
37.55869,-63.279987,-19.00681,30.381298,-0.5467638,-13.551944,-8.233875,7.853564,-22.100834,9.700329,-6.9519033,0.5906363,4.174999,2.4295857,-23.104183,-2.9429996,0.7733117,-38.786194,-1.6714813,2.9682448,-12.762641,-0.471236,8.341005,-38.106632,-1.3585155,0.578718,-52.177044,-7.474074,1.177268,-29.957106,-5.1010456,14.517215,-44.489666,-4.7840977,1.0602808,-60.0809,-2.9779212,-2.270438,-38.270756,-23.53724,17.849957,-5.917158,8.981404,6.590636,-39.88011,-6.3641796,6.3909783,-59.047993,-1.2457718,-5.1217084,-34.28896
37.78095,-63.16492,-20.11196,30.454964,0.34544763,-13.066041,-8.140706,7.7806816,-22.872477,9.568891,-6.885312,-0.504781,4.2332945,2.8588119,-25.506868,-2.9239833,0.76631373,-42.08359,-1.6430697,2.9415855,-14.870721,-0.45196265,8.348503,-42.538563,-1.3644569,0.5913265,-58.902115,-7.8337893,1.4259137,-34.94162,-5.0316467,14.41432,-49.703903,-4.833071,1.172258,-67.00156,-3.2364962,-2.0506275,-42.759003,-23.439978,17.769316,-5.8771143,8.735337,5.6841335,-45.479397,-6.4834757,6.601037,-65.785965,-1.3982377,-4.9812565,-38.451447
38.673683,-64.08412,-22.366049,30.446026,-2.1545956,-14.526513,-8.039607,7.7637973,-26.411276,9.14746,-6.846997,-6.991624,4.3099213,3.411772,-26.529915,-2.9468157,0.7429968,-54.690815,-1.5183592,2.8955486,-23.845211,-0.43901876,8.554674,-46.770115,-1.3883159,0.62377495,-76.26872,-8.922145,2.078803,-48.040596,-5.0921526,14.178389,-55.516365,-5.0505137,1.4276018,-83.44203,-3.9395704,-1.5571122,-54.920563,-23.758358,17.984293,-5.9467926,8.641214,3.6771178,-54.053947,-6.963456,7.2582207,-82.95903,-1.8658016,-4.743511,-51.111294
37.587074,-61.720818,-22.610353,29.412207,-1.8027112,-13.867941,-7.7124944,7.4653406,-25.73858,8.816817,-6.6258984,-6.6702776,4.1810074,3.710587,-25.407242,-2.854101,0.74004674,-52.365322,-1.4970149,2.8222451,-22.691418,-0.4266734,8.484766,-45.342403,-1.3711462,0.61862826,-73.6853,-8.584289,1.9852914,-46.18962,-4.8883634,13.823398,-54.296967,-4.8830094,1.3766363,-80.24643,-3.7665343,-1.5530461,-52.44111,-22.857277,17.30092,-5.732456,8.210105,3.5552955,-54.047062,-6.7076902,6.988405,-79.78824,-1.7864652,-4.591332,-48.862896
35.244007,-57.777847,-20.224684,27.173721,-5.7583394,-15.095072,-7.48536,7.1805887,-21.76771,8.355113,-6.352812,-6.100682,3.7779524,3.3750155,-16.717045,-2.7389326,0.74626034,-44.101524,-1.4670922,2.730517,-19.064991,-0.43982092,8.958223,-30.657133,-1.3359305,0.5867783,-57.351456,-7.4187074,1.3634554,-33.49906,-4.712326,13.9539585,-37.891502,-4.532085,1.069318,-61.535267,-3.0515268,-1.9457304,-39.682274,-21.699692,16.414415,-5.4698677,8.189331,5.6423755,-39.23078,-6.0348253,6.0893273,-59.904552,-1.3704048,-4.621807,-36.44581
36.180855,-58.767143,-22.515724,27.102875,-7.6001477,-16.130156,-7.3336415,7.113415,-25.118282,7.891211,-6.2553678,-12.585799,3.8643906,3.8503976,-18.806158,-2.7428176,0.7253078,-55.648594,-1.3370032,2.657796,-27.728958,-0.41833484,9.258186,-33.963223,-1.353615,0.6120733,-69.92814,-8.141836,1.8355012,-42.751656,-4.71199,13.974979,-42.282986,-4.659382,1.245436,-72.73364,-3.4775836,-1.6116443,-47.73659,-21.839624,16.529743,-5.498452,8.066301,4.4712987,-45.04311,-6.281367,6.4504733,-70.43416,-1.6177723,-4.472157,-44.081776
36.529984,-59.75352,-22.371294,28.041058,-4.519351,-14.789221,-7.435723,7.2070427,-25.431957,8.225538,-6.364257,-10.228141,4.0220823,4.5116296,-21.971905,-2.7805798,0.72919774,-54.816444,-1.4003851,2.7095747,-26.107244,-0.39124453,9.333844,-40.410866,-1.36079,0.6197102,-73.28304,-8.39408,1.9996837,-45.71934,-4.716766,14.195584,-49.7006,-4.7404156,1.3414044,-77.858635,-3.6504672,-1.5086603,-51.017864,-22.10715,16.738848,-5.5674477,7.9472165,4.1721354,-51.626472,-6.438987,6.716961,-75.98648,-1.7125697,-4.4661465,-47.078617
35.984665,-59.09895,-21.217106,27.785608,-4.6116323,-14.722214,-7.4332128,7.175974,-24.56745,8.206854,-6.31011,-9.788357,3.9861965,3.9805338,-22.38677,-2.761627,0.731054,-53.74481,-1.3903475,2.6867201,-25.828661,-0.40703696,9.108616,-39.034515,-1.3519448,0.6105708,-69.31542,-8.149957,1.8706614,-43.006996,-4.6913385,14.135574,-47.422703,-4.6716385,1.286397,-74.20724,-3.5286834,-1.5726104,-48.746475,-21.9605,16.615276,-5.5252104,8.016833,4.7731533,-47.614906,-6.28575,6.5263515,-71.48059,-1.6080378,-4.492871,-44.242767
38.342766,-63.672413,-21.229628,30.150671,-3.1371021,-14.928264,-8.071416,7.760866,-25.393497,9.141951,-6.816014,-6.819052,4.26258,3.0244308,-25.930986,-2.9409068,0.74685794,-52.998486,-1.514575,2.8798895,-23.24686,-0.44345948,8.709605,-43.197445,-1.3801782,0.61124474,-69.664604,-8.4829235,1.8355652,-42.845444,-5.077097,14.522022,-51.08879,-4.9612126,1.3304071,-76.7755,-3.6522467,-1.7473936,-50.164993,-23.676275,17.917852,-5.928693,8.781738,5.077247,-47.943275,-6.700346,6.920109,-74.41798,-1.627876,-4.869257,-45.23488
35.175556,-59.939552,-15.99335,28.710592,-1.5166066,-13.39847,-7.87509,7.484109,-20.963264,9.147567,-6.57892,-0.8575329,3.993684,2.7522137,-21.421423,-2.833506,0.7588187,-39.852093,-1.5741969,2.8212774,-15.135306,-0.44173828,8.568231,-36.216675,-1.333832,0.57874924,-51.422768,-7.279953,1.2780062,-30.626518,-4.8337917,14.495822,-42.84087,-4.5810394,1.0689144,-59.22807,-2.9832258,-2.0647295,-38.903614,-22.406416,17.002268,-5.660882,8.548125,7.228018,-38.188976,-6.0428257,6.158845,-57.07226,-1.2526469,-4.859048,-34.4927
30.922178,-53.262978,-12.167287,25.007668,-5.6752996,-14.13758,-7.298708,6.8883533,-16.111757,8.460782,-6.097912,2.0295556,3.3508523,0.17372791,-12.212404,-2.6212945,0.77016246,-24.977188,-1.5886111,2.6882555,-5.7527285,-0.54648876,7.010295,-16.459068,-1.267039,0.52474177,-25.03134,-5.3205237,0.2541792,-9.958979,-4.5914955,12.595334,-18.796494,-4.0033865,0.61186004,-30.76073,-1.8571035,-2.655114,-18.830566,-20.206663,15.342854,-5.1714487,8.564763,8.795729,-12.547179,-5.00179,4.775555,-28.2988,-0.6261127,-4.8371735,-15.406806
30.63735,-53.149902,-10.2411995,25.805992,-2.829705,-12.84923,-7.475426,7.022338,-14.80382,8.844365,-6.2169013,5.328507,3.4523795,0.87100995,-13.366135,-2.6497316,0.7820792,-20.304216,-1.6681937,2.7511215,-2.206118,-0.53047204,7.356248,-18.85622,-1.2659131,0.51752716,-21.204546,-5.200683,0.13411097,-7.7320437,-4.601402,13.1728,-21.16075,-4.005758,0.5815891,-28.482088,-1.8017693,-2.751899,-17.470308,-20.466564,15.526645,-5.224654,8.687468,9.78529,-12.1236725,-4.965149,4.729544,-25.254433,-0.54642844,-4.938119,-13.095719
32.840153,-56.6677,-12.231307,28.077436,1.0010462,-11.656874,-7.743038,7.31754,-17.284838,9.22826,-6.460649,4.819847,3.829365,2.208916,-20.217798,-2.7469563,0.7842119,-24.578995,-1.7174797,2.8475072,-3.4692686,-0.48815757,7.9477167,-29.61832,-1.2936685,0.53349954,-30.136969,-5.8390975,0.39549625,-13.726331,-4.7224717,13.922691,-32.71381,-4.2763314,0.7907859,-39.69648,-2.2110088,-2.6032686,-24.135221,-21.624578,16.378336,-5.448797,8.828591,9.009593,-21.2502,-5.34148,5.2085247,-33.976154,-0.67010164,-5.059468,-17.580534
34.64275,-60.010868,-12.637052,29.924362,2.821493,-11.398504,-8.237553,7.7305374,-17.046722,9.835153,-6.7556334,6.3179164,4.083646,2.7870805,-23.359043,-2.8630214,0.7936923,-25.50585,-1.7774632,2.9522107,-3.7792938,-0.45596552,8.808542,-34.94569,-1.317431,0.540705,-32.968014,-6.2038937,0.5022286,-16.055529,-4.88035,15.225474,-38.8658,-4.4711704,0.8663892,-43.817524,-2.37815,-2.620148,-26.842718,-22.769003,17.27492,-5.7090836,9.119135,9.674838,-26.487085,-5.591685,5.507556,-37.229218,-0.67882586,-5.277503,-19.229214
36.401363,-62.031803,-15.593255,30.678377,3.1684792,-11.542244,-8.215897,7.7733083,-20.03291,9.615269,-6.757323,1.4575069,4.2890563,3.441116,-28.62632,-2.8864338,0.77984434,-35.455772,-1.6850767,2.9191916,-10.785908,-0.42607015,9.179062,-41.612175,-1.3416935,0.56430006,-44.76232,-6.929286,0.9218583,-24.443012,-4.894943,15.549986,-46.49297,-4.6432056,1.0467643,-55.39817,-2.796647,-2.3461468,-34.22576,-23.219002,17.624157,-5.7885914,9.020179,8.684485,-34.20211,-5.8644023,5.8787427,-46.788395,-0.87424755,-5.2147393,-25.34345
35.69639,-60.72214,-15.84795,29.96326,2.7649345,-11.463064,-7.966845,7.5694485,-20.767458,9.230738,-6.5635967,-0.888089,4.2422094,3.7096436,-28.85717,-2.8310792,0.77377266,-37.870922,-1.625221,2.8431077,-13.341895,-0.41706568,9.229087,-41.061035,-1.3360944,0.5652933,-45.738564,-6.873854,0.9731785,-25.252314,-4.774928,15.366601,-45.793087,-4.55404,1.0374458,-55.140125,-2.7494786,-2.289239,-34.054665,-22.701252,17.218779,-5.6658325,8.817204,8.547332,-33.595936,-5.7145486,5.7305536,-45.73904,-0.8406577,-5.111908,-24.828203
35.274086,-59.98483,-15.548267,29.05455,-0.85830736,-13.158889,-7.8426557,7.4854064,-21.773039,8.910057,-6.477883,-4.250763,4.1317043,3.5074556,-25.471077,-2.8193915,0.76183945,-42.016804,-1.535542,2.7761984,-17.541779,-0.42487156,9.417967,-36.06946,-1.3346424,0.56777805,-46.583538,-6.907498,1.057892,-25.919544,-4.7869024,15.3560705,-40.913357,-4.510089,1.0005319,-53.66514,-2.7148874,-2.259269,-34.053352,-22.540245,17.093218,-5.6484337,8.850972,8.862181,-30.64624,-5.6759086,5.69103,-45.051678,-0.880972,-5.0594354,-25.722372
39.842453,-66.70739,-20.773338,31.600727,-3.2833934,-15.600335,-8.365023,8.076423,-26.941404,9.299481,-6.990431,-9.830078,4.48443,3.9783323,-27.473608,-3.022407,0.7528948,-55.08035,-1.4751271,2.8936586,-26.326021,-0.4144587,10.266568,-39.75148,-1.3928537,0.5980641,-60.859474,-8.072699,1.5065922,-35.248672,-5.225728,16.413124,-45.95296,-4.9634085,1.1562574,-65.97344,-3.180963,-2.197477,-42.30313,-24.74319,18.747105,-6.150055,9.428424,7.8978143,-39.490017,-6.438269,6.4849954,-58.299774,-1.183961,-5.3324246,-34.75584
37.25178,-63.04949,-17.250116,30.38866,-1.9075029,-14.2827835,-8.234831,7.879852,-22.509438,9.394315,-6.8297825,-3.33637,4.20074,3.673108,-21.56943,-2.932085,0.77514493,-39.286118,-1.5888107,2.8897133,-16.05895,-0.42814174,10.046964,-31.948177,-1.3540277,0.562064,-42.24347,-6.8914833,0.90124846,-22.170921,-5.062585,16.059105,-36.26934,-4.6063185,0.8409082,-46.607044,-2.4185526,-2.6175766,-29.056492,-23.704115,17.971384,-5.9202175,9.328878,9.124216,-29.761776,-5.853984,5.741557,-40.91087,-0.7856438,-5.3713765,-23.001516
37.55936,-62.37544,-20.931303,29.095335,-5.3650436,-15.702909,-7.856237,7.5898495,-25.191835,8.710384,-6.6086054,-9.162954,4.1011977,3.5120046,-20.98592,-2.868539,0.7476981,-50.22726,-1.4399174,2.761354,-23.929857,-0.440215,9.573336,-31.054258,-1.3618464,0.5864895,-54.664307,-7.3432174,1.297082,-30.049524,-4.991838,14.936698,-36.810837,-4.632258,0.98591685,-56.58718,-2.7398615,-2.2425942,-35.676792,-23.162756,17.529644,-5.7904367,8.868018,6.6338906,-35.493225,-6.00687,6.024412,-51.79042,-1.0642371,-5.0497737,-30.874115
40.23769,-65.91134,-24.821672,30.58053,-5.491539,-16.39425,-8.052444,7.8468156,-28.596807,8.936497,-6.875677,-11.720094,4.3363986,3.1440573,-25.733225,-2.9691525,0.7427687,-58.190853,-1.4395965,2.8451052,-27.698435,-0.4543782,9.205828,-37.46677,-1.3953712,0.6079996,-66.490875,-8.141034,1.6188974,-37.778053,-5.213361,14.775379,-44.03543,-4.940442,1.1769574,-68.90731,-3.1824207,-2.0888717,-43.358192,-24.222746,18.338512,-6.0324306,9.0823555,5.1376295,-42.885185,-6.52959,6.605403,-64.39378,-1.3140026,-5.1309085,-38.137608
38.580856,-63.36234,-23.343561,29.411745,-5.9262066,-16.137697,-7.7972503,7.59557,-27.263565,8.634355,-6.6566973,-11.162923,4.166198,3.3515804,-22.933645,-2.8813806,0.74234337,-54.13191,-1.4163728,2.7647471,-26.017578,-0.45025122,9.363403,-32.24546,-1.3715693,0.59372437,-58.585274,-7.514083,1.3586601,-31.89125,-5.046502,14.686233,-38.12819,-4.7099457,1.0362344,-59.985313,-2.8184958,-2.2218442,-37.322426,-23.387981,17.698587,-5.833621,8.884258,5.963706,-37.298965,-6.117531,6.1300883,-54.57835,-1.1047751,-5.0705347,-32.183987
43.011436,-70.520775,-27.93591,32.28087,-6.399363,-17.658867,-8.453914,8.268439,-30.911924,9.361014,-7.2840424,-13.046891,4.539258,3.4932966,-25.73188,-3.1072721,0.7446522,-62.286972,-1.4548308,2.9749522,-29.922583,-0.4453553,9.816974,-39.235687,-1.4269505,0.6218766,-72.859665,-8.821751,1.7692251,-42.1823,-5.4931736,15.736081,-47.11723,-5.2470236,1.2612557,-75.401794,-3.4752862,-2.1364324,-47.722088,-25.612015,19.40803,-6.3699226,9.485222,5.2720485,-48.18623,-7.0420446,7.069749,-72.074005,-1.5095901,-5.3556876,-43.473526
40.823723,-67.72792,-24.768408,31.165813,-5.6199684,-16.734858,-8.332557,8.087,-27.348034,9.356011,-7.1342373,-8.623482,4.3190823,3.223886,-21.671906,-3.0284305,0.7561935,-51.81636,-1.5077324,2.947599,-23.319078,-0.45170847,9.679357,-33.197815,-1.3951769,0.59706014,-59.44052,-7.9654064,1.3369384,-32.919586,-5.342419,15.5570545,-39.800327,-4.9798827,1.0488615,-62.02672,-2.9783757,-2.3959084,-38.715397,-24.713829,18.740126,-6.1755304,9.362818,6.4900455,-40.423744,-6.58932,6.508236,-59.44494,-1.2461181,-5.350185,-35.317875
35.047237,-57.9457,-22.122192,26.68093,-4.5442686,-14.248049,-7.2803507,7.0360484,-21.968983,8.349606,-6.3201766,-3.668217,3.6712492,1.8015267,-16.476822,-2.680414,0.7569642,-37.32232,-1.4842114,2.7071385,-14.62779,-0.5022996,7.5666647,-24.825089,-1.3121536,0.56029177,-42.987106,-6.499439,0.79313827,-22.41769,-4.709074,12.824983,-29.443272,-4.3159533,0.7838271,-45.56724,-2.3330362,-2.429963,-27.718779,-21.17246,16.0577,-5.364311,8.214544,5.8377123,-30.91558,-5.6480594,5.44675,-45.628147,-1.000053,-4.781977,-26.672152
34.778675,-58.760296,-18.06392,27.499832,-3.5762262,-14.055942,-7.732122,7.354484,-18.952154,9.139348,-6.5800743,2.5381627,3.6630871,0.14260757,-15.8282795,-2.7620025,0.7788712,-27.51223,-1.6378853,2.8368402,-6.734899,-0.54573184,6.9779425,-22.052467,-1.3037624,0.53638047,-30.265371,-5.9142966,0.34957758,-13.601849,-4.895844,12.985118,-24.858273,-4.2949486,0.6374594,-35.132355,-1.9634134,-2.8104217,-21.042784,-21.756298,16.53727,-5.525449,8.818487,7.6716747,-22.09183,-5.5429277,5.2500286,-36.008347,-0.7510154,-5.106155,-19.777304
32.512955,-55.42883,-13.383708,26.234428,-5.1373405,-14.365496,-7.6566277,7.223621,-16.124437,9.036492,-6.397806,4.7425523,3.4102466,-0.6770716,-11.293997,-2.712831,0.7903264,-19.147886,-1.6959107,2.7980537,-1.3379024,-0.58186245,6.8095093,-13.098387,-1.2774265,0.50793487,-15.811417,-4.8553057,-0.08357991,-2.1565611,-4.8597846,12.51289,-13.543242,-4.00036,0.4024659,-19.670366,-1.304011,-3.1192634,-10.0013895,-21.065557,16.010292,-5.380274,9.098133,8.766235,-8.0197115,-4.949562,4.613079,-19.06444,-0.32397437,-5.1935496,-7.957583
33.8745,-57.929607,-14.840933,27.297964,-4.191719,-14.295855,-7.827267,7.419603,-17.67136,9.317118,-6.593695,4.7498436,3.5584137,-0.7397949,-13.458211,-2.7791533,0.79326284,-21.009777,-1.7263908,2.8694587,-1.4584159,-0.59079635,6.6790075,-15.671767,-1.292697,0.51267016,-18.74072,-5.119252,-0.047190815,-3.8009317,-5.005396,12.554014,-16.073065,-4.149402,0.45288983,-22.936762,-1.4151628,-3.1587274,-11.80877,-21.732277,16.532524,-5.5398617,9.302176,8.261747,-10.479778,-5.1886888,4.8362055,-22.673935,-0.38429192,-5.3190994,-9.89695
34.51134,-59.044865,-15.261448,27.966923,-3.4979525,-14.169498,-7.9471154,7.54664,-18.265919,9.49236,-6.7164927,4.901131,3.6501372,-0.25624847,-13.998849,-2.8209338,0.7961037,-21.366007,-1.7605927,2.9262521,-0.904184,-0.5828419,6.954468,-17.341581,-1.3019315,0.5157535,-20.778685,-5.291957,-0.027300954,-4.9178457,-5.0752583,12.866015,-18.21417,-4.247114,0.49582908,-25.435913,-1.511148,-3.17459,-13.230858,-22.16355,16.841599,-5.63443,9.42442,8.216248,-12.168951,-5.3267274,4.9696784,-24.805666,-0.415501,-5.3960056,-10.8449545
38.296665,-64.47737,-19.38736,30.399769,-3.637611,-15.291088,-8.368181,8.026869,-22.652115,9.834843,-7.120044,0.32507086,4.041048,0.18454681,-19.644701,-2.989138,0.792411,-32.801735,-1.740411,3.0471985,-7.6706524,-0.5730643,7.4114017,-25.598537,-1.354127,0.5436481,-35.91769,-6.4614825,0.42598492,-15.173891,-5.402437,13.667943,-27.669485,-4.69125,0.7337862,-40.959637,-2.1297085,-2.9951775,-23.304724,-24.010487,18.224718,-6.0389338,9.915899,7.274723,-20.82396,-6.0323415,5.7313027,-39.1574,-0.71757865,-5.590145,-19.77989
42.28315,-70.78644,-23.167591,33.143257,-3.402372,-16.350895,-8.976273,8.625988,-25.81661,10.508723,-7.646531,-1.2558827,4.431164,0.7997419,-23.588589,-3.1873345,0.7892076,-42.108555,-1.7474097,3.1979592,-13.214343,-0.544672,8.114805,-34.398403,-1.4062715,0.5765565,-51.19272,-7.7605357,0.9599974,-26.474714,-5.754007,14.896444,-38.95622,-5.164802,0.9795996,-57.330112,-2.8112948,-2.7795725,-34.736076,-26.040049,19.771517,-6.5107737,10.26707,6.584737,-34.54844,-6.862734,6.6809416,-57.005768,-1.1288477,-5.7737927,-31.692244
36.361317,-62.151627,-16.697186,29.25177,-3.7167656,-14.872603,-8.179163,7.7887897,-20.68024,9.604954,-6.9032054,1.5308738,3.8977687,0.264627,-18.068575,-2.9143503,0.7838516,-31.650732,-1.6977828,2.9635522,-7.919923,-0.555042,7.3462496,-25.763887,-1.3325835,0.5464967,-35.98909,-6.471509,0.55595887,-17.26829,-5.199475,13.639864,-28.792345,-4.574488,0.7757371,-42.553497,-2.298567,-2.7574897,-26.170439,-23.155104,17.5961,-5.859912,9.507693,7.829111,-22.329767,-5.934046,5.7218676,-41.73845,-0.86544454,-5.335747,-23.111116
33.095627,-57.46712,-12.41441,27.63999,-2.1082468,-13.224475,-7.8301487,7.405768,-17.382313,9.292715,-6.5358615,4.6326385,3.665015,0.5962028,-15.363959,-2.7756162,0.7913183,-22.285837,-1.7181983,2.8569942,-2.5621617,-0.5532234,7.366684,-20.140734,-1.2914805,0.51827765,-21.680952,-5.358291,0.12020968,-7.0255303,-4.909044,13.32105,-21.442795,-4.17394,0.5517645,-27.688904,-1.6628156,-2.9806724,-15.742238,-21.717737,16.502964,-5.5247593,9.219551,9.07694,-12.822296,-5.193888,4.927098,-25.160486,-0.4548639,-5.255503,-11.901352
32.3147,-55.972767,-13.128452,26.520844,-2.82459,-13.175715,-7.47357,7.117671,-18.189478,8.794217,-6.289504,2.3954036,3.5631738,0.54953736,-15.232451,-2.6913617,0.78235716,-24.062649,-1.6480731,2.7575262,-4.407615,-0.556572,7.1108866,-18.501167,-1.2800786,0.51780826,-21.924698,-5.1977243,0.13513383,-6.72288,-4.7631135,12.717989,-19.173115,-4.0484977,0.5329496,-26.379429,-1.5837171,-2.911447,-14.572073,-20.971375,15.932827,-5.3429394,8.940856,8.442532,-11.356736,-5.0017424,4.730206,-23.333233,-0.42771763,-5.096942,-10.9222145
32.78862,-56.631298,-13.677878,26.745468,-3.3679132,-13.569109,-7.519873,7.180995,-18.857504,8.80837,-6.3412457,1.4749382,3.594252,0.37977296,-15.5463915,-2.7127323,0.78262144,-25.346336,-1.6423521,2.7704704,-5.1329327,-0.5650384,7.048395,-18.098566,-1.2861006,0.518562,-22.40894,-5.248975,0.13142316,-6.6780114,-4.831696,12.666323,-18.41865,-4.0903316,0.53096616,-26.461967,-1.580964,-2.9500072,-14.398044,-21.210934,16.114952,-5.3974075,9.102104,8.335566,-10.129499,-5.0528765,4.7556415,-23.16715,-0.4168594,-5.15609,-10.59384
35.662014,-61.21633,-16.492073,28.697355,-3.5218034,-14.492104,-7.897669,7.597401,-21.773834,9.188456,-6.7244935,-1.0355971,3.871028,0.55362797,-18.709246,-2.8513482,0.7848042,-31.462524,-1.659298,2.8985915,-8.054956,-0.5665339,7.403263,-21.721046,-1.3217472,0.5313939,-29.686253,-5.8991504,0.2523526,-11.030164,-5.121515,13.396717,-22.605875,-4.421553,0.65385485,-34.38349,-1.9037713,-2.9868095,-19.250896,-22.676601,17.237247,-5.7339144,9.620941,8.277558,-13.347227,-5.5324593,5.1863637,-29.936777,-0.54795533,-5.417793,-14.517237
35.683914,-60.38887,-18.391861,28.02234,-4.6140723,-14.863236,-7.6977396,7.4419928,-22.565207,8.9895,-6.658701,-1.7045069,3.7780282,-0.38714802,-18.741219,-2.8147044,0.77563053,-33.5603,-1.6315606,2.8736923,-8.863535,-0.6026895,6.331291,-22.198902,-1.3195035,0.5391362,-34.383324,-6.1079865,0.37289315,-14.478951,-5.1069307,12.196466,-23.498201,-4.450172,0.7231666,-39.33733,-2.1144154,-2.814004,-22.82639,-22.31994,16.956758,-5.6519985,9.406164,6.6437593,-16.017752,-5.7021136,5.3776693,-37.050755,-0.75641656,-5.233439,-19.516808
33.341953,-56.524876,-14.871172,27.541477,-0.7808205,-12.468837,-7.5507936,7.2089205,-19.213161,8.935865,-6.397918,1.9756935,3.7619019,0.71829915,-20.951036,-2.7259963,0.7774513,-28.29296,-1.6601839,2.8126707,-6.197625,-0.5401844,6.7533464,-28.686573,-1.2980403,0.53811353,-33.127747,-6.016726,0.48372063,-15.870751,-4.786438,12.6294985,-30.735264,-4.2890296,0.77048266,-40.831364,-2.2420733,-2.5705814,-24.886734,-21.462162,16.262314,-5.4195585,8.86768,7.3809757,-20.118244,-5.475528,5.2834225,-37.56801,-0.78007567,-4.982292,-20.011944
37.01229,-61.88374,-18.849741,30.053425,0.3857384,-12.90243,-8.029256,7.699066,-22.497696,9.382961,-6.779237,-1.0468972,4.171297,1.79927,-26.695385,-2.8883176,0.77644736,-37.56588,-1.6710327,2.938024,-11.560021,-0.49557626,7.7404346,-38.75187,-1.3499498,0.56868845,-48.500435,-7.169514,0.9781004,-26.496254,-5.04196,13.890611,-42.623737,-4.700184,1.0111536,-56.460674,-2.8136294,-2.3807044,-34.652092,-23.205608,17.582602,-5.804145,9.166652,6.5790834,-32.45719,-6.1112404,6.0314646,-52.161743,-1.0383976,-5.1627493,-28.710497
36.261078,-59.963833,-20.551237,29.004389,0.7487365,-12.24,-7.7468963,7.397687,-21.731916,9.109543,-6.562646,-0.25945187,4.0617304,2.071936,-26.534033,-2.8060331,0.76358724,-39.50885,-1.6332655,2.855047,-13.147167,-0.46888828,7.379916,-43.443386,-1.3427837,0.58798355,-57.86628,-7.555536,1.3888786,-34.52925,-4.806258,13.202136,-49.826847,-4.659147,1.1664376,-66.37358,-3.174493,-1.938858,-41.939365,-22.285675,16.879053,-5.5959024,8.316071,4.6909184,-44.583645,-6.2444377,6.373322,-65.28436,-1.3687235,-4.7397656,-37.66694
35.284645,-58.54622,-19.465963,28.616848,2.094752,-11.288045,-7.581716,7.240649,-21.085041,8.969082,-6.4245343,0.36047852,4.026263,2.2783477,-27.203243,-2.7483718,0.76243603,-37.909863,-1.6145058,2.7986653,-12.605183,-0.4576754,7.366003,-43.59642,-1.3301039,0.5826727,-54.869663,-7.3129044,1.3283176,-32.96856,-4.679184,13.077007,-49.77827,-4.53545,1.1179218,-63.375977,-3.0493112,-1.9440987,-40.010227,-21.743671,16.49345,-5.4693584,8.10098,4.852353,-43.80502,-6.055801,6.1808205,-62.047626,-1.3011851,-4.6617703,-35.465733
42.969128,-70.253494,-28.921997,32.33538,-3.3707323,-16.011652,-8.175125,8.052995,-33.55263,9.019536,-7.062223,-16.358612,4.7363043,3.1778512,-35.983017,-3.060499,0.7242526,-72.47908,-1.3550282,2.860922,-37.045246,-0.4362996,8.952881,-51.661106,-1.4343362,0.64683664,-86.28004,-9.528895,2.3698924,-53.18787,-5.3631763,14.830856,-59.632656,-5.3035264,1.4982069,-89.84041,-4.0080266,-1.6093148,-57.90709,-25.239979,19.1414,-6.2723846,9.0445385,3.0066962,-57.611088,-7.2359867,7.5113072,-85.85047,-1.809501,-5.043432,-52.064766
42.48287,-69.847755,-28.775751,31.622347,-5.5789084,-16.942314,-8.1187,8.009944,-32.57658,9.045768,-7.111762,-14.209069,4.4856052,2.229779,-28.990755,-3.047671,0.73656195,-64.28113,-1.4312339,2.9133995,-30.416431,-0.48803565,8.3705845,-41.170742,-1.4184868,0.6247126,-75.250374,-8.792089,1.8578153,-43.75535,-5.451008,14.035391,-47.92063,-5.1883574,1.3023801,-77.90178,-3.512331,-2.0067425,-48.92679,-24.938799,18.955938,-6.236923,9.2975445,3.1785312,-48.162533,-7.0365176,7.11807,-75.73959,-1.5915594,-5.1842885,-45.190525
37.516125,-62.388374,-23.296675,28.670248,-4.1872344,-14.873891,-7.5914903,7.4331183,-25.959623,8.831028,-6.681846,-5.0789647,3.921091,0.9564112,-20.39877,-2.832702,0.7666029,-39.044994,-1.5802741,2.8416057,-13.442138,-0.546845,7.276969,-24.611235,-1.3415692,0.55577075,-40.91686,-6.348888,0.617044,-17.949936,-5.1244416,12.473932,-26.907461,-4.480255,0.7306231,-42.309227,-2.0313334,-2.7944028,-23.343628,-22.56549,17.168726,-5.708167,9.102349,4.976472,-25.277458,-5.7890787,5.5484905,-40.720074,-0.7687912,-5.2255497,-21.141022
38.33606,-63.59652,-23.46684,29.643333,-2.2997317,-14.245049,-7.8038745,7.5977616,-25.709429,9.081333,-6.7951365,-4.6263375,4.105188,1.564486,-24.259447,-2.8840373,0.7689469,-39.86275,-1.6171021,2.8966508,-13.598746,-0.5043179,7.913954,-30.72706,-1.3538655,0.56296366,-44.451847,-6.646047,0.7369447,-20.760176,-5.1328626,13.385284,-33.948654,-4.604248,0.8364106,-47.836163,-2.2590876,-2.7099662,-26.78456,-23.089722,17.537342,-5.812422,9.137836,5.534709,-29.715317,-5.934325,5.7484703,-44.399075,-0.81038857,-5.2936635,-22.980246
35.85592,-60.855885,-17.155235,29.067286,-2.0400755,-13.862685,-8.025999,7.656512,-20.380522,9.558569,-6.8493533,2.8270106,3.921768,1.6949736,-17.956482,-2.8778439,0.7764724,-31.232426,-1.7121358,2.955286,-7.047654,-0.49706948,7.8754463,-29.828344,-1.3328265,0.5591478,-41.82847,-6.702284,0.730749,-21.646425,-5.038583,13.792408,-35.241768,-4.596885,0.8962265,-49.53209,-2.5617096,-2.5321417,-30.87877,-22.766163,17.281134,-5.7603188,8.967989,7.1052885,-31.166174,-6.040212,5.9309916,-49.196617,-1.049355,-5.1320047,-27.776703
36.049732,-61.365784,-16.908665,29.465391,-1.078502,-13.481175,-8.050985,7.6664076,-21.025078,9.500775,-6.8146305,1.2557025,4.036715,2.6589673,-20.379908,-2.8876727,0.7639201,-37.363583,-1.6462543,2.9167304,-12.077672,-0.4508186,8.391469,-37.001453,-1.3424699,0.5823679,-52.66078,-7.4844813,1.262581,-31.495466,-4.9717145,14.364462,-44.33225,-4.7103004,1.0940512,-61.52352,-3.1147113,-2.1020238,-40.447018,-22.892647,17.385252,-5.784913,8.70135,6.6550045,-40.76857,-6.3363853,6.4252996,-61.7468,-1.3949435,-4.91691,-37.28693
37.289543,-61.77231,-22.119995,29.207096,-1.9586105,-13.875899,-7.644042,7.39603,-26.167864,8.648198,-6.5220985,-8.360047,4.213239,3.5451953,-27.660618,-2.8336384,0.7274865,-56.25732,-1.4198014,2.743157,-26.499697,-0.41423124,8.525531,-47.18993,-1.366817,0.6264478,-75.16086,-8.660571,2.1301687,-48.176712,-4.8255033,13.961817,-56.35359,-4.8473,1.4085991,-81.91555,-3.8407054,-1.4273117,-54.284985,-22.698053,17.200932,-5.6943064,8.105696,3.794197,-54.871964,-6.662275,7.005076,-80.81746,-1.8162327,-4.5183063,-50.272552
36.00628,-57.981552,-25.093895,27.155031,-2.1830907,-13.157926,-7.044276,6.884738,-25.84652,7.928983,-6.1434684,-9.551782,3.9641964,2.958657,-26.462038,-2.6665275,0.7251166,-54.97049,-1.3509207,2.6149743,-26.670877,-0.44687343,7.4127665,-44.106045,-1.345156,0.6178384,-73.31764,-8.298382,1.9974118,-46.846783,-4.559826,12.349234,-52.632874,-4.6154675,1.3001215,-77.80738,-3.619597,-1.4142765,-50.817104,-21.149372,16.036171,-5.3311396,7.4619308,2.139182,-54.21359,-6.387144,6.613028,-78.38161,-1.7742416,-4.227672,-48.398552
36.783665,-59.467854,-25.36705,28.048094,-0.3624757,-12.477157,-7.312398,7.113254,-24.283665,8.459591,-6.3751807,-5.073743,4.0055346,2.8232658,-25.130539,-2.7089965,0.74995303,-44.632675,-1.4558874,2.7156034,-19.72217,-0.4460098,7.8935957,-38.96986,-1.3397293,0.58764476,-57.28124,-7.4779744,1.345474,-34.077747,-4.646428,13.368594,-45.480522,-4.518198,1.0002341,-60.478966,-2.8993163,-2.058318,-37.86781,-21.69398,16.428957,-5.4402943,7.8401017,4.3590326,-45.9027,-6.0845976,6.029276,-60.94197,-1.3131303,-4.6467056,-35.892044
36.9154,-60.348774,-24.752037,28.588879,0.9718858,-11.950212,-7.4030366,7.196109,-24.888336,8.513094,-6.3962893,-5.9348645,4.1486473,3.639416,-27.798668,-2.7396832,0.74400544,-48.603973,-1.4349562,2.707819,-22.843243,-0.4111551,8.387969,-43.99494,-1.3503731,0.6022248,-63.27042,-7.890621,1.6331902,-39.29417,-4.6512094,13.824811,-51.33505,-4.603939,1.1129991,-67.19375,-3.174721,-1.8538425,-43.045418,-21.917858,16.616362,-5.5047855,7.7946353,4.0935817,-51.183525,-6.254156,6.320302,-67.14606,-1.4602456,-4.5927615,-40.20522
37.92242,-62.424175,-24.03996,29.560738,1.0482175,-12.318684,-7.45243,7.29348,-28.598667,8.289887,-6.359196,-12.493574,4.4301767,4.555584,-34.326767,-2.7933965,0.7213886,-63.148266,-1.3129563,2.6338243,-33.32331,-0.373416,9.148325,-51.925438,-1.3736132,0.62964433,-77.476295,-8.700208,2.2592182,-49.703148,-4.7008367,14.47573,-60.20778,-4.7843857,1.3742929,-81.53893,-3.7266219,-1.403087,-53.47488,-22.577496,17.117968,-5.6381674,7.873867,3.4857163,-57.436935,-6.497148,6.8303266,-77.63783,-1.6804982,-4.5085535,-47.49954
36.008026,-60.154488,-20.429295,28.947844,2.3294725,-11.310564,-7.485984,7.2197623,-24.314745,8.506452,-6.299629,-6.7322893,4.237752,4.33598,-30.411003,-2.7464793,0.73769826,-51.86586,-1.4071045,2.6628108,-25.430653,-0.37132502,9.09351,-48.19199,-1.3473451,0.60825396,-66.32161,-8.081175,1.881395,-42.670708,-4.577982,14.62917,-56.069,-4.6144767,1.2444158,-72.47166,-3.4489398,-1.5892279,-47.765682,-21.93927,16.662535,-5.5081406,7.8082924,4.9652476,-52.28732,-6.2169867,6.4627724,-69.39715,-1.5249039,-4.5167217,-42.32444
34.84987,-59.00077,-17.454647,28.799747,2.6353,-11.046099,-7.626463,7.267177,-21.09887,8.849925,-6.3644376,-1.6021025,4.1136494,3.9108124,-27.174864,-2.7495625,0.75319874,-42.31546,-1.5167668,2.7319872,-17.967455,-0.3835008,8.912391,-45.181023,-1.3330885,0.5912951,-57.75059,-7.6428375,1.5903884,-36.853577,-4.580398,14.621938,-52.52426,-4.534145,1.1574321,-65.83164,-3.247614,-1.7672045,-43.28737,-21.778746,16.546896,-5.4855766,7.948754,6.1103597,-47.41453,-6.069677,6.2706127,-63.590725,-1.4120419,-4.5901885,-38.21031
34.85928,-59.626877,-16.19274,29.334513,2.9831743,-11.073094,-7.8318186,7.4277697,-20.183548,9.18275,-6.512175,0.7168907,4.125748,4.345399,-24.951593,-2.7992742,0.76390386,-38.00983,-1.6007137,2.816789,-14.232739,-0.37301025,9.312592,-43.865948,-1.3351762,0.5857706,-54.717308,-7.546248,1.4629797,-34.479042,-4.6626763,15.095644,-51.432198,-4.5720835,1.1390578,-63.732635,-3.18044,-1.8937216,-41.75768,-22.16463,16.831161,-5.5825644,8.165339,6.8501287,-46.23192,-6.092055,6.275696,-61.601368,-1.3538626,-4.7217383,-36.77473
35.3389,-59.943394,-17.350842,29.262001,1.2420242,-12.052937,-7.678699,7.3546724,-23.165958,8.608061,-6.3552375,-6.867825,4.261215,5.1727877,-28.686304,-2.7943747,0.74295497,-49.95287,-1.4433339,2.7180727,-24.061796,-0.34088835,10.042612,-47.300705,-1.348448,0.60514593,-64.2356,-8.122953,1.8401804,-41.880905,-4.6200466,15.664949,-54.962833,-4.658607,1.2794104,-72.20391,-3.5391617,-1.6194305,-48.32509,-22.30265,16.907282,-5.594743,8.187025,6.979692,-47.863716,-6.170702,6.4163804,-66.421455,-1.4683449,-4.6421304,-41.10374
33.94831,-57.728695,-15.967656,28.333582,1.4709764,-11.490703,-7.4346414,7.125861,-22.079578,8.3023615,-6.135965,-6.785476,4.1509686,4.7669806,-28.918045,-2.7096934,0.74806327,-46.230164,-1.4320326,2.6538084,-21.993822,-0.3622414,9.693988,-43.233063,-1.3255837,0.5847526,-54.83975,-7.392243,1.4517372,-34.470913,-4.478316,15.309455,-48.92152,-4.4506183,1.1375341,-62.516666,-3.122639,-1.8436301,-41.0977,-21.54266,16.33789,-5.406419,8.187792,7.982961,-38.51759,-5.696219,5.80432,-53.67489,-1.1360009,-4.6846685,-32.15185
35.608513,-60.577827,-16.593107,29.62815,1.1205053,-12.206289,-7.741144,7.4499655,-23.150728,8.650358,-6.3978524,-7.335824,4.3233337,3.8022764,-31.947271,-2.7941227,0.75697225,-46.828083,-1.4472759,2.7200685,-22.02874,-0.406366,9.575012,-41.104076,-1.3404529,0.5735262,-48.244816,-7.107849,1.1132687,-28.21429,-4.7220325,15.669246,-44.67676,-4.5299106,1.013523,-55.226368,-2.8140492,-2.2357442,-35.237392,-22.521528,17.125578,-5.626363,8.898798,9.245701,-30.080124,-5.646824,5.5736165,-43.673252,-0.846751,-5.087637,-24.675795
34.318314,-58.281437,-15.8286495,28.411709,0.009436369,-12.322877,-7.4803667,7.2110615,-22.339676,8.357335,-6.2221794,-6.9703326,4.1252604,3.3043227,-28.956789,-2.7198207,0.7584848,-43.19043,-1.443183,2.6700234,-19.6586,-0.437769,9.064789,-35.908978,-1.3209903,0.56012774,-42.370766,-6.619711,0.88631654,-23.37324,-4.621628,14.980884,-38.339993,-4.3581095,0.9048829,-48.39302,-2.5422077,-2.3437026,-30.421692,-21.796318,16.548237,-5.454688,8.803886,9.375372,-23.802698,-5.3585067,5.2172766,-36.883873,-0.7139759,-5.018706,-20.42067
31.62525,-54.385853,-13.603668,26.128761,-1.4234772,-12.182432,-7.0478077,6.779852,-20.33289,7.918982,-5.903463,-5.457581,3.7631254,2.5895784,-23.054205,-2.5951512,0.7585257,-37.492752,-1.4463513,2.5867715,-15.736967,-0.46950376,8.243557,-28.195875,-1.287145,0.54363817,-35.865498,-5.962122,0.6486409,-18.538868,-4.4124403,13.770537,-30.25417,-4.0859475,0.7889651,-41.136494,-2.2288742,-2.3856685,-25.598272,-20.330175,15.434211,-5.1476536,8.414743,9.161263,-17.778023,-4.9800596,4.8100557,-31.48069,-0.6305039,-4.7932115,-17.309565
32.3263,-55.7055,-14.111558,26.719202,-1.4113833,-12.453794,-7.1768246,6.9209533,-21.09099,8.096967,-6.0543838,-5.2352247,3.8079498,3.5909142,-20.60478,-2.6474273,0.7583632,-37.19022,-1.4812297,2.6513941,-14.858103,-0.43844694,8.923449,-28.516764,-1.2974174,0.5507058,-39.16515,-6.256923,0.7685504,-20.754892,-4.495518,14.275064,-31.913546,-4.1949224,0.835419,-44.24584,-2.3625708,-2.3587494,-27.72039,-20.81445,15.786146,-5.2653265,8.441942,8.84575,-22.27489,-5.2060533,5.0738535,-36.104145,-0.7613094,-4.8207984,-20.604744
32.043713,-55.553642,-12.857778,26.952385,-0.30452025,-11.924664,-7.260726,6.9836493,-19.985983,8.397677,-6.128856,-1.6517863,3.7581956,3.1364658,-19.155577,-2.652757,0.7732186,-29.963867,-1.5713321,2.695824,-9.148939,-0.46985942,8.60625,-24.728535,-1.2879646,0.5302341,-29.290049,-5.615666,0.39671275,-12.427189,-4.561559,13.961268,-26.49129,-4.0841503,0.67465556,-34.060944,-1.9138669,-2.668085,-19.889048,-20.875181,15.832505,-5.270275,8.667653,9.111037,-16.165453,-4.969265,4.764304,-26.086317,-0.49500704,-4.983054,-13.160547
31.550964,-54.829994,-12.334853,26.63407,-0.34768948,-11.821504,-7.306722,6.983473,-18.30717,8.604899,-6.1663103,1.7534566,3.6608956,2.3534935,-17.462004,-2.6425524,0.77801585,-25.26235,-1.6114265,2.7095764,-5.821745,-0.49328157,8.028378,-22.639746,-1.2784972,0.5234587,-24.65065,-5.3534684,0.25330192,-9.376761,-4.5727496,13.4887705,-24.25865,-4.019893,0.6015221,-29.884521,-1.7695181,-2.7507265,-17.299591,-20.664965,15.688611,-5.238405,8.621166,9.084094,-15.041235,-4.9262357,4.699056,-24.190132,-0.4795863,-4.9706507,-12.018276
33.489994,-57.650898,-13.351437,28.24951,0.10083473,-12.234854,-7.704987,7.3746,-19.095402,9.185407,-6.5118437,3.4148808,3.817845,1.8762648,-18.46108,-2.7531266,0.7916235,-23.290192,-1.6808442,2.8174036,-4.05704,-0.5232039,8.057548,-21.82004,-1.2955891,0.51542634,-19.822659,-5.242142,0.075016454,-4.9693904,-4.859731,13.803848,-22.112295,-4.1155596,0.48479238,-24.049738,-1.5081046,-3.0675144,-12.7702,-21.817116,16.571304,-5.504052,9.206944,9.379472,-12.345153,-5.030184,4.7269044,-18.852835,-0.31979457,-5.3055487,-7.817248
32.21282,-55.18086,-12.656581,27.32754,0.16842484,-11.793774,-7.4894805,7.1505117,-18.015335,8.80295,-6.277957,2.0144515,3.7802122,2.0080953,-20.502466,-2.6752057,0.78269714,-25.542068,-1.6227329,2.7396405,-6.283562,-0.5099666,7.951148,-24.562155,-1.2853117,0.5207896,-23.305014,-5.3787084,0.1863065,-8.58197,-4.665207,13.643087,-25.259829,-4.0743523,0.57227707,-28.793928,-1.7648268,-2.8327718,-16.70595,-21.146755,16.031414,-5.3262396,8.918837,9.409371,-13.006497,-4.968942,4.683513,-21.87843,-0.41082883,-5.100315,-10.069841
35.68752,-61.475872,-14.391651,30.458975,2.0237653,-12.042134,-8.214115,7.8118806,-19.5101,9.637838,-6.8176737,2.0929418,4.2148848,3.2087739,-25.054222,-2.8800552,0.7865156,-31.248446,-1.6746635,2.921851,-9.134284,-0.44995674,9.331634,-33.957367,-1.3326771,0.54589236,-34.029724,-6.4324546,0.5274612,-16.70694,-4.9572606,15.765751,-36.98071,-4.526642,0.8011203,-42.24463,-2.3629074,-2.7260017,-25.93506,-23.21027,17.62032,-5.7977133,9.360469,10.217507,-24.109852,-5.653063,5.433787,-34.43366,-0.6676159,-5.393527,-18.099894
36.138393,-61.928112,-15.167193,30.817785,3.2529657,-11.495765,-8.045225,7.72196,-22.186342,9.203868,-6.6469584,-3.489245,4.4032717,4.424485,-30.483389,-2.8607116,0.77807397,-39.7286,-1.5873482,2.8582988,-15.338223,-0.40738732,10.073539,-39.430202,-1.345199,0.5565238,-41.608734,-6.801196,0.768669,-21.937576,-4.8553,16.334368,-42.341488,-4.583443,0.93516284,-49.468796,-2.6003067,-2.5407012,-30.277071,-23.24591,17.64933,-5.7720575,9.316388,10.135236,-26.18078,-5.615757,5.4434505,-36.693172,-0.64425373,-5.365206,-19.168098
36.21012,-62.219315,-14.966156,31.0356,3.9384146,-11.183954,-8.107015,7.7625775,-21.733702,9.3474,-6.6971574,-2.169522,4.4134154,4.3704686,-30.561893,-2.8707676,0.781502,-38.065083,-1.6199613,2.8859017,-13.743814,-0.40734765,10.014217,-39.87818,-1.3441986,0.5547471,-40.755768,-6.753867,0.7205783,-21.30522,-4.867797,16.351719,-43.017292,-4.59662,0.93918324,-49.355865,-2.590377,-2.5675676,-30.002111,-23.301771,17.70254,-5.788886,9.324356,10.14602,-26.665648,-5.635374,5.4629936,-36.8404,-0.6361012,-5.3898,-18.89187
35.01695,-60.303944,-14.073583,30.051348,3.0129259,-11.283652,-7.8569183,7.545041,-21.712372,8.960915,-6.486297,-3.8429003,4.315878,4.112663,-30.320679,-2.8033414,0.7752438,-39.22731,-1.5585849,2.8003383,-15.376216,-0.4201631,9.731082,-37.70816,-1.3308599,0.5506764,-38.860733,-6.5310273,0.66820645,-20.193062,-4.7571034,15.902689,-39.982857,-4.469505,0.89293385,-46.57943,-2.4755843,-2.5609891,-28.435106,-22.659744,17.228426,-5.641593,9.220983,10.351753,-22.541111,-5.4068832,5.2071013,-33.05346,-0.55701894,-5.3017654,-16.777227
32.424076,-55.763275,-12.7202015,27.901276,2.1005027,-10.886203,-7.3823066,7.0786734,-20.072348,8.398361,-6.088848,-3.655526,4.0233917,3.7048295,-27.041796,-2.6626492,0.7692847,-36.43571,-1.5086818,2.6665707,-14.7691345,-0.43255675,9.052258,-34.03017,-1.2999365,0.5432327,-35.4846,-6.120013,0.63850975,-18.792362,-4.4895573,14.812642,-35.988544,-4.1932883,0.81319267,-42.06356,-2.2877538,-2.4577136,-26.111012,-21.154345,16.072601,-5.3065443,8.69182,9.88479,-20.028112,-5.058434,4.880308,-30.429348,-0.5338814,-4.9914737,-15.6932125
29.750834,-51.08598,-12.367031,25.113287,-0.52130485,-11.230591,-6.6794896,6.4589286,-19.94118,7.4457474,-5.592095,-6.3702035,3.6760426,3.5033276,-22.783371,-2.4876661,0.75534207,-36.09398,-1.4062164,2.486839,-15.698873,-0.44479385,8.4888115,-27.485641,-1.2692473,0.5369934,-33.374958,-5.6476545,0.58712375,-16.927937,-4.180111,13.541226,-28.836117,-3.8911734,0.73891866,-37.649597,-2.0887191,-2.3449006,-23.175629,-19.406536,14.714728,-4.9045544,8.109887,9.250468,-15.310368,-4.6363015,4.4544187,-26.207378,-0.51407254,-4.630349,-14.019902
31.04489,-52.536175,-14.904816,25.574615,-1.2661995,-11.871321,-6.663981,6.4867654,-22.451706,7.269518,-5.60563,-10.527882,3.8036785,4.2088246,-25.364702,-2.5148451,0.73816085,-45.030178,-1.3211989,2.459932,-22.267778,-0.4094429,8.984226,-32.949005,-1.2882066,0.56227785,-45.704285,-6.431876,1.0645465,-26.349306,-4.1892014,13.971592,-36.17301,-4.05954,0.9298325,-49.727978,-2.5587583,-2.016033,-31.812702,-19.803146,14.986243,-4.98098,7.9119782,8.305966,-24.736189,-4.9816794,4.9353447,-38.356945,-0.8089516,-4.501723,-22.583338
31.498892,-53.336468,-14.9250555,26.06472,-0.84670794,-11.835935,-6.7162423,6.558058,-23.425556,7.2593036,-5.6358905,-11.9746895,3.903993,4.6277633,-27.083464,-2.537308,0.7369157,-47.609158,-1.3074073,2.4631054,-24.105585,-0.40256715,9.287128,-34.698856,-1.2957073,0.56529176,-47.7562,-6.595204,1.1507498,-27.719229,-4.226985,14.272168,-37.716167,-4.112457,0.9649145,-51.669407,-2.6495993,-1.9765434,-33.163853,-20.127884,15.211133,-5.040593,8.042063,8.334584,-25.027784,-5.03548,5.0093584,-38.990097,-0.81856453,-4.541802,-23.007235
31.495771,-53.06202,-15.39539,25.542828,-2.363183,-12.484831,-6.7474165,6.5750732,-21.872278,7.383604,-5.711791,-9.176503,3.7436562,3.7024415,-22.71901,-2.5225282,0.7456954,-40.97172,-1.3368317,2.4760537,-19.94206,-0.44596702,8.89022,-27.012112,-1.2843767,0.5461923,-37.410065,-5.9797635,0.743091,-19.324055,-4.2869797,13.904391,-28.836374,-3.9947553,0.7494906,-39.88365,-2.2155795,-2.3009708,-24.940525,-20.010366,15.138784,-5.0174847,8.183869,8.734955,-18.270216,-4.8648763,4.6731853,-29.046497,-0.6471947,-4.64982,-16.747032
32.14305,-53.869896,-16.591894,25.913988,-1.9589517,-12.433126,-6.851019,6.669296,-21.875046,7.6204734,-5.844425,-7.5079494,3.763577,3.2056518,-22.85398,-2.5529518,0.7473693,-40.403133,-1.3631402,2.5185835,-19.071943,-0.46608698,8.33486,-28.272814,-1.2893525,0.5503248,-38.790867,-6.143275,0.7866968,-20.699862,-4.3775253,13.468227,-30.597393,-4.068861,0.7693898,-42.04991,-2.3038828,-2.2835228,-26.462807,-20.233149,15.307215,-5.0855045,8.169912,7.947378,-21.598644,-5.069688,4.8860455,-33.58909,-0.76592016,-4.6499195,-19.708351
32.76138,-54.48509,-17.831783,25.89033,-3.2681997,-13.170962,-6.8704214,6.7077417,-22.529549,7.5584283,-5.870455,-9.037753,3.7427852,2.5596235,-22.657526,-2.5648177,0.7484229,-41.70219,-1.3485372,2.5263004,-19.890211,-0.48430812,8.098725,-26.233671,-1.2946783,0.54851705,-38.445843,-6.113621,0.7122823,-19.76782,-4.446993,13.253571,-27.883308,-4.0954957,0.7340218,-40.63303,-2.2178676,-2.3858032,-24.992317,-20.374949,15.442654,-5.123556,8.330554,7.788987,-19.20457,-5.078127,4.818243,-32.096138,-0.70736647,-4.7316403,-18.41391
34.554646,-56.667427,-19.765781,27.413242,-1.2251345,-12.632768,-7.2343707,7.0371532,-22.318594,8.105909,-6.151874,-6.61468,3.9120383,2.8348727,-23.974257,-2.649691,0.76168334,-39.54759,-1.4219383,2.632599,-18.327547,-0.46866783,8.428673,-30.422192,-1.3134147,0.5519636,-39.41241,-6.4189577,0.77084553,-21.04694,-4.5966907,13.845554,-32.447056,-4.2299695,0.7133087,-41.365944,-2.2324598,-2.4905052,-25.205645,-21.255775,16.124865,-5.323447,8.498376,7.5241685,-24.867216,-5.345523,5.066558,-35.345974,-0.7385221,-4.8914847,-19.60289
35.16212,-56.297443,-24.391296,26.766956,-1.342789,-12.404092,-6.8880296,6.76654,-24.425547,7.603587,-5.923132,-10.2314005,3.9409316,1.941269,-29.724997,-2.5706913,0.752268,-46.23409,-1.3309008,2.5194387,-23.163973,-0.50298053,7.4747124,-33.046787,-1.3158361,0.5558968,-44.08284,-6.400698,0.86613035,-22.99536,-4.4984508,12.552799,-33.687523,-4.162937,0.7331358,-43.949432,-2.1995568,-2.3776433,-25.492113,-20.724186,15.682756,-5.163475,8.172844,5.342238,-26.518255,-5.2336926,4.9704404,-36.787544,-0.69703174,-4.7451234,-19.159924
34.619446,-55.3496,-24.586658,26.517904,0.69594824,-11.131105,-6.7129955,6.601726,-24.460468,7.524576,-5.7930555,-9.116793,3.9270031,2.1948085,-31.048622,-2.5229018,0.75093937,-45.22166,-1.3485863,2.4835806,-22.143538,-0.49453613,7.1233892,-35.914005,-1.3093803,0.5594069,-45.599422,-6.3305264,0.95500386,-24.08824,-4.3813243,11.988678,-36.93454,-4.0829883,0.7617724,-45.418087,-2.1614292,-2.276672,-25.943417,-20.22551,15.315233,-5.0455523,7.807541,4.277347,-30.706982,-5.149377,4.980861,-39.061604,-0.69808376,-4.6053205,-19.769533
35.02442,-56.51474,-23.585354,27.188217,0.64686954,-11.431976,-7.0540605,6.8729224,-22.45348,8.052846,-6.0586386,-5.1714377,3.9080622,1.8580216,-27.845757,-2.5897994,0.7684785,-37.419952,-1.4569182,2.6050007,-16.158724,-0.50989515,7.326645,-31.473528,-1.309339,0.54271567,-36.498276,-5.939452,0.55224574,-17.007778,-4.5353518,12.565241,-31.889204,-4.10988,0.6249168,-37.104744,-1.879921,-2.633432,-20.159048,-20.791674,15.746063,-5.1905365,8.231385,5.6950006,-25.34332,-5.1337347,4.8145204,-31.230854,-0.5258578,-4.8796453,-14.628665
34.430454,-56.078484,-21.78346,26.887207,-1.2279468,-12.356591,-7.1186824,6.903924,-21.412891,8.14366,-6.1132345,-3.8885899,3.7875621,1.7855817,-23.247166,-2.6020958,0.7701581,-34.60878,-1.4778807,2.6291556,-14.032691,-0.51826364,7.460369,-26.656197,-1.3023307,0.53707397,-33.339092,-5.8040967,0.45318747,-14.729351,-4.572628,12.764761,-27.457434,-4.092546,0.59139574,-34.37576,-1.8394808,-2.6887453,-18.93944,-20.840874,15.758624,-5.210454,8.356164,6.580131,-21.991287,-5.116738,4.7821994,-29.337461,-0.5440786,-4.900343,-14.346741
34.56367,-57.58283,-19.256445,27.389727,-1.9474913,-12.997319,-7.456928,7.169716,-20.234192,8.539919,-6.2974,-2.3504233,3.8315363,1.5455879,-22.070919,-2.6834018,0.77797604,-32.889088,-1.533163,2.7008033,-12.494454,-0.51859903,7.92424,-24.38646,-1.3070993,0.53035486,-29.394562,-5.648924,0.3088464,-11.660103,-4.713286,13.498402,-24.926958,-4.150855,0.5604322,-31.349743,-1.7430726,-2.8474543,-17.226479,-21.403608,16.218826,-5.3734083,8.768401,7.940294,-17.910032,-5.120998,4.7732725,-25.313498,-0.435826,-5.1160464,-11.789277
31.450308,-54.07105,-13.243507,26.030188,-1.6405802,-12.295593,-7.264814,6.917457,-17.499817,8.449593,-6.0803695,0.9121451,3.6089368,1.5482694,-18.272995,-2.6140225,0.7769281,-26.562235,-1.5730224,2.6643784,-7.659029,-0.5114679,7.7874517,-21.521603,-1.2759153,0.52023137,-23.830513,-5.247685,0.2171895,-9.048056,-4.5286317,13.304527,-22.571035,-3.9642358,0.55790406,-28.234755,-1.7081424,-2.7537096,-16.523693,-20.41694,15.481677,-5.175786,8.576546,9.145319,-13.324297,-4.835085,4.573697,-22.326344,-0.4315676,-4.9394307,-11.012444
31.195934,-54.70441,-10.550706,26.996054,0.9066297,-11.239375,-7.563397,7.140553,-15.737162,9.070189,-6.285593,6.1788015,3.663686,2.068668,-16.785898,-2.672375,0.79156286,-19.319365,-1.7003665,2.7695003,-1.5080743,-0.5036245,8.042163,-21.945486,-1.2725443,0.51141685,-18.430227,-5.034261,0.05290863,-5.4309688,-4.620745,13.715242,-23.464878,-3.975593,0.51281476,-24.54529,-1.5569324,-2.9190166,-13.934388,-20.810564,15.805577,-5.288439,8.758046,9.862483,-13.420528,-4.835128,4.594276,-19.714844,-0.34197506,-5.092702,-8.686736
33.95529,-58.31641,-14.826928,28.190168,-0.111519694,-12.352253,-7.7784266,7.3965955,-18.54413,9.135509,-6.493778,2.1281002,3.8797932,1.9641432,-20.491688,-2.761641,0.78349495,-28.409359,-1.6350172,2.8060772,-8.165716,-0.49023795,8.30756,-27.08913,-1.3069175,0.53376615,-29.21887,-5.8666754,0.40034,-13.233673,-4.789743,14.25421,-29.382034,-4.2495112,0.64895487,-34.699364,-1.9712118,-2.7690198,-20.838364,-21.851255,16.58937,-5.5159607,8.902513,9.022015,-20.950485,-5.325174,5.092025,-30.287281,-0.58734655,-5.1616955,-15.72014
39.473675,-65.53097,-23.358618,31.168093,-0.7402854,-13.978278,-8.265678,7.9773707,-24.284002,9.564524,-7.0521665,-2.9292297,4.323262,2.549991,-25.5896,-2.9539204,0.77360743,-42.484116,-1.5783165,2.9442484,-17.25411,-0.47421458,8.729866,-36.692287,-1.3731385,0.57552266,-49.774857,-7.490397,1.0230458,-27.671444,-5.1991005,14.974938,-41.36167,-4.8136168,0.9077786,-54.447342,-2.753766,-2.539955,-33.736794,-24.103605,18.284698,-6.0091925,9.224625,6.810391,-37.480083,-6.361382,6.1584654,-52.397236,-1.1005305,-5.3237786,-30.102293
40.441494,-65.81127,-25.709637,31.645515,0.028329477,-13.744005,-8.193442,7.979273,-26.213652,9.436672,-7.0694666,-4.9946537,4.3867726,3.471881,-26.066565,-2.9665797,0.77532786,-43.52266,-1.6191785,2.99696,-16.444195,-0.45784867,8.952512,-39.657177,-1.387029,0.5846518,-56.01393,-7.813752,1.1549046,-30.939745,-5.230111,14.753346,-44.71838,-4.9195013,0.9986319,-59.879833,-2.9009604,-2.4826245,-35.945675,-24.341152,18.43894,-6.040201,9.239758,5.3256187,-41.161476,-6.5274982,6.340472,-57.51824,-1.1620071,-5.3117824,-32.09293
38.680317,-62.618103,-24.736216,30.281174,0.27371982,-12.987613,-7.8072076,7.607201,-25.385012,8.865812,-6.7039857,-6.589488,4.2486506,3.8888085,-26.084658,-2.851882,0.77072203,-43.41728,-1.5653106,2.878424,-17.525602,-0.43974757,9.028189,-39.41316,-1.3670864,0.58107156,-55.261192,-7.554738,1.1783706,-30.895975,-4.9633493,14.455534,-44.17227,-4.72254,0.98784333,-58.53732,-2.817825,-2.3576381,-35.093044,-23.20377,17.581999,-5.771365,8.829558,5.2490196,-39.83071,-6.196471,6.04617,-54.59159,-1.0825747,-5.0904546,-30.129673
36.882816,-60.34829,-21.49832,29.359016,0.31273502,-12.595761,-7.632419,7.4301577,-24.06807,8.60461,-6.498338,-6.679453,4.1397524,3.71787,-25.304739,-2.785932,0.77205074,-40.20912,-1.5412862,2.8057687,-16.528292,-0.44242483,9.1453085,-35.56496,-1.3450841,0.56302434,-46.847767,-6.997751,0.9449351,-25.200684,-4.8399925,14.495031,-38.61369,-4.517154,0.8507821,-49.711517,-2.518753,-2.4777336,-29.609543,-22.570026,17.085741,-5.619322,8.878648,6.453766,-31.215656,-5.8086896,5.592957,-43.978867,-0.87483704,-5.0766773,-23.787153
35.251873,-58.70918,-18.424809,28.88333,1.9782441,-11.496156,-7.5750036,7.332945,-22.191324,8.645146,-6.3965454,-4.177974,4.0837574,3.4939423,-25.441525,-2.7479098,0.77627265,-36.18741,-1.5706521,2.7916946,-13.73674,-0.44206727,8.868982,-35.961315,-1.3289167,0.5541139,-42.82554,-6.7849994,0.86079323,-23.57277,-4.739913,14.345625,-38.59486,-4.421598,0.8273524,-47.206127,-2.493491,-2.4539456,-28.714348,-22.057343,16.72562,-5.518733,8.80112,7.049432,-28.74774,-5.668444,5.4576817,-41.673527,-0.8552252,-5.006258,-22.731646
36.48509,-59.671078,-21.645935,29.085022,1.4508184,-11.901424,-7.5597944,7.353766,-23.741253,8.581529,-6.446872,-5.8699775,4.1374407,3.6394362,-26.349266,-2.7660818,0.7689991,-40.64759,-1.543431,2.8008687,-16.519993,-0.4357431,8.744842,-39.252552,-1.3443469,0.571754,-51.471252,-7.3087974,1.1360214,-29.788195,-4.7747335,14.088135,-43.298065,-4.555272,0.94585794,-55.546646,-2.7875826,-2.2728233,-34.04776,-22.261621,16.886404,-5.5669775,8.623024,5.618756,-36.270157,-5.9690847,5.8137217,-51.53443,-1.0740505,-4.915762,-28.993982
36.883896,-60.519142,-21.711018,29.302681,0.9432579,-12.269211,-7.608713,7.406209,-24.363865,8.694745,-6.5253057,-5.639248,4.1456647,3.5119033,-25.792374,-2.7917092,0.76454043,-41.931576,-1.5469768,2.8192563,-16.607,-0.44243395,8.606093,-38.87335,-1.3482286,0.57661957,-53.169003,-7.3806186,1.172879,-30.417004,-4.8350983,13.994953,-43.542725,-4.6101394,0.9873196,-57.6553,-2.8472319,-2.2470024,-35.431404,-22.486425,17.049343,-5.6221123,8.638648,5.353485,-37.558792,-6.0678763,5.953433,-54.126297,-1.132424,-4.929176,-30.660519
38.12812,-62.19643,-23.52791,30.055342,0.9560691,-12.580953,-7.8784456,7.6331477,-23.588404,9.190207,-6.8029547,-2.0955236,4.1632776,3.2643666,-23.873106,-2.8564157,0.7754155,-37.57765,-1.6364454,2.9318275,-12.470936,-0.45372373,8.472233,-38.24367,-1.3583424,0.57598954,-51.986584,-7.4140425,1.051817,-29.00685,-4.979184,14.066276,-43.597523,-4.718701,0.9711245,-57.09454,-2.820789,-2.392507,-34.46498,-23.068476,17.495901,-5.764552,8.745492,5.194234,-40.35215,-6.274049,6.1133437,-55.954235,-1.1671251,-5.062895,-31.348942
40.758427,-66.0134,-26.451603,31.888012,1.3785329,-13.090586,-8.334938,8.068023,-24.435112,9.773651,-7.1791873,-1.0743005,4.370914,3.00445,-25.811226,-2.980506,0.79011583,-36.9527,-1.7141299,3.0686543,-11.309958,-0.4679863,8.637619,-40.094498,-1.3858997,0.5762948,-51.90676,-7.6170764,0.9695841,-27.901108,-5.252876,14.629675,-44.76372,-4.915025,0.93867636,-56.419796,-2.7534776,-2.6396885,-32.8418,-24.391796,18.501404,-6.0600376,9.255826,5.283635,-41.474293,-6.5351686,6.2843084,-55.712696,-1.0919077,-5.391316,-29.902935
38.972904,-62.772724,-26.585735,30.264051,2.1491303,-11.971425,-7.8317165,7.6039915,-23.996063,9.200654,-6.7944293,-1.8587143,4.2312803,2.7935746,-27.373053,-2.838164,0.77688533,-38.61664,-1.6208062,2.9098842,-13.53087,-0.4684196,7.923789,-41.22421,-1.3633081,0.5783615,-52.817783,-7.4159126,1.0610405,-29.524406,-4.951798,13.645957,-46.174137,-4.703548,0.94305307,-56.968994,-2.7228606,-2.4307432,-33.550564,-22.982044,17.456501,-5.7362537,8.549627,4.4370966,-43.783073,-6.2633824,6.077955,-56.521355,-1.1174153,-5.060656,-30.73079
37.398396,-59.487404,-27.397379,28.459778,1.4006263,-11.676292,-7.365247,7.163356,-23.991636,8.602055,-6.422138,-3.657133,4.0753984,2.4244454,-28.230566,-2.7092857,0.75543815,-43.750847,-1.4945947,2.7390196,-18.56414,-0.47593123,7.089692,-43.406395,-1.3467534,0.5910363,-59.371506,-7.5981297,1.40315,-35.793213,-4.694686,12.446066,-49.618095,-4.5614924,1.0293939,-63.28015,-2.961739,-2.014234,-38.923023,-21.722454,16.4922,-5.442774,7.801735,2.7703414,-49.767887,-6.200556,6.173627,-64.59593,-1.3502483,-4.616125,-37.13861
36.8767,-58.657875,-26.917545,28.013391,1.4773684,-11.475113,-7.0800247,6.9514103,-26.394608,8.076998,-6.191936,-8.685328,4.132955,3.4966297,-30.789553,-2.6714103,0.732778,-53.447105,-1.3788581,2.6329274,-25.95823,-0.43446296,7.5462656,-48.716446,-1.3510802,0.61473763,-71.47165,-8.234663,1.9419159,-45.525898,-4.5548277,12.552506,-56.613342,-4.6023073,1.2308755,-75.31147,-3.4398146,-1.5492525,-48.171818,-21.34809,16.195274,-5.358301,7.427499,1.8117721,-56.835022,-6.340623,6.520379,-75.41657,-1.6354353,-4.3266883,-45.30233
38.32799,-61.82211,-27.34185,28.703205,-1.536955,-13.459707,-7.1151485,7.072393,-31.6695,7.6809707,-6.193287,-18.298311,4.4105263,4.8663955,-34.81736,-2.7520547,0.6974328,-73.396576,-1.1822339,2.544176,-40.801502,-0.371147,8.983562,-54.056427,-1.3844256,0.6543515,-90.71138,-9.3895035,2.7204807,-59.303665,-4.641382,13.7828455,-63.873047,-4.869136,1.5437808,-93.21344,-4.1727204,-1.0225266,-61.692123,-22.238907,16.843483,-5.5605164,7.518399,1.5215437,-64.30297,-6.756688,7.194202,-90.08104,-2.0124414,-4.226171,-56.486366
36.74737,-59.28668,-25.440182,27.946354,-0.4046178,-12.493371,-7.081005,6.9615936,-27.870853,7.7463655,-6.0877643,-14.026499,4.2305894,4.8844967,-31.071848,-2.6875184,0.7153695,-62.92707,-1.2404679,2.5450773,-34.821194,-0.36671305,9.116627,-49.68875,-1.3599604,0.6295437,-78.574326,-8.718527,2.3018813,-51.64599,-4.4865894,14.088335,-58.493687,-4.6576905,1.342907,-81.31309,-3.768232,-1.2841454,-54.128933,-21.574444,16.34686,-5.4043503,7.4252567,3.0330424,-58.56613,-6.405432,6.682624,-78.97183,-1.7761854,-4.254145,-49.70568
34.991604,-57.745655,-21.101805,27.568462,0.564744,-11.765676,-7.273619,7.032822,-22.433498,8.393429,-6.2389193,-3.9727073,3.954437,3.713908,-23.332449,-2.6828566,0.750172,-42.23147,-1.4663161,2.6854157,-18.657738,-0.41378227,8.46948,-38.907158,-1.3259702,0.58454514,-55.365185,-7.371913,1.3855187,-34.20363,-4.5297856,13.754128,-45.922466,-4.4330206,1.0224776,-60.038082,-2.964802,-1.9399781,-38.89501,-21.195858,16.099995,-5.354039,7.758103,5.1929994,-44.81238,-5.9622107,5.9810443,-59.747417,-1.3326551,-4.5399,-36.11079
34.4756,-59.21841,-15.037534,28.651968,-1.0344566,-13.078436,-7.9587684,7.5539227,-18.636206,9.46325,-6.712382,3.9426746,3.843914,2.120838,-16.34217,-2.82746,0.7838951,-26.82471,-1.7029648,2.9082885,-5.6812515,-0.48462257,8.253385,-27.072416,-1.3143559,0.54334223,-33.774834,-6.275642,0.544075,-16.98862,-4.9232183,14.162155,-31.523083,-4.41114,0.7494459,-40.86083,-2.2601957,-2.668503,-25.601759,-22.29808,16.937632,-5.649069,8.93443,8.312417,-26.409258,-5.7241683,5.5512066,-40.36423,-0.8705665,-5.131298,-22.68524
33.702957,-58.394527,-12.4359045,28.436625,-1.545415,-13.261422,-8.095469,7.6302977,-16.368448,9.712638,-6.755972,7.258168,3.7205398,1.2069979,-13.4817915,-2.8261228,0.7996305,-18.595732,-1.7755365,2.9349494,0.052473813,-0.5306571,7.9877186,-19.554693,-1.2981961,0.5156085,-19.454157,-5.381423,0.020834498,-5.533394,-4.9949193,14.032564,-21.641407,-4.2325068,0.50554717,-25.618319,-1.6145873,-3.118985,-14.467524,-22.25054,16.910606,-5.644661,9.326972,9.797586,-14.692947,-5.302563,4.9932146,-24.42943,-0.4580391,-5.3777633,-11.549697
32.97747,-57.239414,-11.028914,27.806131,-2.6607428,-13.618308,-8.021592,7.5497913,-15.861678,9.598062,-6.644956,7.272322,3.6255412,0.9101213,-11.759082,-2.804568,0.80172205,-16.765884,-1.7758296,2.8943498,0.9337648,-0.54437816,8.000525,-15.582052,-1.2901213,0.5053039,-14.059067,-4.919715,-0.10869534,-0.8309318,-4.973101,13.872563,-16.620089,-4.0882335,0.4033239,-18.834103,-1.2765869,-3.2420046,-9.418906,-21.97213,16.682938,-5.5834494,9.4126215,10.187929,-9.112798,-4.987855,4.695787,-16.43348,-0.22846524,-5.4200053,-6.071701
33.67323,-58.537415,-11.228984,28.637066,-1.3402585,-13.225957,-8.126864,7.6809163,-17.02243,9.807425,-6.7616706,7.555465,3.72886,0.8288648,-13.477096,-2.846399,0.80572796,-17.010483,-1.8005466,2.9313967,1.2153171,-0.5601768,7.8147078,-16.939478,-1.296576,0.50304985,-13.40881,-4.93853,-0.12619467,-0.06460151,-5.091195,13.751685,-17.182049,-4.1337624,0.3800385,-17.937,-1.211604,-3.3272874,-8.543644,-22.43287,17.034784,-5.687027,9.642418,9.789094,-8.659202,-5.0574684,4.7605157,-15.691913,-0.1901913,-5.5320106,-5.289445
32.491116,-56.335533,-12.007988,27.422813,-1.1468108,-12.596356,-7.751618,7.3370295,-16.60813,9.321594,-6.494974,6.537249,3.6075823,1.0520744,-13.388753,-2.7423782,0.7974895,-17.32121,-1.7483582,2.8432899,0.4492273,-0.54296225,7.5962486,-17.688362,-1.2824947,0.507574,-15.857283,-4.9472795,-0.04737562,-2.5642107,-4.853209,13.259801,-18.522211,-4.027512,0.41990927,-20.33595,-1.3196765,-3.1450303,-10.297421,-21.414396,16.261095,-5.4490194,9.105527,9.189336,-11.279475,-4.9616528,4.672224,-18.59977,-0.29670873,-5.2641954,-7.4153166
32.5726,-55.86924,-13.766163,26.984108,-1.9906523,-12.872787,-7.527417,7.1863976,-17.881212,8.976257,-6.400503,4.0519037,3.5621903,1.1011357,-13.4418335,-2.700442,0.7930807,-19.250784,-1.7121143,2.8169942,-0.5380246,-0.54533815,7.504405,-16.82026,-1.2818372,0.5090244,-18.045885,-5.003815,-0.052488197,-3.3372645,-4.797046,12.9608555,-17.396683,-4.0290318,0.4410239,-21.6632,-1.3833032,-3.1083279,-10.699022,-21.149124,16.043371,-5.3688116,9.024621,8.660064,-10.418259,-4.962475,4.611082,-19.194317,-0.3343325,-5.1908665,-7.5695505
35.107174,-59.319283,-17.677471,27.9393,-3.8097532,-14.307368,-7.7151117,7.431104,-20.517696,9.108823,-6.648335,1.486754,3.6699464,0.40440983,-14.366276,-2.7839577,0.79308754,-23.615665,-1.7089081,2.8920612,-2.6430945,-0.57194906,7.320448,-16.334576,-1.3052354,0.5161025,-22.10232,-5.324597,-0.03666739,-4.7372317,-5.0351734,12.911859,-16.654278,-4.234407,0.4719499,-24.621548,-1.4616635,-3.2134597,-11.723305,-22.06406,16.760788,-5.584964,9.397427,7.8554864,-11.233535,-5.272228,4.8363357,-22.533937,-0.381867,-5.382099,-9.037568
35.41002,-60.059116,-17.453293,27.971886,-5.1353774,-15.088292,-7.8742824,7.541851,-19.800842,9.210063,-6.709736,1.523396,3.6610885,0.30539918,-13.067694,-2.817085,0.7940803,-23.609505,-1.7100288,2.9058855,-3.128571,-0.5634762,7.7462883,-14.66225,-1.3084261,0.5159675,-21.071383,-5.293205,-0.056947302,-3.9007049,-5.083471,13.441649,-15.180973,-4.253984,0.4534394,-23.384533,-1.411814,-3.2663093,-10.996102,-22.306816,16.946014,-5.654174,9.509629,8.550264,-10.60883,-5.268933,4.8341513,-21.145483,-0.33912218,-5.4616575,-8.389708
34.915855,-59.76748,-14.991068,28.44866,-3.5769525,-14.378818,-8.037257,7.6532793,-18.630348,9.475233,-6.7613864,3.7389314,3.6995494,0.6461991,-12.919198,-2.8413599,0.80028003,-20.362398,-1.7504921,2.923872,-1.294593,-0.55678964,8.004415,-15.076506,-1.3055671,0.50996864,-16.654884,-5.085427,-0.11893305,-1.2565004,-5.115148,13.779411,-15.161659,-4.2003274,0.38746142,-19.25833,-1.239179,-3.359287,-8.51349,-22.492746,17.084902,-5.697482,9.650842,9.201628,-9.069665,-5.1582756,4.762425,-16.88872,-0.22200009,-5.5449233,-5.5469294
33.317455,-56.279297,-16.186176,26.116528,-5.9374833,-14.745224,-7.498851,7.153078,-18.384148,8.757094,-6.3566284,1.6278534,3.4403663,-0.022176519,-11.350785,-2.7035832,0.7816897,-23.272245,-1.6580517,2.778489,-3.8100832,-0.5682933,7.127798,-13.064717,-1.2854097,0.51754826,-20.765053,-5.0051265,-0.00068697147,-4.1797395,-4.8505955,12.427644,-13.990541,-4.051013,0.45644224,-22.787355,-1.357101,-3.0745857,-11.159013,-21.041796,15.996484,-5.3711786,8.981589,7.7051992,-10.63571,-5.017069,4.6730146,-21.595398,-0.35331124,-5.1610456,-8.997956
32.40446,-55.26965,-15.281918,25.519815,-5.570455,-14.309583,-7.283595,6.9508305,-18.860994,8.379457,-6.1347785,-0.9320031,3.4601274,1.0827464,-12.54937,-2.6535563,0.7668261,-28.223116,-1.5741704,2.683777,-8.193886,-0.5174311,7.7257643,-16.113974,-1.2819436,0.53087693,-26.570267,-5.257435,0.27755082,-9.229664,-4.6611605,12.819231,-18.344265,-4.014388,0.5749128,-28.999262,-1.5979434,-2.7928898,-15.912154,-20.546347,15.616566,-5.2512865,8.576713,7.7986016,-15.025962,-4.961967,4.744356,-26.227287,-0.4633344,-4.9588914,-12.8492
37.231766,-62.927395,-19.404158,28.891075,-6.272923,-16.154165,-8.045139,7.734037,-22.975502,9.265379,-6.856998,-2.8176484,3.887531,0.90036803,-16.33728,-2.9112797,0.76958776,-37.14072,-1.6295346,2.9213645,-11.92112,-0.5339609,7.9928923,-22.439116,-1.3421354,0.55674684,-39.912827,-6.4849,0.60133815,-18.02792,-5.214047,13.739216,-26.203218,-4.595388,0.7909978,-43.587925,-2.2209344,-2.7754104,-25.750109,-23.18884,17.621233,-5.86477,9.425312,7.072176,-23.47384,-5.9148045,5.6973553,-41.799793,-0.8158238,-5.346489,-22.752035
42.22786,-70.24089,-23.92818,32.49716,-5.5878563,-17.294903,-8.802652,8.485302,-27.188091,10.034945,-7.4716988,-6.08515,4.425932,1.4905437,-23.68676,-3.1594284,0.7705496,-49.87223,-1.6444788,3.114016,-19.248625,-0.51244575,8.682753,-35.053375,-1.4118117,0.5933863,-59.405643,-8.0839205,1.2444549,-31.986374,-5.6573925,15.130057,-40.83359,-5.196539,1.1128836,-64.51431,-3.0680852,-2.517929,-39.788246,-25.818296,19.58648,-6.4478664,10.046804,6.2189994,-37.515728,-6.883629,6.801633,-62.194813,-1.2372468,-5.620322,-35.51992
36.910923,-61.863888,-19.294739,29.008923,-3.6899195,-14.742118,-7.9617157,7.6144223,-22.69914,9.191569,-6.731362,-2.6889794,3.994589,1.1741037,-21.93627,-2.8830965,0.76307774,-41.738255,-1.6034635,2.8891501,-14.928535,-0.5050422,7.570075,-34.065372,-1.35009,0.5798918,-53.201828,-7.360211,1.1915098,-29.98216,-5.0502324,13.54731,-39.52946,-4.7036867,1.0604467,-59.686886,-2.930591,-2.208075,-37.73784,-22.922754,17.396355,-5.7838316,8.941457,5.968216,-35.020824,-6.2183485,6.2392974,-58.34737,-1.2310205,-5.003549,-33.844303
37.468437,-62.02809,-21.329706,29.107845,-3.8424706,-14.888633,-7.8926015,7.58951,-23.972256,9.088813,-6.73766,-4.0963464,4.0351048,1.3421901,-23.140306,-2.8824573,0.7583027,-44.891773,-1.5883493,2.891842,-16.71407,-0.5051739,7.40796,-37.08214,-1.3604155,0.5916779,-60.034523,-7.767965,1.4059565,-34.767185,-5.0556593,13.237434,-43.183167,-4.7921934,1.1544209,-66.245636,-3.1884542,-2.0416906,-42.02561,-23.012482,17.431118,-5.7900515,8.815159,4.8472424,-39.899822,-6.4265695,6.493193,-65.56519,-1.4106975,-4.9032283,-38.43664
35.626595,-58.942764,-20.708305,27.543913,-4.3325896,-14.507873,-7.378071,7.136023,-25.001024,8.249508,-6.279705,-9.032533,3.94944,1.5491536,-25.676748,-2.754174,0.7359668,-52.33325,-1.4305809,2.7005928,-23.581871,-0.4885702,7.2170086,-39.37856,-1.3451132,0.6020781,-65.934654,-7.909928,1.7112513,-40.174664,-4.768661,12.677078,-45.391754,-4.642617,1.2469993,-71.41985,-3.3970613,-1.6717713,-46.45201,-21.854717,16.52598,-5.503559,8.297684,4.1985216,-40.98212,-6.224517,6.4053817,-68.93895,-1.5192995,-4.5463595,-41.780342
35.9575,-59.296787,-21.284369,27.906113,-3.3399618,-14.110397,-7.418062,7.1784787,-25.025967,8.346524,-6.3337216,-8.277064,3.9912035,2.0383368,-25.83234,-2.7660158,0.7389343,-51.405987,-1.4574604,2.732545,-22.548315,-0.47542658,7.405385,-41.36817,-1.3503433,0.6054309,-67.8205,-8.072307,1.7721261,-41.676983,-4.774139,12.804965,-47.893864,-4.68876,1.2776656,-73.58567,-3.4876,-1.6396623,-47.745533,-21.98239,16.622593,-5.5300646,8.23934,3.87107,-44.211384,-6.3294835,6.526212,-71.68405,-1.5852131,-4.535918,-43.354073
37.456688,-64.47474,-14.615141,31.135033,-1.8145738,-14.546407,-8.675585,8.25258,-19.682737,10.419406,-7.2735214,6.2843246,4.0207424,1.019313,-15.176432,-3.0216417,0.81401086,-20.19919,-1.840163,3.089108,-0.107894525,-0.554947,8.631012,-18.37606,-1.3357563,0.5104798,-15.916437,-5.3640556,-0.13186887,-0.38846317,-5.463989,14.97922,-18.611197,-4.4408255,0.39057332,-19.540075,-1.2400665,-3.5822434,-8.540147,-24.277277,18.481043,-6.1166105,10.295045,10.233337,-11.275288,-5.462705,5.0836177,-16.853342,-0.17246845,-5.954252,-5.26188
36.223923,-62.138313,-14.928018,29.35515,-4.3349414,-15.236653,-8.38662,7.9384904,-18.325281,9.923527,-6.9838557,5.207345,3.7965317,0.6474936,-12.497628,-2.9294639,0.80365896,-19.902082,-1.7792187,2.9838743,-1.0170002,-0.54615813,8.531657,-15.169534,-1.3184524,0.51239437,-15.645601,-5.1398954,-0.11456641,-0.28407186,-5.2608447,14.582539,-15.762695,-4.2883377,0.3871674,-18.537468,-1.1800297,-3.4669967,-7.8493147,-23.263435,17.720888,-5.8933334,9.863363,10.062017,-10.885525,-5.2407722,4.8909326,-16.260052,-0.16710213,-5.7406416,-5.1911087
35.249195,-60.33688,-14.32903,28.48641,-5.05005,-15.258798,-8.241372,7.7723737,-17.129713,9.722449,-6.8387203,5.5271125,3.6683128,0.53530496,-10.8558,-2.876904,0.8017279,-18.449682,-1.7733344,2.9439342,-0.22917302,-0.5434325,8.398073,-13.802618,-1.3068395,0.5110547,-14.866226,-4.994687,-0.13703805,0.08899121,-5.1428223,14.347017,-14.66253,-4.2057962,0.3880617,-18.005964,-1.1699988,-3.4005563,-7.754567,-22.697716,17.281088,-5.7632036,9.642656,10.090434,-10.357981,-5.123568,4.7857165,-15.882503,-0.16825192,-5.6178255,-4.9955616
33.669685,-57.80368,-13.111793,27.52821,-4.0386415,-14.290942,-7.9516664,7.499739,-16.497866,9.441479,-6.6084323,5.9896884,3.5675569,0.43626213,-11.155203,-2.7918892,0.7975989,-17.451063,-1.7461517,2.8644848,0.010472864,-0.549841,7.836895,-14.122918,-1.2896583,0.5080476,-13.879915,-4.8281684,-0.11940192,-0.020623907,-4.978302,13.586175,-14.777373,-4.062946,0.37547395,-17.213158,-1.1449355,-3.2892754,-7.627884,-21.843142,16.636448,-5.5653315,9.321583,9.581695,-9.773504,-4.957816,4.6508393,-15.652752,-0.1876049,-5.4186883,-5.129458
32.812786,-55.74788,-14.376697,26.382833,-4.3719974,-13.986626,-7.5905657,7.188529,-16.634377,8.965861,-6.363256,4.4470325,3.4388177,0.3031442,-10.923803,-2.6988769,0.79101104,-17.894308,-1.6926317,2.7778966,-0.96045315,-0.5481806,7.4891205,-13.099865,-1.2776501,0.5075658,-14.187439,-4.6606197,-0.129004,-0.1846737,-4.8021345,12.9081,-13.604018,-3.9367304,0.3539893,-16.41973,-1.0769842,-3.2193463,-6.79344,-20.971794,15.9670105,-5.3555574,8.928374,8.789305,-10.030103,-4.795009,4.465728,-15.060875,-0.18232353,-5.2309895,-4.7370963
33.55181,-55.9904,-18.033869,26.89844,-1.2127174,-12.379495,-7.322757,7.053215,-19.42389,8.775382,-6.3185506,2.8546898,3.5434039,0.4832636,-15.089576,-2.6550386,0.7921295,-19.953737,-1.67258,2.762818,-2.0486245,-0.5619143,6.7059755,-17.478321,-1.2836232,0.50972503,-18.01416,-4.862857,-0.07134219,-2.5558078,-4.775617,11.8971815,-16.987835,-3.9508958,0.34857222,-18.853731,-1.1071694,-3.2038183,-7.2367744,-20.883308,15.86224,-5.289377,8.747736,6.67718,-13.564607,-4.908443,4.5080633,-18.654722,-0.25140047,-5.1478724,-6.169389
40.197903,-65.26529,-26.47899,31.196865,0.6184168,-13.137772,-8.181319,7.927524,-23.980396,9.823574,-7.094516,1.6217823,4.140767,0.5374793,-23.318048,-2.9216826,0.8072631,-26.901012,-1.7588241,3.0156386,-5.348746,-0.551392,7.3060293,-27.770075,-1.3555408,0.53131235,-28.518726,-5.908673,0.12308535,-8.120054,-5.306355,13.389532,-27.61591,-4.5064645,0.4643194,-28.87251,-1.4100039,-3.412031,-11.729328,-23.9371,18.143753,-5.938055,9.564276,5.8083925,-24.16879,-5.734346,5.245126,-28.902071,-0.33088315,-5.708763,-10.221705
44.06298,-70.989815,-30.645584,33.80544,1.4668618,-13.743745,-8.747213,8.486559,-26.169827,10.477763,-7.568382,0.9131608,4.497222,0.71277034,-27.756628,-3.0897636,0.8164951,-30.94307,-1.8039999,3.1664352,-7.4485035,-0.53985214,7.8914995,-33.37065,-1.3986396,0.54452944,-33.915775,-6.5193777,0.22869523,-11.161905,-5.6298633,14.527499,-33.43098,-4.8402133,0.5325621,-34.27081,-1.5887995,-3.5495129,-14.327333,-25.749117,19.544811,-6.3439903,10.093492,5.7838044,-29.938488,-6.2050843,5.6662927,-33.919704,-0.3640124,-6.070954,-12.278026
43.157543,-69.50375,-29.602377,33.344353,1.5367347,-13.501569,-8.659639,8.399752,-25.604965,10.374574,-7.4962416,1.2670276,4.443989,0.92782,-26.670233,-3.06662,0.8153084,-30.419195,-1.8108386,3.1621368,-6.7761436,-0.53760475,7.779455,-33.772583,-1.3945743,0.5467994,-35.835457,-6.635189,0.3000175,-13.249843,-5.5674605,14.279755,-34.370224,-4.8324685,0.5730876,-36.724144,-1.7415104,-3.4335928,-16.66075,-25.449383,19.282959,-6.2774754,9.97685,5.578282,-30.467268,-6.248825,5.729314,-36.934002,-0.47917432,-5.953286,-14.713184
40.015915,-65.05231,-25.18303,31.478258,1.5258723,-12.70841,-8.249251,7.967445,-23.127417,9.846412,-7.077201,1.4829488,4.214422,1.3029735,-24.439466,-2.930899,0.8076426,-27.941761,-1.7479948,3.0180583,-6.5476465,-0.51613504,8.032866,-30.975426,-1.3593043,0.5366359,-30.779629,-6.169323,0.25326508,-11.114792,-5.2315617,14.351144,-31.534416,-4.543893,0.5204687,-31.87154,-1.6190001,-3.2950714,-14.947543,-24.02103,18.197388,-5.9507494,9.52297,6.881846,-26.16402,-5.7861795,5.321129,-30.774897,-0.40309215,-5.680981,-12.184876
35.798714,-58.116135,-21.111078,28.755812,2.8557687,-10.836542,-7.6213603,7.303179,-19.711042,9.062097,-6.4615817,2.0567515,3.9837577,1.8822204,-25.678482,-2.7210526,0.7903315,-27.176447,-1.6705415,2.82357,-7.036322,-0.4858946,7.7723026,-33.762516,-1.3165296,0.5366921,-32.343624,-5.9395466,0.37563494,-14.2895,-4.7025733,13.708447,-35.704205,-4.267603,0.63977444,-36.52459,-1.906577,-2.815699,-19.689312,-21.86132,16.521282,-5.4381495,8.595926,7.0543866,-27.135878,-5.3902144,5.06323,-32.752632,-0.52158254,-5.1332674,-14.723644
33.037926,-55.23166,-16.706665,27.587303,4.8790426,-9.205754,-7.3821473,6.991112,-17.251226,8.842444,-6.140764,4.167094,3.890042,2.4969363,-26.431175,-2.6271791,0.7853164,-25.412432,-1.6629951,2.7292745,-5.931991,-0.45373,7.7959414,-36.106415,-1.2904922,0.5364241,-31.550203,-5.7060165,0.455301,-15.350606,-4.407435,13.634785,-39.03516,-4.096904,0.7344824,-38.680824,-2.0232184,-2.543574,-22.233833,-20.646534,15.662239,-5.1883993,8.086955,7.6659956,-28.526896,-5.0936675,4.9325356,-33.04002,-0.53223073,-4.8706026,-15.579986
33.18164,-55.782413,-15.768312,27.783916,3.9870448,-9.784475,-7.494828,7.071523,-16.961111,8.883173,-6.189053,3.5990531,3.9242868,2.503623,-27.106112,-2.6535196,0.7801066,-27.594856,-1.6510072,2.7440264,-6.9891386,-0.44323802,7.986781,-37.797737,-1.2946666,0.5445039,-35.19079,-5.9926906,0.5858309,-18.30093,-4.436574,13.962437,-41.266655,-4.200166,0.84875214,-44.123665,-2.3071692,-2.400274,-26.337526,-20.871866,15.855691,-5.244363,8.181908,8.059219,-29.454931,-5.2333274,5.1282034,-37.35953,-0.65690297,-4.8566656,-18.638077
32.991016,-55.699825,-14.864478,27.520353,2.123241,-10.7955675,-7.624998,7.14736,-16.227882,9.005594,-6.2565236,4.3859243,3.848747,2.0763042,-24.446314,-2.6900928,0.778847,-27.246405,-1.6750317,2.7775161,-6.337223,-0.45427284,7.8092976,-36.758175,-1.2952592,0.5479681,-37.214264,-6.1672826,0.69825697,-20.07719,-4.516247,13.795625,-40.847103,-4.2627187,0.9084991,-47.320717,-2.4672382,-2.2992973,-29.087517,-21.04121,15.953682,-5.3050165,8.261348,7.9107585,-30.318247,-5.384412,5.3606606,-42.175125,-0.7970505,-4.8200936,-22.352957
31.201077,-52.965046,-13.321472,25.73143,-1.6204855,-12.188676,-7.379705,6.91855,-15.325318,8.74127,-6.1254883,4.9513407,3.5031195,0.39889792,-17.917282,-2.6357763,0.7779953,-22.958248,-1.6902192,2.7565799,-2.7540283,-0.52185285,6.6136894,-26.98653,-1.2744762,0.5347739,-31.17004,-5.665651,0.43798205,-14.944447,-4.5312624,12.3214655,-30.04277,-4.111878,0.7857,-40.188984,-2.1928854,-2.4341645,-24.537237,-20.286428,15.353362,-5.164855,8.33825,7.530911,-21.06299,-5.2022824,5.0984464,-37.706333,-0.75637996,-4.743253,-19.985798
32.256634,-53.4705,-18.983444,23.999266,-9.086152,-15.688538,-6.8098426,6.5685277,-21.466806,7.5157886,-5.8465567,-7.702624,3.3356025,-0.19247459,-14.693861,-2.564096,0.7392556,-41.140545,-1.4007056,2.5671391,-17.350052,-0.55240285,6.2765484,-20.25746,-1.2880931,0.56177676,-45.473373,-6.34567,0.8985777,-24.257544,-4.5383425,11.196251,-24.060705,-4.153958,0.8588215,-48.302143,-2.4599173,-2.1431057,-30.239565,-19.815481,15.031221,-5.0719347,8.097547,5.167739,-22.542503,-5.40367,5.280622,-47.250042,-1.0640615,-4.4664445,-28.12877
32.40931,-52.545956,-20.984905,23.379879,-10.335549,-16.105701,-6.706114,6.4866676,-20.906212,7.491732,-5.8428926,-6.245862,3.1539521,-2.0900283,-12.667259,-2.5255678,0.7517894,-35.54357,-1.450216,2.5866616,-12.678716,-0.6329235,4.9137306,-13.084879,-1.2752086,0.53722316,-35.984077,-5.6256285,0.3977016,-15.543488,-4.6107216,9.770022,-14.624032,-4.0311584,0.6501316,-37.31506,-1.943677,-2.5231214,-21.124676,-19.519846,14.803041,-4.993743,8.300658,4.4118233,-13.333233,-5.1815906,4.838431,-37.461605,-0.7946775,-4.5914664,-20.287104
36.452717,-58.603912,-25.243488,26.42847,-8.279976,-16.256432,-7.268973,7.0727544,-24.0276,8.264668,-6.3796654,-6.1626735,3.5632865,-1.918874,-18.498907,-2.7016983,0.76197106,-40.00232,-1.4999292,2.7423396,-14.747996,-0.6432519,5.031904,-20.51008,-1.3178345,0.54899955,-41.853725,-6.328673,0.56905043,-19.429098,-4.987479,10.489889,-22.059507,-4.381226,0.7252459,-43.79216,-2.174291,-2.6234744,-24.85207,-21.493443,16.30425,-5.4292765,8.851762,3.9373693,-20.714798,-5.73236,5.379974,-44.21634,-0.8997499,-4.9322944,-23.996033
38.46642,-61.938786,-26.978704,28.31831,-6.1773567,-15.858956,-7.5505166,7.390433,-26.032875,8.742587,-6.689066,-5.446654,3.8112893,-2.0169876,-22.521772,-2.7962587,0.77007365,-40.99858,-1.5426781,2.835348,-14.537489,-0.66064763,4.829623,-24.222288,-1.3374214,0.5498713,-42.254658,-6.567179,0.5622473,-19.420303,-5.2195215,10.63023,-24.842278,-4.5451,0.7235025,-44.615406,-2.2110412,-2.7539685,-25.013283,-22.593395,17.14199,-5.667301,9.263004,3.652155,-22.0488,-5.98264,5.588816,-45.16839,-0.9069916,-5.159038,-24.128902
40.31211,-64.77686,-28.997404,29.838583,-4.3864584,-15.472723,-7.842153,7.685695,-26.60023,9.236184,-6.9829483,-3.5487034,3.9701781,-2.526261,-25.043108,-2.8735144,0.78755975,-37.325863,-1.639827,2.9567375,-10.787798,-0.6842441,4.6713305,-24.437326,-1.350508,0.53789425,-36.84232,-6.3633623,0.24804959,-14.035321,-5.424495,10.798616,-23.514328,-4.638861,0.62843144,-39.393852,-1.9678358,-3.1006882,-19.945236,-23.509615,17.833824,-5.857703,9.745377,3.7334676,-18.861477,-6.05682,5.5093765,-39.82096,-0.7088824,-5.482468,-18.953884
40.4674,-64.4166,-29.181255,30.242037,-2.2897406,-14.387252,-7.9088945,7.7153764,-25.351612,9.314254,-6.9711494,-2.601229,4.068343,-1.2780114,-26.59111,-2.874208,0.7935644,-35.508553,-1.672682,2.973301,-9.882318,-0.6271204,5.731161,-28.281292,-1.3579357,0.5403969,-37.18235,-6.328987,0.24983984,-14.141026,-5.304499,11.874393,-28.324364,-4.6255817,0.6332333,-39.602192,-1.8947273,-3.1351936,-19.220741,-23.50271,17.79213,-5.8414917,9.519576,4.4977098,-22.940695,-5.9622407,5.4315624,-38.289013,-0.59319687,-5.522261,-16.437397
42.428772,-67.6759,-30.184229,31.930304,-1.4871111,-14.683815,-8.34031,8.120032,-26.346636,9.852387,-7.309732,-2.1376984,4.292398,-0.75037706,-28.161692,-3.0073373,0.8007601,-36.616447,-1.7523797,3.1150742,-9.175226,-0.6103453,6.318591,-32.545246,-1.3871015,0.5504813,-42.32553,-6.8082476,0.37886295,-17.229782,-5.536959,12.640395,-33.363018,-4.8783255,0.7283371,-45.299747,-2.104045,-3.17145,-22.418217,-24.763588,18.734652,-6.1343145,9.907771,4.362971,-27.371407,-6.3375716,5.8388653,-43.961758,-0.6776611,-5.7427926,-19.271204
39.19758,-62.645466,-28.68484,29.706507,1.3009441,-12.178417,-7.691006,7.481425,-24.285938,9.150678,-6.734765,-1.1562393,4.1010137,-0.019930243,-29.042904,-2.8046005,0.7909177,-34.783756,-1.6778201,2.9140747,-9.579301,-0.572183,5.994112,-35.370388,-1.3505435,0.5508158,-42.279976,-6.5003724,0.5223112,-19.09946,-5.0375724,11.849097,-36.766926,-4.5425444,0.7341605,-45.03204,-2.058561,-2.8558767,-22.882214,-22.657455,17.180086,-5.6566534,8.851054,3.6490927,-31.767345,-5.9010115,5.530508,-44.21835,-0.6988163,-5.251823,-20.005371
38.771908,-62.099327,-28.230078,29.479895,1.3951827,-12.052526,-7.6314645,7.4292927,-24.28007,9.084488,-6.684366,-1.3025641,4.0950327,-0.015066981,-29.393053,-2.7893853,0.787208,-35.322998,-1.6633719,2.8945718,-10.084324,-0.5692763,5.9015236,-36.15751,-1.3483543,0.5534504,-43.415974,-6.5830097,0.5867051,-20.436605,-5.0057626,11.707895,-37.610435,-4.533735,0.75649065,-46.355385,-2.1435452,-2.779526,-24.230742,-22.504915,17.073832,-5.6229525,8.793,3.5060468,-32.229595,-5.9185724,5.5678496,-45.858696,-0.75910807,-5.186537,-21.492325
40.08799,-64.80888,-27.734968,30.363533,-1.6091187,-14.134971,-8.06556,7.8104773,-24.381893,9.626404,-7.041404,0.050560147,4.070629,-0.80520767,-24.44854,-2.908697,0.7933447,-33.536922,-1.7102983,3.0099022,-8.472386,-0.5941348,5.9977245,-30.545568,-1.3595512,0.55001956,-39.976257,-6.6306806,0.45380414,-17.729025,-5.303074,12.250717,-32.28402,-4.678089,0.70584273,-43.108566,-2.085338,-2.9968297,-22.814503,-23.622314,17.942633,-5.900298,9.371868,4.5156226,-28.964455,-6.1474013,5.7288103,-44.9214,-0.77354515,-5.4531946,-21.82745
40.290325,-64.492035,-28.66049,30.172821,-2.6033192,-14.570522,-8.073718,7.810114,-23.806225,9.631927,-7.0611057,0.25690678,4.036845,-1.7151169,-25.162918,-2.9070272,0.79796803,-32.448048,-1.7336133,3.0308487,-7.2158136,-0.6232416,5.556362,-28.991072,-1.3597158,0.5426562,-37.75613,-6.413764,0.2704365,-15.014771,-5.330996,11.91709,-29.869322,-4.674322,0.66525096,-41.092083,-1.9649781,-3.1196344,-20.456314,-23.601606,17.87984,-5.8876476,9.492581,4.610616,-25.239698,-6.082767,5.5815716,-41.99632,-0.66643673,-5.526806,-18.70289
39.453217,-62.510014,-28.541527,29.053432,-3.7318082,-14.799492,-7.6340604,7.4556937,-26.139826,8.862027,-6.7302537,-5.256161,3.9932508,-0.66079676,-26.395342,-2.8239806,0.76615566,-43.93317,-1.5683076,2.869601,-15.935044,-0.5971192,5.601324,-34.53955,-1.3589473,0.57508236,-53.7979,-7.251064,0.9965929,-28.26866,-5.126986,11.396559,-37.864944,-4.7040467,0.94627565,-57.426105,-2.6640954,-2.42845,-33.31411,-22.825705,17.30915,-5.708231,8.847991,2.8773556,-35.66352,-6.276923,6.072947,-57.72828,-1.1300951,-5.033085,-31.10593
39.39324,-61.806805,-29.807968,28.3042,-6.3220057,-15.938737,-7.108019,7.0708656,-32.088,7.6753864,-6.2642665,-18.393593,4.1627607,0.98264813,-33.244816,-2.7444494,0.7093143,-69.66371,-1.2291152,2.5859942,-36.292267,-0.530213,6.445511,-44.45793,-1.3720628,0.62651575,-79.53234,-8.577124,2.0978346,-48.284527,-4.876767,11.712136,-50.437656,-4.809519,1.3733239,-82.074776,-3.6500628,-1.4749016,-52.276093,-22.458454,16.985245,-5.5679083,8.200439,1.3448961,-48.344448,-6.505311,6.7028303,-77.86382,-1.6373211,-4.5016985,-46.87754
38.675697,-60.56124,-29.113724,28.453989,-2.9703004,-14.082504,-6.9760385,6.940752,-31.97913,7.5761213,-6.123374,-18.251743,4.276307,2.3350456,-37.113743,-2.7114902,0.7040662,-71.09006,-1.2245822,2.5423167,-37.59336,-0.4716103,6.971554,-52.49294,-1.373465,0.6404389,-85.73481,-8.891702,2.4318407,-53.930676,-4.695944,12.022828,-59.64967,-4.7915363,1.4923923,-88.94171,-3.902308,-1.1764617,-57.239483,-22.097843,16.682392,-5.472746,7.732866,0.67969203,-56.626076,-6.541046,6.9170623,-84.33551,-1.7853612,-4.2866116,-50.846573
38.937458,-61.028046,-29.315428,28.586393,-3.5166829,-14.424955,-6.9757714,6.954488,-32.87745,7.432688,-6.0780296,-20.714918,4.3366237,2.190245,-39.233494,-2.7108853,0.69965726,-74.95943,-1.1625502,2.49765,-41.19363,-0.4717487,7.111573,-52.702007,-1.3764728,0.6410332,-85.98208,-8.927977,2.4663553,-54.17483,-4.7035103,12.275205,-59.019962,-4.785274,1.4801314,-88.38582,-3.8866067,-1.1806123,-57.04985,-22.25432,16.79534,-5.4904594,7.8703756,1.1314793,-54.32883,-6.4755697,6.8306117,-82.07226,-1.7221205,-4.3327203,-49.631756
38.4722,-59.786346,-29.20606,28.620129,-0.5646064,-12.737012,-7.1008534,6.999304,-28.201603,7.9809318,-6.207114,-11.584679,4.16453,0.6972586,-36.599335,-2.6769118,0.7412681,-55.163334,-1.3687947,2.6184175,-26.384638,-0.53351045,6.0864496,-45.77606,-1.3502254,0.593096,-62.95898,-7.599484,1.5200571,-36.569115,-4.7271204,11.595166,-48.805164,-4.5420694,1.0852334,-65.695946,-2.9524555,-1.9276094,-39.450073,-21.879988,16.544998,-5.4074316,8.129772,2.2866716,-42.3173,-5.995846,6.001479,-61.10546,-1.1757326,-4.652129,-33.46132
38.56375,-60.52592,-29.136488,27.795513,-5.373818,-15.18286,-7.487114,7.286863,-24.380558,8.717787,-6.605905,-3.458933,3.7266521,-2.1140203,-22.014723,-2.750895,0.77527654,-37.81249,-1.5844295,2.8370593,-12.2551985,-0.6533387,4.52147,-26.747952,-1.3354058,0.55399287,-44.624306,-6.6436234,0.64493334,-21.296816,-5.0987377,10.214498,-28.419603,-4.517545,0.7502839,-46.77598,-2.2499025,-2.6551266,-25.720045,-22.156591,16.79953,-5.553606,8.847715,2.4563575,-28.063662,-6.021652,5.654609,-49.95233,-0.9636501,-5.00606,-25.801973
33.431908,-53.290035,-23.250278,24.30485,-7.1613674,-14.65917,-6.9007926,6.609896,-19.151516,7.85885,-5.953322,-2.738497,3.2167683,-1.8856704,-14.0386715,-2.5407183,0.7713504,-28.994041,-1.551331,2.6627545,-8.230279,-0.6106298,5.0427446,-16.667229,-1.2812566,0.5328365,-32.757034,-5.5282927,0.28983098,-13.456248,-4.590083,10.213391,-18.438702,-4.0282607,0.5862174,-34.317837,-1.7660363,-2.6726518,-17.979548,-19.762827,14.962522,-5.024764,8.182716,4.4064164,-18.003508,-5.1811633,4.7841225,-36.146286,-0.67168367,-4.6866403,-17.728252
33.0099,-53.26348,-21.631823,24.153492,-8.631157,-15.434629,-6.9078197,6.6248493,-19.619047,7.81703,-5.96996,-3.6290286,3.161899,-1.863775,-11.72206,-2.5562317,0.76593745,-29.858608,-1.5422037,2.668468,-8.43703,-0.61868006,5.1616335,-13.668764,-1.2791307,0.5332091,-32.49215,-5.490081,0.27103302,-12.934437,-4.6468244,10.204303,-15.572467,-4.0409365,0.59891427,-34.095158,-1.7843809,-2.6743379,-18.314127,-19.827963,15.030539,-5.0572796,8.336975,4.6845136,-15.395133,-5.1816387,4.8046923,-35.39954,-0.6916479,-4.7082767,-18.031286
35.33353,-57.80304,-21.66824,26.254507,-8.783483,-16.457602,-7.37071,7.097944,-22.680508,8.19958,-6.328317,-6.928138,3.5334463,-0.027463153,-14.731824,-2.7255769,0.7537625,-40.668953,-1.5197029,2.7696524,-14.98216,-0.55527484,6.707507,-22.576412,-1.3239399,0.56968,-49.636223,-6.814176,0.9281827,-25.945724,-4.882601,11.901147,-27.287588,-4.4644213,0.91986865,-52.736763,-2.5999622,-2.2968974,-32.16775,-21.460022,16.276901,-5.4462147,8.658151,4.7215834,-27.169518,-5.876494,5.7253413,-52.681755,-1.1260767,-4.7836246,-30.299847
37.919994,-61.715084,-25.407455,27.883839,-7.3187475,-16.34442,-7.5050626,7.307854,-26.85112,8.299557,-6.507043,-11.01858,3.916955,0.9017948,-22.680225,-2.8136246,0.73917943,-54.192043,-1.4411231,2.7813797,-24.017994,-0.52474666,7.0326576,-34.483017,-1.3614557,0.60318077,-67.672035,-8.01066,1.5730885,-39.30967,-4.9887896,12.398066,-40.94066,-4.7955275,1.2175105,-71.6428,-3.3245401,-1.8781695,-45.137383,-22.456556,17.022457,-5.664427,8.568546,3.2353768,-40.982132,-6.4648743,6.500348,-70.66071,-1.5162802,-4.726793,-42.038986
41.183537,-66.90643,-27.59979,30.918707,-3.2463531,-15.310259,-7.9639997,7.801059,-30.024256,8.971384,-6.90648,-11.44241,4.4375324,1.6019598,-32.588173,-2.963868,0.7426398,-60.761257,-1.459466,2.875679,-27.87333,-0.50141877,7.5149765,-45.905052,-1.4026258,0.61839896,-74.44874,-8.673432,1.8446139,-44.05983,-5.23647,13.458449,-51.959362,-5.0842113,1.3300817,-79.0291,-3.5842814,-1.8672464,-49.623707,-24.18846,18.334145,-6.028014,8.964716,3.0960402,-48.389725,-6.8671203,6.976331,-75.987785,-1.573968,-5.006635,-44.39967
38.803627,-62.2577,-27.356283,29.184904,-0.7433733,-13.151226,-7.3793526,7.249627,-28.636347,8.296349,-6.416612,-11.525077,4.3065324,2.4014087,-34.547794,-2.7840595,0.7347285,-58.687263,-1.3928603,2.703613,-28.101671,-0.45821843,7.5511436,-48.235783,-1.3743093,0.6159508,-72.70186,-8.282929,1.8770635,-43.792465,-4.8057256,12.989644,-54.35421,-4.7767515,1.2839422,-76.34792,-3.4276671,-1.6940588,-47.642097,-22.493196,17.043755,-5.6136065,8.108412,2.6228838,-50.712658,-6.412751,6.576315,-72.457695,-1.4943155,-4.645326,-41.947998
34.755127,-54.897686,-26.118692,26.551819,3.6072776,-9.548637,-6.8146243,6.618329,-21.74454,8.190861,-5.990246,-0.29909176,3.8039763,0.68871695,-29.879013,-2.5393775,0.77138907,-33.314285,-1.5620308,2.6408784,-10.988984,-0.5256836,5.5802927,-38.811863,-1.3029695,0.55390584,-43.365295,-6.1692824,0.7841408,-22.55199,-4.391937,10.828243,-41.29847,-4.1088076,0.7620069,-46.314747,-2.1074479,-2.3558888,-25.246838,-19.968592,15.115142,-5.0259686,7.4656634,2.8268313,-37.369953,-5.3680544,5.215619,-46.10997,-0.8167684,-4.551061,-22.481798
36.48449,-58.513344,-26.683046,28.13534,4.0939693,-9.902379,-7.27171,7.0562377,-21.853285,8.834896,-6.375622,1.9052813,3.9199917,0.9904193,-26.904173,-2.6609576,0.791812,-28.579268,-1.6527327,2.778455,-7.6788425,-0.5293796,6.308346,-34.490055,-1.31744,0.5388142,-35.006966,-5.866558,0.423396,-15.542244,-4.660928,11.7863245,-36.190483,-4.1877055,0.5829884,-36.675377,-1.6757187,-2.8465297,-17.801285,-21.066996,15.990511,-5.309454,8.033145,3.8955846,-33.831333,-5.4188204,5.0954394,-37.59168,-0.565956,-4.977623,-16.258612
35.60309,-57.28568,-25.55468,27.63562,4.269805,-9.560899,-7.1444144,6.9335446,-21.255627,8.714154,-6.2747207,2.4504375,3.836841,1.138002,-25.355198,-2.620737,0.7919823,-25.98737,-1.648833,2.7450655,-6.3431296,-0.5213778,6.4150524,-32.044636,-1.305975,0.53178,-30.741035,-5.534247,0.28766412,-12.380449,-4.5730186,11.794785,-33.410137,-4.069805,0.50850284,-31.9945,-1.4786325,-2.924783,-14.612819,-20.663027,15.675525,-5.2143106,7.9267125,4.318591,-31.19411,-5.2125053,4.8606963,-32.60076,-0.45871004,-4.953607,-13.192877
38.23164,-61.23544,-27.516422,29.676207,4.1355534,-10.530132,-7.6232257,7.4038396,-23.258223,9.128726,-6.635803,0.57035923,4.13331,1.9923818,-28.313997,-2.769881,0.7939404,-31.987095,-1.6839576,2.8775225,-9.282629,-0.50479317,7.116123,-38.58515,-1.3478593,0.555752,-42.284554,-6.535954,0.6662047,-20.555162,-4.857542,12.679426,-40.865967,-4.441559,0.71746004,-44.36507,-2.047972,-2.7603977,-23.019497,-22.268858,16.88506,-5.567108,8.444102,3.9433756,-37.77083,-5.792406,5.510589,-44.13924,-0.71564305,-5.12449,-20.60759
37.459675,-60.664307,-24.815044,29.700737,5.1309586,-9.9953985,-7.538469,7.334833,-23.539145,8.891986,-6.4967093,-1.6157923,4.194296,2.933557,-29.94859,-2.7481353,0.7884006,-34.26789,-1.626553,2.8202105,-11.943986,-0.46817425,7.924509,-40.03244,-1.3423084,0.5556445,-42.12329,-6.5967336,0.7663648,-21.433767,-4.760536,13.522901,-41.888317,-4.393713,0.73561025,-44.316902,-2.1322243,-2.6589348,-24.165995,-22.15289,16.794971,-5.5284443,8.476177,5.097198,-35.82982,-5.6612926,5.414272,-41.25954,-0.6945725,-5.0881863,-19.9268
37.315926,-60.411716,-24.912914,29.343931,4.1221647,-10.411555,-7.359075,7.2089314,-25.35429,8.444808,-6.321287,-6.4301505,4.2373724,3.382396,-31.962587,-2.7229388,0.77372557,-41.738934,-1.5270771,2.7330835,-17.90551,-0.44616458,8.2470255,-41.86226,-1.3463088,0.56747484,-48.201916,-6.8769736,1.0326103,-26.003891,-4.688845,13.588143,-43.88541,-4.3998313,0.831192,-49.67246,-2.3327262,-2.4390864,-28.131113,-21.9592,16.661213,-5.477397,8.388918,4.793032,-36.94038,-5.6501184,5.4892454,-44.581013,-0.7652651,-4.9690323,-22.643475
39.05853,-63.09082,-26.413734,30.603493,4.092642,-10.961223,-7.587143,7.466109,-27.577105,8.598694,-6.503041,-9.2013,4.449685,3.6501942,-35.22914,-2.805819,0.77203506,-47.51401,-1.5031865,2.7738419,-21.909002,-0.43712172,8.71487,-44.809895,-1.3705611,0.5775281,-52.87781,-7.268428,1.1759162,-28.896677,-4.854737,14.21463,-46.768353,-4.5699005,0.8897424,-53.69224,-2.4638526,-2.4540093,-30.481459,-22.888716,17.378477,-5.684661,8.726438,4.854744,-38.702023,-5.8544984,5.698086,-46.993042,-0.7752888,-5.1438837,-23.925299
40.249577,-64.91077,-27.549536,31.530294,4.6708302,-11.012949,-7.86718,7.709988,-27.062294,9.07138,-6.755652,-6.2916203,4.5040836,3.1568928,-34.88316,-2.871643,0.7852886,-43.43066,-1.5851147,2.8743062,-18.224388,-0.45773926,8.538958,-43.97238,-1.3794322,0.5706486,-48.977776,-7.1343064,0.96913505,-25.290312,-5.0157833,14.336302,-45.46452,-4.639287,0.8147492,-49.876053,-2.2887971,-2.6955895,-27.147583,-23.526798,17.85889,-5.835392,8.996367,5.029397,-37.954643,-5.945932,5.7060366,-44.30448,-0.6864002,-5.355081,-21.363344
40.551224,-65.23861,-28.407755,31.683199,5.1089325,-10.8266115,-7.9629693,7.776027,-26.074305,9.3451185,-6.870704,-3.167535,4.4690037,2.4922867,-34.011143,-2.8831704,0.79375273,-39.028645,-1.6493596,2.9266484,-14.316457,-0.48735684,7.944396,-42.900196,-1.3777151,0.56360686,-45.54481,-6.9309645,0.7928138,-22.364494,-5.079538,13.820679,-44.164345,-4.636508,0.7573419,-46.98596,-2.1484017,-2.8334906,-24.519363,-23.59622,17.907469,-5.8569555,9.024768,4.611797,-37.64392,-5.969784,5.6819167,-43.130527,-0.64703804,-5.4153876,-19.847374
41.21551,-66.39516,-28.83001,32.086853,4.4339004,-11.41742,-8.027861,7.865712,-27.86485,9.319012,-6.92251,-5.8738623,4.5910115,3.1327028,-35.485878,-2.930759,0.78314054,-45.598225,-1.6172135,2.935975,-18.667204,-0.45786232,8.426605,-46.822983,-1.3952248,0.5837146,-55.334137,-7.5719843,1.1735753,-29.732586,-5.130335,14.229657,-49.529045,-4.797521,0.9292402,-56.815678,-2.564294,-2.5673885,-31.828955,-24.020124,18.242785,-5.961323,9.031949,4.184423,-43.498478,-6.2550087,6.0963497,-52.834766,-0.8793596,-5.3502083,-26.718853
39.844757,-64.27486,-27.52601,31.085949,4.2443547,-11.084123,-7.7788763,7.623693,-27.169937,9.002232,-6.7040896,-6.2353487,4.469323,3.1311781,-34.508778,-2.8570616,0.77765673,-44.941135,-1.5796866,2.8562543,-18.854364,-0.4540694,8.289619,-45.203175,-1.3784665,0.57988113,-53.39445,-7.327148,1.14856,-28.729288,-4.9760494,13.894969,-47.75336,-4.6549077,0.9031377,-54.708466,-2.4843724,-2.501736,-30.794102,-23.27081,17.672,-5.787669,8.779006,4.217415,-41.561,-6.04102,5.9025826,-50.46407,-0.8451083,-5.2015834,-25.58319
37.493416,-60.636032,-25.573616,29.304672,3.8044212,-10.580703,-7.359171,7.215855,-26.054659,8.484399,-6.346372,-6.6540937,4.258293,3.229147,-32.36495,-2.7387915,0.76740915,-44.411133,-1.5238972,2.7343543,-19.331802,-0.44490898,8.023054,-43.446243,-1.3537374,0.5789207,-53.22899,-7.1151857,1.2204505,-29.560099,-4.7178082,13.225757,-46.475327,-4.455533,0.9078952,-54.35841,-2.483348,-2.29936,-31.387653,-21.982235,16.703234,-5.5015516,8.264067,3.8532891,-41.1635,-5.7939987,5.7272315,-50.738346,-0.89723086,-4.8910403,-26.572973
37.518345,-60.814438,-25.31833,29.478601,4.1386113,-10.44629,-7.3687344,7.2261147,-26.006824,8.470829,-6.3461976,-6.8853,4.2748647,3.3343155,-32.78343,-2.737677,0.76898295,-43.937096,-1.5201881,2.7312663,-19.21865,-0.43993065,8.191944,-43.321484,-1.3529027,0.575811,-51.58544,-7.045245,1.1672249,-28.42731,-4.7140064,13.434424,-45.885075,-4.4391785,0.8812898,-52.770065,-2.4337897,-2.3474317,-30.295816,-22.031723,16.735035,-5.5049114,8.330667,4.2152257,-39.694576,-5.7461305,5.6530514,-48.420856,-0.84990597,-4.927812,-25.143045
34.04284,-55.516884,-21.870789,27.12444,4.262201,-9.362892,-6.786136,6.6576867,-23.963884,7.777475,-5.835169,-6.7723145,3.9805734,3.3345332,-30.36146,-2.5591536,0.76130986,-40.327347,-1.4449508,2.5516899,-18.49505,-0.4328983,7.9300117,-38.809006,-1.3104191,0.56066644,-43.986935,-6.3293023,1.0036274,-24.131245,-4.3363714,12.81614,-40.71657,-4.0670195,0.76223665,-44.609447,-2.136877,-2.2838855,-25.87317,-20.217682,15.3613,-5.0880795,7.7593565,4.8086834,-33.719624,-5.167512,5.0658107,-39.54442,-0.6993424,-4.625206,-20.460962
36.16903,-58.399284,-24.107351,28.726004,5.8365664,-9.173601,-7.2522507,7.065263,-23.149105,8.627107,-6.275662,-1.3017483,4.1142406,2.5218673,-31.245182,-2.6657295,0.78181875,-34.0139,-1.5877311,2.7277105,-12.3421,-0.47035283,7.413024,-39.875618,-1.3268394,0.55145574,-39.809395,-6.2778797,0.72152865,-20.0267,-4.5916886,12.873144,-41.42991,-4.2295356,0.69505644,-41.94314,-2.0147066,-2.5976367,-22.65637,-21.33698,16.178202,-5.333022,8.141499,4.862287,-34.53963,-5.4124274,5.1890063,-38.51692,-0.63571393,-4.9320254,-18.266634
35.46716,-57.90381,-22.139027,28.59566,6.164847,-8.933602,-7.1923175,7.0067015,-22.991053,8.483349,-6.1836543,-2.260554,4.1136456,2.805555,-31.684252,-2.6452224,0.77981377,-34.071377,-1.5705119,2.7034655,-12.467392,-0.45460746,7.7320843,-39.545433,-1.3194542,0.54843104,-38.421448,-6.182599,0.6805837,-19.214632,-4.529048,13.237554,-40.77717,-4.1927223,0.70459294,-41.054676,-2.0150769,-2.5882044,-22.325636,-21.186428,16.063166,-5.2911205,8.203334,5.677936,-31.384832,-5.2843037,5.04961,-35.494644,-0.57162136,-4.936827,-16.552824
34.89363,-57.31465,-21.09909,28.323566,5.8894486,-8.982867,-7.1047454,6.9222293,-23.512827,8.256689,-6.059935,-4.5323176,4.1362424,3.428833,-32.538204,-2.628349,0.7696017,-38.48119,-1.5156469,2.6502259,-16.142302,-0.42003167,8.264134,-41.550575,-1.3194847,0.5588774,-43.62583,-6.453748,0.9246756,-23.585707,-4.4367366,13.683795,-43.851143,-4.2014885,0.8030245,-46.211166,-2.234191,-2.3688345,-26.52887,-21.013517,15.9323,-5.2502947,8.037446,5.89768,-34.092487,-5.29318,5.1591597,-39.591637,-0.6713401,-4.8158503,-19.845284
35.436832,-58.359055,-21.163218,28.814526,5.861443,-9.213355,-7.230204,7.038746,-24.038858,8.358734,-6.137131,-5.2749066,4.2159624,3.7303667,-33.230827,-2.6685367,0.7684005,-40.602383,-1.5162847,2.6763842,-17.519651,-0.4045264,8.62578,-43.18827,-1.3290683,0.56547374,-46.696392,-6.6996403,1.0381385,-25.862642,-4.4922614,14.12224,-45.998928,-4.287253,0.858433,-49.459457,-2.3651001,-2.320476,-28.82152,-21.401413,16.225512,-5.3408794,8.132585,6.0384045,-36.128185,-5.4169,5.3169284,-42.491043,-0.72665083,-4.8596654,-21.784634
32.775635,-54.647736,-18.616314,26.93196,5.660967,-8.55757,-6.7791734,6.6073923,-23.01837,7.785997,-5.7355757,-6.016366,3.9988837,3.7989378,-31.027027,-2.545491,0.76094806,-39.666203,-1.4488888,2.5361044,-18.266594,-0.39940816,8.338887,-40.054337,-1.3018699,0.5590921,-43.591293,-6.3021245,1.032913,-24.670418,-4.2370143,13.397613,-42.44655,-4.0271273,0.7991676,-45.333275,-2.1962562,-2.2048724,-27.054613,-20.001398,15.196179,-5.0446377,7.6797585,5.896317,-33.21794,-5.043763,4.9895434,-38.675846,-0.6757332,-4.593361,-20.425247
32.833485,-54.577457,-19.22503,26.756247,5.1334395,-8.796107,-6.7008004,6.555823,-23.967093,7.6160088,-5.67436,-7.9758515,4.0194798,3.9881644,-31.747738,-2.5384488,0.7538906,-43.38566,-1.4020171,2.49631,-21.42937,-0.39160088,8.445833,-41.150738,-1.3054539,0.5658808,-47.149776,-6.486534,1.1997356,-27.458042,-4.213498,13.371821,-43.82328,-4.0348673,0.8411562,-48.160183,-2.2964678,-2.0863466,-29.302267,-19.946085,15.147937,-5.030304,7.581254,5.509103,-35.305973,-5.081724,5.0819244,-41.585426,-0.7428243,-4.5200267,-22.671854
32.418964,-54.024826,-18.744606,26.560406,5.8543863,-8.308711,-6.7701654,6.5702515,-21.67396,7.955891,-5.765582,-2.6776297,3.8885393,3.28496,-28.542084,-2.5336385,0.76781386,-34.470974,-1.5064261,2.5594168,-14.241597,-0.4238068,7.7886753,-37.785545,-1.2929758,0.55056936,-39.31271,-6.0022645,0.88405967,-21.484152,-4.2410054,12.785332,-40.1226,-3.954692,0.7242526,-41.169735,-2.0069404,-2.3015134,-24.069345,-19.738186,14.990853,-4.999653,7.554023,5.409458,-33.195084,-4.9963512,4.931912,-37.16138,-0.64736795,-4.5697837,-19.206314
33.052982,-54.688103,-20.09112,26.67264,4.661017,-9.025849,-6.6951222,6.5522885,-24.08729,7.665064,-5.7098007,-7.3250337,3.9827852,3.7031274,-30.978046,-2.5402608,0.7525062,-42.973637,-1.4173576,2.5044813,-20.706333,-0.4055105,8.118569,-41.05653,-1.3062917,0.5690185,-48.346703,-6.5342617,1.2518675,-28.149752,-4.2448554,12.915147,-43.99213,-4.046973,0.8587624,-49.405586,-2.329688,-2.0459085,-29.910929,-19.925535,15.143443,-5.031335,7.523137,4.723626,-37.158962,-5.1635323,5.2087603,-44.45878,-0.8163887,-4.4691586,-24.376905
33.847443,-55.806293,-21.168034,27.036125,3.7890077,-9.663676,-6.714522,6.6121135,-25.915642,7.5292163,-5.723233,-10.73522,4.0829744,3.9959948,-32.81918,-2.565802,0.74448586,-48.968243,-1.3578345,2.482258,-25.291769,-0.39813322,8.424234,-42.82828,-1.3188394,0.5790194,-53.35654,-6.8566227,1.4433463,-31.665487,-4.297354,13.149464,-45.81265,-4.13073,0.92615455,-53.68225,-2.4910874,-1.9473886,-32.93967,-20.271915,15.413345,-5.1033087,7.630764,4.465726,-38.67486,-5.2803574,5.364091,-47.597973,-0.87821686,-4.4822173,-26.67609
37.5799,-61.365826,-24.119219,29.84422,5.363006,-9.945036,-7.643278,7.40504,-23.783691,9.040613,-6.4966455,-1.6185627,4.262307,2.6467018,-31.474487,-2.7734394,0.78541017,-37.265892,-1.5946143,2.7817912,-15.141343,-0.4583877,8.073463,-40.53318,-1.3444384,0.5562281,-41.3455,-6.5016313,0.8340223,-21.1678,-4.775467,13.9038515,-42.503582,-4.3547454,0.70385975,-42.54492,-1.9886603,-2.6658058,-23.665562,-22.32999,16.951883,-5.5782948,8.451345,5.469845,-36.922264,-5.57112,5.3986387,-39.825855,-0.5985391,-5.1385517,-19.25601
36.55374,-59.934525,-23.401403,29.384083,6.4988074,-9.079986,-7.6496754,7.347826,-20.799997,9.346768,-6.5441976,4.412036,4.0836034,1.984438,-27.571016,-2.7421763,0.80024785,-26.970459,-1.7067766,2.8388476,-7.003558,-0.4937582,7.237898,-36.920063,-1.3245444,0.5381259,-32.84199,-5.9358735,0.45190004,-15.056554,-4.7446775,13.110824,-38.913177,-4.2448354,0.5830418,-35.581013,-1.6994987,-2.8769932,-18.502426,-21.821669,16.56528,-5.482624,8.298733,5.3041844,-34.854145,-5.4653096,5.202161,-35.78303,-0.51793116,-5.136046,-15.885955
38.34353,-63.26528,-24.442924,30.714663,5.5921607,-10.19431,-8.058322,7.7304487,-21.496782,9.86903,-6.902581,5.17089,4.2067785,1.5020145,-27.136482,-2.855621,0.8070413,-26.31639,-1.7604587,2.963467,-5.678221,-0.50252783,7.3564215,-36.251762,-1.3417859,0.5369167,-32.163445,-6.1356378,0.35540575,-14.002402,-5.0066223,13.669406,-38.02194,-4.437631,0.57883316,-35.501305,-1.7262661,-3.0753675,-18.027378,-23.01715,17.452093,-5.7556753,8.83122,5.95528,-33.74875,-5.7360625,5.3839006,-36.605865,-0.52237093,-5.4164824,-16.086939
38.524097,-64.30701,-22.565172,31.2078,3.9491634,-11.369601,-8.356781,7.962895,-20.640999,10.191887,-7.098686,6.143671,4.205508,2.0000484,-23.136518,-2.9341722,0.8068067,-25.67439,-1.7920568,3.04278,-4.8454695,-0.48108026,8.030959,-35.167793,-1.3492683,0.54332817,-34.43078,-6.4869914,0.4669533,-16.613892,-5.127697,14.520634,-38.546673,-4.5827346,0.6634808,-39.308197,-2.0054638,-3.0010922,-22.065681,-23.636816,17.93882,-5.920642,9.059083,6.963348,-35.409233,-6.0011044,5.696204,-41.544163,-0.70841885,-5.471325,-20.817146
36.49048,-62.304577,-17.783344,30.177315,2.252265,-11.888627,-8.281882,7.8079004,-18.566284,10.077345,-6.949552,7.1953244,3.9924774,1.6901134,-19.01716,-2.8992898,0.7994117,-23.071465,-1.7953646,3.0054913,-2.8224254,-0.47969535,8.027387,-30.934029,-1.3248663,0.53938186,-30.93405,-6.181772,0.40501916,-14.864114,-5.0353336,14.493454,-34.924892,-4.4714355,0.69143605,-37.897343,-2.0193686,-2.9035347,-22.657473,-23.026863,17.51902,-5.8135347,8.990898,8.0511675,-31.077976,-5.8182707,5.607277,-39.71455,-0.72581536,-5.3597307,-21.121353
37.70173,-64.555016,-17.309944,31.018507,-0.07712089,-13.546364,-8.679603,8.154492,-18.438133,10.411381,-7.211548,6.8417225,4.053229,1.4331014,-17.197355,-3.0057876,0.80435884,-23.278852,-1.8296978,3.0988503,-2.635853,-0.48678958,8.591341,-28.282717,-1.3415625,0.5402117,-29.88864,-6.2970943,0.33918127,-13.490051,-5.264468,15.318857,-32.215664,-4.618802,0.679353,-36.98267,-2.0222878,-3.0618203,-21.996025,-24.004044,18.265635,-6.0545387,9.55524,9.189768,-27.715342,-5.9691925,5.7076893,-38.099514,-0.6826129,-5.6179466,-20.015772
37.9332,-65.527626,-15.716894,31.14432,-3.4672582,-15.496949,-8.935229,8.359575,-17.944843,10.519439,-7.3510723,5.9040327,4.034642,1.1777318,-14.713185,-3.071227,0.80148435,-24.837315,-1.8266685,3.13821,-3.5683122,-0.50035214,9.071808,-24.554367,-1.3478631,0.54231477,-29.735476,-6.393194,0.32842755,-12.9459505,-5.4140825,15.935906,-28.701836,-4.7166686,0.70297533,-37.459557,-2.1267395,-3.0890205,-22.94205,-24.568342,18.68183,-6.1997385,9.984587,10.419521,-23.387386,-6.052463,5.7885313,-37.074753,-0.700722,-5.7492046,-19.957489
38.042477,-65.0529,-18.263626,30.160854,-5.709585,-16.361273,-8.601623,8.118612,-19.806915,9.974889,-7.1817756,1.9088848,3.9431133,0.7930084,-14.530137,-3.0113251,0.78597397,-30.625353,-1.7255323,3.0531971,-7.7267666,-0.51351446,8.655585,-23.149174,-1.3482385,0.55273056,-35.37103,-6.5857115,0.4785852,-16.42921,-5.342107,15.181402,-27.550879,-4.710037,0.7584172,-41.568546,-2.2668896,-2.931188,-25.511362,-24.05985,18.302633,-6.08354,9.718799,9.166138,-24.705496,-6.100397,5.8323874,-41.513668,-0.8380921,-5.5706177,-23.20531
32.483803,-54.079746,-16.847744,24.884155,-8.807437,-15.802287,-7.356546,6.939614,-16.399311,8.372588,-6.168815,0.16212353,3.2065792,-1.2783808,-8.978729,-2.6372426,0.7779054,-22.794346,-1.6160964,2.7364542,-4.4881954,-0.5802635,6.6046705,-10.480727,-1.2753825,0.52099186,-21.635117,-5.051191,-0.013244994,-5.8159137,-4.7132697,12.184081,-12.124372,-4.005501,0.48029992,-24.647669,-1.5121057,-2.9527247,-12.982131,-20.428764,15.493081,-5.2157307,8.786187,8.180422,-8.968072,-4.9939294,4.578355,-24.143066,-0.45546758,-4.996605,-11.387232
33.575714,-55.404774,-18.543798,25.357296,-9.732369,-16.54861,-7.466827,7.0735207,-17.96093,8.387903,-6.269614,-2.0647955,3.2940297,-0.9891504,-9.404322,-2.6819339,0.7753588,-27.401087,-1.5920227,2.7638893,-7.5921345,-0.576665,6.8835106,-11.456294,-1.2925333,0.53074765,-27.14533,-5.450023,0.145396,-9.361754,-4.811954,12.454594,-13.754794,-4.136854,0.5431101,-29.181784,-1.6885104,-2.897334,-15.98456,-20.954721,15.88511,-5.332799,8.921002,7.835003,-11.558365,-5.1987824,4.7876854,-28.523436,-0.54809177,-5.044861,-14.307439
32.6631,-52.989452,-20.272106,24.254595,-8.422463,-15.343546,-7.027308,6.6873536,-18.226215,7.94136,-5.9782887,-2.639357,3.1785004,-1.4717683,-11.113061,-2.5647018,0.7704892,-27.589972,-1.5545452,2.676214,-7.6573153,-0.59316176,5.7804317,-13.235833,-1.2785484,0.531075,-29.426952,-5.374186,0.19352512,-11.104682,-4.6017036,11.097971,-15.338721,-4.006857,0.5583775,-30.957336,-1.6879456,-2.749033,-16.600534,-19.916307,15.091503,-5.0704317,8.380627,6.129673,-13.939102,-5.070361,4.670214,-31.457987,-0.59398425,-4.775888,-15.703159
32.88787,-52.606167,-22.024202,23.982656,-7.879198,-14.909387,-6.8898716,6.576759,-18.39617,7.8301163,-5.9119315,-2.5376868,3.1587136,-2.1708965,-13.022444,-2.526867,0.7707651,-28.215193,-1.540946,2.6490428,-7.812108,-0.6207298,4.9515724,-14.421932,-1.2752477,0.5287124,-30.551437,-5.377781,0.19970946,-11.780747,-4.5732107,10.192988,-15.948429,-3.9845152,0.5542445,-32.16573,-1.6969492,-2.7107239,-16.75738,-19.614641,14.861028,-4.9915733,8.22485,4.9313955,-14.841323,-5.080466,4.660395,-33.578976,-0.6224842,-4.691771,-16.35924
35.708076,-55.5467,-27.185732,25.8766,-4.0965943,-13.644926,-6.910119,6.7123213,-22.951468,7.9491873,-6.07824,-4.944137,3.5937994,-0.8005985,-23.549421,-2.5897071,0.75729585,-40.102512,-1.4910818,2.6585455,-15.212822,-0.5936726,4.8785543,-31.597443,-1.3129923,0.5662759,-50.5307,-6.695329,0.9703913,-27.23051,-4.631422,10.117325,-35.004425,-4.30495,0.89108634,-53.725468,-2.5177033,-2.1813896,-31.37066,-20.46636,15.48927,-5.1539173,7.898887,2.3899477,-34.107254,-5.7232213,5.566813,-54.58412,-1.0958716,-4.5229235,-29.785439
37.113853,-57.639893,-28.779245,26.950176,-3.3786137,-13.622517,-7.0386877,6.8570404,-24.311106,8.145083,-6.2042003,-5.2055173,3.7340057,-1.6494945,-28.05704,-2.623634,0.7577886,-42.285442,-1.4846599,2.6698139,-16.287497,-0.62051105,4.4056864,-34.332287,-1.3204175,0.56673753,-49.938103,-6.7174764,0.9420239,-26.243052,-4.741834,10.020617,-36.37836,-4.362431,0.8783044,-53.172615,-2.4636853,-2.2697687,-30.45265,-21.044378,15.932344,-5.2587156,8.131314,2.2675624,-33.47252,-5.7759633,5.595372,-53.28334,-1.0266811,-4.6615453,-27.991539
38.039036,-58.611034,-29.896149,28.037645,-0.78754914,-12.576351,-7.1753716,6.992964,-24.434635,8.340038,-6.3028884,-4.743364,3.9266279,-0.77732646,-31.661224,-2.6471179,0.7625496,-42.536797,-1.4892156,2.689158,-17.00604,-0.589919,5.024864,-38.886703,-1.3308728,0.5679672,-50.140446,-6.831363,0.9564314,-26.638462,-4.740021,10.80652,-40.88762,-4.4065475,0.8603327,-53.261307,-2.4575825,-2.32169,-30.176712,-21.501322,16.238993,-5.3282204,8.120906,2.6125329,-36.773643,-5.819769,5.6126018,-52.285133,-0.9788513,-4.7510395,-26.723505
40.040165,-62.06305,-31.069197,29.632483,0.0029627234,-12.800058,-7.61289,7.413503,-24.56106,8.937951,-6.671609,-3.1127777,4.120204,-0.6181793,-32.104713,-2.7656465,0.7808579,-39.228775,-1.5796548,2.832824,-14.182235,-0.5807385,5.7617836,-37.46986,-1.3523608,0.5578198,-44.61542,-6.6832385,0.6419685,-21.302895,-4.9743366,11.909236,-38.688248,-4.538106,0.7460554,-47.244858,-2.1884332,-2.733676,-24.8597,-22.661406,17.13453,-5.602047,8.692344,3.8175068,-33.566235,-5.8992834,5.518702,-45.566998,-0.7483789,-5.1686273,-21.131685
39.74812,-62.734364,-29.849157,29.833809,1.6548892,-12.040756,-7.6592007,7.4565167,-24.699968,9.09461,-6.717399,-1.8701913,4.1347103,0.09769546,-30.426191,-2.789511,0.786238,-36.970333,-1.6236782,2.8732595,-12.120789,-0.5680835,6.061384,-37.29167,-1.3518267,0.55408317,-43.79365,-6.6378245,0.6281854,-20.908064,-4.994215,12.039431,-39.06697,-4.5389695,0.7415307,-46.428112,-2.1292024,-2.7771447,-24.199636,-22.680012,17.181398,-5.63984,8.662399,3.6084242,-35.106575,-5.9240746,5.5758505,-45.718475,-0.7522121,-5.1957364,-21.55756
37.33522,-59.17807,-28.450487,28.093441,2.158269,-11.014795,-7.267483,7.0682287,-22.985401,8.652765,-6.38218,-0.9581731,3.9376583,0.6471546,-28.04191,-2.6764755,0.7833922,-33.362175,-1.6223586,2.7833264,-10.099111,-0.539794,6.093935,-35.438843,-1.3292459,0.5510483,-41.53007,-6.2181673,0.5834924,-19.49841,-4.7215714,11.466557,-37.63378,-4.3110256,0.70815384,-43.705067,-1.9584084,-2.6957817,-22.084812,-21.274395,16.141867,-5.3489895,8.119369,3.2073112,-35.074276,-5.5893617,5.2964144,-43.266457,-0.68867755,-4.9468093,-19.783049
37.086983,-59.158913,-27.204672,28.396317,3.0348756,-10.618515,-7.313092,7.1151404,-22.914608,8.671052,-6.3737383,-0.9622883,3.9855237,1.3415054,-28.112953,-2.684373,0.7874504,-32.397236,-1.6325583,2.7870772,-9.829367,-0.5235808,6.546809,-35.9646,-1.3305144,0.5496622,-40.190346,-6.2083864,0.5840211,-18.69131,-4.7198195,11.882547,-37.563496,-4.293777,0.6840322,-41.809902,-1.910282,-2.731494,-21.03645,-21.424124,16.24554,-5.3700705,8.252972,3.6330075,-33.599857,-5.533863,5.2362933,-40.543015,-0.62739855,-4.991808,-18.118633
38.78423,-62.248302,-27.491533,30.074797,3.5828109,-10.9995985,-7.737984,7.5173335,-23.709494,9.181756,-6.694543,-0.451473,4.18811,1.6299868,-29.317698,-2.8030028,0.7956811,-33.284157,-1.6833569,2.8954794,-9.922049,-0.5191495,7.0462112,-37.980762,-1.3541996,0.55339634,-41.361687,-6.5066986,0.6136706,-19.241375,-4.9563975,12.703266,-39.4347,-4.482173,0.70018154,-43.1288,-1.9881191,-2.8451025,-21.893436,-22.656122,17.176346,-5.6475763,8.748401,4.086317,-34.515522,-5.7968917,5.480181,-41.681667,-0.63282645,-5.244674,-18.612837
39.147053,-63.29565,-26.964485,30.626762,4.1629457,-10.882591,-7.8623586,7.635957,-23.73568,9.358945,-6.7832375,0.01809679,4.24578,1.680633,-29.445698,-2.8337457,0.80116004,-31.89532,-1.7027605,2.9273791,-9.009637,-0.51615584,7.3054876,-37.27775,-1.3567846,0.5480844,-38.09364,-6.3883934,0.4875252,-16.757698,-5.01194,13.214894,-38.0513,-4.4908147,0.642665,-39.557545,-1.8535514,-2.9971998,-19.509466,-23.005968,17.44008,-5.7245417,8.963431,4.912384,-31.955536,-5.7578497,5.379846,-37.505955,-0.5244222,-5.388306,-15.912515
37.155308,-59.87038,-26.057257,28.950323,4.2284956,-10.1350765,-7.4735923,7.2443843,-22.320555,8.936136,-6.4620194,0.76223767,4.0369177,1.5983477,-27.73812,-2.7162209,0.7945962,-30.282295,-1.6654162,2.8160064,-8.594415,-0.51088923,6.8597927,-35.904327,-1.3330023,0.5459751,-37.09261,-6.0946016,0.51294994,-16.714092,-4.758802,12.369733,-37.161507,-4.282604,0.6259962,-38.436172,-1.7763674,-2.8412273,-19.03184,-21.696352,16.465416,-5.43845,8.366591,4.223386,-33.043938,-5.500589,5.194906,-37.546658,-0.5456557,-5.0927706,-16.222733
37.449253,-60.30864,-25.977247,29.274721,4.694181,-9.988666,-7.5019236,7.2786684,-22.616638,8.923526,-6.4705873,-0.03711757,4.0942993,1.776433,-29.16806,-2.719916,0.79451823,-31.117973,-1.6459169,2.8077679,-9.515705,-0.50500786,7.1419373,-36.29169,-1.3339553,0.54322946,-35.709316,-6.039557,0.4635845,-15.604279,-4.7610655,12.749658,-37.02926,-4.278609,0.6021975,-36.97616,-1.725798,-2.8960726,-17.93755,-21.847603,16.571602,-5.45918,8.459649,4.7341204,-31.52924,-5.440577,5.1045437,-34.526012,-0.47079086,-5.1586537,-14.230999
35.97532,-58.14176,-24.357834,28.332882,4.685388,-9.599263,-7.2958846,7.073683,-21.793383,8.719722,-6.3024874,0.6174724,3.961001,1.714643,-27.393883,-2.6575425,0.79108024,-29.223,-1.6303657,2.751478,-8.631933,-0.5053879,6.9274244,-34.17001,-1.3168676,0.53749275,-33.15878,-5.795137,0.41570428,-14.329471,-4.643735,12.288655,-34.94059,-4.146282,0.5643114,-34.52712,-1.6433138,-2.8547883,-16.748465,-21.151382,16.044737,-5.3086977,8.241171,4.5957446,-29.818893,-5.2781615,4.9574056,-32.906326,-0.46706682,-5.020474,-13.618281
34.93343,-56.48047,-23.70176,27.444769,4.115628,-9.559653,-7.0436115,6.854747,-22.01405,8.334796,-6.0998306,-1.1064897,3.8717372,1.9703804,-26.535633,-2.6025593,0.783492,-30.975466,-1.5804923,2.6777198,-10.438297,-0.49286863,6.9329386,-34.014324,-1.3092988,0.5423073,-35.48487,-5.850769,0.5754782,-16.673256,-4.5209203,11.941195,-35.019753,-4.0645676,0.5941739,-36.19629,-1.7164804,-2.6882913,-18.375406,-20.50679,15.576644,-5.1765404,7.978529,4.1582055,-30.781595,-5.1968102,4.9471087,-34.848022,-0.54537845,-4.8339043,-15.585765
38.91602,-62.398476,-27.826117,30.096756,3.894619,-10.787127,-7.7742033,7.5433116,-23.107658,9.327331,-6.747883,1.1492004,4.150799,1.5553377,-27.573664,-2.8022554,0.7991414,-30.907358,-1.6875153,2.8978698,-8.940636,-0.51288354,7.2210093,-36.01349,-1.3499221,0.5468853,-37.48256,-6.2858067,0.48960444,-16.701416,-4.9493713,12.898196,-37.64458,-4.4248915,0.60248655,-38.584133,-1.7723473,-2.9869065,-18.699665,-22.561895,17.13636,-5.647481,8.6320305,4.2933097,-35.178802,-5.739364,5.3808794,-38.96757,-0.56992894,-5.285906,-16.756397
42.16631,-67.26017,-30.921484,32.29906,3.6024098,-11.878307,-8.308456,8.072389,-24.956596,9.966629,-7.225087,1.0458982,4.415956,1.3738714,-29.808098,-2.9620256,0.80762786,-33.21265,-1.7480054,3.0578558,-9.267458,-0.5243827,7.515506,-38.370213,-1.3851515,0.55365485,-40.67088,-6.7150016,0.4818484,-17.587263,-5.3004866,13.6358385,-40.00143,-4.7313128,0.6443304,-42.012623,-1.8877538,-3.1742334,-19.898438,-24.265293,18.427755,-6.030054,9.246863,4.3325415,-37.52704,-6.162693,5.7352962,-42.153294,-0.59100896,-5.6464763,-17.735146
42.4624,-68.223915,-30.921541,32.838226,4.9588356,-11.36962,-8.419644,8.167983,-25.050194,10.197293,-7.317998,2.2379956,4.5025535,1.4033197,-31.407387,-2.9944794,0.8125069,-32.408623,-1.784798,3.1007218,-8.197881,-0.5230098,7.5146313,-40.04474,-1.3895798,0.55224335,-40.119728,-6.7108426,0.43532664,-17.13211,-5.3435745,13.860983,-41.639145,-4.772569,0.6499851,-42.15022,-1.8663702,-3.2340908,-19.779663,-24.54349,18.621355,-6.098357,9.322448,4.591819,-38.260216,-6.1966047,5.76329,-41.95925,-0.5538878,-5.735823,-17.299541
42.613163,-68.613464,-30.723488,33.04128,5.1904783,-11.359469,-8.459951,8.210519,-25.276915,10.235427,-7.353193,2.0143569,4.5450907,1.6644576,-31.860119,-3.0105355,0.8112149,-32.986103,-1.7877533,3.1178024,-8.4934635,-0.5106418,7.7251472,-41.227356,-1.393147,0.5559536,-41.81728,-6.869874,0.49457487,-18.621815,-5.357897,14.11526,-43.151356,-4.8248854,0.6918637,-44.35568,-1.9928254,-3.1835902,-21.556536,-24.699883,18.749704,-6.1351585,9.361705,4.726468,-39.37666,-6.2822356,5.8598337,-43.8584,-0.6171296,-5.7384815,-18.90875
41.367676,-67.19747,-28.211376,32.674263,5.7207627,-10.8980875,-8.31199,8.072523,-25.04894,9.913863,-7.162526,0.25307536,4.5335684,2.6820457,-31.999376,-2.9707575,0.8079081,-33.97505,-1.7522647,3.0633857,-9.933084,-0.47145125,8.385973,-42.514282,-1.3877234,0.55991566,-43.277912,-7.009206,0.64556,-20.84589,-5.223467,14.62711,-44.145992,-4.7680235,0.7381638,-45.888924,-2.1604505,-3.010678,-23.803595,-24.361124,18.474136,-6.042494,9.314959,5.4061775,-38.078644,-6.1852555,5.8115,-43.54514,-0.67067933,-5.6116734,-19.951334
38.96655,-64.02943,-24.482122,31.37541,6.2818317,-10.043366,-7.9575763,7.727435,-24.067122,9.433336,-6.808741,-0.72371256,4.392358,3.050839,-31.175167,-2.8679502,0.79967344,-33.337463,-1.690295,2.939049,-10.718836,-0.45268273,8.556607,-40.76409,-1.3619536,0.5530599,-39.605003,-6.6545,0.63577163,-19.326315,-4.980899,14.58048,-42.058723,-4.537887,0.6925816,-41.986477,-2.0429723,-2.9035356,-22.378149,-23.290762,17.672602,-5.7999687,9.015616,6.188564,-34.201603,-5.8130445,5.4858394,-38.185192,-0.5939815,-5.4135413,-17.746304
38.33659,-62.983574,-23.666906,30.878172,5.5471106,-10.262532,-7.7339034,7.555897,-25.633307,8.93542,-6.589129,-5.373053,4.4152994,3.6914077,-32.959087,-2.8274279,0.7852702,-40.289318,-1.5903361,2.8438108,-16.395096,-0.4250616,8.9532,-42.881653,-1.3622686,0.5644979,-45.929775,-6.966781,0.930985,-24.42225,-4.8663917,14.739187,-44.541805,-4.5279903,0.80029166,-47.76868,-2.2894073,-2.6400175,-26.942404,-22.968775,17.435717,-5.716729,8.880679,6.1555843,-35.270653,-5.7734504,5.542423,-41.659676,-0.6835723,-5.2561345,-20.777956
38.49008,-63.420536,-23.422369,31.15854,6.1020274,-10.065496,-7.832345,7.633702,-24.93239,9.140873,-6.67374,-3.522245,4.417638,3.4669611,-32.46046,-2.843093,0.79256177,-36.989277,-1.6316187,2.884503,-13.778878,-0.43495,8.86826,-41.74328,-1.3607458,0.55702764,-42.067448,-6.78552,0.7612822,-21.438547,-4.9100013,14.837283,-42.907642,-4.521763,0.7386373,-44.12087,-2.1531808,-2.7860916,-24.329584,-23.136505,17.55702,-5.7536783,9.00505,6.560342,-33.222843,-5.7453165,5.4492917,-38.328613,-0.6048132,-5.3542676,-18.344847
38.330414,-62.78239,-23.829802,30.789566,5.6985636,-10.1193695,-7.7432265,7.551784,-24.910542,8.977463,-6.5857396,-4.364314,4.3755155,3.5169966,-32.204185,-2.814862,0.7911762,-37.963,-1.5984204,2.839656,-15.187433,-0.43765292,8.876337,-40.8261,-1.3570961,0.5560507,-41.431103,-6.6716466,0.75026,-20.926868,-4.853791,14.759004,-41.910873,-4.464254,0.7129905,-42.761314,-2.0651488,-2.7870884,-23.415712,-22.88229,17.375145,-5.692955,8.889048,6.4653287,-32.942142,-5.6404366,5.342552,-36.602314,-0.5452856,-5.3194184,-17.228977
37.56806,-61.39414,-24.207193,30.042618,6.132071,-9.513932,-7.746229,7.474939,-21.766468,9.362733,-6.634431,2.747867,4.1640363,1.9782676,-28.691288,-2.7723906,0.8029021,-27.772415,-1.700861,2.8677092,-7.339902,-0.49807736,7.5310373,-36.084114,-1.332793,0.53532326,-31.156599,-5.8934093,0.32246974,-12.8458,-4.831574,13.545083,-36.93386,-4.298171,0.5464997,-33.22027,-1.6036533,-3.0436516,-16.13566,-22.316689,16.92626,-5.5744753,8.635388,5.873199,-30.94811,-5.4488373,5.0858946,-31.22965,-0.3914034,-5.3148007,-12.392019
40.920532,-67.162636,-25.525919,32.10418,1.0043738,-13.320728,-8.346441,8.106506,-24.562017,10.08366,-7.269338,1.530091,4.257045,0.6679203,-24.510939,-2.9856129,0.80936193,-27.762869,-1.7743915,3.0758684,-5.294693,-0.54611385,7.823107,-27.695597,-1.3597716,0.52863103,-26.69053,-5.919697,0.01128407,-7.041397,-5.4074106,14.253279,-27.800104,-4.595103,0.46769783,-28.263205,-1.4051827,-3.545659,-11.833243,-24.440687,18.575958,-6.088125,9.853878,7.2348533,-22.441372,-5.8037305,5.263796,-26.90405,-0.28132114,-5.903247,-9.340351
37.04097,-61.582355,-20.645645,28.879124,-3.9221282,-14.761231,-7.90954,7.603113,-21.339731,9.423686,-6.829045,1.7064106,3.7180398,-1.2321732,-16.417782,-2.8442488,0.7964763,-24.545479,-1.7273085,2.943326,-3.2670546,-0.60243464,6.4942055,-17.279613,-1.3161296,0.5170257,-21.613136,-5.3596888,-0.09870109,-4.296884,-5.2055717,12.496067,-17.065788,-4.316216,0.43098396,-24.235664,-1.344911,-3.362126,-10.784538,-22.702703,17.25167,-5.728323,9.562354,7.0987377,-12.965122,-5.4554024,4.9657397,-24.874708,-0.35311544,-5.5371175,-9.906939
32.46203,-54.132626,-17.373623,24.770752,-7.2947474,-14.972601,-7.139677,6.795179,-17.867937,8.305688,-6.0951796,0.5591955,3.2074823,-2.1665716,-11.679517,-2.6008797,0.77400726,-22.940361,-1.605385,2.6994398,-3.8740804,-0.61109424,5.5331917,-11.538226,-1.2649157,0.5167209,-20.24107,-4.888903,-0.052249018,-4.8327,-4.7056975,11.018532,-11.784759,-3.9379807,0.4579136,-23.254906,-1.3988107,-2.9701555,-11.682494,-20.098356,15.3094,-5.1452084,8.69182,6.916349,-8.202622,-4.9335504,4.5274186,-24.126348,-0.43490535,-4.946258,-11.1473055
32.664455,-54.483208,-19.176039,24.514355,-8.312239,-15.40596,-7.022607,6.716886,-19.206287,8.028186,-6.042531,-2.248911,3.2162106,-1.8259687,-12.196983,-2.5853617,0.7645425,-28.65146,-1.5527792,2.6774008,-7.5235434,-0.6087399,5.5544186,-13.374432,-1.2724952,0.53003275,-28.778408,-5.3530374,0.17719223,-10.633035,-4.6664886,10.901836,-14.816003,-4.0388746,0.5913599,-31.664452,-1.7540166,-2.7426639,-17.48112,-20.017944,15.226168,-5.1229897,8.508706,6.0847635,-12.614917,-5.1416006,4.769002,-32.13394,-0.6516159,-4.8082004,-16.663797
37.63756,-60.544712,-26.35693,27.734724,-5.4245996,-15.212176,-7.478048,7.2598834,-24.890045,8.582607,-6.536464,-5.5362024,3.770083,-0.8300855,-21.550253,-2.771334,0.7619647,-42.615383,-1.5571724,2.8283715,-15.323581,-0.5980057,5.49175,-30.173763,-1.3413062,0.57346827,-53.46606,-7.135805,0.9991394,-28.302156,-5.0258813,11.046403,-34.06404,-4.6066227,0.9494969,-56.991398,-2.6777153,-2.3290367,-33.687305,-22.114826,16.77023,-5.574815,8.684009,2.827333,-33.547344,-6.1712146,5.996715,-58.69249,-1.185589,-4.8715873,-32.731754
35.76969,-56.078075,-27.394312,26.130531,-2.903921,-13.083099,-6.8024673,6.651662,-24.921516,7.7614293,-5.990934,-7.44956,3.7150552,0.1579797,-26.383785,-2.5827363,0.7433838,-46.819332,-1.4312774,2.605209,-19.976608,-0.55150014,5.1979914,-38.09023,-1.3217144,0.5893027,-61.12726,-7.330269,1.4393171,-35.79765,-4.56107,10.219169,-42.73465,-4.384448,1.0684812,-64.29916,-2.9352586,-1.8195612,-39.258247,-20.445122,15.499369,-5.1473846,7.6314325,1.2125895,-42.307323,-5.9428296,5.967645,-65.520615,-1.3573064,-4.3248544,-37.391678
37.148445,-58.553013,-27.783592,27.963245,1.0354826,-11.590949,-7.076032,6.921139,-25.883152,8.209856,-6.2049675,-6.581801,4.047945,1.0899296,-32.94438,-2.6570172,0.74718,-48.814617,-1.4464586,2.6519852,-21.54283,-0.5106876,6.100898,-44.93419,-1.3396671,0.590778,-61.449154,-7.4425306,1.4704734,-35.899654,-4.626112,11.4833,-49.559628,-4.4764323,1.0655628,-64.79278,-2.898126,-1.9091992,-39.12688,-21.313433,16.129375,-5.3245096,7.724324,1.8891726,-46.67222,-6.0166287,6.069084,-63.98655,-1.2677778,-4.524628,-35.451927
36.108955,-56.77185,-27.212234,27.469957,3.1829603,-10.125086,-7.072923,6.853515,-21.891293,8.515212,-6.18852,0.4135081,3.8734527,0.3238485,-29.647861,-2.5984464,0.7800995,-31.909475,-1.5906197,2.6985984,-10.177842,-0.5407587,5.7167473,-37.00271,-1.3101746,0.546086,-39.137093,-6.037283,0.59849095,-18.770023,-4.5474744,11.268501,-38.67944,-4.157057,0.66889656,-41.50271,-1.8917885,-2.6048295,-21.407705,-20.68854,15.656059,-5.180151,7.8233156,3.4632263,-34.63215,-5.38382,5.130046,-41.484673,-0.66126585,-4.79118,-18.723978
38.40809,-60.910725,-28.930626,29.193266,3.4850554,-10.705001,-7.5383425,7.3005204,-22.81047,9.044936,-6.558044,0.4872197,4.075611,1.0237315,-29.225798,-2.7319138,0.7924434,-31.679438,-1.648238,2.8302073,-9.869378,-0.52716887,6.692458,-36.891068,-1.3372828,0.5453205,-37.96744,-6.161681,0.48233238,-17.031473,-4.797743,12.49738,-38.706947,-4.343702,0.62962914,-39.76168,-1.7964454,-2.8747568,-19.429777,-21.9722,16.652084,-5.4889526,8.2992735,4.2348285,-35.83196,-5.5930486,5.2518497,-39.07841,-0.5576815,-5.145144,-16.946754
40.932873,-64.84808,-30.313292,31.189703,2.5969625,-11.988491,-8.051096,7.810839,-24.42128,9.587008,-6.987829,0.17628497,4.275576,1.147189,-29.224401,-2.8844624,0.80034316,-32.83673,-1.7210598,2.9865007,-9.146166,-0.5336401,7.0578737,-37.23654,-1.3710922,0.5547993,-40.831688,-6.5719504,0.4877207,-17.581097,-5.1611533,12.992889,-38.736645,-4.6262646,0.6767055,-42.513355,-1.9222982,-3.044335,-20.31373,-23.610495,17.88715,-5.849081,9.051109,4.061712,-35.22808,-5.9842567,5.5855055,-41.708725,-0.58197355,-5.47909,-17.60538
43.433445,-68.83034,-31.711004,32.960396,1.8597333,-13.107634,-8.471126,8.2255125,-25.626331,9.963244,-7.2964296,-1.4995236,4.468718,1.3312877,-29.945309,-3.002352,0.8099118,-34.302967,-1.7279463,3.0730383,-10.78468,-0.52203393,8.067049,-36.441536,-1.3951993,0.552765,-38.346848,-6.6708035,0.37548804,-14.921355,-5.3955727,14.530982,-37.05059,-4.7742095,0.5941426,-38.51431,-1.7608374,-3.3366995,-17.289387,-24.991491,18.938341,-6.147417,9.645956,5.6062946,-32.967262,-6.091969,5.5720596,-36.043926,-0.41150767,-5.8577414,-13.770371
41.590775,-66.54319,-29.662071,31.547771,1.2639921,-12.935888,-8.160969,7.9429264,-24.954079,9.715539,-7.0954742,-0.48380953,4.2755747,0.8416686,-27.334553,-2.9232733,0.80446386,-31.126997,-1.7059373,2.995243,-9.066908,-0.5329708,7.553855,-32.054676,-1.3680798,0.5414021,-32.984917,-6.224766,0.2532978,-11.578632,-5.2753596,13.738224,-32.05978,-4.5853863,0.51961935,-33.144783,-1.5639386,-3.3392243,-14.292869,-24.032347,18.27195,-5.9599676,9.42466,5.52353,-28.982147,-5.8354135,5.3241553,-32.07678,-0.36861914,-5.708418,-12.032931
36.31393,-59.542633,-22.502161,28.684322,1.4008329,-11.67841,-7.5185065,7.301063,-22.13973,9.044833,-6.550046,1.4584262,3.8695128,0.946009,-21.658575,-2.7366579,0.7950113,-24.84313,-1.674079,2.8284254,-5.4958262,-0.5343874,7.0174856,-26.129967,-1.3135611,0.52438205,-25.155766,-5.4840727,0.15354416,-7.9838552,-4.8854666,12.618199,-25.926397,-4.1689825,0.4377331,-25.941029,-1.3613995,-3.1630147,-11.549953,-21.8959,16.610218,-5.4942284,8.828316,6.0892525,-21.911083,-5.2729945,4.85855,-25.737701,-0.35799912,-5.2756014,-10.028144
35.138397,-58.89488,-19.214684,28.460497,1.1838386,-11.74018,-7.5754805,7.3082843,-20.848259,9.102285,-6.5394797,2.5123358,3.8286855,1.4435233,-19.387005,-2.7405849,0.7918718,-23.965643,-1.674339,2.8270545,-5.012046,-0.515327,7.398858,-25.34777,-1.3054606,0.5259061,-24.924133,-5.5634117,0.22544937,-9.229751,-4.851167,13.047422,-26.043028,-4.161429,0.48303634,-27.102964,-1.5126868,-3.0523832,-13.933069,-21.742933,16.523018,-5.490656,8.804152,7.12451,-21.771729,-5.285146,4.9390526,-27.16787,-0.465738,-5.2108116,-12.375138
36.72337,-60.864285,-21.178753,29.460825,1.3696492,-12.110478,-7.828384,7.5598073,-21.710623,9.413209,-6.7550907,2.4286158,3.97081,1.2033004,-21.146994,-2.8151398,0.7962049,-25.383772,-1.6934304,2.898857,-5.9074235,-0.51468533,7.4164963,-27.755589,-1.3260248,0.53153926,-27.549667,-5.8970056,0.286832,-11.168556,-5.0131617,13.311346,-28.500048,-4.315747,0.50263417,-29.687704,-1.6267163,-3.1018114,-15.419885,-22.57072,17.141928,-5.668577,9.060352,6.915592,-24.214802,-5.541896,5.154596,-30.51807,-0.5259841,-5.3494806,-14.459601
41.67327,-68.49483,-25.934166,33.297634,3.4083512,-12.561552,-8.639126,8.375486,-25.137665,10.445238,-7.4509187,2.2992043,4.506433,1.4842423,-28.158426,-3.0585773,0.81355464,-30.243065,-1.790906,3.131106,-7.463034,-0.52229536,8.098885,-34.98727,-1.3855702,0.54024816,-33.313393,-6.587444,0.33575723,-13.160186,-5.522468,14.642084,-35.29348,-4.7650285,0.55901647,-35.20449,-1.7773315,-3.369226,-17.23884,-25.266275,19.149525,-6.2551584,9.98724,6.657364,-29.086016,-6.143819,5.681661,-34.56121,-0.49433747,-5.917053,-14.902691
43.957367,-71.4614,-28.95625,34.71082,3.727083,-12.913153,-8.927454,8.664529,-26.276865,10.7844715,-7.71419,2.01672,4.6840158,1.552753,-30.319174,-3.1433842,0.81926143,-32.008804,-1.8271222,3.2227,-7.9251866,-0.51745975,8.333444,-37.940495,-1.4100904,0.5482975,-37.025333,-6.926622,0.3675651,-14.840322,-5.6927614,15.112645,-38.43477,-4.9616227,0.6017852,-38.905518,-1.8902963,-3.4502776,-18.65567,-26.249372,19.892916,-6.4617558,10.241695,6.2551465,-32.486267,-6.431192,5.921292,-38.136738,-0.5247252,-6.1031184,-15.990335
44.03629,-71.26945,-28.928564,34.60859,2.9629674,-13.27325,-8.883617,8.633193,-26.64283,10.49355,-7.6365657,-0.9685764,4.687667,2.06256,-30.457575,-3.137822,0.8120529,-35.22,-1.787276,3.2062004,-10.26767,-0.4977037,8.814696,-39.30753,-1.4155786,0.5587056,-41.99302,-7.252596,0.5411732,-18.658012,-5.6591635,15.408589,-40.29283,-5.0223656,0.69003683,-44.022663,-2.1539006,-3.2871814,-22.346048,-26.233456,19.876616,-6.451091,10.256594,6.1540422,-33.43918,-6.534061,6.0469117,-41.80822,-0.64942324,-6.0249553,-18.865307
41.0052,-66.962585,-25.79253,32.69941,3.5852814,-12.133779,-8.424732,8.165904,-24.767338,9.910597,-7.2031198,-0.85961396,4.473929,2.6131217,-28.847372,-2.9999866,0.8037574,-33.632767,-1.7456865,3.0764194,-9.864031,-0.47684744,8.721425,-39.188004,-1.3854975,0.5572288,-41.95815,-7.052422,0.6438334,-20.088978,-5.32139,14.9117365,-40.705475,-4.795077,0.72939533,-44.84386,-2.2304873,-3.0093894,-24.039276,-24.709232,18.70657,-6.1123943,9.660179,6.135719,-33.495255,-6.23576,5.8561463,-42.314556,-0.7174634,-5.655405,-20.312721
39.962044,-65.30848,-25.150648,31.87767,3.3586638,-11.942518,-8.25155,8.002015,-24.202227,9.744756,-7.0892286,-0.28920656,4.37591,2.6626184,-27.438839,-2.954239,0.799888,-32.612553,-1.7434814,3.0496774,-9.025338,-0.47283506,8.486916,-38.86392,-1.3760182,0.5589878,-43.34502,-7.086168,0.7004199,-21.594894,-5.2254424,14.457945,-40.93871,-4.7513113,0.7652015,-46.786964,-2.3438046,-2.883012,-25.747185,-24.158203,18.293175,-5.9984217,9.425938,5.699831,-34.507385,-6.2332087,5.8842225,-45.38785,-0.8294407,-5.492437,-22.691788
38.99774,-63.392155,-24.705872,30.774479,2.585217,-11.954348,-8.062734,7.7967486,-23.264708,9.458507,-6.88975,-0.721626,4.2602882,2.4399207,-26.770498,-2.8884056,0.79170585,-34.06715,-1.6703887,2.9483974,-11.582524,-0.47513297,8.298041,-38.265743,-1.3622332,0.5591338,-43.18151,-6.996279,0.80723166,-22.55128,-5.080097,14.165376,-40.726116,-4.6241145,0.7464113,-46.183784,-2.3317606,-2.734801,-26.368382,-23.436735,17.768534,-5.844658,9.060418,5.6298594,-35.895035,-6.082002,5.8029685,-45.534733,-0.86320555,-5.2996216,-23.811253
35.353886,-58.630295,-19.874016,28.149298,-0.19567618,-12.418778,-7.6185427,7.3263955,-20.456274,8.912248,-6.499094,0.11670488,3.865735,1.73725,-20.473537,-2.743003,0.7802322,-30.293491,-1.5864921,2.7902045,-10.686508,-0.49818835,7.785796,-29.250221,-1.3152587,0.54343307,-34.42438,-6.306231,0.6197908,-17.87713,-4.811755,13.500793,-31.699728,-4.2957172,0.6349834,-37.53128,-2.0892835,-2.684076,-22.698572,-21.784958,16.560658,-5.5017967,8.676697,6.9484444,-27.362602,-5.6060605,5.3243127,-37.799973,-0.80994976,-5.0228095,-20.908829
35.023003,-58.786472,-18.411098,28.211279,-0.5980042,-12.644921,-7.65126,7.3460655,-20.30011,9.03809,-6.54681,1.3206367,3.8087647,1.2634623,-18.978956,-2.7546835,0.78483063,-27.444157,-1.6314356,2.8269565,-7.637874,-0.5197312,7.474905,-26.260677,-1.3083022,0.5348142,-30.363031,-6.0407248,0.43413663,-14.265802,-4.86662,13.329105,-28.081774,-4.2763205,0.60569286,-34.296585,-1.9498782,-2.8161736,-20.202774,-21.85276,16.612196,-5.524317,8.887732,7.4923897,-22.5689,-5.515107,5.2018485,-34.126804,-0.7141639,-5.1169505,-18.184505
33.56019,-57.308945,-15.935594,26.948795,-3.824061,-13.934705,-7.5135326,7.1974244,-19.407776,8.77968,-6.418888,0.74228466,3.6028676,0.4568308,-15.254064,-2.7146952,0.7773321,-26.91583,-1.6064425,2.7802896,-6.769457,-0.55010897,7.165183,-19.191242,-1.2928677,0.52881205,-26.565762,-5.659453,0.26893973,-10.675354,-4.8399706,12.847117,-20.503601,-4.172844,0.5661277,-30.380386,-1.8105955,-2.8610845,-17.702707,-21.31645,16.208334,-5.4268847,8.955827,8.1332,-15.062061,-5.296998,4.967598,-29.301037,-0.6433728,-5.0814853,-15.573569
35.3201,-58.419537,-20.722048,27.857025,-2.1051526,-13.353009,-7.638555,7.3441467,-20.359165,9.215865,-6.654184,3.107088,3.7134933,-1.0133382,-19.43367,-2.766428,0.79191244,-25.183668,-1.7194072,2.906232,-3.5026476,-0.6015584,5.664839,-23.636395,-1.3110309,0.5267524,-29.028526,-5.7709074,0.15232351,-11.350391,-5.005054,11.555847,-24.522419,-4.328277,0.5837116,-33.998863,-1.8312154,-2.985487,-18.187033,-21.85503,16.560654,-5.5276165,9.057684,6.008827,-18.6678,-5.594736,5.175694,-35.060505,-0.6642245,-5.195552,-16.845291
39.10742,-62.852955,-26.66676,29.82788,-1.7081933,-13.956036,-7.905525,7.661046,-24.00022,9.346868,-6.9055767,-1.054837,4.0547156,-0.36766028,-25.921476,-2.8730536,0.7866388,-35.33331,-1.6932144,2.9738867,-9.40462,-0.5836371,6.104003,-33.287766,-1.3583698,0.55734414,-44.52087,-6.8072786,0.6294049,-21.234905,-5.197507,12.092864,-35.302982,-4.675433,0.8121237,-48.891014,-2.351011,-2.7612758,-26.866325,-23.228252,17.571474,-5.797324,9.209098,4.378344,-30.076437,-6.1377134,5.816331,-48.47984,-0.89567304,-5.2823257,-24.30084
38.39366,-60.52259,-28.473116,28.675709,-0.89105856,-13.017588,-7.405239,7.2276926,-25.201515,8.646519,-6.516625,-4.4317045,4.0154743,0.2487449,-29.076298,-2.7466514,0.764948,-42.665775,-1.5598888,2.8041003,-15.5366535,-0.5597629,5.740139,-39.388653,-1.3507944,0.5783971,-55.264034,-7.236595,1.0998654,-30.12479,-4.8951464,11.347772,-42.961334,-4.597018,0.9778677,-59.20668,-2.7191439,-2.270521,-34.353485,-22.13658,16.765577,-5.523406,8.373768,2.5823002,-39.846992,-6.1304297,5.9898047,-58.772083,-1.1422951,-4.8396306,-31.553389
38.0899,-59.609955,-29.022972,28.619825,1.2294686,-11.788756,-7.357475,7.1548953,-24.04728,8.67864,-6.455661,-2.6515987,4.0360136,0.76091725,-30.53137,-2.714084,0.76836216,-40.01519,-1.5803819,2.788317,-14.28934,-0.52850795,5.990509,-42.509914,-1.3457355,0.5787843,-54.599857,-7.1763825,1.1155809,-30.269056,-4.768601,11.596322,-46.49323,-4.5318813,0.95659995,-58.559914,-2.6642568,-2.250807,-33.72077,-21.82611,16.517466,-5.444312,8.057518,2.5414524,-43.64562,-6.061246,5.939932,-58.79279,-1.1228356,-4.7692084,-31.0494
36.762726,-58.05835,-27.19479,27.873972,1.3089212,-11.426595,-7.127835,6.951228,-24.306435,8.344492,-6.26482,-4.11955,3.9730158,1.4129128,-29.674189,-2.6610057,0.76036215,-42.148117,-1.5315524,2.7216277,-16.135487,-0.50700396,6.2622185,-42.34968,-1.3358239,0.5815811,-56.90776,-7.2321024,1.2492535,-32.519382,-4.629873,11.608114,-46.836548,-4.461007,1.0045922,-60.784893,-2.7805214,-2.0727952,-36.08788,-21.245617,16.071041,-5.319895,7.8108563,2.4884884,-44.195232,-5.971567,5.9266453,-60.482452,-1.2013673,-4.594876,-32.9468
36.62775,-58.504433,-26.36088,28.30007,3.5979311,-10.311376,-7.2025204,7.007427,-23.618395,8.547375,-6.3017244,-2.110516,4.0400124,1.7925816,-30.643812,-2.665663,0.7679484,-38.55282,-1.565381,2.740013,-13.959974,-0.48949373,6.60244,-42.608643,-1.3313694,0.5719257,-51.568844,-6.938561,1.0667301,-28.644218,-4.6085467,12.089508,-46.579597,-4.401752,0.9148662,-55.297886,-2.5405662,-2.2476394,-32.019825,-21.289726,16.123762,-5.3306704,7.838397,3.1867175,-42.81087,-5.834469,5.7352386,-54.63243,-1.0437944,-4.7019567,-28.731806
37.266373,-59.467613,-27.139791,28.677824,3.3844395,-10.575578,-7.3250318,7.1152043,-23.595533,8.739775,-6.413355,-1.310261,4.0644975,1.0017506,-31.539654,-2.692666,0.7692363,-38.805,-1.5756816,2.7677035,-13.844177,-0.5152137,6.1342287,-43.344734,-1.3355031,0.5728022,-51.969936,-7.024135,1.0669606,-29.043783,-4.693475,11.8642025,-47.216362,-4.4596906,0.91737044,-56.103554,-2.5742729,-2.2706537,-32.586708,-21.57671,16.352932,-5.398837,7.941345,2.9205513,-43.518112,-5.96454,5.8546476,-56.57915,-1.09222,-4.745585,-29.8185
37.349384,-59.488194,-26.722095,28.619822,1.6667367,-11.480672,-7.41871,7.176947,-22.759083,8.834994,-6.465709,-0.7346102,3.98843,-0.18554588,-30.362425,-2.7041283,0.77610075,-36.371353,-1.5961053,2.7920067,-12.018567,-0.5623739,5.620837,-39.242783,-1.330897,0.5594876,-46.123802,-6.7160935,0.8139,-24.315544,-4.776445,11.662058,-41.75768,-4.4315796,0.8257246,-50.35054,-2.375835,-2.468359,-28.542377,-21.761383,16.471628,-5.4276657,8.282468,3.773532,-36.11201,-5.8570704,5.6344457,-50.32155,-0.9430975,-4.8852234,-25.60394
39.98878,-63.630383,-28.46074,30.027422,-2.2143948,-14.256317,-7.9545608,7.6936054,-23.776905,9.406054,-6.9283905,-0.9850524,4.0573373,-1.6816839,-27.944965,-2.8632896,0.7890431,-36.055,-1.6698256,2.9589813,-10.366802,-0.62315947,5.354615,-33.18,-1.3576968,0.55328226,-42.56555,-6.728761,0.5274726,-19.647846,-5.223909,11.810798,-34.27733,-4.668373,0.7579584,-46.51588,-2.241107,-2.8565614,-24.963266,-23.343409,17.690468,-5.801854,9.272845,4.4707603,-28.44935,-6.114233,5.7070684,-46.560135,-0.8150077,-5.345915,-22.360598
41.15735,-66.254745,-27.829,30.984983,-4.42988,-15.95388,-8.303529,8.073579,-25.329739,9.856779,-7.3091416,-0.66325235,4.078393,-2.2811868,-23.71174,-2.9934144,0.79951096,-34.044006,-1.7524209,3.108576,-7.355422,-0.67245984,5.2120543,-26.269918,-1.3712833,0.5420899,-37.973103,-6.613315,0.2549834,-14.60948,-5.6125207,11.647297,-26.212774,-4.8275113,0.67253613,-41.66118,-2.0670042,-3.2016032,-21.21155,-24.472704,18.546648,-6.0998154,10.111314,4.57723,-20.699474,-6.3228498,5.786258,-42.58048,-0.7485653,-5.693878,-19.68056
37.7659,-62.80355,-22.044664,28.913507,-5.965749,-15.978096,-7.848006,7.6437984,-24.23844,9.169263,-6.897467,-2.545827,3.7897959,-1.722361,-18.57638,-2.8703964,0.78812695,-31.526878,-1.6707411,2.963084,-6.895409,-0.65273654,5.7691145,-18.050766,-1.3327843,0.5288945,-29.749651,-5.978497,0.08973866,-9.718085,-5.3599963,11.756583,-17.223858,-4.5220013,0.5782069,-32.964203,-1.8421321,-3.1752434,-17.106342,-23.054197,17.554707,-5.8146553,9.965241,6.221145,-10.30791,-5.797474,5.26275,-31.871408,-0.62704253,-5.504833,-15.355248
34.852345,-58.415928,-19.250378,26.066847,-10.071777,-17.112774,-7.548517,7.234403,-20.121387,8.599165,-6.48494,-2.163682,3.3989193,-1.5725714,-10.863972,-2.7401984,0.77055985,-29.945055,-1.5817306,2.8080885,-7.760216,-0.6066641,6.3831787,-11.883364,-1.3031825,0.53379273,-29.434385,-5.7194386,0.1903559,-10.623459,-5.007641,11.964008,-13.377037,-4.2857165,0.5902512,-32.049736,-1.8480887,-2.9187763,-17.89051,-21.490822,16.36589,-5.4878054,9.1876,7.0109673,-11.680358,-5.488968,5.065942,-32.578903,-0.70963615,-5.1297193,-17.193611
36.28027,-60.251816,-22.215176,26.867193,-9.394819,-17.08984,-7.4910903,7.2596498,-24.08115,8.394352,-6.5014825,-7.2224016,3.642887,-0.19743358,-15.599405,-2.7802186,0.74871224,-43.323856,-1.4823049,2.7762687,-17.196583,-0.564961,6.8067875,-21.799082,-1.329608,0.57051843,-48.271217,-6.8670883,0.8980193,-25.061604,-5.0190945,12.183457,-26.04629,-4.535234,0.88982326,-51.34352,-2.5867007,-2.391543,-31.765734,-21.970665,16.698633,-5.5874634,8.861301,5.1432533,-26.504179,-6.0020914,5.8066216,-51.726883,-1.1515516,-4.9156017,-30.49116
38.566444,-61.714657,-26.695942,28.033499,-7.7872334,-16.686213,-7.568287,7.379218,-26.573307,8.452068,-6.5858474,-9.596872,3.8837023,-0.2477089,-22.496952,-2.816813,0.7488688,-50.42875,-1.4581114,2.791004,-21.873274,-0.5723909,6.3490143,-30.66786,-1.3580886,0.5866796,-58.86757,-7.5501857,1.2529926,-32.504528,-5.09405,11.90383,-35.158882,-4.712752,1.0226033,-61.556637,-2.9059746,-2.2015417,-37.686275,-22.65198,17.16892,-5.691764,8.851474,3.526371,-34.53488,-6.299604,6.176924,-61.23228,-1.282284,-4.9042087,-35.4782
36.471375,-56.85992,-28.064663,26.29257,-4.0531926,-13.806431,-6.908161,6.749298,-24.754354,7.916554,-6.106565,-6.8207245,3.6779096,-1.0038558,-25.937075,-2.606318,0.7498927,-44.93964,-1.4521701,2.6443744,-18.303076,-0.5980175,4.681656,-34.41361,-1.3204509,0.5766378,-55.6437,-7.0187416,1.1609554,-30.90466,-4.675418,10.007359,-38.042988,-4.3880973,0.9710364,-58.743153,-2.6962726,-2.0658312,-34.88479,-20.721409,15.71655,-5.2113304,7.9160147,1.7387666,-36.978607,-5.8795185,5.780196,-59.640728,-1.1991296,-4.504324,-33.10075
38.623867,-59.761375,-30.304441,28.45837,-0.29064676,-12.553781,-7.3228393,7.1281476,-24.578938,8.595322,-6.446427,-3.4515626,3.9748182,-0.28785026,-30.666166,-2.7038965,0.76666313,-41.417183,-1.5566862,2.770434,-15.158464,-0.57300556,5.241309,-40.97818,-1.3429184,0.5761439,-54.511337,-7.1485357,1.0944072,-29.701544,-4.8205857,10.918974,-44.31757,-4.5337777,0.94909203,-58.387684,-2.6484299,-2.2538884,-33.29383,-21.848728,16.531055,-5.435725,8.139971,1.980173,-41.726276,-6.0721335,5.9298844,-58.941063,-1.1205797,-4.763032,-30.913055
39.156685,-60.9622,-29.558804,29.299295,0.95846415,-12.159789,-7.501564,7.2987366,-24.344353,8.888461,-6.591322,-2.2119563,4.073843,-0.13136224,-31.282433,-2.740724,0.7770235,-38.74957,-1.581213,2.8128603,-13.632684,-0.5669732,5.7765083,-39.079914,-1.3442638,0.560456,-47.07766,-6.7947717,0.79890597,-23.866808,-4.8895955,11.756873,-41.296944,-4.508416,0.8069429,-50.31845,-2.3225722,-2.563062,-27.568779,-22.320919,16.878366,-5.5329056,8.424672,3.3716693,-37.00111,-5.929367,5.660854,-49.686512,-0.88158035,-5.0108986,-24.400602
38.69842,-60.97253,-28.65455,29.04314,0.17132291,-12.4918375,-7.534292,7.3184566,-23.701958,8.916575,-6.6033645,-1.7361622,4.0034304,-0.2247897,-28.417921,-2.7461555,0.7831373,-36.360588,-1.5990624,2.829718,-12.2162,-0.5735975,5.853242,-34.854927,-1.3407216,0.5526645,-42.942123,-6.5633135,0.6302216,-20.734781,-4.919174,11.817926,-36.643818,-4.4662995,0.7296683,-45.574604,-2.1439986,-2.7091477,-24.49041,-22.252134,16.848745,-5.5403013,8.566962,3.9078436,-33.0052,-5.8356657,5.494606,-45.412872,-0.7854682,-5.085256,-21.914013
41.494057,-66.9292,-28.58969,31.333109,-2.6145766,-15.067505,-8.324974,8.065794,-25.220398,9.786312,-7.2426744,-1.5012674,4.1771994,-0.42437685,-24.454638,-2.985483,0.7946449,-37.60348,-1.6914577,3.0538936,-11.523281,-0.59761554,6.5030575,-31.201664,-1.3800144,0.5586748,-44.018936,-7.033431,0.6128646,-20.682283,-5.467428,12.870416,-33.359184,-4.832988,0.7485175,-46.77917,-2.2601807,-2.9715014,-25.665781,-24.399378,18.527275,-6.088969,9.631916,4.7250333,-31.405483,-6.3877807,5.9896126,-48.21245,-0.87478733,-5.560157,-24.309912
36.692177,-59.801426,-23.605568,27.612097,-5.0619164,-14.907315,-7.6697536,7.355211,-21.138287,8.929797,-6.608832,-0.7384321,3.6836162,-0.8674855,-18.183174,-2.7757077,0.7796104,-33.329716,-1.623041,2.8594313,-9.83211,-0.587778,6.0101233,-25.268177,-1.3287017,0.5521561,-40.77699,-6.499832,0.6158384,-20.028797,-4.9934964,11.880896,-28.30995,-4.4592633,0.7437718,-44.215984,-2.2421985,-2.6546826,-25.733128,-21.98264,16.69448,-5.5654516,8.796999,5.0850167,-27.322374,-5.892943,5.597405,-46.714188,-0.94829965,-5.026067,-25.124575
34.591496,-57.20199,-19.349081,26.499601,-5.9792886,-15.013679,-7.4294443,7.1023865,-21.412346,8.33767,-6.2646527,-5.346445,3.673774,0.56171054,-18.926123,-2.7225497,0.7518689,-42.244522,-1.4898762,2.72555,-17.44683,-0.5191842,6.988556,-30.125702,-1.3239402,0.57802445,-53.118877,-7.204084,1.2503248,-31.223204,-4.764176,12.51934,-35.23734,-4.4670305,1.0115054,-57.974007,-2.9239762,-2.0068667,-37.559914,-21.37126,16.208504,-5.4233885,8.422947,5.2975755,-32.41333,-5.9445257,5.940857,-57.97605,-1.2969962,-4.63429,-34.974834
36.855385,-60.934208,-20.740202,28.226276,-6.302626,-15.9530945,-7.74681,7.456445,-25.111145,8.551047,-6.504577,-9.820485,3.9996448,1.0400069,-23.936762,-2.848085,0.73897135,-53.926445,-1.4321117,2.7678094,-25.17809,-0.50018686,7.549755,-36.65821,-1.361627,0.60304755,-65.71774,-8.104639,1.7110254,-40.036514,-5.0012946,13.215426,-42.65094,-4.769616,1.2121565,-70.40296,-3.4064581,-1.7813764,-46.168713,-22.757261,17.227547,-5.72591,8.789256,4.67176,-38.768936,-6.406272,6.5376678,-68.83059,-1.5201508,-4.746253,-42.229313
35.516838,-58.946213,-20.10903,27.74118,-3.4732835,-14.102965,-7.51129,7.206214,-23.686329,8.438135,-6.326221,-7.086088,3.9444692,1.6444422,-24.997852,-2.7667181,0.738211,-50.39357,-1.4618707,2.727521,-22.21672,-0.47732958,7.3320465,-41.009605,-1.3454876,0.60595834,-67.141495,-8.054141,1.7948301,-41.74939,-4.7749095,12.797778,-47.772533,-4.668033,1.2748122,-73.52714,-3.4982073,-1.5992936,-48.049328,-21.917747,16.58653,-5.524269,8.233824,3.9293184,-44.145485,-6.3151116,6.5533376,-72.565735,-1.5995357,-4.507786,-43.999966
35.992332,-59.78993,-20.203077,28.628433,-0.8652376,-12.957087,-7.631616,7.3012047,-23.171484,8.779484,-6.439856,-3.971717,4.0492516,2.4476967,-26.506887,-2.7932553,0.74526227,-46.889114,-1.5420992,2.7862163,-18.764946,-0.44780037,7.6347046,-45.154488,-1.3486962,0.6081514,-67.402374,-8.075088,1.8021212,-41.7029,-4.762986,13.198744,-52.542454,-4.7124395,1.3200164,-75.23266,-3.5394056,-1.5960991,-48.69494,-22.165272,16.78297,-5.5705347,8.134195,3.9114037,-48.89719,-6.3858857,6.6852207,-74.15824,-1.6134139,-4.5365615,-44.235596
36.039696,-58.952946,-22.495716,28.241117,1.053873,-11.72429,-7.376365,7.0772066,-23.842543,8.465834,-6.2470074,-5.1315403,4.09165,2.8806424,-30.456799,-2.7274625,0.7367113,-49.602047,-1.5085616,2.7181792,-20.729355,-0.42040557,7.446369,-51.140785,-1.3470358,0.62090975,-73.95639,-8.280844,2.035077,-46.496273,-4.586216,12.7250595,-59.40468,-4.6918063,1.4304576,-81.98509,-3.7224104,-1.3477261,-52.459328,-21.568283,16.35786,-5.42124,7.6083417,2.3103967,-56.44854,-6.398938,6.8005705,-80.56128,-1.7148348,-4.313414,-47.480618
37.830296,-61.445183,-24.62025,29.589693,1.9037192,-11.805439,-7.6630363,7.358555,-24.540531,8.903126,-6.534824,-3.790948,4.237011,2.9991894,-31.537163,-2.8093612,0.7454168,-48.887188,-1.5674484,2.818163,-19.434034,-0.4215685,7.624655,-52.981586,-1.365534,0.6229259,-74.70037,-8.456806,1.998144,-46.39151,-4.7580085,13.146607,-61.616955,-4.838274,1.4268155,-82.913216,-3.7317498,-1.4799142,-52.335625,-22.455893,17.007927,-5.6174307,7.8318605,2.228705,-59.488808,-6.6308737,6.9905405,-82.163376,-1.7256932,-4.500221,-47.79341
37.230824,-60.106705,-24.268406,29.04216,2.174711,-11.404343,-7.50865,7.2145567,-24.09654,8.728826,-6.400652,-3.892527,4.181755,2.801564,-31.995798,-2.757646,0.74571633,-47.940933,-1.540324,2.761872,-19.530739,-0.42652035,7.461996,-51.36085,-1.3535256,0.61330974,-70.1892,-8.106355,1.852422,-43.16266,-4.657736,13.00963,-59.25183,-4.7117777,1.345819,-77.91923,-3.5220919,-1.5565753,-48.91693,-22.008713,16.668472,-5.5038013,7.724686,2.6572824,-56.072735,-6.391525,6.697774,-76.22392,-1.5795531,-4.481073,-43.890213
36.10616,-58.52319,-23.134605,28.291653,1.941824,-11.204344,-7.397963,7.0762706,-22.502428,8.666682,-6.300876,-1.8906035,4.0320125,2.21012,-29.975193,-2.7105463,0.7493455,-43.276394,-1.5657427,2.7435179,-16.249466,-0.4437997,7.005661,-48.647762,-1.3376305,0.6045509,-65.32189,-7.7558208,1.6939511,-39.78316,-4.5831394,12.512788,-55.92525,-4.5881248,1.2745373,-73.21265,-3.3447065,-1.6223474,-45.730984,-21.470448,16.2621,-5.3860617,7.621845,2.7836552,-52.81324,-6.2109137,6.4899273,-72.515656,-1.5084099,-4.4243293,-41.414207
36.508373,-58.844128,-24.551807,28.025068,-0.005447522,-12.185988,-7.2535005,7.0025625,-24.618332,8.319875,-6.2180758,-6.2631454,4.0497584,1.5902622,-31.883888,-2.6954043,0.7392559,-49.610935,-1.4671104,2.677592,-21.431091,-0.46804273,6.7523603,-47.532932,-1.3421625,0.60675466,-67.312614,-7.838027,1.747714,-40.77982,-4.601574,12.27264,-53.888756,-4.58832,1.2674103,-73.5547,-3.3508837,-1.6079245,-45.98562,-21.501371,16.258934,-5.3768187,7.725299,2.7076285,-49.833775,-6.1819487,6.41457,-71.38172,-1.4917098,-4.429727,-41.128513
38.2778,-61.34276,-26.670406,29.074036,-1.1252202,-13.275455,-7.3575964,7.174975,-28.335274,8.180002,-6.2992835,-12.357013,4.2815485,1.855314,-36.474167,-2.7640612,0.72307616,-61.826206,-1.3652077,2.6647818,-30.226166,-0.4588964,7.07145,-53.34474,-1.3719454,0.632024,-80.059456,-8.724158,2.2230523,-50.343834,-4.7416124,12.609485,-60.155212,-4.8187866,1.450635,-85.600716,-3.8346233,-1.3364779,-54.71901,-22.387375,16.918362,-5.5587406,7.9434967,1.8697338,-55.31899,-6.564401,6.9007096,-82.0357,-1.7321962,-4.4325566,-48.74732
41.3964,-66.04426,-29.145866,31.022274,-2.9644353,-15.154816,-7.7725244,7.638788,-32.06684,8.543632,-6.6728487,-16.135155,4.534122,0.6320337,-40.082527,-2.9144108,0.7228386,-70.04553,-1.3513343,2.7623255,-34.883694,-0.5123785,6.6346426,-55.061886,-1.4075074,0.64008135,-85.41634,-9.279698,2.3483732,-53.244022,-5.145615,12.618358,-60.654156,-5.1153164,1.5106292,-90.31233,-4.019149,-1.427335,-57.732204,-24.098948,18.214815,-5.9347515,8.769958,1.4100127,-53.72741,-6.9903274,7.2851396,-86.1324,-1.7842277,-4.7515254,-51.187138
40.8507,-65.2078,-29.148003,30.575693,-2.5263593,-14.72843,-7.7127204,7.5714407,-30.809278,8.60039,-6.6562243,-13.596473,4.439848,0.34129477,-38.295807,-2.8896081,0.73150706,-64.43628,-1.4082581,2.7853434,-30.543888,-0.5273466,6.2865314,-52.52934,-1.3972247,0.6292135,-80.12302,-8.915906,2.118045,-49.115364,-5.117175,12.191546,-57.595406,-5.034667,1.4250562,-85.028915,-3.8008575,-1.5781136,-53.59828,-23.719524,17.951765,-5.866023,8.731355,1.3781555,-51.131855,-6.8678446,7.083673,-81.96145,-1.6855896,-4.766811,-47.96025
40.241806,-64.50699,-27.952154,30.511984,-1.7309341,-14.2379265,-7.7454453,7.571042,-29.273485,8.755591,-6.6803126,-10.862635,4.3875384,0.6560179,-36.335754,-2.8836942,0.7406344,-59.073612,-1.4678227,2.8176265,-26.589954,-0.5183102,6.5057364,-50.829655,-1.390034,0.620408,-75.37652,-8.634574,1.9421097,-45.644238,-5.0851827,12.418196,-55.989086,-4.9722137,1.3568761,-80.6812,-3.6274781,-1.7064904,-50.483875,-23.576056,17.833689,-5.8402205,8.701638,2.0339558,-49.696976,-6.7520795,6.930393,-77.95815,-1.5935309,-4.808848,-45.023212
39.469334,-63.42349,-27.443258,29.874128,-1.3976018,-13.7738085,-7.6488013,7.4674344,-27.670805,8.738999,-6.6246057,-8.736725,4.272829,0.18184388,-34.79015,-2.836267,0.7503862,-53.297417,-1.4843843,2.80023,-23.181488,-0.5366566,6.323283,-45.536213,-1.3731322,0.5989425,-64.71089,-7.9309306,1.5159279,-37.4223,-5.016832,12.356879,-49.414593,-4.799382,1.1590078,-69.166626,-3.1515446,-2.023246,-42.137054,-23.075212,17.474195,-5.7370586,8.687258,3.0942588,-42.73717,-6.4140916,6.423598,-66.225716,-1.3183433,-4.9060545,-36.990513
39.788155,-64.12833,-27.230103,30.412352,-0.15233552,-13.288836,-7.7671733,7.5580835,-27.38418,8.914797,-6.6945753,-7.7117805,4.3594294,1.101596,-35.31097,-2.8620856,0.75116897,-52.878334,-1.5046313,2.8247204,-22.887213,-0.49684647,7.0183344,-48.14253,-1.3788109,0.6051077,-66.61664,-8.088888,1.613319,-38.928463,-5.003877,13.082897,-53.04218,-4.8475733,1.2046328,-71.55428,-3.2457933,-1.9700022,-43.76726,-23.323202,17.664587,-5.7912903,8.602392,3.368651,-46.914017,-6.4858465,6.556534,-68.42014,-1.3647629,-4.9153776,-38.33621
40.608192,-65.0716,-28.007984,31.02896,-0.9667648,-14.004171,-7.867361,7.6730847,-28.839472,8.953591,-6.77457,-9.638241,4.436783,0.7091326,-37.119038,-2.9054034,0.74599236,-57.451946,-1.4905679,2.8441308,-25.559689,-0.515788,6.678499,-51.421967,-1.3926802,0.6175498,-73.05614,-8.565192,1.8724211,-43.999958,-5.1236725,12.771589,-56.437317,-4.9803467,1.314662,-78.47384,-3.5371442,-1.8052702,-48.836838,-23.830963,18.03454,-5.89655,8.786034,2.5457354,-49.69323,-6.741619,6.895603,-75.624886,-1.5301564,-4.9008117,-43.175373
41.05016,-64.8643,-30.21774,30.806334,-0.9315288,-13.896064,-7.931212,7.689928,-26.767574,9.224491,-6.8674583,-4.9526563,4.291014,-1.0700123,-35.481773,-2.889692,0.7633059,-49.305645,-1.5776385,2.896413,-19.273975,-0.582814,5.3369055,-48.227604,-1.3824506,0.5997168,-65.04765,-8.10836,1.5255704,-37.79805,-5.184485,11.669871,-51.888165,-4.9066854,1.1558185,-70.6312,-3.1983016,-2.073239,-42.43751,-23.681877,17.914915,-5.861376,8.822054,1.9156077,-46.746727,-6.684774,6.697449,-71.08151,-1.4080206,-4.972438,-39.210526
40.213245,-63.069878,-30.84701,29.957066,-0.57840383,-13.340775,-7.775086,7.5238447,-25.212656,9.080598,-6.7373514,-3.494131,4.1744814,-0.9887589,-33.569405,-2.8288207,0.7687315,-45.06229,-1.596632,2.873947,-16.728859,-0.5805605,5.1956053,-46.02063,-1.3704062,0.5912964,-61.437813,-7.8045177,1.34984,-35.138905,-5.0598183,11.332516,-49.513744,-4.7902994,1.0766853,-66.428894,-3.0183136,-2.1530879,-39.135326,-23.0521,17.429056,-5.714176,8.586349,1.7788328,-45.442215,-6.5184155,6.4452,-67.913765,-1.3222923,-4.9012847,-36.790916
37.67815,-58.96369,-29.362762,28.149803,0.6383687,-11.821159,-7.372262,7.111156,-22.151083,8.785544,-6.4277496,-0.15147066,3.9060085,-1.328962,-30.520279,-2.6759815,0.7775242,-36.222847,-1.5997756,2.777903,-11.841765,-0.5905954,4.736639,-39.27682,-1.329507,0.56091535,-47.366272,-6.729695,0.8070624,-25.066086,-4.759864,10.772191,-41.499535,-4.42578,0.8246514,-51.646774,-2.396146,-2.433811,-28.735275,-21.525755,16.265116,-5.3613653,8.122698,2.6465795,-37.572754,-5.9160438,5.660409,-53.695473,-0.990819,-4.801908,-26.959375
36.242794,-57.74138,-26.74405,28.053421,4.1646757,-9.854665,-7.1901355,6.973752,-22.576712,8.746474,-6.3187428,1.1203326,3.9460793,0.699458,-29.473314,-2.6380794,0.7749358,-34.676525,-1.5793328,2.718364,-12.020439,-0.5391846,5.7255096,-39.77915,-1.3183234,0.5574457,-44.195156,-6.469072,0.8475112,-23.94413,-4.6127377,11.346606,-43.093803,-4.257569,0.7481993,-47.10406,-2.1740956,-2.4314713,-26.737864,-20.987015,15.905948,-5.27299,7.720123,2.900804,-41.30326,-5.6898212,5.5373096,-49.595303,-0.9305097,-4.713015,-25.5126
35.65541,-58.156998,-24.518457,27.579947,2.4761426,-10.708957,-7.1543827,6.9498177,-23.578503,8.476132,-6.238073,-2.3234217,3.9689415,2.498077,-26.701225,-2.6634011,0.7571323,-41.35186,-1.5044796,2.6776764,-17.320534,-0.46221292,7.2159357,-40.46538,-1.3278291,0.58044374,-53.853313,-7.0755844,1.3119785,-31.677654,-4.553178,12.468107,-46.323303,-4.348478,0.92805326,-56.36201,-2.613451,-2.0740542,-34.675846,-20.980629,15.927301,-5.3122444,7.5307493,3.2984543,-47.25279,-5.865588,5.9007354,-58.47352,-1.2022249,-4.548106,-33.30741
35.46586,-58.574074,-22.518456,27.974913,4.0486026,-9.933759,-7.434511,7.109686,-20.186905,8.905073,-6.315913,2.2065656,3.949366,1.66137,-26.321337,-2.6777043,0.7813514,-31.943783,-1.582969,2.7189703,-11.775879,-0.4775998,7.2396555,-36.123272,-1.3145245,0.55013436,-38.063625,-6.2019134,0.73548555,-20.046732,-4.574223,13.150772,-39.44931,-4.190344,0.6653042,-40.50563,-1.9641302,-2.568059,-23.482506,-21.143864,16.041769,-5.3390656,7.8634267,5.562107,-37.45123,-5.464607,5.299891,-41.666443,-0.7496319,-4.860087,-21.509283
38.25718,-63.144886,-23.835999,30.052011,2.4821568,-11.689476,-7.7863865,7.516657,-25.134188,9.043562,-6.5890355,-4.5118103,4.3315353,2.440108,-32.522263,-2.828116,0.7600875,-48.10496,-1.4977846,2.7607307,-22.055307,-0.4471378,8.139864,-44.66687,-1.3603601,0.58821326,-56.62172,-7.489227,1.4264308,-33.093853,-4.854546,14.126293,-49.609875,-4.6077366,1.004032,-59.87369,-2.7700472,-2.1512847,-37.147297,-22.835077,17.348768,-5.708458,8.339452,4.8361983,-45.873257,-6.085215,6.1526055,-57.788765,-1.1110009,-4.943006,-32.551975
39.781944,-65.22412,-24.942348,31.200504,2.1802976,-12.306572,-8.056617,7.772034,-25.741028,9.370019,-6.845624,-4.3220086,4.4520082,2.0949264,-34.453636,-2.9118102,0.7605742,-49.810272,-1.5568666,2.8793492,-20.953583,-0.46196362,7.819208,-49.053886,-1.3801785,0.6018245,-64.03449,-8.0770645,1.5766919,-37.97951,-5.0419493,14.030366,-54.748627,-4.878709,1.1848828,-70.093346,-3.227456,-2.0271926,-43.51253,-23.659073,17.98734,-5.8964863,8.653882,4.2033267,-49.30592,-6.5256767,6.6262445,-67.55431,-1.3463153,-5.011912,-38.09491
38.54282,-62.129593,-26.330833,29.81823,1.2604909,-12.250133,-7.6635466,7.426182,-25.28887,8.947319,-6.6227126,-4.277667,4.2337937,1.236751,-32.98036,-2.810586,0.7591696,-46.86224,-1.5604248,2.8332832,-18.443869,-0.50111663,6.6693916,-47.716946,-1.3642135,0.5981389,-63.923874,-7.916655,1.5264084,-37.89676,-4.89939,12.554197,-53.0212,-4.7570667,1.16839,-69.80314,-3.2010221,-1.9591637,-42.762173,-22.686617,17.19612,-5.660164,8.326387,2.9288263,-48.2515,-6.4287143,6.494751,-68.86045,-1.4036834,-4.784943,-38.594337
40.53358,-64.88014,-28.32956,30.792221,-1.2555205,-14.080947,-7.8470454,7.647121,-28.598959,8.979225,-6.783872,-8.771056,4.3771152,0.41532147,-35.86661,-2.900807,0.74662954,-56.665184,-1.5028529,2.8504932,-24.777914,-0.5297054,6.334342,-50.748005,-1.3904638,0.617561,-73.59651,-8.5826235,1.8913547,-44.489777,-5.1337276,12.361124,-56.05286,-4.980776,1.3217945,-79.26505,-3.564477,-1.7707465,-49.40487,-23.707602,17.943304,-5.8802977,8.703075,1.9472935,-50.948357,-6.800321,6.975223,-77.9291,-1.5965593,-4.8455887,-44.802917
40.910915,-64.65003,-30.48531,30.421352,-2.02824,-14.380643,-7.8330336,7.6323333,-27.53771,9.121274,-6.848827,-5.5015798,4.213306,-1.4106033,-33.444744,-2.8799279,0.7625302,-48.998566,-1.58113,2.8979294,-18.436632,-0.61052394,4.871604,-44.951756,-1.3792288,0.59541976,-64.114944,-7.9871125,1.4364872,-36.33237,-5.230127,10.996475,-48.09953,-4.893471,1.1338775,-69.150925,-3.1295235,-2.1261427,-41.19035,-23.574198,17.830978,-5.841672,8.915103,1.3062099,-43.722855,-6.677343,6.6453648,-70.18514,-1.3958611,-4.9713154,-38.633938
40.415314,-63.460228,-30.864235,30.002832,-0.78571117,-13.520662,-7.63248,7.462946,-27.5738,8.931561,-6.7249804,-5.5994744,4.2025194,-0.88843715,-34.386787,-2.8285923,0.7595912,-49.03199,-1.561271,2.8541436,-18.731142,-0.58758044,4.976304,-46.412937,-1.3731694,0.596188,-64.88466,-7.934507,1.4687022,-37.105682,-5.093962,10.893829,-50.077736,-4.8276696,1.1429675,-69.85436,-3.132242,-2.0518982,-41.476665,-23.066656,17.461447,-5.7236204,8.57841,0.92991906,-46.32413,-6.599012,6.5896335,-70.71256,-1.4116727,-4.848724,-38.941833
39.41081,-61.952087,-30.10383,29.324072,0.3297372,-12.623605,-7.458497,7.303234,-26.807693,8.789278,-6.597968,-4.7256327,4.1423707,-0.3229711,-33.403873,-2.7803712,0.7618898,-46.790188,-1.5601654,2.817771,-17.704222,-0.568757,5.2033644,-44.999588,-1.3624383,0.5891031,-61.755573,-7.6535053,1.3779033,-35.170345,-4.971448,10.839462,-48.793465,-4.703701,1.0777546,-66.175896,-2.9513938,-2.0970936,-38.913895,-22.422365,17.005322,-5.602248,8.3221855,0.998711,-45.960697,-6.3994994,6.3763685,-67.34546,-1.32326,-4.7830815,-36.626373
39.690388,-62.60704,-30.675602,29.684439,1.9122858,-11.880722,-7.6122646,7.42499,-25.349667,9.152249,-6.7358108,-1.0748069,4.145988,-0.382393,-31.991167,-2.800781,0.7823069,-39.223053,-1.650234,2.8920052,-12.324566,-0.57939464,5.297765,-41.100483,-1.3592901,0.567266,-51.099987,-7.02527,0.8953955,-26.484861,-5.0243645,11.113156,-43.791367,-4.6254883,0.8739492,-54.82302,-2.4278612,-2.5413313,-29.908329,-22.554745,17.112162,-5.6436806,8.494515,1.9403317,-41.081577,-6.1840887,5.968636,-56.32003,-1.0008506,-5.0410113,-28.166254
39.797276,-63.36157,-30.231497,30.069527,2.6766143,-11.643802,-7.6422644,7.47398,-26.438908,9.152815,-6.7553945,-2.2392542,4.232579,0.35617316,-32.73841,-2.818607,0.7759388,-42.815132,-1.6147285,2.877894,-15.276752,-0.5618168,5.7017574,-43.818798,-1.3655641,0.5775597,-55.770714,-7.3639765,1.1328071,-30.60909,-5.032122,11.476241,-47.511208,-4.6817775,0.9431252,-59.165596,-2.620742,-2.3877656,-33.70986,-22.739773,17.274693,-5.694647,8.420468,1.6809837,-45.741295,-6.321382,6.202252,-60.921307,-1.1354642,-4.984221,-32.154873
37.959824,-60.656265,-28.512606,28.966658,3.4070945,-10.740828,-7.3941703,7.207989,-24.61132,8.918665,-6.527632,-0.6714679,4.0770836,0.5102989,-30.932106,-2.7290397,0.77676755,-38.432335,-1.6102929,2.8093886,-13.026382,-0.55400157,5.6152534,-41.567417,-1.3420846,0.56704366,-50.406094,-6.9172797,0.97960794,-27.277426,-4.830835,11.230432,-44.959736,-4.4805183,0.860797,-53.70469,-2.4085848,-2.4100406,-30.264603,-21.808706,16.56099,-5.4797955,8.09235,2.0696118,-43.14044,-6.012789,5.8750753,-55.64277,-1.0339625,-4.8473597,-28.917492
39.092133,-62.6637,-29.382872,29.97329,4.1882234,-10.672158,-7.690641,7.4683595,-23.877556,9.382209,-6.7549872,1.6663783,4.166293,-0.19704674,-31.60706,-2.7864425,0.79531676,-33.44723,-1.6810243,2.8963983,-9.477488,-0.5758125,5.571267,-38.688824,-1.3453742,0.5462532,-40.604378,-6.4355516,0.52038014,-19.104557,-4.981394,11.653857,-40.257847,-4.4855533,0.68239164,-43.705906,-1.9682372,-2.8653636,-22.176224,-22.466177,17.045374,-5.620764,8.547976,3.231564,-36.405025,-5.9037766,5.548168,-45.197342,-0.71761847,-5.2010784,-20.568005
37.942795,-60.96958,-27.994116,29.29459,4.6394663,-10.116144,-7.5193343,7.2938285,-22.971642,9.163656,-6.5734954,1.7598414,4.0982876,0.13930115,-31.274609,-2.7281842,0.7944583,-31.554096,-1.6643046,2.8348653,-8.978734,-0.55626786,5.8131227,-37.605907,-1.3319075,0.54044557,-37.036266,-6.1211605,0.44197756,-16.735292,-4.8376994,11.72752,-38.67878,-4.3407083,0.6292483,-39.72101,-1.8038225,-2.8791544,-19.551714,-21.885796,16.603981,-5.481552,8.383636,3.6942105,-33.868977,-5.6365833,5.2827034,-40.13736,-0.59305286,-5.133702,-17.307299
38.648167,-62.49523,-27.444958,30.264994,5.5896425,-9.93189,-7.7892003,7.533825,-22.630802,9.533638,-6.756354,3.3307714,4.191784,0.87024754,-30.228807,-2.7948337,0.80529237,-28.57257,-1.7158062,2.8990748,-7.300533,-0.53018016,6.689975,-36.58883,-1.3412566,0.5348942,-32.295307,-5.9282274,0.29201657,-12.857143,-4.935055,12.759723,-37.36038,-4.3545437,0.52985406,-34.128365,-1.5393714,-3.1234183,-15.476641,-22.508825,17.067566,-5.629572,8.629046,4.7364335,-33.08631,-5.5854516,5.188719,-34.209606,-0.41101825,-5.3638744,-13.045463
38.832134,-62.80742,-27.1804,30.454485,5.549609,-10.009227,-7.8157134,7.573659,-22.997496,9.468802,-6.7514734,2.1117878,4.226573,1.2597684,-30.268911,-2.8052948,0.80462265,-29.988356,-1.6912242,2.88777,-8.829842,-0.51679665,7.0753613,-37.07876,-1.3471464,0.53823835,-33.22878,-6.05798,0.37966248,-13.911969,-4.9465456,13.086003,-37.502956,-4.3647957,0.5240891,-34.158566,-1.5680853,-3.1049242,-15.909521,-22.641558,17.185596,-5.6601143,8.701135,4.8827996,-33.184822,-5.6037574,5.215125,-34.03612,-0.42399442,-5.374915,-13.32018
35.614666,-57.779285,-24.100948,27.851143,4.206819,-9.729962,-7.2114205,6.9867225,-22.079836,8.572879,-6.1888123,-0.50451183,3.971606,1.8382307,-28.306091,-2.6420357,0.780737,-33.667274,-1.5669622,2.6778808,-12.900813,-0.48705077,7.0635395,-36.485966,-1.316601,0.5488,-38.043816,-6.061444,0.7239007,-18.966753,-4.558744,12.438679,-38.258274,-4.12752,0.6339951,-38.733162,-1.8111326,-2.6135223,-20.869873,-20.904486,15.88769,-5.267249,7.9390225,4.455665,-34.85011,-5.307515,5.12486,-38.165226,-0.5989295,-4.8599257,-18.044308
36.619167,-59.272568,-25.291376,28.361618,3.2798781,-10.515546,-7.30023,7.0996246,-24.00369,8.597934,-6.2922916,-2.8626444,4.09254,2.3134928,-29.70811,-2.6931324,0.7681136,-40.52294,-1.5198417,2.6846962,-17.51548,-0.47484583,7.363948,-39.967422,-1.3341606,0.5682098,-47.47075,-6.6855445,1.078617,-26.000034,-4.6413436,12.736139,-43.452827,-4.3021936,0.7935287,-48.4649,-2.2216203,-2.3655,-28.094704,-21.4384,16.27536,-5.3903236,7.9328055,3.8917708,-41.310825,-5.6368976,5.571998,-47.945774,-0.85389805,-4.805362,-25.19658
37.24117,-59.678112,-27.19484,28.21763,1.4382216,-11.51622,-7.1934385,7.034771,-25.909702,8.323193,-6.2662854,-6.576897,4.1110516,1.7796975,-31.886467,-2.6903586,0.7536682,-48.04386,-1.4450982,2.6598644,-22.093052,-0.49283794,6.888073,-42.503597,-1.3441107,0.58271515,-56.961037,-7.2236886,1.3506985,-32.635868,-4.6670804,12.237192,-46.567528,-4.4355845,0.95484424,-58.689102,-2.6427882,-2.100119,-35.10744,-21.531918,16.30378,-5.398012,7.862598,2.839697,-44.660675,-5.894813,5.894147,-57.503914,-1.1098087,-4.6747923,-31.667107
36.91396,-58.250256,-27.528166,27.676138,0.51298213,-11.771048,-7.18322,6.9848075,-23.208858,8.48242,-6.3106656,-2.3857348,3.873768,-0.060048297,-28.328127,-2.6512206,0.7704588,-37.992924,-1.5438116,2.7261248,-13.757538,-0.5651777,5.5382566,-36.35167,-1.3251169,0.55948496,-46.618073,-6.6137443,0.83007777,-24.450024,-4.6995316,11.154108,-38.964973,-4.3503184,0.80239576,-49.493298,-2.3105607,-2.4219227,-27.97744,-21.2016,16.061153,-5.311225,8.033342,3.0280962,-36.364777,-5.7480774,5.5261154,-49.973557,-0.93669605,-4.7677975,-25.707466
40.09457,-63.99536,-28.637552,30.099174,-1.9237882,-14.15935,-7.881928,7.6681046,-25.275848,9.244496,-6.919021,-2.8361535,4.07901,0.26207697,-25.131836,-2.875866,0.7806625,-39.30835,-1.6474903,2.95919,-12.27523,-0.5701219,6.387598,-34.066383,-1.3669827,0.56797546,-49.93749,-7.111804,0.79806423,-24.857546,-5.1980524,12.208751,-37.342674,-4.744872,0.875241,-53.31058,-2.4868777,-2.657741,-29.787659,-23.349798,17.699404,-5.823413,9.011653,3.4397073,-35.85708,-6.300976,6.015251,-53.89928,-1.0115433,-5.223753,-27.860218
40.775185,-64.73652,-28.936247,30.372156,-3.5418613,-15.181748,-8.003206,7.800845,-25.817123,9.385717,-7.0555124,-2.9558418,4.066782,-0.8572422,-24.653492,-2.911079,0.78255665,-39.652573,-1.649266,2.99414,-12.155945,-0.62070173,5.7175026,-31.400497,-1.3701854,0.5624669,-48.073856,-7.1098833,0.6929754,-23.072973,-5.3619566,11.795545,-33.605316,-4.807943,0.832263,-51.447025,-2.469327,-2.7634912,-28.703724,-23.811775,18.035559,-5.9210653,9.396316,3.4792233,-31.159737,-6.401967,6.0332665,-52.469257,-1.0186926,-5.3330655,-27.122341
38.373253,-61.193573,-27.148203,28.841015,-2.3943388,-13.9413805,-7.5204716,7.3205714,-25.73456,8.746855,-6.5950427,-5.088652,4.020562,0.36570358,-27.592102,-2.793737,0.7559825,-46.33443,-1.5548909,2.8307526,-17.347412,-0.55344725,5.867359,-40.74219,-1.359286,0.59424037,-62.741814,-7.7450285,1.398719,-36.029697,-4.9705224,11.458877,-45.946217,-4.736521,1.1375394,-67.955925,-3.1210554,-2.0174031,-41.477222,-22.462996,17.00334,-5.617468,8.412453,2.1712592,-43.959045,-6.429362,6.433554,-68.65199,-1.4189835,-4.751755,-38.885117
38.82347,-61.793392,-27.610445,29.224003,-1.8890284,-13.798033,-7.369126,7.234919,-29.254381,8.280702,-6.4248967,-12.110227,4.2572117,2.1469612,-33.508644,-2.7921638,0.7264977,-61.566566,-1.3859385,2.7067475,-29.362782,-0.47894353,6.989291,-50.25025,-1.3774296,0.6293441,-79.6538,-8.714391,2.1465638,-49.4367,-4.8506274,12.347021,-57.58391,-4.8658824,1.4191964,-84.58346,-3.7719073,-1.4384243,-53.992264,-22.61242,17.082521,-5.627342,8.035887,1.4393432,-55.233017,-6.667842,6.9556084,-82.42352,-1.7469064,-4.4952126,-49.06547
37.94886,-59.813236,-28.161308,28.357811,-1.1583436,-13.036459,-7.1054883,6.989166,-28.697933,7.933812,-6.203297,-12.57148,4.1822996,2.3789668,-33.978832,-2.7097437,0.72214323,-61.451637,-1.3488116,2.6318638,-29.98967,-0.46888435,6.826788,-51.70897,-1.3660324,0.6312066,-80.93086,-8.702248,2.226447,-51.047184,-4.6694975,11.929392,-59.169834,-4.762649,1.4279165,-85.477646,-3.8114047,-1.2991619,-54.702114,-21.860483,16.517143,-5.4425526,7.6422105,0.75698483,-57.41922,-6.5585337,6.8709416,-83.72263,-1.7865795,-4.292529,-50.037125
37.737476,-59.346657,-28.318918,28.0818,-1.3971859,-13.046564,-7.0409975,6.9231877,-28.644594,7.860278,-6.151728,-12.557422,4.1382732,1.9985278,-33.979046,-2.687314,0.7187826,-62.072556,-1.3247601,2.5987997,-30.705667,-0.4799951,6.4956875,-51.463787,-1.3616885,0.6320356,-81.178764,-8.687403,2.266514,-51.473083,-4.644506,11.578059,-58.936497,-4.7272463,1.4222128,-85.59077,-3.8132946,-1.2474871,-54.968155,-21.671034,16.37343,-5.3960743,7.5423794,0.36417845,-57.84667,-6.5416064,6.876636,-84.617165,-1.8187635,-4.2222657,-50.817665
37.95286,-60.340416,-27.536537,28.351934,-1.2603356,-13.076257,-7.150858,7.040486,-28.320934,8.076756,-6.2649837,-11.23385,4.154314,1.3496428,-33.834198,-2.7169247,0.7319296,-58.077774,-1.3689004,2.6452162,-27.775349,-0.5035426,6.4216776,-46.855564,-1.360099,0.61158794,-71.53791,-8.139909,1.8637283,-43.47637,-4.743277,11.736607,-52.374443,-4.6731563,1.2548828,-75.1214,-3.3882434,-1.6273267,-47.155266,-21.887268,16.574104,-5.464363,7.9294834,1.5726452,-49.24709,-6.3397813,6.503647,-73.124855,-1.5328718,-4.4857607,-42.63391
37.185474,-59.17785,-27.265482,28.05231,0.87096894,-11.768708,-7.0826197,6.9562325,-26.57524,8.228965,-6.251209,-6.954261,4.059509,1.4132291,-31.788109,-2.67989,0.7451787,-49.578167,-1.4566541,2.6775045,-21.336319,-0.5075466,6.161129,-44.81514,-1.3452847,0.5966045,-64.0999,-7.642345,1.5754691,-37.954433,-4.676922,11.354993,-50.021343,-4.541856,1.1255734,-67.7161,-3.0541089,-1.8323603,-41.353176,-21.400465,16.223997,-5.36808,7.7674856,1.4685247,-48.01217,-6.154724,6.2451034,-67.547585,-1.3904691,-4.4958673,-38.287823
38.162563,-60.785168,-28.453598,28.585155,0.3406808,-12.309833,-7.102995,7.0279403,-29.342476,8.04336,-6.2412834,-11.772624,4.2367105,1.7607465,-35.82885,-2.712234,0.73286533,-58.815956,-1.3615701,2.6296735,-28.632536,-0.49320936,6.614588,-47.981026,-1.3617545,0.60962814,-70.76701,-8.038282,1.8489177,-42.67106,-4.731725,11.7720375,-53.162914,-4.6342816,1.2120683,-73.189705,-3.2402873,-1.6924214,-45.199276,-21.86227,16.571287,-5.461584,7.8925457,1.2656114,-50.126736,-6.2478127,6.407483,-70.71036,-1.4297591,-4.5245485,-40.755714
36.970585,-59.225098,-27.532734,28.350508,3.7146535,-10.254863,-7.3586693,7.122446,-22.11451,8.946535,-6.431543,1.8063416,3.949647,-0.011363968,-28.612726,-2.6754954,0.79137284,-30.648941,-1.6383238,2.7885683,-8.884044,-0.5606828,5.6024275,-35.16822,-1.3216631,0.5406759,-36.51961,-6.050353,0.45267814,-16.842918,-4.733929,11.460795,-36.754887,-4.251484,0.60407114,-38.62032,-1.7698623,-2.8249454,-19.328701,-21.359056,16.190731,-5.3613176,8.147701,3.6910605,-33.602066,-5.543496,5.189701,-40.46616,-0.62593484,-5.001436,-18.122276
41.51694,-66.250656,-30.778006,30.900257,-0.5301545,-13.737632,-8.154084,7.909161,-24.178595,9.782463,-7.1469674,0.6342509,4.1451263,-0.960248,-25.657589,-2.9169455,0.8034896,-31.98652,-1.7101959,3.023509,-8.611824,-0.58201885,6.202242,-29.976376,-1.3667086,0.5433793,-35.773083,-6.4485893,0.25414708,-14.176372,-5.3181276,12.731957,-30.860666,-4.6585116,0.56274676,-37.23607,-1.7742339,-3.2613251,-17.54249,-23.857407,18.125528,-5.9438457,9.344418,4.9393797,-29.486038,-6.08105,5.5106077,-39.966057,-0.59227467,-5.6086035,-17.517054
42.833065,-68.513725,-30.983738,32.031143,-1.2293762,-14.588142,-8.428122,8.18033,-25.121754,10.018701,-7.3509107,-0.3905056,4.2649283,-0.71517193,-25.885378,-2.9943175,0.80662906,-33.463913,-1.7150187,3.0784557,-9.607712,-0.58152103,6.754571,-29.278559,-1.3806744,0.543096,-35.33944,-6.5647964,0.2320433,-13.232604,-5.5020285,13.381376,-29.68691,-4.7712226,0.551323,-36.429493,-1.7645586,-3.379723,-16.794249,-24.739325,18.805426,-6.1369085,9.782956,5.434415,-27.75113,-6.194606,5.595048,-37.93238,-0.5442867,-5.813368,-16.228237
40.94889,-65.70976,-28.817682,30.84053,-1.2970107,-14.157627,-8.203074,7.9321175,-23.644978,9.755429,-7.110408,0.3839889,4.1286283,-0.66214055,-24.629951,-2.917207,0.80079085,-31.77896,-1.6824665,2.993815,-9.438868,-0.5731041,6.5933695,-28.61877,-1.3606137,0.5411043,-33.535126,-6.379365,0.27683958,-13.186206,-5.322916,13.043372,-29.129251,-4.61064,0.53989625,-34.824696,-1.7402146,-3.2474647,-16.762691,-23.885944,18.161346,-5.946082,9.461262,5.6365614,-27.117786,-5.9807005,5.44665,-36.846157,-0.55787706,-5.6122875,-16.43078
41.159935,-66.3752,-28.021807,31.145985,-2.2440295,-14.813046,-8.339425,8.062461,-23.852234,9.88327,-7.226293,0.21067572,4.1362476,-1.0870641,-24.081139,-2.9556162,0.8011093,-33.151833,-1.6832654,3.026354,-9.985652,-0.6018536,6.39748,-27.295822,-1.365165,0.5397663,-33.969738,-6.502565,0.28100345,-13.583564,-5.44761,12.9553795,-27.68416,-4.6874638,0.55105996,-35.88959,-1.8447287,-3.249793,-18.05379,-24.25504,18.431326,-6.0397186,9.727529,5.706413,-25.217564,-6.1179757,5.5707827,-38.015213,-0.63236415,-5.6692424,-17.685204
39.490894,-62.99646,-28.56144,29.552837,-1.3698157,-13.642282,-7.8446584,7.607436,-23.926414,9.309094,-6.869278,-0.6674119,3.9966118,-0.89844453,-25.312645,-2.844121,0.7920551,-33.624283,-1.7017242,2.962146,-8.40355,-0.6066121,5.6919785,-30.325201,-1.3510331,0.54594296,-40.16347,-6.4059567,0.39270276,-16.975931,-5.1896353,11.5409,-31.76376,-4.5932164,0.7000287,-43.033142,-2.0069878,-2.9633923,-21.622965,-22.977297,17.408537,-5.7414417,9.119891,3.5390782,-28.40071,-5.9964714,5.572714,-43.809105,-0.70869976,-5.3398423,-19.8361
40.850838,-65.033714,-29.92083,30.268574,-2.5207274,-14.595383,-8.006757,7.8088384,-25.341507,9.464002,-7.0716543,-1.7163966,4.044975,-1.165182,-24.132698,-2.9058406,0.7942947,-35.34073,-1.701684,3.0179963,-9.19846,-0.6325095,5.5740957,-28.59773,-1.3640497,0.5468992,-41.17176,-6.6160054,0.3864476,-17.307325,-5.380944,11.50767,-29.808443,-4.7200813,0.6865502,-43.417,-2.0508518,-3.0573187,-21.86964,-23.646149,17.933119,-5.903311,9.447488,3.2728238,-27.705189,-6.222757,5.729372,-45.30206,-0.7732855,-5.4695573,-21.031525
40.872223,-66.02935,-27.821907,30.739939,-3.9317694,-15.577705,-8.202004,8.003168,-25.275124,9.731795,-7.2463074,-0.88780195,4.025527,-1.6534365,-21.348383,-2.957222,0.8019545,-31.864592,-1.727381,3.066788,-7.088754,-0.65475297,5.77367,-22.091705,-1.359507,0.53005075,-31.740368,-6.203451,0.054974347,-9.954402,-5.54939,11.967437,-21.584862,-4.6933994,0.52241004,-33.443356,-1.7089108,-3.398678,-15.42107,-24.179817,18.356281,-6.0369196,10.007797,4.9210515,-18.348051,-6.0953274,5.4678054,-34.917377,-0.56702894,-5.737276,-14.920234
37.022697,-61.269077,-22.202772,28.861145,-3.0405498,-14.281781,-7.725895,7.5205255,-23.448105,9.2066555,-6.7914042,-0.0702301,3.7946987,-1.1750852,-19.396677,-2.8157363,0.7933308,-27.952885,-1.6870544,2.9161532,-5.3777986,-0.63632774,5.7687597,-19.62545,-1.3211018,0.520382,-25.665638,-5.626686,0.02210858,-7.091876,-5.2237005,11.54254,-18.544804,-4.356538,0.47140622,-27.746502,-1.5314838,-3.249698,-12.982022,-22.604359,17.180798,-5.6894274,9.584047,5.720642,-13.073202,-5.562972,5.052921,-27.971655,-0.4764998,-5.4431653,-11.965493
33.368824,-56.577446,-16.085657,27.387554,-0.7086384,-12.315465,-7.381682,7.1364045,-20.400158,8.843265,-6.3867693,2.2289286,3.634745,0.5453049,-16.988167,-2.689572,0.7907792,-21.794615,-1.67964,2.792202,-2.381773,-0.575142,6.6671677,-18.754217,-1.2859386,0.5103173,-18.891535,-5.0279465,-0.033450324,-3.5451698,-4.859026,12.0090885,-17.760742,-4.0317883,0.41532153,-21.376078,-1.3093097,-3.1458955,-9.7892275,-21.19565,16.113464,-5.369582,9.090872,7.134663,-10.232333,-5.0050044,4.6164975,-19.424232,-0.31941226,-5.2006526,-7.1972656
33.60108,-58.72356,-12.037298,28.982265,1.7236284,-11.644691,-7.886954,7.5413795,-19.24216,9.617242,-6.6752367,6.3199835,3.826759,1.2198697,-17.65806,-2.8094785,0.80451477,-18.820395,-1.7797043,2.8983366,0.26481643,-0.563109,7.4112015,-20.630707,-1.2949888,0.5040973,-14.922277,-4.9909606,-0.07245125,-1.1919638,-5.047548,13.166032,-19.608631,-4.107854,0.39955282,-19.17649,-1.2403358,-3.2716408,-9.059615,-22.186695,16.875496,-5.6222954,9.555834,8.702248,-9.489586,-5.0384398,4.7447143,-16.262989,-0.21018328,-5.4641643,-5.401671
34.552307,-60.10809,-13.05809,29.713333,1.9775021,-11.813249,-8.010419,7.6857176,-20.288748,9.77239,-6.8078985,5.764551,3.934094,1.2161194,-19.186247,-2.8548958,0.8066485,-20.331602,-1.7822261,2.9346528,-0.73130214,-0.5664525,7.4874706,-21.78154,-1.3074098,0.5061093,-15.78303,-5.122111,-0.06211803,-1.6081386,-5.149845,13.376356,-20.597538,-4.1875596,0.3962654,-19.674389,-1.2531368,-3.3341725,-9.254003,-22.684607,17.258364,-5.7352037,9.740488,8.756405,-10.156003,-5.150041,4.829519,-16.426357,-0.20805122,-5.5739036,-5.473491
36.003433,-62.50558,-14.22058,30.780205,2.0507152,-12.236173,-8.240289,7.930296,-21.508608,10.050679,-7.02777,5.3531623,4.0617275,1.2249209,-20.057621,-2.9299245,0.81055284,-21.577456,-1.8025824,3.0040305,-1.1992851,-0.5691104,7.715493,-22.418365,-1.3234086,0.5079481,-16.691574,-5.3031645,-0.06737459,-1.7353619,-5.32235,13.751743,-21.052422,-4.315878,0.39255142,-20.175173,-1.2611024,-3.4465544,-9.169809,-23.4674,17.864868,-5.919896,10.047128,8.789109,-10.859263,-5.3323874,4.973492,-17.032885,-0.20678903,-5.752176,-5.6012974
32.683525,-56.681747,-13.014571,27.782108,1.0989395,-11.510029,-7.554267,7.2480865,-19.192898,9.178399,-6.438012,5.027622,3.696352,0.9213932,-17.40825,-2.7205763,0.79706925,-19.223988,-1.7190077,2.806952,-0.9582797,-0.5641595,6.9807987,-19.590662,-1.2820394,0.5040178,-14.940466,-4.8418927,-0.062402926,-1.4709823,-4.8841553,12.4481125,-18.321177,-3.980369,0.37507716,-18.153513,-1.1785382,-3.1938877,-8.28984,-21.311127,16.225016,-5.423435,9.177775,8.010568,-9.732162,-4.884625,4.5798616,-15.810302,-0.22058135,-5.2749815,-5.41048
31.095528,-52.169044,-16.807737,24.166443,-5.3442993,-13.6473055,-6.8932953,6.6036334,-17.926924,8.145942,-5.9688835,1.590306,3.1999426,-1.8168097,-13.223956,-2.5342004,0.7733166,-22.906725,-1.5874871,2.6518354,-3.8864331,-0.6238338,4.871374,-14.334134,-1.255762,0.5153047,-22.41174,-5.0176144,0.06532886,-7.4643655,-4.59465,10.072753,-14.325417,-3.879375,0.4790882,-25.786734,-1.5556712,-2.7997959,-13.977785,-19.455204,14.796395,-4.997921,8.387377,5.8566017,-10.492054,-4.9482036,4.576669,-27.638725,-0.5940212,-4.7242656,-13.891032
34.898163,-57.68327,-21.393513,26.46691,-6.2340965,-15.124316,-7.275875,7.040426,-23.082731,8.396279,-6.351005,-3.9502559,3.6169524,-0.7004056,-18.876734,-2.7079802,0.75182825,-39.92009,-1.5305341,2.7533615,-13.76276,-0.5932302,5.458767,-26.864576,-1.3157626,0.56806153,-49.14382,-6.82306,0.94690585,-26.371857,-4.8871512,10.800655,-30.519907,-4.4537673,0.9401664,-54.22258,-2.7051194,-2.2125638,-33.571163,-21.291395,16.143595,-5.4051685,8.553255,3.7584891,-28.307718,-5.955445,5.841744,-55.47624,-1.2424021,-4.692692,-32.286827
39.062317,-63.391933,-25.885948,29.074207,-6.2281966,-16.28276,-7.6571884,7.4968667,-29.353971,8.473439,-6.6287894,-13.03886,4.1648426,1.085328,-27.720943,-2.8797593,0.7306258,-61.173862,-1.4091884,2.794304,-28.435839,-0.52590954,6.906596,-40.7949,-1.3829142,0.6188897,-75.46398,-8.590927,1.8908787,-45.187828,-5.130622,12.385962,-47.35237,-4.9643083,1.3470731,-79.82079,-3.655993,-1.6929214,-51.06258,-23.299116,17.620424,-5.8262444,8.793727,2.444551,-44.818165,-6.7475004,6.8926544,-78.00511,-1.6728433,-4.7558737,-47.062904
37.617313,-59.852142,-27.207973,27.847305,-3.3987072,-14.126567,-7.08942,6.977942,-29.013689,7.8486075,-6.186863,-13.593793,4.0864506,1.6556678,-31.425104,-2.7207074,0.7218852,-61.5607,-1.3578162,2.645033,-29.336107,-0.49651894,6.4341307,-47.301384,-1.3645337,0.62771636,-79.89703,-8.581222,2.1330788,-49.42407,-4.7424507,11.48214,-54.168476,-4.7648997,1.4219327,-84.13877,-3.7508128,-1.3640494,-53.711674,-21.843784,16.519041,-5.4583282,7.8976426,0.83600074,-51.93774,-6.5178523,6.797749,-82.21941,-1.7395078,-4.3437304,-49.1581
38.783916,-61.53009,-28.358383,28.646898,-3.2194638,-14.3373785,-7.2386794,7.134277,-30.016853,8.021888,-6.3211884,-14.1573105,4.2081614,1.7509499,-33.42291,-2.7690318,0.7208905,-64.02124,-1.3497963,2.6696422,-31.13454,-0.49017107,6.670079,-49.33819,-1.3770783,0.6334088,-81.87746,-8.771574,2.21084,-50.660057,-4.8311157,11.888108,-56.364666,-4.8569655,1.448405,-86.00734,-3.8181772,-1.3684194,-54.81799,-22.379156,16.935217,-5.577548,8.017601,0.86823136,-54.16077,-6.6526017,6.945844,-83.726776,-1.7676841,-4.4304852,-49.97093
37.46003,-59.42507,-27.3823,27.288172,-5.2065396,-14.867521,-6.9117794,6.8387237,-30.501795,7.41837,-6.0069604,-18.086222,4.08719,1.4420555,-33.41758,-2.6826172,0.70533603,-69.71834,-1.2152473,2.5184672,-36.863976,-0.49490848,6.5188894,-47.068607,-1.3631732,0.6351609,-83.1501,-8.699062,2.3276367,-52.192356,-4.6680956,11.560928,-53.727093,-4.7176194,1.4490495,-86.006805,-3.8250961,-1.2013922,-55.80046,-21.588284,16.3367,-5.3926735,7.777823,0.97566414,-51.348946,-6.4264555,6.7556887,-82.48272,-1.7651316,-4.2389207,-50.26989
38.601486,-61.60684,-27.909859,28.307678,-4.2434196,-14.764771,-7.095729,7.0468035,-31.646059,7.658398,-6.1922607,-18.443928,4.2585115,2.2115672,-34.761402,-2.7491462,0.70752305,-71.20174,-1.2287905,2.5751762,-37.65425,-0.46912768,7.2231016,-48.728626,-1.3791654,0.63840604,-84.51066,-8.888861,2.358665,-52.839615,-4.7725296,12.332062,-55.71537,-4.8320165,1.464824,-87.08477,-3.8730915,-1.2674258,-56.3182,-22.24113,16.845434,-5.550267,7.954295,1.3132946,-53.34808,-6.5782876,6.8914986,-82.91953,-1.7774948,-4.3813324,-50.415627
36.013084,-58.198483,-25.031435,26.836191,-3.0045304,-13.440054,-6.9100304,6.7961955,-27.094934,7.667396,-6.0215397,-12.088392,3.9153895,1.1475421,-29.25973,-2.6477327,0.736101,-54.21148,-1.3757536,2.6075194,-25.006731,-0.51134276,6.3298197,-39.712673,-1.338852,0.5977615,-65.737434,-7.6406603,1.6078635,-38.68116,-4.627832,11.418774,-44.136757,-4.50666,1.1701229,-68.59965,-3.1187704,-1.754915,-42.499012,-20.995155,15.947547,-5.296235,7.978486,2.4378781,-40.257507,-5.9839854,6.0596857,-65.43697,-1.3504612,-4.454894,-37.799732
36.58092,-58.865017,-26.039011,27.29502,-1.3747444,-12.740288,-6.9232597,6.8229604,-27.941631,7.644225,-6.014453,-13.462583,4.0944834,2.1350849,-33.29634,-2.6549106,0.72693247,-59.27154,-1.3150237,2.5698543,-29.531355,-0.4634755,7.0573072,-45.492218,-1.3497498,0.6105813,-71.46197,-8.00772,1.8698212,-43.60613,-4.559486,12.132731,-51.064354,-4.563672,1.2521551,-74.29462,-3.338777,-1.5715023,-46.720665,-21.145752,16.051287,-5.31806,7.711542,2.2814872,-47.49109,-6.0939136,6.259911,-70.17761,-1.4596895,-4.386615,-41.2221
39.225468,-63.656574,-27.025866,30.055048,0.93769693,-12.596847,-7.5047574,7.3873386,-29.599731,8.407025,-6.4790764,-12.518563,4.4645686,3.4784498,-36.03635,-2.8226106,0.7351525,-60.8364,-1.3836741,2.7193754,-30.090172,-0.41730362,8.3902235,-50.925198,-1.3843329,0.6216698,-74.81074,-8.526347,1.9941384,-45.81333,-4.838759,13.84004,-57.34631,-4.8373632,1.3030057,-77.84117,-3.4928937,-1.6845305,-49.03224,-22.936546,17.404564,-5.7143984,8.205667,2.965036,-53.40478,-6.493282,6.6753173,-73.49503,-1.5033543,-4.718082,-43.092964
38.257774,-63.03576,-24.955765,30.290062,3.7440164,-11.093402,-7.9303765,7.624506,-22.733223,9.612623,-6.8468246,2.6387005,4.167436,1.5796555,-27.24192,-2.8503695,0.78558767,-34.113884,-1.6999662,2.940738,-9.788369,-0.49723148,7.0193834,-40.89111,-1.350354,0.56857574,-48.01263,-7.093273,0.939173,-26.436094,-4.9808874,13.156562,-45.616505,-4.6287804,0.88071996,-53.17229,-2.5116932,-2.51489,-31.4385,-22.844666,17.359066,-5.7422113,8.48757,4.3153043,-43.73996,-6.222253,6.0873213,-55.90708,-1.0806763,-5.076218,-30.016565
37.226395,-61.039078,-24.308756,29.421774,3.3721812,-10.933902,-7.8021154,7.480628,-21.058613,9.505077,-6.7202787,4.154435,4.026437,1.0115255,-25.097288,-2.790018,0.7930867,-29.164354,-1.705452,2.9016376,-7.148085,-0.52418756,6.61053,-36.022438,-1.3318462,0.54887027,-39.085575,-6.468483,0.60970175,-19.915863,-4.8944616,12.734309,-39.531906,-4.4424567,0.7173344,-43.441963,-2.1045523,-2.7345812,-24.503069,-22.276176,16.917988,-5.6027117,8.451652,4.9491987,-37.09924,-5.878781,5.6252737,-46.203114,-0.834247,-5.101668,-23.434488
37.053413,-60.52271,-23.392693,29.19308,1.9566319,-11.600444,-7.824882,7.494005,-20.216625,9.498335,-6.715741,4.400963,3.959239,0.6574798,-23.339218,-2.7876713,0.79794854,-26.122665,-1.7213973,2.9089646,-5.1654716,-0.53657967,6.7292833,-31.852745,-1.3257396,0.53667986,-32.94795,-6.0765615,0.35997295,-14.667658,-4.9130898,12.872357,-34.20113,-4.376118,0.6193597,-36.76019,-1.8447611,-2.9384654,-19.476465,-22.270008,16.924698,-5.5926228,8.692419,5.9635453,-30.22065,-5.673667,5.324943,-38.207653,-0.62942505,-5.2250915,-17.813263
36.62476,-59.250862,-24.208591,27.982605,-1.6977679,-13.156325,-7.615618,7.3155107,-20.739918,9.055624,-6.5814786,1.4636197,3.758628,-0.6217242,-20.90188,-2.7414305,0.7870129,-29.27208,-1.6478548,2.8522415,-7.6151896,-0.5825021,5.855876,-27.780289,-1.3194461,0.54053617,-35.616238,-6.199891,0.44024923,-16.617878,-4.914896,11.848299,-29.894054,-4.3649235,0.64537466,-38.91995,-1.9945937,-2.80162,-21.479761,-21.829565,16.583822,-5.4989567,8.680235,5.11439,-27.295076,-5.730604,5.3604007,-41.54478,-0.7855474,-5.064204,-20.925056
38.32165,-61.774277,-26.61651,29.357006,1.0238583,-12.1950865,-7.7112536,7.4672766,-22.842243,9.184034,-6.702255,0.047913834,4.0223513,-0.03360477,-26.68804,-2.783829,0.789518,-33.352276,-1.6391883,2.8765109,-10.158102,-0.5740524,6.0507927,-33.862957,-1.3387376,0.5465588,-39.57118,-6.506359,0.55078864,-19.15974,-4.9881873,12.148474,-35.423866,-4.480676,0.6862048,-42.44485,-2.0806797,-2.8111258,-23.042671,-22.44756,17.05274,-5.6188583,8.774151,4.5382338,-31.345814,-5.881298,5.5053596,-43.560806,-0.7768028,-5.1741047,-21.325176
41.979534,-66.56917,-30.824314,31.344116,-0.88997257,-14.1675,-8.174197,7.989999,-26.537079,9.62953,-7.1885705,-2.6521437,4.275852,-0.61165255,-28.826164,-2.955353,0.79021084,-40.46274,-1.6702,3.0355341,-13.058596,-0.6171279,5.751316,-36.316437,-1.3837544,0.56382036,-49.506535,-7.3521137,0.75346446,-24.612318,-5.4499063,11.948295,-37.895027,-4.899519,0.8215891,-52.417248,-2.5000699,-2.8160088,-28.900478,-24.292648,18.42879,-6.0360813,9.525221,2.9197288,-34.254974,-6.5637984,6.150343,-54.077995,-1.0169312,-5.437883,-27.408607
40.52622,-64.49425,-29.295656,29.976786,-3.003194,-14.751354,-7.9970484,7.778078,-24.55909,9.424787,-7.012856,-1.5495889,4.012055,-1.6898128,-24.455038,-2.8833606,0.7942657,-35.130985,-1.6670824,2.9829192,-10.179996,-0.63995886,5.357664,-28.451462,-1.3572309,0.5443686,-39.646538,-6.6588583,0.41318578,-17.302153,-5.3403482,11.632415,-28.972658,-4.6772656,0.6526407,-41.794415,-2.0717902,-3.0244985,-21.75128,-23.533474,17.858667,-5.868142,9.47409,3.9909134,-25.842665,-6.1734633,5.65323,-44.206963,-0.7893034,-5.429524,-21.17368
37.380417,-60.286003,-25.116411,27.86891,-4.959369,-14.946786,-7.6754622,7.3990917,-21.766994,9.010921,-6.6661015,-0.42027473,3.6800387,-2.0975418,-19.383623,-2.7727385,0.7872678,-30.920982,-1.6399317,2.8785858,-8.084094,-0.6419695,5.1252975,-22.708181,-1.3235809,0.5362743,-34.28323,-6.143089,0.3159353,-14.334464,-5.1014514,11.153167,-23.396147,-4.4208455,0.60608995,-36.879627,-1.9225152,-2.929962,-19.671503,-22.182238,16.85087,-5.584571,9.126208,4.7532306,-20.66913,-5.7883596,5.3286815,-39.66084,-0.747717,-5.1850634,-19.520542
31.000555,-51.341797,-18.052855,23.740408,-5.273209,-13.381012,-6.725515,6.4495306,-18.175426,7.8642783,-5.828248,0.17733061,3.1591134,-1.6966331,-13.847074,-2.4894674,0.7678812,-25.420113,-1.5460408,2.6042073,-5.8926883,-0.62491375,4.654209,-16.507923,-1.255194,0.52336365,-27.287264,-5.237286,0.24367228,-11.146054,-4.4896994,9.780111,-17.065962,-3.873251,0.54947466,-30.364569,-1.7213993,-2.6118898,-17.09988,-19.093916,14.508268,-4.8986197,8.100044,5.0120645,-14.117926,-4.984265,4.664593,-32.36993,-0.7032983,-4.555974,-16.917305
31.736841,-54.036346,-15.198718,24.984657,-5.869579,-14.249077,-7.1393814,6.8089747,-18.154665,8.238072,-6.0631833,-0.24102229,3.3338232,-0.43747914,-13.097507,-2.6027362,0.76831245,-26.747076,-1.5616536,2.6734354,-6.891022,-0.57133317,6.4035063,-15.881956,-1.2686975,0.52585095,-25.848822,-5.3305044,0.22596982,-9.917447,-4.6252003,11.843614,-17.239899,-4.003009,0.58078384,-29.866045,-1.7598133,-2.7237203,-17.319933,-20.108027,15.303166,-5.1525145,8.562623,7.553152,-12.341164,-5.0360374,4.731886,-28.661352,-0.61212707,-4.8400908,-15.122461
35.7753,-60.718834,-18.240889,28.110495,-5.3771896,-15.291668,-7.838841,7.521679,-21.159916,9.129689,-6.7067,-0.3908199,3.7292473,-0.31237632,-16.40862,-2.827794,0.7828318,-30.345177,-1.6500435,2.8870418,-7.5301433,-0.5842561,6.9918137,-19.117723,-1.3184247,0.5322336,-29.747784,-5.880053,0.24378821,-11.1064,-5.110061,12.933677,-20.286293,-4.3871717,0.61435497,-33.57297,-1.8675848,-2.9847655,-18.715637,-22.440983,17.044334,-5.682165,9.438262,7.714614,-14.811833,-5.566993,5.203817,-31.754536,-0.62490916,-5.334713,-16.114061
38.54142,-64.371605,-21.781736,29.868525,-5.0446844,-15.845329,-8.034799,7.7876234,-25.492096,9.173593,-6.9109445,-5.8825283,4.096586,0.8027204,-23.031122,-2.9349482,0.76923513,-43.860172,-1.5841098,2.9308953,-16.265709,-0.54581666,7.6178856,-29.679176,-1.3612489,0.5673773,-48.219315,-7.122798,0.8698044,-24.34725,-5.262104,13.69736,-32.83539,-4.7629805,0.9273836,-52.801228,-2.6171215,-2.5948837,-31.695513,-23.678505,17.96304,-5.943589,9.554528,6.624769,-26.555868,-6.165398,5.962428,-48.81412,-0.9850004,-5.337768,-27.023056
38.086754,-61.45,-25.784168,28.838942,-3.0041544,-14.253938,-7.421316,7.2526903,-27.90964,8.323587,-6.420779,-11.177686,4.19386,1.803361,-31.659243,-2.790221,0.73083067,-58.57017,-1.3962383,2.708706,-27.617744,-0.48514763,7.1647806,-46.024376,-1.3691627,0.6173939,-73.27457,-8.34044,1.913364,-44.69792,-4.848337,12.651297,-52.573708,-4.7925925,1.3286128,-78.06412,-3.5571306,-1.6096387,-49.721416,-22.495583,17.018797,-5.617141,8.224127,2.8183274,-48.884182,-6.477441,6.6821947,-75.095955,-1.5907918,-4.5961456,-44.469177
39.1059,-62.37397,-27.835718,29.24375,-2.9119825,-14.385006,-7.325726,7.2161574,-30.892097,8.037966,-6.3524747,-15.806967,4.3390684,2.8340027,-35.015125,-2.798352,0.7101623,-68.83232,-1.297268,2.6430895,-35.29526,-0.44338065,7.6437645,-53.09232,-1.3861563,0.6474378,-87.41088,-9.167336,2.5078359,-55.452442,-4.819207,12.847764,-61.358604,-4.927261,1.5440986,-91.5991,-4.065234,-1.1743659,-59.459774,-22.735147,17.184124,-5.6511593,7.933134,1.2342143,-59.516586,-6.7824693,7.2030206,-88.54468,-1.906103,-4.3855767,-53.864277
37.54331,-59.558395,-27.155123,28.436138,-0.43546695,-12.648758,-7.0493383,6.9366527,-29.496632,7.821171,-6.1281757,-13.876209,4.247027,3.7311645,-34.433243,-2.709411,0.7091527,-65.32753,-1.3079144,2.5872095,-33.30628,-0.40823355,7.699209,-55.86061,-1.3694718,0.6491408,-88.27334,-9.121189,2.6275327,-57.378174,-4.5829988,12.518784,-65.046265,-4.7875957,1.5595951,-92.79249,-4.109009,-0.9869474,-60.57187,-21.779531,16.459787,-5.432293,7.346195,0.40540203,-64.82597,-6.6690245,7.1838813,-91.37226,-1.996242,-4.110278,-55.866142
37.522694,-59.96364,-26.980051,28.817446,1.5239768,-11.747808,-7.332519,7.123426,-25.991295,8.464076,-6.3792415,-6.1878037,4.163967,3.7152686,-30.048021,-2.7493734,0.73710513,-51.83892,-1.5031781,2.7525463,-22.381231,-0.40752783,7.6640673,-54.055614,-1.3661116,0.63476455,-80.858055,-8.835624,2.293042,-52.138035,-4.646843,12.654748,-63.677624,-4.7989182,1.4528613,-86.930374,-3.9053884,-1.2672318,-55.89714,-21.89755,16.577776,-5.495718,7.4078794,0.75924164,-65.65243,-6.7470245,7.1546874,-89.20235,-1.9538349,-4.241118,-53.574387
35.47599,-57.293087,-24.840755,27.473417,2.3071973,-10.7385645,-7.1067743,6.873615,-23.261463,8.344566,-6.182265,-2.88063,3.9322667,3.3194919,-26.0788,-2.6565995,0.7507297,-42.39072,-1.5416873,2.7175999,-16.617762,-0.41380987,7.42976,-46.522545,-1.3356075,0.60601914,-66.66935,-7.8705654,1.7600775,-41.71234,-4.4636846,12.483346,-54.70478,-4.506762,1.2009974,-71.576614,-3.2808337,-1.6209402,-45.285343,-20.86544,15.813181,-5.2737093,7.2315435,2.1184745,-56.683598,-6.232909,6.4478016,-74.52179,-1.6160139,-4.2690134,-43.867474
37.52709,-61.1636,-25.739204,29.258968,2.7025766,-11.276148,-7.448442,7.2393727,-25.877947,8.642945,-6.450308,-5.549564,4.2278595,3.956178,-29.912188,-2.7777438,0.7475813,-49.126976,-1.5297444,2.788476,-20.876736,-0.3923263,8.232511,-50.676865,-1.3661335,0.6197039,-72.78462,-8.399486,1.9573556,-45.55675,-4.686189,13.484235,-59.19236,-4.7463384,1.303318,-77.69598,-3.5235958,-1.6032915,-49.29334,-22.13997,16.795341,-5.564331,7.670324,2.398137,-59.761585,-6.5387926,6.7893796,-78.480896,-1.6776215,-4.48946,-46.45992
39.483746,-64.39161,-26.683573,30.898254,2.883178,-11.847476,-7.752168,7.5542655,-28.207611,8.856041,-6.652677,-8.643493,4.503745,4.206875,-34.817616,-2.8757627,0.74384546,-56.030685,-1.4984201,2.8254025,-25.68933,-0.3778554,8.840196,-54.965122,-1.3919863,0.6307496,-77.65703,-8.8207445,2.1277487,-48.598164,-4.869421,14.406683,-63.24436,-4.937916,1.3858345,-82.539406,-3.702482,-1.5923464,-52.35235,-23.31752,17.68283,-5.8092346,8.107671,2.8658948,-61.043064,-6.740451,7.020886,-80.46177,-1.6710384,-4.7015767,-47.498695
40.92894,-65.66193,-29.062967,31.31998,1.0311306,-13.045867,-7.5966682,7.5188255,-33.30652,8.287022,-6.517097,-18.137354,4.739111,4.227395,-42.537987,-2.8832839,0.7149536,-73.97385,-1.290936,2.6880724,-39.453587,-0.37849605,8.91988,-61.038834,-1.4157207,0.6567759,-91.63395,-9.5785,2.6849365,-58.497795,-4.9068456,14.359039,-69.00715,-5.0724206,1.5797155,-94.70006,-4.139296,-1.2135369,-60.937153,-23.797476,18.023306,-5.867772,8.197687,1.7729818,-64.16791,-6.9022055,7.3346014,-88.56963,-1.8228294,-4.6073375,-53.339764
40.748375,-64.93094,-29.44849,30.902662,0.54606557,-13.127039,-7.5107603,7.443911,-32.7739,8.230427,-6.484356,-17.460344,4.6611605,3.3394892,-42.483322,-2.8563545,0.7185411,-71.58325,-1.3020767,2.6869323,-37.515537,-0.41155222,8.261256,-59.0179,-1.4067141,0.6472932,-87.53694,-9.296746,2.4835684,-55.164677,-4.8996253,13.777543,-65.93948,-5.0176415,1.5152502,-90.880806,-3.9792821,-1.338623,-57.841057,-23.505302,17.821974,-5.8075647,8.247729,1.7853585,-59.973637,-6.795249,7.1379576,-84.6572,-1.7284253,-4.634602,-50.205
38.35309,-60.938576,-27.727322,29.07078,0.51570046,-12.363978,-7.2567744,7.126525,-28.353434,8.226696,-6.3112626,-10.754738,4.2757406,1.9979383,-36.20842,-2.7413285,0.73445445,-57.71495,-1.3965607,2.673843,-27.525253,-0.46696973,6.9437714,-51.24049,-1.3668375,0.6180824,-73.520256,-8.312539,1.9608774,-45.190784,-4.7291155,12.391726,-57.19628,-4.7173667,1.2936387,-77.484924,-3.4542596,-1.5963118,-48.48586,-22.16095,16.79565,-5.5185432,7.9092584,1.8574824,-52.961365,-6.3912363,6.60239,-74.790375,-1.5384597,-4.5199327,-43.335384
37.00608,-58.49633,-27.23489,27.855946,-0.1022853,-12.218759,-7.026981,6.88904,-26.944092,8.0026655,-6.146094,-9.347748,4.0719333,1.8037442,-32.7855,-2.669904,0.7340534,-54.104748,-1.4134951,2.642443,-24.734657,-0.4830093,6.3843145,-48.72969,-1.3498287,0.6140105,-72.31549,-8.123583,1.9074256,-44.61491,-4.6063685,11.525387,-55.09127,-4.6113305,1.2882304,-76.80202,-3.442148,-1.5220702,-48.13448,-21.346952,16.160831,-5.3392982,7.6120043,1.1687565,-52.543285,-6.2982774,6.516208,-75.76051,-1.5889174,-4.332102,-44.12599
35.6809,-56.49921,-26.363676,26.87274,0.45408407,-11.484268,-6.7788253,6.654439,-26.018164,7.7548265,-5.9560237,-8.708123,3.9559238,2.0487492,-31.116686,-2.5909548,0.7337724,-51.554607,-1.3846086,2.570216,-23.910532,-0.48094422,6.405053,-45.339134,-1.3306053,0.60124385,-66.6486,-7.644022,1.7099482,-40.48942,-4.441743,11.375926,-51.2991,-4.4235463,1.1753354,-70.10695,-3.1563578,-1.6131632,-43.648804,-20.573961,15.555601,-5.159581,7.3235607,1.5247638,-49.444153,-5.987163,6.1470156,-68.98428,-1.4420512,-4.255148,-39.922066
36.7513,-58.5985,-27.296116,27.420235,-0.52964044,-12.303933,-6.956759,6.838988,-27.163656,7.9278536,-6.114188,-9.574638,4.033518,1.8518797,-31.09619,-2.651238,0.73149383,-54.977787,-1.362448,2.5936577,-26.432121,-0.4941595,6.5069075,-44.692024,-1.3445272,0.60597986,-68.490845,-7.8420076,1.7869968,-41.67189,-4.5905223,11.542943,-50.884483,-4.519315,1.1813238,-71.246216,-3.2117767,-1.6320472,-44.733864,-21.147827,16.001387,-5.3068085,7.5184174,1.3616583,-50.70323,-6.157357,6.3248606,-70.92157,-1.4980888,-4.3500276,-41.71956
37.406284,-60.11374,-27.141903,28.468788,1.3838954,-11.690197,-7.2269263,7.087464,-26.506168,8.429836,-6.3700314,-5.9859314,4.1066885,2.6767364,-29.142124,-2.7274537,0.74920565,-48.210625,-1.508332,2.7417824,-20.03518,-0.4774508,6.912244,-45.329613,-1.3549601,0.60268366,-66.46681,-7.841976,1.6489766,-39.724777,-4.725738,11.899082,-51.909134,-4.6231403,1.1690278,-70.19379,-3.1524496,-1.816355,-43.153503,-21.70039,16.451227,-5.4604845,7.764837,1.3921944,-52.285355,-6.314737,6.444545,-71.034035,-1.4701691,-4.526185,-40.82846
36.0868,-58.80969,-24.897238,27.703909,1.6041031,-11.244471,-7.1196036,6.955569,-24.863478,8.279959,-6.219936,-5.1552095,4.0062895,2.6700275,-27.622784,-2.6752942,0.75442886,-43.994995,-1.5018673,2.6936414,-18.263905,-0.46600452,7.2138596,-41.05135,-1.3356991,0.5860948,-57.62305,-7.263629,1.3614919,-33.48002,-4.5981765,12.286135,-46.43899,-4.4384713,1.0242078,-60.701374,-2.794596,-2.0070658,-36.941463,-21.143383,16.050665,-5.3397093,7.7448764,2.916358,-45.381733,-5.939155,5.969929,-60.294384,-1.2271912,-4.567759,-34.092457
33.087036,-53.758934,-23.38072,25.496758,2.2601838,-9.913991,-6.630576,6.463018,-21.555307,7.9483304,-5.8785663,-0.5867228,3.5910304,1.15965,-22.999636,-2.5021513,0.7670491,-31.758345,-1.5491011,2.611383,-9.89215,-0.5327258,5.6090574,-32.41525,-1.2873044,0.5508273,-41.60433,-6.0446405,0.75693667,-21.916178,-4.356056,10.418483,-35.571083,-4.0248675,0.74311095,-44.19492,-2.09072,-2.3175254,-25.136196,-19.367832,14.71219,-4.937993,7.3805685,2.6912334,-34.876926,-5.3222795,5.177194,-46.22687,-0.9072683,-4.4232817,-24.34434
35.126797,-57.454464,-23.871641,27.275091,2.141905,-10.769578,-7.0351944,6.8637505,-23.530706,8.364157,-6.205635,-2.0252821,3.853543,2.1441562,-24.668308,-2.6393862,0.76369715,-36.774326,-1.5753965,2.7240074,-12.250073,-0.49686313,6.580266,-37.232063,-1.3183707,0.57023174,-50.33744,-6.787522,1.0453063,-27.903883,-4.5827293,11.600668,-41.848747,-4.330388,0.92229724,-54.172466,-2.5336084,-2.1973035,-32.128254,-20.769388,15.758274,-5.2531643,7.780923,2.9237418,-40.518707,-5.7818875,5.7236214,-55.119377,-1.1093363,-4.589203,-30.343288
35.497948,-58.1051,-23.875725,27.65607,2.4748209,-10.724752,-7.144734,6.9534698,-23.17839,8.52821,-6.282473,-1.1534743,3.8863125,1.9817188,-25.06545,-2.656906,0.7689437,-35.352867,-1.5844045,2.7391877,-11.591753,-0.502435,6.7022696,-35.99071,-1.3181856,0.56193036,-46.045097,-6.5718484,0.8834419,-24.624962,-4.6249766,11.920733,-40.01531,-4.3099217,0.84331495,-49.724167,-2.3554127,-2.3557482,-29.011568,-21.002619,15.932687,-5.299797,7.9165096,3.6038003,-38.17104,-5.702666,5.582633,-50.135612,-0.9845667,-4.712695,-26.982105
39.40636,-64.55015,-26.699707,30.86388,3.37015,-11.525087,-7.9832697,7.731,-24.138271,9.6192465,-6.945926,0.95552385,4.241864,1.4664915,-27.680168,-2.8717573,0.79183316,-33.665794,-1.686965,2.962019,-9.924139,-0.5145769,7.201088,-37.232964,-1.3544126,0.5535794,-41.34696,-6.7434726,0.5997982,-20.355764,-5.088047,13.417449,-39.907276,-4.6174083,0.73686,-44.97549,-2.1779714,-2.8576348,-24.895958,-23.332577,17.71166,-5.822055,8.902215,5.0462484,-36.342785,-6.070062,5.7334046,-45.61442,-0.8020463,-5.341947,-22.909782
39.47945,-64.35661,-27.134335,30.54012,0.92903984,-12.766623,-7.923571,7.702777,-24.972662,9.458012,-6.9495654,-0.78387994,4.171459,1.0803887,-25.927114,-2.8720536,0.78351426,-36.50315,-1.6543777,2.9577289,-11.365929,-0.5352286,6.8836803,-35.58828,-1.35773,0.5609779,-45.66403,-7.0148625,0.72456527,-23.318666,-5.1408486,12.954624,-38.66807,-4.687299,0.8091013,-49.328266,-2.4078174,-2.7283788,-28.252369,-23.378847,17.734024,-5.829485,8.968121,4.5006638,-36.20797,-6.2302074,5.9116354,-50.522827,-0.9738405,-5.2609267,-26.82236
39.54093,-63.824543,-27.544804,30.039265,-1.371071,-13.833326,-7.8774734,7.68395,-24.678719,9.38529,-6.94969,-0.81643695,4.0298243,-0.68071616,-24.269966,-2.8537593,0.7936371,-32.004913,-1.6706953,2.9511724,-8.526691,-0.59879124,6.1047897,-26.462582,-1.3453091,0.53553617,-32.78208,-6.146126,0.19122921,-12.112149,-5.247368,12.16963,-26.486565,-4.53153,0.5551207,-34.805923,-1.7577018,-3.1900282,-16.673887,-23.257072,17.660696,-5.8007727,9.412968,5.0753107,-22.673822,-5.85206,5.3138976,-35.078133,-0.57143724,-5.49215,-15.559905
36.434372,-59.713432,-23.004942,27.830873,-4.0631533,-14.427488,-7.474582,7.2793097,-22.930763,8.782197,-6.582149,-1.7269001,3.6726909,-1.099549,-18.397676,-2.7403343,0.7851577,-28.727755,-1.6264634,2.8378458,-6.771996,-0.6138368,5.8300867,-18.037653,-1.3096285,0.5222627,-26.136065,-5.534287,0.028933413,-7.618226,-5.0645633,11.379156,-17.214167,-4.266254,0.47600386,-27.907776,-1.5450674,-3.1502304,-13.072892,-21.876844,16.66224,-5.5216255,9.261005,5.6104765,-13.286478,-5.4263196,4.906923,-27.740417,-0.49226338,-5.2774897,-12.299555
34.26128,-56.950844,-20.474466,25.926165,-6.6196494,-15.083951,-7.2555575,7.001074,-20.497066,8.36656,-6.296085,-1.9739318,3.4242315,-1.3287766,-14.33148,-2.6590338,0.7777518,-27.578007,-1.5787444,2.7435737,-6.952258,-0.60442775,6.020259,-13.559708,-1.2895459,0.5201818,-24.62201,-5.286338,0.03585288,-7.1798215,-4.857693,11.376531,-13.3269005,-4.098345,0.46543914,-26.114199,-1.5112826,-3.026237,-12.750871,-20.858116,15.866678,-5.3116302,8.935968,6.4053826,-10.490171,-5.1639132,4.6915364,-25.839163,-0.49395287,-5.07544,-12.164324
32.77939,-55.806267,-15.240804,26.323013,-4.065824,-13.772172,-7.388669,7.073093,-18.59634,8.648253,-6.292875,1.3635647,3.4529138,-0.093251064,-13.07421,-2.6725438,0.78602767,-21.597754,-1.6459315,2.7602105,-3.068152,-0.5700888,6.9615974,-13.737817,-1.2795244,0.5100814,-17.715021,-4.9074764,-0.066502765,-2.7870586,-4.811872,12.309585,-13.191267,-3.9772167,0.39072216,-19.719872,-1.2662827,-3.1345634,-9.039793,-20.874552,15.87021,-5.3173904,9.044723,7.970039,-7.5548096,-4.89804,4.506248,-17.990562,-0.30464342,-5.1598544,-7.068007
32.13564,-55.0369,-13.782447,25.977638,-4.1688066,-13.713269,-7.4249907,7.065493,-17.302485,8.766802,-6.2796187,3.373937,3.408974,-0.17571701,-11.935027,-2.66804,0.787105,-19.770992,-1.6732205,2.7645166,-1.4607803,-0.57405317,6.8007812,-13.704073,-1.2730893,0.50892854,-17.090092,-4.872081,-0.05718061,-2.8193204,-4.7812624,12.213764,-13.752823,-3.9594646,0.41371644,-20.16308,-1.3074563,-3.0842347,-9.877767,-20.692926,15.748399,-5.2926435,8.9639015,8.185332,-8.052109,-4.887305,4.5396094,-19.198507,-0.3334164,-5.114918,-7.8665123
32.715954,-56.17057,-13.685157,27.024687,-1.9935834,-12.911683,-7.5489016,7.206957,-18.080616,9.035734,-6.41977,4.318748,3.5516222,0.4763282,-13.828218,-2.709422,0.7930299,-19.229933,-1.7119558,2.8168876,-0.5318057,-0.5640667,7.061924,-16.421133,-1.2815859,0.50772,-17.177195,-4.9593363,-0.06120954,-2.792042,-4.854447,12.531596,-16.396982,-4.0227995,0.4194544,-20.703793,-1.3226668,-3.1388788,-9.998283,-21.174915,16.098616,-5.3906364,9.099474,8.195972,-9.542218,-4.9750443,4.6302795,-19.21566,-0.32507995,-5.2123895,-7.5106316
33.982574,-58.261543,-14.24135,28.385017,-0.7927697,-12.787873,-7.8039737,7.4662538,-19.044703,9.402035,-6.647274,4.8394885,3.7195938,0.76231664,-15.700591,-2.7845068,0.798712,-19.531569,-1.7448008,2.8868945,-0.52728784,-0.5602615,7.3534107,-18.675158,-1.2957127,0.5087247,-17.125668,-5.1046224,-0.06542756,-2.5750604,-5.008811,13.053334,-18.421734,-4.1327667,0.4104184,-20.701117,-1.3212214,-3.2449923,-9.843398,-22.014538,16.729385,-5.5719385,9.400613,8.457733,-10.634232,-5.1327558,4.769156,-19.03714,-0.31003237,-5.389602,-7.091674
33.710445,-57.393467,-15.704381,27.788626,-0.6715417,-12.497104,-7.5860853,7.2835436,-19.297873,9.113767,-6.5199594,3.8123612,3.677868,0.96814823,-15.951431,-2.7294624,0.7918832,-20.64674,-1.7073421,2.8449404,-1.6065481,-0.5413751,7.219203,-20.345657,-1.2908995,0.5160892,-20.834581,-5.2987094,0.04511848,-5.9151497,-4.8781185,12.778131,-20.774273,-4.1232915,0.46805498,-24.46103,-1.4936796,-3.0974863,-12.545899,-21.511784,16.364016,-5.4548283,9.046221,7.866718,-14.426549,-5.1892886,4.819665,-23.814892,-0.44992432,-5.2166104,-10.437838
36.863377,-62.774452,-16.235012,30.837587,0.23303956,-13.210679,-8.273261,7.9571013,-21.43056,9.9491825,-7.054249,3.820289,4.048606,1.2964029,-19.408298,-2.9319994,0.8062443,-22.84405,-1.7830858,3.0168695,-2.1402962,-0.54917014,8.132751,-22.481333,-1.3295718,0.5154432,-19.675673,-5.5147843,-0.039285712,-3.5071857,-5.303453,14.246682,-21.920895,-4.3952546,0.44108456,-23.13118,-1.4135699,-3.4146297,-10.934914,-23.683676,17.997944,-5.9339056,10.021888,9.009339,-12.44185,-5.4539094,5.038876,-19.682623,-0.27569002,-5.7506137,-6.9573574
38.280502,-65.91848,-15.900985,32.420753,1.5557483,-13.167502,-8.632342,8.310953,-22.609144,10.402602,-7.3207164,3.9630778,4.276048,1.4883206,-22.010014,-3.038375,0.8133149,-24.870739,-1.8153332,3.095268,-3.0171196,-0.5569973,8.484206,-24.604294,-1.3502884,0.51583415,-19.696035,-5.6888604,-0.02513805,-3.2557323,-5.525716,14.885646,-23.436079,-4.531199,0.43250975,-23.000101,-1.3966169,-3.5448792,-10.827835,-24.74755,18.82712,-6.187355,10.496331,9.505456,-12.257075,-5.601024,5.1904955,-18.496664,-0.21036524,-6.0103555,-6.141874
38.215435,-65.774414,-16.138233,32.413067,2.0863926,-12.887608,-8.576252,8.281455,-23.232168,10.341274,-7.2969613,3.433006,4.303762,1.3898648,-23.397902,-3.0293248,0.8107587,-25.947706,-1.797753,3.0775356,-3.9204063,-0.56708544,8.254677,-25.367249,-1.34963,0.5158265,-19.996801,-5.6908,-0.008632921,-3.5233977,-5.531527,14.59013,-23.731052,-4.5217648,0.4253808,-23.018818,-1.3947866,-3.5309286,-10.837188,-24.69021,18.785522,-6.173747,10.49762,9.088305,-12.043472,-5.599256,5.1867256,-18.38201,-0.21636471,-5.993404,-6.1445084
36.425888,-62.745365,-15.180502,30.799286,1.2221328,-12.662975,-8.256695,7.942929,-21.400885,9.962947,-7.017788,4.2444477,4.052996,1.2639406,-19.664976,-2.9274068,0.80836916,-22.608452,-1.7852454,2.9976566,-2.0187461,-0.5646292,7.965087,-22.010496,-1.3262883,0.50995487,-17.488337,-5.3299766,-0.07491197,-1.9258293,-5.308556,13.991023,-20.794401,-4.3315682,0.39008027,-20.336132,-1.2623502,-3.4612846,-9.0160675,-23.556389,17.916172,-5.920063,10.0325165,8.838372,-11.125997,-5.343808,4.9530435,-16.77686,-0.19177902,-5.7666473,-5.1891117
34.033146,-57.636833,-16.166016,28.188295,0.7374238,-11.798775,-7.559021,7.285434,-19.98314,9.057734,-6.4671745,2.8135996,3.7566369,1.2637572,-18.274698,-2.7232578,0.7968397,-21.875132,-1.6954305,2.8156798,-2.7723887,-0.54999864,7.3578424,-21.154585,-1.2963802,0.5105709,-18.952814,-5.085752,-0.015422614,-3.5633953,-4.8733706,12.8217,-20.36673,-4.0628695,0.39826632,-20.968185,-1.2599252,-3.2040117,-9.240672,-21.604939,16.407564,-5.449132,9.116104,7.6111755,-12.724295,-5.01623,4.63668,-18.170086,-0.24638535,-5.301113,-5.931164
36.284695,-59.134594,-23.638372,28.265343,-0.23692364,-12.3779745,-7.5048323,7.289222,-21.940903,8.975536,-6.5600104,1.3702271,3.7831106,0.4379666,-19.630346,-2.7265463,0.79660463,-25.194647,-1.6857162,2.8429227,-4.7367315,-0.5780449,6.31365,-23.079943,-1.3149465,0.5228949,-26.444609,-5.4622197,0.08196383,-7.658536,-4.9523244,11.638801,-22.83685,-4.201287,0.44293356,-26.998789,-1.3759009,-3.1784682,-11.434461,-21.790012,16.524956,-5.474888,8.888299,4.9458513,-20.20075,-5.3385677,4.8821025,-27.306767,-0.39050585,-5.252515,-10.251721
39.8023,-64.79191,-24.656607,31.238811,0.38367262,-13.28931,-8.272045,7.989469,-23.185663,9.807458,-7.0988135,0.96401983,4.182557,0.90794754,-24.1173,-2.9383082,0.8058713,-28.985435,-1.7606758,3.0327244,-6.0009117,-0.55737203,7.521839,-28.8933,-1.3591934,0.5338177,-31.068468,-6.0734015,0.16872019,-10.04759,-5.3228636,13.573692,-29.158417,-4.5821214,0.5539748,-33.03568,-1.650234,-3.302076,-15.160426,-24.040571,18.20233,-5.9629927,9.71426,6.2438545,-22.71108,-5.7963204,5.333635,-30.387962,-0.38769996,-5.7083807,-11.496544
39.861923,-64.69979,-25.197447,31.262539,0.6672474,-13.145393,-8.195187,7.9386053,-23.866053,9.654631,-7.042046,-0.53892046,4.214712,1.0922457,-25.462126,-2.9211648,0.8017695,-30.532072,-1.7267135,3.0039363,-7.6190996,-0.54408574,7.7151585,-30.129694,-1.3599402,0.5362717,-32.275257,-6.1643705,0.2263899,-11.10775,-5.284584,13.725349,-30.16275,-4.572851,0.5575001,-33.708755,-1.6950471,-3.2601266,-15.657991,-24.028204,18.170673,-5.9371433,9.67717,6.18551,-23.028467,-5.7903423,5.3189683,-30.570051,-0.40616938,-5.6750894,-11.809782
39.3238,-63.741203,-25.234482,30.610273,0.038372025,-13.239159,-8.045373,7.7999907,-23.601946,9.467509,-6.9311047,-0.8533508,4.1241474,0.91523445,-24.325699,-2.878565,0.79995507,-29.804522,-1.6992872,2.9573314,-7.8847866,-0.54434425,7.625083,-28.089832,-1.3501186,0.5318041,-30.210491,-5.9827094,0.17828654,-9.785754,-5.2090487,13.534143,-27.943047,-4.4820294,0.50889474,-31.0878,-1.5837897,-3.2707634,-13.966943,-23.598246,17.859076,-5.8429594,9.523374,6.1951604,-21.897533,-5.661043,5.1728573,-28.361513,-0.36971268,-5.6075187,-10.6861105
40.12069,-65.05002,-25.573805,31.442165,1.1191417,-12.949827,-8.213773,7.9574633,-23.911257,9.714019,-7.063368,-0.114472955,4.2314034,1.1195649,-25.586596,-2.9271634,0.8039915,-30.087996,-1.7305988,3.0075054,-7.542556,-0.5399322,7.738291,-30.59596,-1.3609784,0.5357536,-31.717285,-6.1555085,0.2298765,-10.889392,-5.285778,13.819786,-30.58092,-4.56582,0.5359582,-32.87619,-1.6422285,-3.2900028,-15.081756,-24.069912,18.212,-5.9510994,9.642155,6.198681,-24.095335,-5.7934337,5.320468,-30.378448,-0.39226457,-5.690949,-11.566396
40.87435,-65.66487,-27.911242,31.52622,1.7357332,-12.61293,-8.204536,7.946476,-23.974487,9.807022,-7.1085253,1.0437855,4.2393446,0.92288935,-26.178942,-2.926215,0.8061034,-29.646973,-1.7569447,3.0334086,-6.5373335,-0.5415027,7.3795204,-32.10469,-1.3641313,0.5397936,-33.79522,-6.201769,0.21824579,-11.907812,-5.2677155,13.525452,-32.958435,-4.6090474,0.57300353,-35.463856,-1.6684433,-3.2882926,-15.889106,-24.002388,18.181305,-5.9432364,9.428438,5.417191,-28.33674,-5.88777,5.4068627,-34.073315,-0.4269479,-5.671678,-12.975052
39.85279,-63.507214,-29.3015,30.3154,2.8903582,-11.497828,-7.81027,7.585025,-23.865267,9.345667,-6.8187165,0.19375642,4.1796503,0.86944807,-29.142467,-2.821313,0.796278,-32.3981,-1.6994007,2.9342716,-8.527973,-0.54193014,6.699024,-36.247036,-1.3529072,0.54817396,-39.573418,-6.346844,0.42469934,-16.850029,-5.025725,12.586529,-37.917362,-4.531176,0.6796924,-41.913177,-1.87984,-2.992832,-20.05959,-22.868345,17.358133,-5.698948,8.786664,4.098811,-33.948093,-5.8338256,5.440619,-40.62833,-0.5714365,-5.355374,-17.05009
40.42466,-64.37575,-30.41955,30.661772,3.1548207,-11.513619,-7.8549404,7.649202,-24.76049,9.33757,-6.8602057,-0.9825894,4.262904,1.1026689,-30.74779,-2.8451047,0.79448265,-35.358837,-1.6859112,2.9444842,-10.508554,-0.53536975,6.8058615,-39.007374,-1.3651919,0.5575028,-44.27668,-6.686873,0.61122453,-20.484951,-5.068547,12.593907,-40.973515,-4.612186,0.740329,-46.330532,-2.0515196,-2.8951566,-22.931892,-23.066906,17.528559,-5.7565594,8.796968,3.490312,-37.50126,-5.9965687,5.6468854,-45.316807,-0.6828269,-5.3355627,-20.098022
39.758068,-63.264545,-30.210754,30.048744,2.7349439,-11.549514,-7.715394,7.5261884,-24.881847,9.1804695,-6.775907,-1.2505217,4.201588,1.1381555,-29.895508,-2.8205585,0.78731036,-36.890488,-1.6706228,2.9234948,-11.162131,-0.5353752,6.4458513,-40.25204,-1.3633753,0.5669697,-49.45163,-6.98343,0.81680024,-25.059238,-5.018497,12.014786,-43.238632,-4.6389036,0.84017533,-52.31692,-2.333969,-2.6630044,-27.703003,-22.704046,17.266056,-5.69001,8.584691,2.5795302,-40.886375,-6.145773,5.8729496,-52.823616,-0.90990126,-5.1414385,-25.779512
40.163826,-63.758137,-30.665533,30.360846,3.1219256,-11.402144,-7.78213,7.5846076,-24.371017,9.339052,-6.830059,-0.30107212,4.2419376,-0.13223745,-32.614758,-2.8085318,0.7940644,-35.160988,-1.6569712,2.9162643,-10.730528,-0.57274514,5.856598,-38.179634,-1.3543661,0.5468199,-41.121193,-6.546766,0.44870114,-18.613012,-5.063941,11.8965435,-38.76794,-4.5751176,0.68166935,-43.84041,-2.0189872,-2.9497044,-21.593885,-22.88638,17.382185,-5.694542,8.841525,3.356505,-33.452736,-5.971079,5.5099535,-43.4977,-0.6747036,-5.321201,-18.9022
36.986565,-58.851986,-26.727688,28.070843,0.22259927,-12.114201,-7.4387326,7.195685,-21.88679,8.840142,-6.4697456,-0.21630985,3.9019523,-0.9152335,-27.905504,-2.7021198,0.78188735,-33.20134,-1.6299367,2.8216982,-9.598982,-0.58772004,5.202505,-34.953175,-1.325858,0.548594,-42.24627,-6.493583,0.59163415,-20.975548,-4.8460608,10.998328,-36.32062,-4.4172,0.7494982,-46.038807,-2.2332249,-2.6293652,-25.022017,-21.643826,16.396399,-5.4167814,8.51137,3.4111485,-30.494713,-5.834236,5.475852,-47.26214,-0.8686428,-4.9494963,-22.92837
38.16549,-61.421265,-25.107994,28.999619,-3.5480402,-14.708631,-7.9213014,7.6235757,-22.52009,9.219053,-6.787768,-1.6785998,3.9562457,-1.6984733,-25.61578,-2.8501763,0.78012073,-36.551224,-1.6552987,2.9328115,-11.001528,-0.6151392,5.4305773,-32.88746,-1.3510604,0.5598173,-46.1052,-6.9726515,0.73862576,-23.44813,-5.1883507,11.519508,-34.44201,-4.668443,0.8392469,-50.691753,-2.5281856,-2.6066613,-29.259434,-22.984226,17.372322,-5.743143,9.261528,4.1046047,-27.736273,-6.197386,5.885844,-51.713875,-1.0196978,-5.163057,-27.135096
36.70582,-59.12797,-23.344488,27.496742,-7.136231,-16.08455,-7.698884,7.429323,-21.928675,8.933547,-6.666927,-1.7239645,3.6576881,-2.6511946,-19.133982,-2.7936437,0.7805861,-32.12848,-1.6642491,2.906388,-7.4213324,-0.66992486,4.862939,-21.852987,-1.3276713,0.5384884,-37.17409,-6.229333,0.33691052,-15.2318325,-5.1922426,10.604646,-22.09978,-4.5004916,0.6922067,-40.663067,-2.1220753,-2.844372,-22.089893,-22.380432,16.891842,-5.613329,9.43878,4.353287,-16.12998,-5.8679557,5.4378567,-41.37426,-0.8078921,-5.190867,-20.345001
33.537033,-54.15142,-20.863338,24.783638,-9.092621,-15.993707,-7.0544925,6.8337293,-20.525118,8.162043,-6.206508,-2.0681589,3.2367647,-2.8365896,-12.590518,-2.6253352,0.7752785,-26.648817,-1.6218975,2.7647953,-4.4113584,-0.68570435,4.35945,-11.750892,-1.2829831,0.5184811,-27.277744,-5.2676473,-0.009808287,-7.860685,-4.9008865,9.455048,-11.250133,-4.1311526,0.5416649,-29.990797,-1.6682341,-2.9270527,-15.065141,-20.46584,15.493694,-5.211026,9.00694,4.495899,-6.852248,-5.278708,4.7820926,-30.568567,-0.60276186,-4.9493647,-13.991249
40.378754,-65.84464,-25.21484,30.373972,-6.971358,-17.15438,-8.189678,8.013999,-26.152807,9.591088,-7.2527213,-3.131242,3.920704,-2.259829,-18.655529,-2.9880962,0.79797477,-32.206905,-1.7389272,3.0962925,-6.1837816,-0.6855559,5.676031,-17.014574,-1.3567832,0.5261278,-30.164164,-6.0975957,-0.03301796,-8.096411,-5.682874,11.750427,-15.709014,-4.7239327,0.5446443,-32.56499,-1.7460017,-3.4322371,-15.442527,-24.323992,18.48357,-6.0964556,10.529311,5.486909,-9.510056,-6.0765967,5.4351764,-32.093792,-0.5511241,-5.8207684,-13.913877
41.313786,-67.8484,-25.455683,31.607214,-4.5507483,-16.297096,-8.338499,8.187836,-27.360155,9.785069,-7.388804,-3.529638,4.112318,-1.0416626,-20.722422,-3.0416422,0.8031425,-32.458366,-1.7648017,3.1410902,-6.2253327,-0.64838916,6.600994,-19.481852,-1.370232,0.52635527,-29.646488,-6.111521,-0.057898525,-7.145674,-5.749663,12.655643,-17.966284,-4.779162,0.52328366,-31.534784,-1.6409386,-3.5632792,-13.897018,-24.900925,18.917442,-6.2258024,10.694508,5.9285374,-10.906821,-6.0834002,5.4355664,-29.23167,-0.43624783,-5.995337,-11.398972
36.427822,-60.921814,-20.406612,28.900276,-1.8117052,-13.59025,-7.6096034,7.4516478,-24.212242,8.957128,-6.6959605,-2.154122,3.8276894,0.2551164,-19.097893,-2.8047519,0.79244864,-27.110151,-1.6907918,2.9053948,-4.755453,-0.5934231,6.801814,-18.872253,-1.3193612,0.5177815,-23.747072,-5.408508,-0.05330357,-4.958819,-5.172163,12.208041,-17.313913,-4.299564,0.45107844,-25.087854,-1.39181,-3.3204222,-10.655176,-22.469225,17.074594,-5.660859,9.69775,6.3628154,-9.460416,-5.3594418,4.843407,-21.83037,-0.3207351,-5.4982843,-7.7450485
36.450638,-60.75308,-20.749977,28.859137,-1.6577102,-13.491082,-7.582931,7.42723,-24.262003,8.972399,-6.6852293,-1.6873415,3.8189473,0.21807458,-19.173542,-2.7953217,0.79174143,-26.655722,-1.6885506,2.8938866,-4.66729,-0.5897573,6.7643642,-19.02993,-1.31661,0.51713866,-23.102009,-5.367246,-0.048655212,-4.6631374,-5.150415,12.165065,-17.480387,-4.2732935,0.4379304,-24.376757,-1.3586248,-3.3166819,-10.176802,-22.39925,17.027767,-5.641429,9.616763,6.27238,-10.363994,-5.3363237,4.832475,-21.686996,-0.31804258,-5.4753413,-7.7272816
35.34811,-58.961792,-19.59027,28.201645,-1.3604184,-13.030689,-7.4572496,7.281132,-22.832314,8.879803,-6.558585,-0.079779,3.735423,0.6740982,-17.676962,-2.7429976,0.79116035,-24.194992,-1.6894795,2.8559546,-3.1923568,-0.5708052,6.93983,-18.84914,-1.3040214,0.51459014,-21.88687,-5.231756,-0.04815852,-4.2191634,-4.999752,12.2047415,-17.813463,-4.1760044,0.43518507,-23.38491,-1.3340834,-3.2516413,-9.822393,-21.850916,16.602442,-5.5111427,9.296959,6.496914,-11.705584,-5.2013044,4.7368956,-21.127594,-0.32281274,-5.3468633,-7.3828006
35.13459,-58.38059,-20.313358,28.21463,0.6641785,-11.902052,-7.4519515,7.2381744,-21.745584,8.945792,-6.5055003,1.434361,3.8082423,0.9349504,-20.640068,-2.7180314,0.7908275,-24.70913,-1.6821328,2.8352177,-4.0972524,-0.553879,6.8116455,-24.50726,-1.3055761,0.5217712,-25.586115,-5.489867,0.10522714,-8.181815,-4.8810763,12.247464,-24.376436,-4.18798,0.49925113,-28.066525,-1.5341316,-3.090984,-13.333077,-21.6606,16.439137,-5.4491367,8.953891,6.1959543,-17.921057,-5.2906227,4.867787,-26.6529,-0.43808126,-5.2231364,-10.854011
37.723835,-61.842346,-23.368225,29.718874,0.33309454,-12.723936,-7.8743014,7.6312995,-22.60086,9.431615,-6.838697,1.2878709,4.0059805,0.43890142,-22.923574,-2.8364868,0.7981074,-27.572214,-1.7131677,2.948196,-5.6305547,-0.5616196,6.8521013,-27.600405,-1.3368186,0.53103,-30.143827,-5.9847817,0.18926752,-11.114677,-5.121151,12.78487,-27.918818,-4.433414,0.5423716,-32.512028,-1.6979035,-3.16957,-15.856941,-22.904211,17.373465,-5.728305,9.327441,6.0852904,-21.58764,-5.6775827,5.2002206,-32.046856,-0.50974625,-5.450277,-13.685057
39.99797,-64.44935,-25.97397,30.884903,-1.0060983,-13.951307,-8.124771,7.9004006,-24.333206,9.574971,-7.05994,-1.3812757,4.172288,0.078790046,-25.663246,-2.920162,0.7976218,-32.712166,-1.7007008,3.0144088,-8.622492,-0.57776636,6.915511,-29.730253,-1.3624132,0.54120964,-35.41196,-6.452406,0.29089254,-14.003739,-5.3249097,13.140769,-29.834461,-4.6524134,0.61533487,-37.756226,-1.9252481,-3.177098,-18.945555,-23.937609,18.132572,-5.9414463,9.746685,6.027495,-22.14176,-5.967816,5.446199,-35.782917,-0.57579446,-5.6213627,-15.619672
37.80073,-60.958675,-24.380857,29.382595,-0.2198739,-12.912926,-7.6443973,7.461461,-24.567621,8.901588,-6.6416206,-3.9617438,4.080886,-0.36647278,-29.383951,-2.793123,0.7831217,-37.161842,-1.6117492,2.8694315,-11.889561,-0.5998203,6.004137,-33.119576,-1.341646,0.5435294,-40.038086,-6.5203524,0.51924217,-18.421246,-5.0815682,11.86676,-32.725937,-4.517214,0.71933925,-43.197285,-2.1769302,-2.8077273,-23.380945,-22.707726,17.163837,-5.649555,9.318,4.76667,-21.902523,-5.813388,5.405879,-39.81294,-0.70970917,-5.261038,-18.556839
36.04765,-58.49303,-23.026796,27.706598,-2.7600594,-13.639822,-7.520869,7.2560167,-21.047623,8.884444,-6.538483,-0.2621078,3.7329495,-1.7808698,-22.774147,-2.7226317,0.7850672,-29.64076,-1.6320726,2.8354053,-7.81049,-0.6202512,5.3798685,-24.503973,-1.3089179,0.52670705,-30.398932,-5.847846,0.16220464,-12.090413,-4.9675612,11.348489,-24.590061,-4.311631,0.5621446,-34.41835,-1.8476402,-2.9635894,-18.138239,-21.787825,16.48442,-5.4672556,9.044213,5.5413933,-17.21096,-5.5808463,5.081052,-34.65848,-0.64017725,-5.163115,-16.229847
36.031822,-58.926933,-21.57059,27.64181,-5.297695,-15.094726,-7.5308976,7.3224783,-22.865059,8.8166895,-6.6074815,-2.1567962,3.663845,-2.3541927,-19.804276,-2.763261,0.7849321,-30.3057,-1.641403,2.8661244,-7.199259,-0.67301834,4.9028864,-18.94762,-1.3122177,0.52134854,-28.42465,-5.7492476,0.08252,-9.464435,-5.169208,10.684916,-17.561363,-4.3472347,0.5402001,-31.863916,-1.7875315,-3.0572867,-16.554512,-22.12146,16.753267,-5.564744,9.592322,5.3858004,-9.240366,-5.5937076,5.0696235,-31.307516,-0.6131817,-5.274142,-14.737195
37.967705,-62.21008,-22.727,29.085932,-5.4600058,-15.779567,-7.753375,7.5908723,-25.542515,9.034495,-6.8586636,-4.094192,3.8121994,-2.2534559,-20.763714,-2.8622627,0.78875804,-32.556503,-1.6708555,2.9547236,-7.603303,-0.68457896,5.236964,-18.544064,-1.3309278,0.52152145,-29.016594,-5.873423,0.039055023,-8.453482,-5.414272,11.130005,-16.261345,-4.5051036,0.54839987,-32.118053,-1.7793087,-3.204829,-15.951739,-23.175158,17.544235,-5.8041897,10.140475,5.360254,-6.964484,-5.773962,5.2123995,-30.00074,-0.57254577,-5.525416,-13.601279
39.155575,-64.059685,-23.682484,29.87773,-5.6721296,-16.214264,-7.919238,7.770937,-26.479826,9.217347,-7.022027,-4.6017466,3.9010315,-1.8512652,-20.552034,-2.923797,0.7928768,-32.84974,-1.7011951,3.0201461,-7.077036,-0.67581177,5.693722,-18.386955,-1.3448957,0.5233228,-29.560951,-5.948431,-0.0016986523,-7.939174,-5.533682,11.618172,-16.271215,-4.6076083,0.5580394,-32.362675,-1.754746,-3.3186202,-15.450489,-23.769783,18.006731,-5.945053,10.386663,5.552374,-7.056369,-5.8746386,5.281192,-29.429626,-0.52336097,-5.689285,-12.653981
38.884987,-64.616776,-21.62723,30.409214,-4.035442,-15.511327,-8.042825,7.871615,-26.09012,9.382171,-7.0660987,-3.6878018,3.9768612,-1.0994985,-20.748734,-2.9495516,0.7960169,-31.211138,-1.7248647,3.0371165,-6.049398,-0.65123063,6.3059998,-19.193375,-1.3461039,0.5217389,-27.266502,-5.8584085,-0.020007227,-6.538627,-5.546881,12.277207,-16.89861,-4.5896115,0.53019285,-29.878246,-1.6542246,-3.3839023,-13.977676,-23.983099,18.18305,-5.9986734,10.5030575,6.31921,-6.335199,-5.7964034,5.2329664,-26.118935,-0.43622696,-5.7734356,-10.506779
38.90381,-63.820595,-23.35173,30.057777,-3.7810905,-15.195544,-7.9594607,7.7777085,-25.338602,9.285305,-6.9975123,-3.2127967,3.9434032,-0.970405,-20.986628,-2.9115877,0.7962998,-30.695044,-1.7160304,3.0055838,-6.3121057,-0.63889337,6.3132877,-20.136951,-1.3425198,0.5207389,-27.569563,-5.7784815,-0.026195455,-6.6728363,-5.4465656,12.128322,-18.187727,-4.5407295,0.5138222,-30.066763,-1.6036937,-3.3642275,-13.469765,-23.65133,17.891169,-5.9078617,10.169549,5.8242664,-9.842898,-5.7481065,5.1835394,-26.776817,-0.42398807,-5.6899843,-10.316611
38.136673,-62.14422,-24.311302,29.083956,-4.241138,-15.031488,-7.7531557,7.5861793,-24.735117,9.085013,-6.855955,-2.8719306,3.852191,-1.3624171,-20.748894,-2.8557477,0.7937398,-30.983223,-1.7176058,2.9847734,-5.444592,-0.66369116,5.4755926,-20.882458,-1.3382242,0.52442783,-31.502596,-5.8753085,0.022081051,-9.444629,-5.3449287,11.046795,-19.71323,-4.5328994,0.5878874,-34.404537,-1.7480688,-3.2333353,-16.059954,-22.999378,17.403316,-5.767316,9.871502,4.5947485,-11.74616,-5.7881503,5.221828,-32.24936,-0.5224586,-5.5205507,-13.035018
39.204983,-63.643986,-25.517117,29.795738,-4.1546664,-15.279907,-7.927925,7.752769,-25.171711,9.329752,-7.0089245,-2.433423,3.9397385,-1.5246538,-21.806437,-2.904877,0.79748,-31.87,-1.7379663,3.031278,-5.770266,-0.66795325,5.4887686,-22.329323,-1.349624,0.5269042,-32.923855,-6.045279,0.057202443,-10.297621,-5.445933,11.244696,-21.348219,-4.624186,0.6001691,-35.86235,-1.7898178,-3.2709744,-16.828106,-23.514875,17.795359,-5.8842897,9.998841,4.5108724,-13.825121,-5.936479,5.3663898,-34.285007,-0.5458315,-5.6137695,-13.9474745
37.366924,-60.974377,-23.462198,28.808733,-3.038367,-14.227477,-7.656625,7.477784,-24.061073,8.997499,-6.7377005,-2.3388445,3.8558857,-1.0853094,-22.172506,-2.8166757,0.79187644,-30.826908,-1.7029672,2.9403367,-5.857879,-0.64607286,5.5546246,-23.239843,-1.332198,0.52592564,-31.98288,-5.8772955,0.10518362,-10.591988,-5.2246304,11.113786,-22.240547,-4.462675,0.59726167,-34.951065,-1.7745225,-3.135077,-16.844269,-22.633642,17.121885,-5.675337,9.644805,4.7119393,-13.456332,-5.6953444,5.1823487,-32.69352,-0.53269506,-5.4146585,-13.384446
35.933872,-58.89565,-22.247189,27.86496,-2.73742,-13.67736,-7.457082,7.273536,-23.132755,8.8966675,-6.584325,-0.31202918,3.725348,-1.4475158,-20.770586,-2.751827,0.79078156,-28.519066,-1.6960852,2.8794749,-4.7650633,-0.6607493,4.9346037,-22.067274,-1.3152803,0.5217414,-29.83765,-5.674592,0.11833535,-9.819074,-5.1064935,10.390808,-20.996967,-4.318825,0.55760586,-32.64385,-1.6880586,-3.059051,-15.913226,-21.919573,16.589836,-5.521185,9.337543,4.3262587,-13.612341,-5.5424666,5.084391,-32.314495,-0.55472016,-5.242884,-13.634441
33.67541,-56.23659,-16.568726,26.353498,-6.2827578,-15.024733,-7.5901847,7.212344,-17.723097,8.868804,-6.417118,2.0723462,3.3994498,-1.3021975,-11.689226,-2.7187223,0.78861105,-21.523588,-1.6668751,2.8099442,-2.9943676,-0.59278876,6.546109,-12.671647,-1.2887806,0.5125235,-18.426939,-5.014054,-0.0710518,-3.3430622,-4.913702,12.231109,-12.739315,-4.0582747,0.3916148,-20.681936,-1.2947786,-3.1736915,-9.9416,-21.242327,16.1207,-5.408249,9.13712,7.8984194,-8.682176,-5.073088,4.6525736,-21.177317,-0.35583,-5.2227335,-8.751663
33.12097,-55.118797,-16.075472,26.061314,-5.0555663,-14.221559,-7.591763,7.136687,-15.97063,8.818432,-6.281869,2.8736029,3.4142125,-0.40476662,-12.336034,-2.6940284,0.78765965,-20.789427,-1.6545113,2.7751558,-4.0290694,-0.53777856,7.1559887,-17.318304,-1.2863464,0.5230988,-21.104208,-5.2240653,0.13002264,-6.9971986,-4.7259026,13.104423,-18.731882,-4.0319476,0.46949866,-24.249462,-1.4953783,-2.9569104,-13.458829,-20.955675,15.909329,-5.327552,8.791977,8.708894,-14.198872,-5.039264,4.7019696,-24.521223,-0.42324188,-5.079464,-11.768801
31.664526,-52.62619,-15.715422,24.992725,-3.870008,-13.126718,-7.2646422,6.8173127,-15.349546,8.387664,-6.002303,2.04371,3.3356514,0.18215755,-12.895269,-2.5958178,0.77885133,-22.348726,-1.5877097,2.6778133,-6.3143177,-0.5133025,7.060916,-20.510393,-1.2731073,0.5305321,-25.92359,-5.4739723,0.3746886,-12.291083,-4.4722614,12.844643,-23.043718,-3.9473763,0.5563294,-29.59989,-1.7797611,-2.632805,-18.201422,-20.012402,15.191446,-5.1039925,8.227567,8.180353,-18.9437,-5.0153837,4.754585,-30.542652,-0.6262082,-4.750223,-16.853647
33.02873,-54.36657,-17.586843,25.793661,-2.2814667,-12.565965,-7.360586,6.928217,-15.784628,8.6491165,-6.114289,3.3479838,3.4471278,0.34233662,-14.854396,-2.626717,0.7862374,-20.07269,-1.6337793,2.721022,-4.202353,-0.4955095,7.2779818,-22.136929,-1.2802883,0.52750945,-23.177,-5.2735066,0.22666888,-9.268188,-4.5058722,13.225305,-24.229755,-3.9611044,0.5044873,-26.215673,-1.5326034,-2.8370538,-14.500694,-20.35861,15.494356,-5.1744967,8.254958,8.281865,-20.322691,-4.96477,4.655191,-26.83716,-0.4464249,-4.916025,-13.009523
36.8065,-61.486923,-20.112837,29.696009,2.8564873,-11.272049,-8.094003,7.673626,-18.624874,9.844854,-6.7927403,6.7178426,3.981007,1.0226799,-21.604471,-2.8418517,0.8086086,-22.006897,-1.7767237,2.94294,-2.9851553,-0.50763863,7.5144997,-30.394947,-1.3251054,0.5291854,-26.358454,-5.75485,0.24365172,-10.316674,-4.9524183,13.938625,-32.195164,-4.3159614,0.53179324,-30.272272,-1.5834113,-3.1013186,-15.691034,-22.604961,17.19162,-5.6895037,8.923603,7.554873,-27.416132,-5.5010166,5.186771,-31.21249,-0.43627024,-5.3943944,-13.645661
37.823463,-64.12154,-18.88509,31.177244,5.061873,-10.702876,-8.455734,8.014719,-19.072834,10.407571,-7.05678,8.402388,4.1975956,1.0430455,-24.372555,-2.942916,0.81814885,-21.818018,-1.826463,3.0267904,-2.634546,-0.5065296,7.771555,-32.532246,-1.341068,0.52616966,-23.60964,-5.773819,0.17261048,-8.589889,-5.144378,14.627365,-33.721916,-4.413122,0.49084148,-27.818018,-1.4765472,-3.2829585,-14.330145,-23.513613,17.914776,-5.9208765,9.339978,8.332581,-26.902092,-5.5997434,5.2682257,-28.424442,-0.33309358,-5.66177,-11.693857
35.629566,-59.628216,-19.74006,28.984793,5.950288,-9.256714,-7.705179,7.356625,-19.45865,9.394003,-6.4740934,5.152513,4.027871,1.2536105,-26.905794,-2.7397246,0.801412,-24.788868,-1.7028122,2.8096821,-5.837457,-0.4966292,7.29263,-33.44825,-1.3122889,0.52560526,-25.349533,-5.471092,0.25948066,-9.755476,-4.7369504,13.414603,-34.189995,-4.127694,0.49283248,-28.225302,-1.4183639,-3.0275958,-14.027332,-21.688585,16.501816,-5.469804,8.549382,6.834879,-26.949545,-5.171102,4.885569,-26.879087,-0.2901434,-5.248041,-10.390261
34.176456,-57.141365,-19.17413,27.679106,5.537557,-8.947106,-7.318007,7.013627,-19.449074,8.811682,-6.1539683,2.8415487,3.9012249,1.5256087,-26.495815,-2.63741,0.79171836,-26.601244,-1.6203306,2.6880665,-8.066157,-0.48594093,7.2531977,-32.275425,-1.2973658,0.525503,-26.07572,-5.354259,0.33775768,-10.680823,-4.5309353,12.941655,-32.792126,-3.9714708,0.48750404,-27.84351,-1.4022508,-2.8800428,-14.075192,-20.715885,15.7672615,-5.240857,8.175106,6.422906,-25.995958,-4.943897,4.6883416,-25.834396,-0.29674262,-5.019951,-10.330304
34.12933,-57.00808,-19.248909,27.624681,5.2825437,-9.057948,-7.313496,7.0080376,-19.389496,8.795496,-6.1508636,2.7980952,3.8892624,1.5256124,-26.19725,-2.6359506,0.7914917,-26.639442,-1.6184657,2.688038,-8.140986,-0.4865347,7.2378273,-32.28409,-1.2976265,0.52679545,-26.578495,-5.3912196,0.3570024,-11.09785,-4.5256753,12.932459,-32.86414,-3.9781103,0.49703255,-28.386187,-1.4348519,-2.860227,-14.468227,-20.694273,15.747429,-5.236636,8.15976,6.421936,-26.263834,-4.9623704,4.708876,-26.476631,-0.3220773,-5.004019,-10.808303
32.42039,-54.26843,-18.024817,26.216824,4.9232707,-8.68664,-6.9570575,6.671532,-19.040253,8.280785,-5.836892,1.1442249,3.7549856,1.7098163,-25.617682,-2.538003,0.780493,-28.594275,-1.5420101,2.5684376,-10.559838,-0.47425315,7.0541906,-32.030838,-1.2803378,0.52937835,-28.556274,-5.3591466,0.50717115,-13.498375,-4.3086443,12.426567,-32.954643,-3.8392692,0.5347711,-30.131083,-1.5192425,-2.6299393,-16.39148,-19.681068,14.991914,-5.00807,7.7202907,6.019008,-26.88733,-4.7896066,4.6138697,-28.1859,-0.39811206,-4.7290435,-12.7334175
30.634848,-51.73721,-16.363428,24.778736,4.4874125,-8.352995,-6.726464,6.4066887,-16.92362,8.065055,-5.6252813,3.0385642,3.537965,1.1769047,-22.7155,-2.4553976,0.77925366,-24.37102,-1.5390704,2.5056827,-8.032861,-0.48550126,6.5290775,-28.644732,-1.2580031,0.52187365,-24.314344,-4.9682903,0.39437625,-10.979519,-4.1446676,11.756166,-29.568111,-3.6582575,0.47202364,-26.040573,-1.3575871,-2.6121814,-13.92866,-18.69127,14.251844,-4.801156,7.381867,6.010154,-24.698385,-4.553628,4.3852925,-25.526133,-0.37117875,-4.556248,-11.455585
32.492775,-54.341225,-18.223875,26.284855,5.2095613,-8.556109,-7.019188,6.711255,-18.141474,8.468368,-5.9142985,3.4324434,3.7175982,1.5040655,-24.248774,-2.5458195,0.7860377,-25.058271,-1.5864447,2.605354,-7.8131185,-0.48377463,6.888953,-30.83745,-1.2779906,0.5251932,-25.797932,-5.215234,0.37861764,-11.398533,-4.3276243,12.373262,-31.963968,-3.8301077,0.48693666,-27.728928,-1.4219165,-2.7291682,-14.59886,-19.707012,15.00186,-5.019058,7.701042,6.139044,-26.954012,-4.806219,4.588538,-27.066513,-0.38393173,-4.7633643,-11.852748
33.347694,-56.03499,-18.107555,27.096897,5.4144716,-8.795845,-7.2891116,6.946526,-17.885927,8.853304,-6.112363,4.7793593,3.8120468,1.2204901,-24.981134,-2.6133218,0.791775,-24.049519,-1.6304018,2.6765165,-6.65479,-0.49010274,6.9873657,-31.09951,-1.287043,0.52357405,-23.974115,-5.2113557,0.27777705,-9.791935,-4.463986,12.810221,-32.031242,-3.9165173,0.46977788,-26.46211,-1.373551,-2.8672287,-13.705985,-20.341011,15.496651,-5.172352,8.000755,6.749972,-26.031393,-4.894778,4.6395025,-25.72563,-0.32094187,-4.9509015,-10.620914
37.49166,-62.88063,-19.751566,30.368006,2.3877006,-11.757716,-8.173147,7.8069763,-19.871874,9.919331,-6.8983335,5.3692656,4.045217,0.9510837,-22.026546,-2.8833995,0.8126477,-22.255117,-1.7816017,2.969445,-2.7531998,-0.524256,7.8275414,-27.398499,-1.3328794,0.5218334,-21.969225,-5.482397,0.04600417,-5.671289,-5.0915303,14.227547,-27.630465,-4.3146544,0.42970467,-23.964912,-1.277742,-3.368437,-10.860624,-23.061642,17.561872,-5.8012943,9.348824,8.100929,-21.359083,-5.3935347,4.9969788,-23.079355,-0.2173459,-5.630018,-7.5842547
38.55932,-64.47085,-20.478632,30.778814,-0.8836558,-13.7921,-8.365234,8.015084,-21.124147,10.046592,-7.1209974,3.821179,4.011649,0.2500018,-18.965666,-2.9587464,0.81196094,-22.905087,-1.8034785,3.051476,-2.2884555,-0.55395067,7.8039007,-22.555124,-1.3422992,0.5205336,-21.59563,-5.556013,-0.055841185,-4.2110524,-5.3319874,14.194781,-22.588604,-4.447336,0.41599888,-23.55046,-1.2814611,-3.5182981,-10.133706,-23.805462,18.091534,-5.9826174,9.854835,8.256555,-17.066677,-5.5772557,5.1038227,-22.982126,-0.2400849,-5.8119197,-7.6360936
36.258564,-61.12937,-17.802134,29.273472,-1.4775337,-13.5177555,-8.010688,7.682402,-20.24515,9.508923,-6.8003287,2.5566711,3.8530676,0.57341605,-17.433348,-2.85586,0.8017705,-22.695948,-1.7299176,2.9320996,-3.4680023,-0.542965,7.8601236,-20.502312,-1.3182585,0.5167534,-19.874687,-5.3620787,-0.007080597,-4.0866246,-5.121373,13.854282,-20.184744,-4.263441,0.39614296,-21.492592,-1.2804343,-3.3616781,-9.832413,-22.742958,17.29187,-5.744995,9.566948,8.501188,-13.786231,-5.3084836,4.8746734,-20.122816,-0.26278928,-5.570846,-7.0374
37.302597,-62.845444,-18.36544,30.259764,-0.8344817,-13.543819,-8.193212,7.864739,-20.98528,9.754118,-6.9559817,2.6632762,3.9754303,0.86799943,-18.699007,-2.9116843,0.8060239,-23.319796,-1.7565511,2.9862447,-3.455758,-0.53799605,8.1796465,-22.097567,-1.3301184,0.51895344,-20.589182,-5.4893203,-0.006785881,-4.2153015,-5.2218056,14.370849,-21.826223,-4.355618,0.4118713,-22.337933,-1.3090311,-3.4245622,-10.19676,-23.378492,17.770355,-5.8778543,9.784987,8.817349,-14.623135,-5.4153666,4.9725394,-20.20842,-0.2408974,-5.7066474,-6.8454976
44.951954,-71.8558,-31.907421,34.384865,1.6625271,-13.824407,-8.8887005,8.616242,-26.015953,10.568858,-7.671418,0.37815642,4.5848007,1.184387,-28.664143,-3.1199431,0.8193929,-32.499687,-1.8069351,3.2077668,-8.354525,-0.526778,8.346179,-35.02455,-1.4116364,0.54904,-36.81497,-6.749454,0.24195483,-12.895467,-5.6630344,15.065591,-35.78177,-4.948971,0.5696564,-37.40934,-1.7219287,-3.5557215,-16.027058,-26.135939,19.813602,-6.4179173,10.134307,5.9290066,-32.236507,-6.351141,5.7663255,-36.00035,-0.40373802,-6.134332,-13.175666
46.147373,-74.26608,-31.430069,35.684982,2.1659286,-14.075202,-9.166843,8.896028,-27.044764,10.889668,-7.8909974,0.051199332,4.741453,1.4653426,-29.805162,-3.2052484,0.8236991,-33.62936,-1.8329674,3.277832,-8.6425295,-0.52520174,8.84025,-35.727886,-1.4254959,0.5492872,-36.262943,-6.8638825,0.21512108,-12.140143,-5.8349357,15.823782,-36.155098,-5.067794,0.5688216,-36.9657,-1.7227793,-3.6749346,-15.841629,-27.030762,20.505949,-6.622802,10.563982,6.653417,-30.964184,-6.4748936,5.8684535,-34.34852,-0.35465223,-6.353297,-12.114517
44.80717,-71.93328,-30.705193,34.576363,2.0283892,-13.676437,-8.955367,8.663899,-25.61195,10.685986,-7.712881,1.3394363,4.584543,1.2470592,-27.98835,-3.1374025,0.82163894,-31.139082,-1.8362267,3.2334805,-6.9160814,-0.52688104,8.399691,-34.682587,-1.4093518,0.5465916,-35.588726,-6.678594,0.19710062,-12.040689,-5.6852164,15.18422,-35.571144,-4.955556,0.5718085,-36.88715,-1.7028071,-3.5855467,-15.831548,-26.232298,19.876963,-6.4458942,10.212526,6.224626,-31.323372,-6.3527036,5.779154,-35.362457,-0.38841134,-6.1701145,-12.7580805
43.679916,-69.900055,-30.167063,33.519676,1.3053936,-13.6767645,-8.74744,8.468039,-25.061373,10.451724,-7.5630774,1.4938078,4.4594603,0.9438434,-26.69091,-3.0807817,0.816212,-30.618336,-1.8178835,3.187259,-6.566602,-0.53897804,7.928317,-33.624146,-1.3974357,0.5461135,-36.225548,-6.630215,0.23402962,-12.862477,-5.588643,14.480159,-34.718346,-4.882856,0.58581185,-37.638897,-1.7558168,-3.472736,-16.718342,-25.59267,19.385414,-6.3086166,9.983277,5.6804867,-31.028862,-6.294588,5.7474604,-37.126835,-0.46386176,-6.001742,-14.221945
42.41214,-67.83015,-29.086796,32.43037,0.22192657,-13.921489,-8.501374,8.247903,-25.182478,10.069953,-7.364904,-0.19398332,4.3604074,0.95170313,-26.16557,-3.0291946,0.8058221,-33.11011,-1.7741787,3.126291,-8.259727,-0.5443162,7.6530504,-34.04099,-1.3891839,0.55243593,-40.656174,-6.835414,0.44635874,-16.896248,-5.489839,13.866185,-35.696884,-4.850979,0.67992145,-42.573013,-2.0162764,-3.2059705,-20.981367,-24.965282,18.913889,-6.179536,9.788882,5.092622,-31.638498,-6.3088856,5.852593,-42.12584,-0.64217806,-5.770931,-18.553595
41.923466,-67.05361,-28.927792,31.879284,-0.6716372,-14.2208395,-8.399139,8.15275,-25.116032,9.888028,-7.27393,-1.2192419,4.305419,0.45425332,-26.434368,-3.001412,0.8023016,-34.459118,-1.7457832,3.0922384,-9.303893,-0.56221616,7.3253775,-32.931095,-1.3840511,0.55048394,-40.710346,-6.792435,0.44029343,-16.963827,-5.466175,13.464095,-34.165184,-4.816544,0.6793071,-42.59444,-2.0336473,-3.163546,-21.208921,-24.683662,18.693588,-6.118414,9.7820425,4.9281087,-29.479713,-6.2564716,5.7920094,-41.837013,-0.6489688,-5.714493,-18.545948
41.88956,-67.06534,-29.07845,31.774681,-1.183432,-14.42413,-8.440803,8.170376,-24.259706,9.981192,-7.303077,-0.030849189,4.2581854,-0.086327866,-25.555996,-2.9921794,0.807128,-32.218124,-1.754446,3.0941854,-7.9485617,-0.58152324,7.11318,-29.43924,-1.3774992,0.5390771,-35.194767,-6.4136405,0.1795374,-12.254442,-5.4805045,13.426485,-29.99919,-4.75902,0.58168674,-36.92584,-1.7794148,-3.3546712,-16.918793,-24.65702,18.666874,-6.1056166,9.85195,5.477164,-25.616825,-6.1049385,5.5472775,-35.799873,-0.48210993,-5.8140025,-14.210769
41.325317,-65.92713,-29.060503,31.21343,-1.1979645,-14.193641,-8.245037,7.995151,-24.462032,9.708499,-7.1597466,-1.0728464,4.1881504,0.12067714,-25.021461,-2.950832,0.80201757,-33.052525,-1.7326386,3.0546288,-8.526878,-0.57218105,7.0419226,-30.241781,-1.3726306,0.5446884,-37.9268,-6.5036764,0.30565497,-14.717032,-5.374148,13.154211,-31.391722,-4.7178907,0.6300409,-39.58086,-1.8764213,-3.2157254,-18.902817,-24.189356,18.3117,-6.0025444,9.60017,5.0238695,-27.626266,-6.0875793,5.5810857,-38.894745,-0.5675259,-5.662815,-16.438616
41.964622,-66.41793,-30.542212,31.472305,-0.60701346,-13.951441,-8.206775,7.99173,-25.241894,9.570861,-7.141053,-2.788613,4.266653,0.7709502,-26.690865,-2.9463725,0.8001187,-35.804054,-1.6965275,3.0346534,-10.96313,-0.5545989,7.3679056,-32.63481,-1.3807049,0.55153084,-41.058483,-6.7142296,0.41686592,-17.086927,-5.3495483,13.367639,-33.866226,-4.7559958,0.66329813,-42.183197,-1.9784626,-3.1506753,-20.507994,-24.222935,18.359055,-6.0057793,9.513857,4.7157116,-30.524155,-6.1463547,5.6403356,-40.61863,-0.6074296,-5.637729,-17.502346
43.024277,-68.52301,-30.547626,32.638393,-0.06722103,-14.128522,-8.524457,8.27723,-25.341997,10.065059,-7.403562,-0.7264364,4.373189,0.9749853,-26.090906,-3.0288553,0.8082112,-33.21834,-1.759342,3.1258812,-8.766748,-0.54423594,7.8138247,-32.170635,-1.3916771,0.5487477,-38.19539,-6.6662874,0.28968516,-14.443501,-5.5060663,14.086624,-33.485218,-4.8399053,0.6169123,-39.450428,-1.8540034,-3.3514955,-18.231562,-25.06995,18.99281,-6.194867,9.81522,5.4370313,-30.46511,-6.2344766,5.6918178,-38.21379,-0.5240853,-5.86608,-15.680694
41.239067,-66.04904,-27.833275,31.919939,1.0953201,-13.173781,-8.281793,8.04232,-24.692005,9.722688,-7.1457095,-1.3712924,4.3349514,1.8763431,-26.683435,-2.9530993,0.80199885,-33.120426,-1.7059542,3.0284638,-10.007784,-0.5150605,8.228894,-33.40155,-1.3769587,0.5482225,-37.263657,-6.5840964,0.39497545,-15.1430855,-5.302934,14.31918,-34.418697,-4.688314,0.61575437,-38.369225,-1.8894069,-3.1900625,-18.741533,-24.391989,18.472357,-6.0207872,9.567215,6.055163,-29.52471,-5.992391,5.523141,-35.521484,-0.519752,-5.686918,-15.258091
41.83178,-67.399536,-29.03409,32.2084,1.2969438,-13.216567,-8.358194,8.13232,-25.22351,9.964826,-7.2809825,0.1189369,4.352983,0.829118,-27.337425,-2.9720867,0.8048285,-32.253147,-1.723167,3.0561008,-9.024411,-0.54943407,7.3942213,-32.229717,-1.3758601,0.54296535,-34.911755,-6.4826183,0.26690337,-13.141652,-5.414519,13.706266,-32.61223,-4.7186713,0.5651603,-36.33733,-1.7829748,-3.318102,-16.843872,-24.590782,18.672361,-6.0818977,9.693307,5.5608425,-28.541338,-6.073178,5.5370426,-35.328808,-0.51085943,-5.7666345,-14.717122
39.668713,-63.799446,-27.324179,30.598492,1.0895334,-12.697376,-7.9596453,7.7316446,-24.474543,9.425313,-6.937388,-1.045213,4.211933,1.0969642,-27.543327,-2.8672943,0.7846469,-36.811577,-1.6408515,2.9458408,-12.084616,-0.536315,6.9290886,-37.22864,-1.3605268,0.5615732,-46.214188,-7.0951385,0.7716863,-23.888838,-5.135019,12.991713,-39.86721,-4.6969666,0.80772525,-49.86375,-2.458804,-2.6942542,-28.333279,-23.429232,17.760464,-5.8228664,9.015311,4.520062,-35.861855,-6.222526,5.896965,-50.103165,-0.9713446,-5.250774,-26.211452
38.31854,-61.775352,-26.02358,29.674713,0.80145645,-12.468922,-7.6531477,7.427323,-25.002207,8.927388,-6.636419,-4.052405,4.196143,1.8410008,-30.155476,-2.813378,0.7636382,-44.631565,-1.5850477,2.8616521,-16.558266,-0.49787748,6.9689302,-44.84271,-1.3626742,0.591729,-61.589317,-7.784785,1.3762583,-35.85644,-4.90467,12.709475,-50.21909,-4.7536783,1.1387742,-67.50584,-3.1425223,-2.0563104,-41.142727,-22.691936,17.168962,-5.658675,8.427387,3.384427,-45.522633,-6.38594,6.3719764,-66.05234,-1.3439145,-4.8381157,-37.089317
38.46069,-61.986393,-25.86715,29.74184,0.633695,-12.578526,-7.6021037,7.388978,-26.190023,8.755285,-6.555862,-6.6445026,4.2652974,2.1069343,-32.71748,-2.8118868,0.7508468,-50.22863,-1.5226479,2.806952,-21.024677,-0.4737272,7.2612457,-48.450546,-1.3682563,0.6067063,-67.65372,-8.112899,1.6745585,-40.61643,-4.860274,13.0031805,-54.533226,-4.785868,1.2432842,-73.36983,-3.3592863,-1.8310394,-45.591236,-22.72337,17.201948,-5.658576,8.300651,3.194241,-49.274273,-6.447341,6.564409,-70.875046,-1.4543355,-4.7378345,-40.52523
38.42488,-62.192284,-25.091827,29.857063,1.0004205,-12.399214,-7.595354,7.3574286,-26.739115,8.598088,-6.441595,-8.910265,4.352558,2.0862162,-36.86788,-2.8035674,0.73941994,-55.5066,-1.4560246,2.7398968,-25.428633,-0.45034006,7.478773,-52.627396,-1.369036,0.6167135,-71.6068,-8.298653,1.8913919,-43.921017,-4.7947903,13.3674,-58.639587,-4.7934046,1.3412168,-78.08906,-3.5336342,-1.6336687,-49.12546,-22.733767,17.222197,-5.6429157,8.239477,3.4207735,-50.99344,-6.404956,6.6399617,-73.13207,-1.4749614,-4.677647,-42.15149
38.410378,-63.726913,-22.683357,30.721931,3.223241,-11.533799,-8.152656,7.7226567,-21.987085,9.612613,-6.8025146,0.98833084,4.289365,1.9768355,-31.322447,-2.8962407,0.7694967,-40.989487,-1.6824942,2.9354222,-13.7312355,-0.44819644,7.602251,-50.16373,-1.3647078,0.60084057,-62.184032,-7.9250813,1.5335475,-37.38036,-4.940244,13.91342,-57.1371,-4.8336115,1.2450264,-71.49446,-3.305204,-1.9307339,-44.40698,-23.209358,17.63619,-5.8088903,8.42718,4.3529096,-51.9519,-6.501319,6.695973,-70.55603,-1.4018662,-4.896423,-39.81718
38.78631,-64.727295,-22.659996,30.950983,2.6928616,-12.0210285,-8.35427,7.8804846,-22.013987,9.747547,-6.865272,0.37477878,4.3452625,2.2549238,-30.420195,-2.9521778,0.77164304,-41.99756,-1.7124175,2.9857314,-14.2950735,-0.4400383,7.9496727,-50.686176,-1.3762292,0.60793495,-65.04503,-8.131091,1.6121681,-39.261387,-5.021856,14.326419,-58.154217,-4.923756,1.2942221,-73.678085,-3.3878071,-1.9149783,-46.18472,-23.638634,17.979477,-5.920477,8.626328,4.536909,-53.07829,-6.6017857,6.8172154,-72.7887,-1.3965412,-4.9795814,-41.555496
41.542015,-70.187836,-22.028997,33.98039,4.1191463,-12.542798,-9.286854,8.686417,-21.56597,10.978117,-7.5040135,4.404356,4.645889,2.690159,-29.80491,-3.1876662,0.79842573,-37.65021,-1.8796326,3.233853,-10.475869,-0.42813742,9.021067,-51.866924,-1.4100068,0.6027056,-61.016457,-8.334021,1.4622926,-36.168335,-5.465783,16.191465,-59.358482,-5.2075734,1.2377667,-70.24226,-3.292366,-2.2822013,-44.1417,-25.898758,19.695906,-6.4506454,9.568878,6.278387,-53.48079,-6.9703765,7.1141877,-70.312706,-1.2750607,-5.533733,-39.67444
41.133347,-69.29344,-22.020306,33.66551,4.5262237,-12.195202,-9.245387,8.628599,-20.709787,10.979737,-7.440757,5.5290546,4.6037803,2.424413,-29.786495,-3.1647418,0.8045633,-34.669025,-1.9019501,3.2242785,-8.73604,-0.4346038,8.865457,-50.955666,-1.4034153,0.59406555,-56.904984,-8.045622,1.3335547,-33.255474,-5.418941,16.06097,-57.83303,-5.1133327,1.1594526,-65.58671,-3.0825105,-2.3821948,-40.692417,-25.66022,19.499756,-6.389344,9.543846,6.5161986,-51.243202,-6.800482,6.9036355,-65.780556,-1.1404519,-5.550405,-36.344402
37.436466,-62.384598,-21.264856,30.3349,3.927978,-11.092169,-8.399661,7.8345027,-18.537354,10.014972,-6.7845626,5.615168,4.1916,1.5837171,-27.51779,-2.916897,0.7983911,-29.28253,-1.8311824,3.0066872,-6.5376544,-0.46361077,7.681609,-44.76129,-1.353416,0.57311267,-47.84398,-7.037062,1.045206,-26.757172,-4.9621887,14.240848,-50.22948,-4.6282926,0.9758448,-54.58663,-2.566175,-2.3889663,-32.755238,-23.220823,17.598482,-5.811104,8.75304,5.9001594,-43.627033,-6.05476,6.095557,-54.91771,-0.88686764,-5.1611686,-28.946257
34.08373,-56.897602,-19.255281,27.692953,4.3529997,-9.679666,-7.7494235,7.1876435,-15.789128,9.285629,-6.2376757,6.591136,3.8623872,1.0550674,-25.974876,-2.7046883,0.79146147,-24.602188,-1.7579412,2.809912,-4.9911094,-0.4738422,6.8905735,-40.48726,-1.3056223,0.5552031,-39.23787,-6.162216,0.7875831,-21.27724,-4.530947,13.148849,-45.006504,-4.217571,0.8398593,-45.755707,-2.193199,-2.3549337,-27.056967,-21.10863,15.997378,-5.318735,8.009847,6.0403266,-37.984436,-5.416753,5.426108,-45.589085,-0.69549,-4.8204813,-23.180609
33.438137,-55.31117,-20.053673,26.775913,3.8472395,-9.591192,-7.425798,6.9272037,-16.53206,8.814514,-6.034999,4.372322,3.7962391,1.190528,-26.711958,-2.6324892,0.7797639,-27.444696,-1.6943026,2.7332592,-7.0572553,-0.46746284,6.69154,-41.31388,-1.299406,0.5621969,-43.117096,-6.2644024,0.91051173,-24.093494,-4.389051,12.585783,-46.067665,-4.1716723,0.9030602,-49.663868,-2.3412597,-2.179471,-29.425543,-20.418022,15.491629,-5.1594152,7.683593,5.242203,-39.517265,-5.3784246,5.422577,-48.729378,-0.8034637,-4.6187444,-25.411268
33.16808,-54.869606,-19.85805,26.54614,3.6259954,-9.594936,-7.3170776,6.84078,-16.798897,8.653129,-5.971493,3.6399744,3.7680142,1.4853252,-26.388037,-2.604981,0.7764792,-28.110077,-1.6724136,2.7060308,-7.5065203,-0.46081632,6.7999897,-40.59947,-1.2948524,0.56247044,-43.343975,-6.218685,0.89509714,-23.915625,-4.3338614,12.592055,-45.317734,-4.1493306,0.9186563,-50.02967,-2.3596578,-2.1505833,-29.625761,-20.219152,15.345174,-5.1048374,7.5935335,5.268799,-39.002487,-5.324611,5.3691635,-48.12911,-0.8062204,-4.573731,-25.040144
35.74422,-58.42616,-22.895294,28.105856,2.9845428,-10.60158,-7.499745,7.1330147,-20.52627,8.876732,-6.297823,1.014612,3.9728146,1.4390062,-28.388895,-2.7046452,0.77778226,-33.263714,-1.6649553,2.7896154,-10.0014925,-0.48475844,6.818408,-40.668842,-1.3221893,0.5651083,-46.175465,-6.518048,0.8743292,-24.273285,-4.608918,12.728645,-44.831215,-4.3659286,0.92791945,-52.0538,-2.4034002,-2.3219023,-29.922749,-21.405245,16.220898,-5.367223,8.070926,4.8765078,-38.551918,-5.626442,5.576076,-49.253567,-0.82579505,-4.833314,-25.178423
38.614742,-62.622524,-25.879107,29.86456,1.5831467,-12.158027,-7.806714,7.529739,-24.18117,9.26107,-6.726723,-1.0083845,4.1680083,1.2437474,-29.004377,-2.8466916,0.7778757,-38.952133,-1.6852424,2.9229124,-11.971714,-0.5154587,6.6736546,-42.09035,-1.359122,0.5791575,-54.406498,-7.257858,1.081427,-29.232279,-4.9835157,12.597017,-46.724125,-4.69625,1.029537,-59.945763,-2.7284157,-2.3374686,-34.83144,-22.840086,17.319155,-5.714779,8.597806,3.646996,-42.237858,-6.2139482,6.1565485,-58.887867,-1.0791136,-5.0293255,-31.247246
40.030552,-64.28352,-28.391178,30.563726,1.3282014,-12.59543,-7.858973,7.651659,-26.237831,9.322134,-6.880889,-2.5691438,4.2706623,1.0860173,-30.633888,-2.8886957,0.77715766,-42.44284,-1.667203,2.9560874,-13.91805,-0.53180313,6.4890423,-43.41703,-1.3767043,0.58476114,-58.294266,-7.5873833,1.1875683,-31.705154,-5.1252236,12.319519,-47.77449,-4.8157115,1.0451677,-62.874058,-2.8280754,-2.352245,-36.379147,-23.342033,17.699556,-5.832678,8.749092,2.669063,-44.436604,-6.4496784,6.3681884,-62.841892,-1.1819085,-5.0885067,-33.436985
39.412174,-61.63185,-30.199127,29.42652,1.0894516,-12.19767,-7.593558,7.395861,-24.550922,9.033208,-6.6857347,-1.4472425,4.096675,0.310843,-29.686594,-2.7876573,0.7839116,-37.5085,-1.6542604,2.8875349,-11.638906,-0.55509937,5.8721333,-39.825428,-1.357922,0.5675124,-50.716785,-7.0230412,0.90094435,-26.20083,-4.9718404,11.5326805,-42.734592,-4.6012626,0.8636369,-53.898624,-2.4254715,-2.5395718,-29.281757,-22.48286,17.029951,-5.610632,8.493489,2.489077,-39.993,-6.1146193,5.8823166,-54.822052,-0.97066414,-5.0246453,-27.133556
41.00981,-64.473305,-31.58586,30.6324,1.5612605,-12.417998,-7.9275217,7.7078285,-24.819094,9.527844,-6.973133,0.22515067,4.2074995,-0.005600825,-29.66973,-2.8722422,0.79589105,-35.297237,-1.7162688,2.9865062,-9.64543,-0.56909883,5.985215,-38.464497,-1.3698057,0.56014,-46.509598,-6.8738275,0.6636298,-22.108656,-5.167607,11.971183,-40.85817,-4.6911507,0.7771665,-49.31015,-2.1823514,-2.8509696,-25.139797,-23.321478,17.686632,-5.812752,8.855722,2.9066582,-38.614914,-6.1968474,5.8540382,-50.866234,-0.81437564,-5.3198786,-23.47412
41.872993,-66.34385,-32.019875,31.556192,2.4650257,-12.324886,-8.162616,7.9214277,-25.195307,9.85303,-7.155003,1.2185173,4.3142743,0.52685386,-29.515366,-2.9365585,0.80024266,-34.68873,-1.757477,3.0531878,-8.893339,-0.5589799,6.3408613,-39.933853,-1.3811393,0.56374764,-47.4766,-7.026444,0.6887387,-22.717707,-5.2814426,12.414431,-42.930496,-4.7923503,0.79903746,-50.553482,-2.217005,-2.9029446,-25.754684,-23.922895,18.158554,-5.959099,8.999724,2.8880925,-41.64679,-6.3604045,6.032867,-52.646793,-0.8397645,-5.435144,-24.645643
41.077606,-65.05272,-31.568064,30.85558,2.0778143,-12.251157,-8.01281,7.7705493,-24.657265,9.647102,-7.0207505,0.9833561,4.225542,0.5073248,-28.591127,-2.8916142,0.7972646,-34.295307,-1.7399004,3.0118966,-8.867973,-0.55809546,6.2271576,-39.093464,-1.3721805,0.5631369,-47.393524,-6.943662,0.6995224,-22.901995,-5.1860003,12.163016,-42.213596,-4.722975,0.8031115,-50.448803,-2.218796,-2.8348536,-25.887861,-23.44359,17.797474,-5.8512383,8.819417,2.7618194,-41.300533,-6.268336,5.9580173,-52.604294,-0.8528055,-5.325278,-24.881346
41.98762,-66.377815,-32.199265,31.418032,1.5596406,-12.779478,-8.1189785,7.897821,-25.683434,9.763794,-7.1433434,0.21184722,4.2910886,0.0013593435,-29.87966,-2.930952,0.7966459,-36.850666,-1.7277083,3.0349493,-10.317607,-0.5803275,5.9964056,-39.252888,-1.3810474,0.5642542,-48.386143,-7.0864115,0.7192322,-23.40732,-5.3072653,12.11535,-41.943554,-4.80362,0.80750716,-51.362507,-2.2716467,-2.865005,-26.71313,-23.916224,18.154871,-5.9558544,9.042901,2.7006712,-40.649338,-6.394579,6.063407,-53.508583,-0.8835825,-5.4107237,-25.509293
40.604477,-64.04941,-31.04585,30.318087,1.0747026,-12.5744295,-7.8583484,7.6443353,-24.778072,9.417135,-6.9189715,-0.1724957,4.148164,-0.1405109,-28.663492,-2.8493018,0.7918015,-35.802387,-1.6880922,2.9567368,-10.243509,-0.58321315,5.7599173,-37.271996,-1.3633153,0.55978763,-46.36666,-6.863677,0.6736717,-22.362312,-5.146714,11.749723,-39.69277,-4.666073,0.77900964,-49.161476,-2.2126658,-2.803778,-25.670599,-23.148075,17.566082,-5.7702227,8.803765,2.8340068,-38.02908,-6.1878657,5.846546,-51.086403,-0.85908103,-5.2567277,-24.348343
40.78793,-64.36264,-30.573534,30.375505,-0.30876786,-13.3587475,-7.8799753,7.681703,-25.236586,9.366147,-6.944852,-1.6464083,4.1375146,-0.9099765,-28.942875,-2.8609397,0.7925557,-36.307434,-1.6775758,2.96813,-10.343324,-0.60905063,5.55223,-34.249454,-1.3629388,0.551478,-43.069916,-6.697707,0.49181673,-19.198717,-5.22127,11.74401,-35.33274,-4.6737447,0.72706175,-45.78517,-2.1172142,-2.9444425,-23.285763,-23.389921,17.716303,-5.8077497,9.16441,3.5471134,-30.86885,-6.120494,5.669937,-46.027763,-0.7497295,-5.3837953,-20.995134
39.10541,-61.612278,-28.879856,29.19031,-0.6104907,-13.013431,-7.582139,7.3986244,-24.41104,8.947701,-6.677642,-2.420752,4.0057216,-0.7746502,-28.130125,-2.7727933,0.78533226,-35.90808,-1.6288416,2.8739274,-10.842858,-0.6030927,5.434266,-33.21271,-1.345455,0.5506685,-42.171593,-6.537275,0.5252955,-19.272339,-5.0371556,11.373463,-34.1055,-4.525916,0.7205444,-44.73766,-2.113341,-2.818047,-23.243483,-22.509628,17.056759,-5.604141,8.894257,3.6205082,-28.860443,-5.903191,5.483568,-44.384388,-0.7546167,-5.186793,-20.5399
38.861267,-61.685814,-27.792376,29.27163,-0.95559585,-13.2388735,-7.643022,7.456604,-24.211863,9.004936,-6.716354,-2.1928627,3.9927757,-0.49532366,-26.293022,-2.7884107,0.7879184,-34.47127,-1.6402835,2.8909473,-10.012417,-0.6008959,5.7080154,-31.103271,-1.3441896,0.54695666,-39.79934,-6.454155,0.45399648,-17.62427,-5.077933,11.623985,-31.757195,-4.518095,0.68046474,-42.088932,-2.0400925,-2.8969076,-21.737473,-22.634024,17.157772,-5.64073,9.058023,4.160529,-26.366535,-5.871632,5.4221053,-41.68093,-0.7130306,-5.248236,-19.24444
39.76223,-63.575558,-27.930649,29.990791,-2.0778387,-14.187372,-7.8841887,7.698325,-24.959023,9.345494,-6.9630604,-1.3912039,4.0279145,-0.9157959,-24.600578,-2.8653457,0.79280376,-33.74126,-1.6781598,2.9695244,-8.913613,-0.62104505,5.673913,-28.039328,-1.352443,0.541963,-37.279694,-6.4152756,0.3232667,-15.18171,-5.289004,11.718292,-28.346756,-4.613323,0.63685226,-39.786224,-1.9705509,-3.067941,-20.140152,-23.351328,17.706541,-5.8200912,9.462304,4.3716583,-23.834759,-6.0121155,5.506463,-40.106564,-0.69784516,-5.4388847,-18.464676
39.85382,-64.75952,-26.545246,30.480352,-2.0412333,-14.423892,-8.05294,7.843816,-25.28779,9.559945,-7.087143,-0.788768,4.0746803,0.15290378,-22.233034,-2.9218035,0.786193,-35.47551,-1.682224,3.0034091,-9.887097,-0.58439523,6.380394,-30.074892,-1.361418,0.55799377,-43.165432,-6.9115515,0.6284982,-20.64757,-5.351936,12.305669,-32.40741,-4.7338777,0.7598843,-46.490246,-2.3086796,-2.8560634,-26.175142,-23.71639,18.028927,-5.9405804,9.406529,4.2091155,-30.812752,-6.305116,5.9516873,-48.783237,-0.9671296,-5.3711267,-25.679184
35.15276,-59.302715,-17.312239,28.270187,-2.7944112,-13.90083,-7.9670577,7.546449,-18.05484,9.477221,-6.7249928,4.565159,3.6875756,0.47722733,-14.14419,-2.8197803,0.7950834,-21.155207,-1.7492402,2.9281378,-2.035371,-0.5272401,7.614706,-20.57076,-1.3058577,0.52401745,-23.45122,-5.5296144,0.09366737,-7.890948,-4.9931326,13.598812,-22.903185,-4.2785163,0.52576214,-28.16899,-1.6237217,-3.1009603,-15.29195,-22.201393,16.875393,-5.6335287,9.137508,8.41966,-18.995201,-5.4394827,5.084146,-28.851206,-0.5077329,-5.339834,-13.720603
34.63925,-58.244335,-17.752636,27.58045,-3.4310758,-13.946822,-7.7583904,7.372855,-18.336626,9.184611,-6.586919,3.2914932,3.5996244,0.19221249,-13.913304,-2.7700174,0.79365784,-21.286186,-1.7294757,2.8860676,-1.9972248,-0.54379785,7.3377705,-18.295687,-1.2987888,0.5187659,-22.210442,-5.3023453,0.00038608536,-6.147073,-4.928803,13.093427,-19.940807,-4.197562,0.4922676,-26.240427,-1.5110073,-3.1247156,-13.286466,-21.755085,16.511038,-5.5211983,9.073796,8.018427,-15.689267,-5.284434,4.8933754,-25.856699,-0.43200192,-5.284932,-11.41722
34.806286,-58.14831,-18.61733,27.227085,-4.8628235,-14.606104,-7.714104,7.3322053,-18.391722,9.069318,-6.5564337,2.3820424,3.5442352,-0.31784308,-13.284704,-2.7588754,0.79041547,-22.279478,-1.7039318,2.8672512,-2.8947332,-0.5534838,7.1492367,-16.667017,-1.2980925,0.5196232,-22.311716,-5.2718897,-0.017311636,-5.9393964,-4.9258275,12.914585,-18.227268,-4.1882515,0.48178786,-25.848778,-1.4825128,-3.1358426,-12.884373,-21.651499,16.43791,-5.5005302,9.05005,7.9507236,-14.9067745,-5.2713757,4.854824,-25.772938,-0.42826897,-5.2730255,-11.342064
35.85561,-58.877983,-21.549345,27.557953,-4.4801717,-14.499312,-7.6365623,7.3229423,-20.033972,9.023686,-6.5914626,1.2747383,3.575533,-0.83841443,-14.933575,-2.7577248,0.79287946,-23.179743,-1.7030809,2.878072,-3.0959766,-0.5760447,6.6367874,-16.729073,-1.3061986,0.51837116,-22.436071,-5.215988,-0.09775297,-4.803983,-4.984194,12.330167,-17.329721,-4.2020884,0.4323693,-24.588245,-1.3342857,-3.2598333,-10.622103,-21.805304,16.535978,-5.5136585,9.091624,6.865407,-14.751676,-5.2894893,4.7972074,-24.95466,-0.35518682,-5.3363514,-9.69735
42.68248,-68.29494,-30.229126,32.126152,-2.218714,-15.124282,-8.378636,8.175542,-26.39769,9.889503,-7.367781,-1.9468613,4.259616,-0.2920766,-24.998373,-3.0083408,0.8032949,-34.45062,-1.7245133,3.0955455,-9.205909,-0.5911486,6.9643736,-27.31336,-1.3819753,0.541307,-35.2284,-6.4494605,0.16295715,-11.914293,-5.5623136,13.2867985,-27.558115,-4.7953267,0.5724311,-36.65639,-1.76901,-3.4082994,-16.682686,-24.89313,18.881971,-6.1629467,10.002095,5.438573,-24.254402,-6.1611867,5.564003,-35.48986,-0.5048595,-5.8678637,-14.501514
40.48069,-64.89273,-28.574417,30.502724,-1.6917553,-14.197786,-8.0226755,7.8251815,-24.856485,9.515258,-7.0523086,-0.9956253,4.0754633,-0.05603054,-22.784035,-2.8948658,0.79814905,-31.274578,-1.695683,2.9935198,-7.9512534,-0.57588977,6.6980276,-26.1026,-1.3578557,0.53831166,-33.20624,-6.1990714,0.18206659,-11.553549,-5.311152,12.6984625,-26.527803,-4.5897307,0.5381992,-34.045208,-1.6830552,-3.28702,-15.467883,-23.680504,17.990074,-5.8954678,9.509802,5.174664,-24.167892,-5.9053135,5.3425255,-34.364105,-0.51276886,-5.602647,-14.402556
41.237072,-65.97572,-29.243996,31.041113,-1.7777787,-14.479023,-8.166,7.963573,-25.300077,9.6961565,-7.17887,-0.94934314,4.1491013,-0.2038637,-23.574339,-2.9401736,0.80009204,-32.562164,-1.7123251,3.041291,-8.351223,-0.5805496,6.681176,-27.482424,-1.3689972,0.54218817,-35.60164,-6.438156,0.24013904,-13.335055,-5.4021187,12.845516,-28.212421,-4.693103,0.57569146,-36.811638,-1.8129647,-3.2779512,-17.46717,-24.133862,18.320747,-5.9993467,9.656477,5.11449,-25.558315,-6.0820026,5.512626,-37.510723,-0.58462924,-5.666156,-16.370543
41.295544,-66.21048,-29.365808,31.186134,-1.5617695,-14.408655,-8.219929,8.005927,-25.230984,9.767759,-7.213932,-0.66250765,4.1609135,-0.24810971,-23.841805,-2.956225,0.80627733,-31.476864,-1.7587696,3.0770812,-6.7166905,-0.6019386,6.564286,-26.708149,-1.3715563,0.53532195,-34.261963,-6.2317934,0.10578087,-10.975845,-5.4560204,12.609685,-26.990547,-4.7000904,0.5606009,-35.4694,-1.6837752,-3.380671,-15.500112,-24.232677,18.355455,-6.0223846,9.781418,4.787613,-23.545654,-6.0284023,5.443415,-34.82949,-0.46682853,-5.75444,-13.520842
40.43603,-64.23752,-29.11938,30.239258,-1.6495378,-14.058109,-8.032063,7.791265,-24.064468,9.427287,-6.990616,-1.5160041,4.07524,-0.048280448,-24.32861,-2.8907952,0.7992188,-32.570328,-1.7273672,3.0095692,-7.71637,-0.58856994,6.587984,-28.11027,-1.3630325,0.5414105,-36.99003,-6.2176795,0.21194673,-13.075269,-5.279694,12.416078,-29.137152,-4.625941,0.62411606,-38.51128,-1.769848,-3.2018292,-17.431726,-23.529821,17.810043,-5.858103,9.411654,4.4706707,-25.670654,-5.9025083,5.392935,-36.828674,-0.48608652,-5.571846,-14.4991
40.3408,-63.96754,-29.290352,30.150604,-1.5075991,-13.917883,-7.994082,7.7496867,-23.884876,9.346669,-6.942083,-1.8312242,4.0710907,0.14023015,-24.594465,-2.8753362,0.79771274,-32.731915,-1.7159573,2.9927685,-8.070658,-0.57934874,6.695816,-28.731493,-1.3617889,0.54342735,-37.619698,-6.232733,0.23510748,-13.56576,-5.2367196,12.460041,-29.837515,-4.6117024,0.63570946,-39.114346,-1.7915205,-3.1672578,-17.693674,-23.4148,17.724628,-5.8237524,9.331952,4.3881426,-26.346245,-5.878685,5.377978,-37.07197,-0.48933968,-5.535586,-14.61515
40.116833,-63.80403,-28.500402,30.266026,-0.9062097,-13.596952,-7.9729357,7.7381,-23.903162,9.263003,-6.8966584,-2.508496,4.1029997,0.6428688,-25.188812,-2.8642669,0.79687077,-33.15638,-1.6975071,2.9725058,-8.734954,-0.56647515,7.0398636,-29.29178,-1.360805,0.5435066,-37.304993,-6.2316046,0.24874845,-13.4461975,-5.201938,12.750005,-30.082375,-4.5902195,0.62912166,-38.416237,-1.7906715,-3.1563554,-17.393713,-23.394444,17.716736,-5.8069468,9.354295,4.6735516,-25.516865,-5.8197613,5.318441,-35.19515,-0.46084657,-5.532611,-13.61498
41.07515,-65.17567,-29.623148,30.936157,-0.6311197,-13.727737,-8.096026,7.8709164,-24.745169,9.444369,-7.0327163,-2.5210705,4.1929164,0.64482677,-26.309889,-2.90755,0.7988344,-34.251392,-1.7111099,3.015503,-9.113168,-0.5662152,7.100958,-30.80104,-1.3719232,0.5467254,-39.003895,-6.4114113,0.28432527,-14.511966,-5.2897253,12.937995,-31.749798,-4.6794157,0.64958096,-40.209023,-1.8535036,-3.1860394,-18.376974,-23.865305,18.064592,-5.910981,9.474626,4.583722,-27.257593,-5.96415,5.453193,-37.27043,-0.49727935,-5.6143,-14.689365
43.513706,-69.48018,-30.76971,33.08133,-0.06419699,-14.300233,-8.664193,8.407508,-25.587025,10.208052,-7.4963446,-0.74156755,4.425926,0.5413236,-27.276442,-3.0593305,0.812767,-33.789032,-1.7824996,3.157327,-8.354558,-0.57902455,7.4639063,-31.2579,-1.3973398,0.54275745,-36.852108,-6.54306,0.1719079,-12.140498,-5.6305795,13.749958,-31.678104,-4.8832064,0.5907332,-37.947674,-1.7464408,-3.4691312,-16.35653,-25.420183,19.252014,-6.2726593,10.092411,5.0522356,-27.553558,-6.2399054,5.6581087,-35.661633,-0.41965365,-5.9969225,-12.90274
41.439144,-65.96447,-30.27403,31.266443,0.08098766,-13.471627,-8.202032,7.9626837,-24.657528,9.6634655,-7.1271353,-1.036938,4.2366824,0.47123474,-26.87126,-2.9317486,0.80341476,-33.75148,-1.7366815,3.0430639,-8.568773,-0.5743327,6.8943777,-31.519663,-1.3762419,0.5450913,-38.733643,-6.4075084,0.27030316,-14.280228,-5.3482933,12.758602,-32.445698,-4.70619,0.63487077,-39.96539,-1.806342,-3.2325056,-17.951561,-24.015608,18.197231,-5.9626236,9.473675,4.157006,-29.238884,-6.0273104,5.5220428,-38.22595,-0.4938197,-5.658364,-14.783211
42.595425,-67.68657,-31.436077,31.825428,-1.2513746,-14.47754,-8.429581,8.17488,-24.986704,9.970049,-7.346429,-0.381248,4.253133,-0.15759553,-25.372631,-3.001311,0.80856687,-32.88033,-1.7761488,3.1192555,-7.5298014,-0.5933712,6.7876053,-29.283525,-1.3862811,0.54276884,-37.3843,-6.4158325,0.16490011,-12.619051,-5.5260515,12.874626,-30.230328,-4.8037505,0.60046726,-38.70856,-1.7356447,-3.3910265,-16.718094,-24.646395,18.665075,-6.12162,9.76299,4.3193884,-28.304955,-6.174626,5.607982,-38.2043,-0.47505292,-5.8300567,-14.46946
42.607864,-67.47486,-31.642601,31.775112,-1.0632944,-14.3551855,-8.365763,8.122594,-25.264126,9.854831,-7.2936583,-1.2973614,4.2712746,0.112626284,-26.264166,-2.9886699,0.8049958,-34.1627,-1.7591624,3.1044834,-8.391114,-0.5818087,6.91537,-31.030697,-1.3875734,0.5482175,-39.905853,-6.563049,0.25613064,-14.653039,-5.4769993,12.971867,-32.264393,-4.8180566,0.6518322,-41.400204,-1.8597137,-3.2985728,-18.5898,-24.581913,18.610435,-6.093631,9.683695,4.259224,-29.610804,-6.1995735,5.6586657,-40.22292,-0.5287891,-5.773812,-15.966169
42.841087,-67.62313,-32.064163,31.895235,-0.89867747,-14.325551,-8.351026,8.120721,-25.754509,9.841132,-7.296008,-1.6788874,4.2994943,0.26284367,-26.748026,-2.9935715,0.8033898,-34.87923,-1.7583494,3.109886,-8.700218,-0.5748446,6.9194946,-32.483265,-1.3912569,0.55350274,-42.13041,-6.7280464,0.3400988,-16.479456,-5.474918,12.981844,-34.03962,-4.852245,0.69359916,-43.81031,-1.9679377,-3.2375975,-20.2869,-24.659986,18.672102,-6.1056337,9.665186,4.0782156,-31.13683,-6.2724547,5.75116,-42.743855,-0.5915463,-5.7496653,-17.78838
44.137417,-69.81657,-32.80211,33.042576,-0.12226806,-14.36187,-8.585105,8.354284,-26.620203,10.176334,-7.5033226,-1.2033155,4.444432,0.24747981,-28.491632,-3.061675,0.80855334,-35.3235,-1.7845871,3.1728258,-8.6891165,-0.57722336,7.0749846,-34.037693,-1.4035752,0.55263853,-41.763554,-6.8377748,0.30637515,-15.9183,-5.6180453,13.413977,-35.295795,-4.9557686,0.6834507,-43.669254,-1.9561552,-3.3520248,-19.913998,-25.420603,19.245287,-6.271719,9.948867,4.338165,-31.503473,-6.409645,5.855306,-42.434452,-0.5625664,-5.9262776,-17.204765
44.10606,-69.98225,-32.711716,33.205296,0.52013016,-14.046798,-8.59874,8.365388,-26.549212,10.227896,-7.5120134,-0.7471879,4.469855,0.2588787,-29.23311,-3.062419,0.810544,-34.97783,-1.7904243,3.1739156,-8.469964,-0.57818085,7.048766,-34.5127,-1.4028885,0.5502016,-40.79715,-6.774388,0.2728158,-15.247047,-5.6169405,13.426303,-35.50932,-4.942622,0.6653566,-42.723232,-1.8999056,-3.3875382,-19.182507,-25.429546,19.250263,-6.27347,9.950219,4.3781905,-31.424023,-6.381793,5.8210864,-41.403557,-0.52553934,-5.948436,-16.274256
43.725723,-69.93915,-31.419489,33.25756,0.6027442,-14.014863,-8.694234,8.427966,-25.725458,10.384278,-7.549876,0.75051814,4.4485626,0.13413906,-28.019188,-3.07537,0.8149321,-32.709064,-1.8164427,3.1866696,-7.0664773,-0.5845775,7.0532627,-32.745747,-1.3982832,0.5434328,-37.20732,-6.5727434,0.17226413,-12.660461,-5.653874,13.481828,-33.38719,-4.9067683,0.60765314,-39.111553,-1.7566426,-3.4781346,-16.981194,-25.487713,19.297714,-6.2974205,10.054349,4.715291,-29.376156,-6.3135366,5.744061,-38.263386,-0.44831276,-6.00755,-14.240814
42.638115,-68.36117,-30.557636,32.104496,-1.7341548,-14.836967,-8.447735,8.216453,-25.462515,10.051088,-7.3973737,-0.13916233,4.230566,-0.5078536,-23.961473,-3.0056589,0.80975986,-31.930487,-1.7544472,3.107372,-7.5918055,-0.6049445,6.73048,-25.968197,-1.3794951,0.5359023,-32.792084,-6.2816067,0.06413708,-9.788355,-5.5829167,13.008432,-25.998667,-4.757515,0.50488293,-33.39084,-1.5795451,-3.51843,-13.850969,-24.823,18.852667,-6.1600733,9.95691,5.0097747,-24.552767,-6.120114,5.4959536,-34.003117,-0.4271928,-5.901205,-12.785734
38.94417,-63.37124,-25.198978,29.42556,-5.545882,-15.860504,-8.085811,7.8069077,-22.47217,9.542223,-7.03617,0.5655279,3.781268,-1.2901424,-15.763972,-2.8967996,0.80290157,-26.79053,-1.7444472,3.0174818,-4.1400814,-0.6265579,6.3871737,-16.107893,-1.3413789,0.52151316,-25.902739,-5.621889,-0.11206517,-5.305416,-5.3865566,12.208158,-16.082064,-4.4835854,0.43368912,-26.765356,-1.3839353,-3.4598875,-10.816021,-23.326607,17.717882,-5.866786,9.742533,5.7993755,-15.441342,-5.702979,5.121027,-27.906815,-0.38133064,-5.658661,-10.374044
34.423725,-56.496056,-21.19331,25.310524,-9.667751,-16.496803,-7.3677144,7.0369034,-18.797731,8.444097,-6.3169765,-0.7950482,3.2619367,-1.8470113,-9.603769,-2.6733553,0.7813253,-24.362522,-1.6336659,2.781258,-4.207886,-0.610171,6.148164,-8.651226,-1.2891965,0.5177603,-22.303108,-4.966534,-0.13401684,-3.9137115,-4.8829975,11.392983,-9.348043,-4.081114,0.43269676,-23.144224,-1.2945782,-3.1584392,-9.914862,-20.79451,15.830092,-5.316822,8.912759,6.4543295,-9.722122,-5.083228,4.5941033,-23.549961,-0.35650736,-5.1497154,-9.300281
36.187016,-59.644638,-21.434458,26.308296,-12.431227,-18.516983,-7.7582774,7.4018054,-19.943369,8.693429,-6.593458,-3.4638963,3.4359884,-0.7139247,-8.644597,-2.798448,0.7740745,-30.215551,-1.6176989,2.8566654,-8.291395,-0.5601059,7.83449,-9.25634,-1.3162436,0.5362278,-28.885149,-5.5365195,0.073732264,-8.000586,-5.0501165,13.340914,-12.046517,-4.335995,0.574404,-29.926233,-1.6427454,-3.093436,-15.119606,-22.010536,16.754398,-5.604598,9.292526,8.161811,-12.478964,-5.3912916,4.948227,-27.977285,-0.47058958,-5.3426747,-13.023721
37.180016,-61.33418,-21.365828,27.211954,-13.186499,-19.331158,-8.069991,7.6782384,-19.984322,9.005558,-6.811962,-3.4777656,3.5430427,0.13599125,-7.383479,-2.88304,0.7767122,-30.283813,-1.656488,2.9374309,-8.164105,-0.5286738,8.85781,-9.5763645,-1.3321486,0.54288435,-30.332657,-5.761721,0.11591239,-8.733788,-5.1796236,14.467549,-13.399487,-4.471282,0.6108911,-31.562626,-1.7334572,-3.148337,-16.246891,-22.849606,17.375813,-5.794137,9.582252,9.121585,-13.89826,-5.5507693,5.1162405,-28.917347,-0.47852218,-5.507945,-13.622348
38.451946,-63.2301,-22.640633,27.905806,-14.106735,-20.138166,-8.246097,7.8600836,-21.059637,9.14618,-6.968517,-4.749549,3.6384087,0.32074413,-7.6246667,-2.9417007,0.77442443,-33.209812,-1.6449325,2.9747994,-10.199485,-0.52056664,9.293043,-9.948633,-1.3470933,0.55007887,-33.111053,-6.005909,0.18570124,-10.253367,-5.295575,15.004915,-14.257321,-4.5910816,0.64532185,-33.906948,-1.8240085,-3.168085,-17.713602,-23.488672,17.861326,-5.938777,9.764426,9.287453,-15.575814,-5.718796,5.2803903,-30.972225,-0.5165177,-5.618167,-14.995208
37.716953,-61.695915,-22.02597,27.341198,-14.1782875,-19.940084,-8.160401,7.763438,-19.704254,9.084239,-6.8921466,-3.2760737,3.4988623,-0.5379571,-6.119523,-2.9010603,0.7830132,-28.19651,-1.6786056,2.9698322,-6.716886,-0.55107665,8.657286,-6.769614,-1.3345884,0.5361533,-26.687529,-5.576925,-0.059984375,-5.5734725,-5.262124,14.395169,-9.990897,-4.4742355,0.5293728,-27.350094,-1.5601218,-3.3234653,-12.89368,-23.076246,17.553953,-5.840472,9.799648,9.396365,-10.468225,-5.5258064,4.993519,-24.89389,-0.3758361,-5.625663,-10.677446
37.792187,-62.119682,-21.03203,27.779205,-13.843765,-19.904123,-8.317412,7.8880186,-19.129217,9.297697,-6.9812193,-2.0877018,3.5268886,-0.66487163,-5.959127,-2.9323418,0.7879203,-26.69,-1.7059,3.0003314,-5.725486,-0.5584341,8.668432,-6.5885096,-1.3365309,0.5327494,-24.465229,-5.519589,-0.11478491,-4.186902,-5.3304048,14.579649,-9.479884,-4.489545,0.49824792,-25.532259,-1.5038354,-3.3935328,-11.899266,-23.36114,17.765583,-5.9078093,9.9780855,9.807732,-9.11538,-5.5371575,4.9983006,-23.095333,-0.3350448,-5.7090816,-9.504552
36.444656,-60.106686,-19.093624,27.2618,-12.613164,-18.97243,-8.18194,7.7299438,-17.790964,9.206819,-6.830953,-0.45996374,3.444015,-0.764539,-5.8372984,-2.8769884,0.7899182,-23.60637,-1.7113125,2.9550192,-3.981333,-0.56319094,8.343057,-6.3704176,-1.320473,0.52447027,-20.658281,-5.234574,-0.18485074,-2.207019,-5.2128143,14.228172,-8.775502,-4.351948,0.44693142,-22.398054,-1.3852873,-3.3779624,-10.185844,-22.802399,17.31983,-5.7712097,9.813076,9.938952,-7.2301292,-5.3383546,4.8196115,-19.950607,-0.27509904,-5.610728,-7.684933
36.196934,-60.10574,-17.348572,27.745396,-11.71562,-18.622261,-8.333223,7.840294,-16.848629,9.429612,-6.8952584,1.3936226,3.4709241,-0.45383185,-5.383667,-2.8998134,0.7960105,-20.937983,-1.7509234,2.9836035,-2.1338177,-0.55811304,8.590345,-6.8475103,-1.3192048,0.5210503,-18.16681,-5.168799,-0.21491288,-0.74918795,-5.2425675,14.599564,-8.929432,-4.3426075,0.41899213,-20.305767,-1.331939,-3.425054,-9.181805,-23.055521,17.48989,-5.8176317,9.94866,10.512885,-6.395773,-5.308547,4.8115754,-17.759262,-0.23040743,-5.6698413,-6.290481
35.190456,-58.54435,-16.574915,27.083202,-11.362398,-18.133802,-8.155483,7.6674438,-16.293003,9.227463,-6.744862,1.5309982,3.3967052,-0.506773,-5.3056564,-2.846377,0.79374444,-20.185497,-1.7342451,2.9352899,-1.865741,-0.55996877,8.339617,-6.7061605,-1.3080026,0.51832825,-17.420824,-5.0480785,-0.21328405,-0.62916195,-5.13255,14.223663,-8.580055,-4.251693,0.40979797,-19.679441,-1.3124311,-3.3602457,-8.968337,-22.504738,17.062721,-5.6908684,9.754091,10.320072,-5.6826634,-5.1909375,4.710447,-17.205627,-0.2359282,-5.5485015,-6.059941
35.08879,-58.284214,-17.171268,26.816357,-11.473716,-18.104,-8.070736,7.6054597,-16.588903,9.133937,-6.709186,1.1801612,3.3777506,-0.36837566,-5.038361,-2.8309827,0.7918762,-20.6369,-1.7322876,2.9322426,-1.8214111,-0.55748445,8.279412,-6.8757076,-1.3077395,0.5213904,-19.248001,-5.1223755,-0.18034399,-1.822481,-5.102769,14.017041,-9.05324,-4.2613,0.44170165,-21.363218,-1.3793874,-3.3126583,-10.004506,-22.327011,16.943285,-5.655843,9.656452,9.892258,-6.8234253,-5.221086,4.740223,-19.24254,-0.28297564,-5.4950175,-7.286305
36.86403,-60.840984,-19.617895,27.484758,-13.089197,-19.318314,-8.246027,7.813942,-18.452785,9.269637,-6.9154124,-0.8577096,3.4854355,-0.46245104,-5.4453926,-2.9050064,0.7889608,-25.198505,-1.725393,2.9967332,-4.198149,-0.5631855,8.449198,-7.2903833,-1.3293059,0.5324676,-24.982294,-5.552261,-0.06764908,-5.0933337,-5.274679,14.24584,-10.159329,-4.458213,0.5219907,-26.49696,-1.5847124,-3.3051205,-13.103736,-23.048958,17.521116,-5.838332,9.892785,9.485501,-9.291721,-5.526598,5.0232797,-24.701784,-0.40062094,-5.607064,-10.500513
37.855385,-62.17186,-21.731543,27.643095,-13.98607,-19.923664,-8.1626425,7.80137,-21.372007,9.0483055,-6.900136,-5.199894,3.6012228,-0.18767779,-8.070139,-2.921489,0.7736182,-34.52756,-1.6389188,2.9634697,-10.648107,-0.5501524,8.568648,-10.19193,-1.3462317,0.55099684,-35.132256,-6.112945,0.24501446,-11.957035,-5.300689,14.229301,-14.001274,-4.5934467,0.66819155,-35.88554,-1.9293616,-3.074558,-19.509348,-23.30745,17.716536,-5.8905725,9.815152,8.432827,-14.156544,-5.77061,5.336769,-33.4576,-0.5998995,-5.526178,-16.647167
39.507317,-64.915474,-23.018099,28.730598,-14.790388,-20.821888,-8.364798,8.026509,-23.790068,9.163353,-7.0692906,-8.365161,3.786919,0.28922772,-10.192319,-3.0025008,0.764475,-42.214787,-1.5922678,2.9908664,-15.880225,-0.5306194,9.160722,-13.195322,-1.3706456,0.56808126,-43.192036,-6.691736,0.51809573,-17.410404,-5.4443016,14.938711,-17.88568,-4.7927275,0.79426533,-43.72424,-2.2342114,-2.9501774,-24.996075,-24.216478,18.393993,-6.0904083,10.024405,8.289953,-18.405119,-6.077118,5.7131815,-40.315422,-0.75061464,-5.6067147,-21.427465
41.24377,-67.68199,-25.026981,29.626757,-15.936165,-21.848114,-8.523332,8.216889,-26.207846,9.243319,-7.2338824,-11.394965,3.9453628,0.44584978,-12.125534,-3.0739639,0.7555098,-49.69714,-1.5391681,3.0132992,-20.952442,-0.52379316,9.521926,-15.332581,-1.3933408,0.5830836,-50.6736,-7.214792,0.7428057,-22.291246,-5.585507,15.434974,-20.833897,-4.982308,0.901608,-50.80198,-2.5073135,-2.8525114,-29.861528,-25.025852,18.998302,-6.271407,10.185802,8.002419,-22.363325,-6.3763514,6.051323,-46.776184,-0.8986348,-5.682602,-26.013626
40.32142,-66.38621,-23.924858,29.191458,-15.180605,-21.228722,-8.409708,8.087725,-25.16653,9.163225,-7.12274,-10.1482315,3.8823736,0.48058116,-11.852041,-3.0311484,0.75591844,-47.432056,-1.5371503,2.975521,-19.7284,-0.52290756,9.373866,-15.176014,-1.3819243,0.5787767,-48.088783,-7.018271,0.70030355,-20.989523,-5.485788,15.257126,-20.508461,-4.8801556,0.8683228,-48.604042,-2.427429,-2.8358748,-28.633595,-24.572113,18.655775,-6.1662855,10.006466,8.179886,-21.761412,-6.2318597,5.9241495,-44.693447,-0.86729836,-5.6011305,-24.95349
39.613518,-65.42483,-23.081291,28.80673,-14.873641,-20.902584,-8.366381,8.019762,-23.755312,9.134231,-7.0673633,-8.690105,3.8046107,0.24475598,-10.761656,-3.0028915,0.7620184,-43.277985,-1.5585904,2.9721558,-17.149235,-0.526536,9.259517,-13.722094,-1.3709102,0.56941426,-43.34955,-6.7600155,0.55179644,-18.021784,-5.4247026,15.2119665,-18.460701,-4.7957478,0.7995488,-44.244854,-2.2821321,-2.9281096,-25.651798,-24.235453,18.40844,-6.096998,9.96779,8.774287,-19.050787,-6.088445,5.722579,-40.56303,-0.7848785,-5.6043983,-22.246202
39.189835,-64.58608,-23.419325,28.307549,-15.061174,-20.798548,-8.196302,7.875726,-24.100523,8.89553,-6.9487653,-9.826508,3.7616794,0.24327028,-10.98047,-2.9615517,0.7562735,-44.775715,-1.520364,2.925281,-18.472237,-0.5246615,9.136345,-13.646521,-1.3657973,0.5710635,-44.736263,-6.761256,0.5935191,-19.036894,-5.3434563,14.945874,-18.502544,-4.751994,0.8130584,-45.264774,-2.3116446,-2.8550372,-26.318783,-23.87345,18.122639,-6.0065527,9.783355,8.417411,-19.46125,-6.036806,5.678343,-41.44147,-0.8138318,-5.5051227,-22.956053
38.204502,-62.954384,-22.316849,27.76288,-14.647924,-20.324648,-8.12485,7.782848,-22.630295,8.890356,-6.8725357,-7.810184,3.6565957,-0.35047287,-10.018373,-2.9247377,0.76536137,-39.844803,-1.5658649,2.926027,-14.917284,-0.54847574,8.622357,-11.481305,-1.3517238,0.5569977,-39.026157,-6.373462,0.38566604,-14.9648075,-5.2970166,14.42474,-15.284048,-4.6397443,0.7229634,-39.7032,-2.093963,-2.9717567,-22.340616,-23.448177,17.796886,-5.91156,9.797994,8.528064,-14.961102,-5.8506637,5.4329877,-36.338554,-0.6900583,-5.500902,-19.111992
36.93667,-60.903427,-21.54258,26.846527,-14.071426,-19.631113,-7.916371,7.573986,-21.230238,8.744694,-6.7240787,-5.8427005,3.514264,-0.69233,-8.647484,-2.8566985,0.7685288,-35.031757,-1.5867981,2.892564,-11.565862,-0.5632849,8.0904045,-9.755358,-1.3332828,0.5474558,-34.448837,-6.0159044,0.24341476,-12.020077,-5.178732,13.733266,-13.053872,-4.4971056,0.65814024,-35.390778,-1.9328866,-3.0043194,-19.356419,-22.682184,17.226734,-5.7471914,9.576199,8.296945,-12.806017,-5.6589074,5.213162,-33.05326,-0.63307726,-5.393422,-16.886057
37.34495,-61.45797,-22.165012,27.084984,-13.756079,-19.565536,-8.01798,7.6619205,-20.667568,8.965179,-6.8191733,-3.8141975,3.505313,-1.3783444,-8.508468,-2.8755255,0.7789805,-31.438032,-1.6387839,2.9348433,-8.582816,-0.59160084,7.6451435,-8.1868515,-1.3320389,0.5364331,-29.73647,-5.749224,0.042725742,-8.196196,-5.2651763,13.365125,-10.455368,-4.4833727,0.5700928,-30.556433,-1.714712,-3.1916454,-15.483051,-22.813776,17.350758,-5.7894955,9.74225,8.114321,-10.332488,-5.6246886,5.106328,-29.152458,-0.51872194,-5.508697,-13.668378
35.06775,-58.20713,-19.711351,25.98704,-11.376583,-17.755705,-7.6736,7.326845,-19.221497,8.707133,-6.532702,-1.6453924,3.3525603,-1.431504,-8.208043,-2.7661667,0.78080714,-25.927906,-1.6538434,2.8545194,-5.0546756,-0.600984,6.945608,-8.01683,-1.3028926,0.5243204,-24.012733,-5.2662954,-0.05960519,-5.149644,-5.056142,12.385838,-9.201776,-4.2396884,0.49245575,-25.185648,-1.4825906,-3.169478,-12.078143,-21.641516,16.482294,-5.527487,9.393684,7.6114974,-7.804086,-5.2877192,4.8033276,-24.6418,-0.42208928,-5.310819,-10.570537
36.033287,-60.073692,-20.059082,26.82268,-10.977482,-17.896559,-7.868777,7.521209,-19.911692,8.973247,-6.7047596,-1.3353384,3.4584732,-1.5109261,-9.236076,-2.8267388,0.78503585,-26.72517,-1.6801623,2.91443,-4.9558005,-0.60959023,6.977353,-9.103588,-1.3146135,0.5255124,-24.994486,-5.4387183,-0.044991378,-5.701917,-5.18737,12.609438,-10.16925,-4.3465514,0.5099481,-26.49015,-1.5393078,-3.2237659,-12.8721285,-22.231462,16.937353,-5.670762,9.637043,7.6617165,-8.368464,-5.4404387,4.946258,-26.00931,-0.4430678,-5.4373016,-11.310688
36.226234,-60.288147,-20.340916,26.835909,-11.730473,-18.304596,-7.881705,7.537649,-20.177681,8.932408,-6.7166114,-2.2104857,3.467751,-1.3948027,-9.060118,-2.8346257,0.78148276,-28.47866,-1.6648941,2.9150195,-6.0599604,-0.6055736,7.1307983,-9.232921,-1.3190866,0.5307642,-27.369186,-5.580726,0.016037408,-7.2119837,-5.1946626,12.764615,-10.693728,-4.390015,0.5514718,-28.794418,-1.6499212,-3.167722,-14.6060095,-22.333193,17.006935,-5.6893864,9.650725,7.71054,-9.033741,-5.5065203,5.023919,-27.95296,-0.50140196,-5.4225698,-12.784177
34.98559,-58.613186,-17.757605,26.542248,-10.558036,-17.509216,-7.849356,7.4541497,-18.21941,8.979629,-6.6262317,0.39716616,3.4113452,-0.94662094,-8.136389,-2.7999969,0.78557444,-24.312542,-1.6881702,2.8922203,-3.5484989,-0.5869773,7.367469,-9.402528,-1.3053224,0.5239665,-23.27713,-5.343562,-0.040525824,-5.113254,-5.0728645,13.054829,-10.958458,-4.2740855,0.5131021,-25.757177,-1.5595067,-3.1616333,-13.11225,-21.95816,16.706808,-5.5958633,9.484319,8.616664,-8.433969,-5.320032,4.877148,-24.651575,-0.44160035,-5.3631387,-10.913075
35.461727,-59.506794,-18.41769,26.735634,-11.279894,-17.997356,-7.870368,7.4861474,-19.398607,8.882258,-6.6301293,-2.0640945,3.4900782,-0.39919078,-9.141245,-2.820734,0.77481353,-29.72557,-1.6344743,2.873064,-7.681796,-0.5594963,7.853923,-11.444169,-1.3158699,0.5386868,-29.345963,-5.7131357,0.17949353,-9.4528,-5.0735087,13.5446415,-13.994531,-4.3622956,0.61788225,-31.659204,-1.7991906,-3.0034888,-17.449947,-22.194815,16.885239,-5.647191,9.427874,8.664141,-12.044679,-5.4555573,5.078243,-29.723875,-0.56105644,-5.3278894,-14.718636
35.090298,-58.857273,-17.811975,26.632318,-10.820732,-17.678778,-7.872368,7.466585,-18.366503,8.922728,-6.604524,-0.60352385,3.457435,-0.083018824,-8.109021,-2.806843,0.7797623,-26.079895,-1.658603,2.868408,-5.5770197,-0.54770106,8.151613,-10.362666,-1.3089352,0.53147584,-25.062208,-5.430916,0.0665769,-6.3281007,-5.031073,13.7480345,-12.5532675,-4.2760444,0.5433109,-27.000637,-1.5904346,-3.106927,-14.036991,-22.040926,16.764767,-5.6092615,9.385534,9.082925,-10.849645,-5.2927856,4.906025,-25.016798,-0.4365764,-5.3561187,-11.312468
35.351227,-59.858276,-17.113726,27.195595,-9.788435,-17.345518,-7.992815,7.56345,-18.434086,9.086754,-6.6672506,-0.14537096,3.5464888,0.07814197,-9.662247,-2.8350286,0.7793232,-27.18401,-1.6522906,2.873226,-6.5945477,-0.5389462,8.277405,-12.443353,-1.313084,0.53424335,-25.597574,-5.5469503,0.1375253,-7.242827,-5.0644717,14.06469,-14.631302,-4.311685,0.5661677,-28.255531,-1.6553689,-3.075271,-15.27805,-22.32095,16.985014,-5.6755323,9.43339,9.372143,-12.321439,-5.3524218,5.0080724,-26.090054,-0.4667223,-5.3910503,-12.387606
31.836845,-54.242077,-15.118225,24.706064,-7.7630205,-15.165954,-7.208602,6.8524103,-17.849377,8.233418,-6.064393,-0.84974927,3.3196666,0.31501067,-10.607164,-2.625875,0.7657274,-27.24065,-1.5678788,2.6725743,-7.359959,-0.53742594,7.3435507,-13.552151,-1.2753379,0.5305435,-26.190123,-5.2104435,0.23548785,-8.860813,-4.622815,12.505435,-15.612512,-3.9928045,0.5891192,-28.951008,-1.6520995,-2.754126,-16.140322,-20.188555,15.353302,-5.1829634,8.544326,8.011442,-12.645398,-4.926857,4.6859684,-26.410759,-0.5030663,-4.894423,-13.164721
33.37341,-56.751377,-16.766665,25.840899,-6.7939615,-15.13806,-7.35781,7.0515156,-19.845495,8.449609,-6.2744155,-1.6536603,3.47955,0.6372965,-12.206183,-2.6919599,0.76403123,-30.619997,-1.571311,2.735246,-8.887077,-0.5345481,7.3723755,-16.756601,-1.293987,0.54098624,-31.963367,-5.7020435,0.3988862,-13.098704,-4.776288,12.550694,-19.650164,-4.180541,0.66910005,-35.09416,-1.9047995,-2.7015247,-20.296085,-20.895687,15.910377,-5.3521776,8.677903,7.0493255,-17.760792,-5.2984,5.062113,-33.78582,-0.6901481,-4.9541078,-18.00827
31.714708,-54.039116,-15.501359,24.926968,-5.3297276,-13.923406,-7.0738187,6.775953,-18.795336,8.188973,-6.0470605,-0.66270375,3.3749423,0.7368419,-12.422898,-2.6062703,0.7648752,-27.504183,-1.5825596,2.6845744,-6.702522,-0.5327367,6.9604244,-17.28742,-1.2752469,0.53508395,-29.940292,-5.445127,0.33490583,-12.126556,-4.5892587,11.950128,-19.922712,-4.0396667,0.6614188,-33.86769,-1.8569299,-2.6299303,-19.441118,-20.012474,15.230148,-5.1426563,8.3754835,6.800585,-16.571363,-5.0865536,4.8592997,-32.14344,-0.6566645,-4.7841463,-16.743029
32.794353,-55.392094,-16.295248,26.084038,-3.7799747,-13.528885,-7.291243,6.994632,-18.973082,8.562482,-6.2618384,1.166744,3.4935207,0.8091998,-13.63939,-2.6679265,0.7792214,-23.918032,-1.6711965,2.7859797,-3.0754964,-0.5413283,6.979535,-18.51523,-1.2864798,0.52757204,-27.072365,-5.3576045,0.15870644,-9.217919,-4.7306623,12.102311,-20.340015,-4.1187363,0.6151967,-31.426285,-1.7360467,-2.8400629,-16.80022,-20.687473,15.717818,-5.280281,8.714379,6.8966026,-15.201054,-5.1591616,4.853599,-29.152243,-0.54740745,-4.993012,-13.649306
34.815403,-58.078766,-20.124462,25.89681,-10.075677,-17.026283,-7.2873774,7.051954,-23.555227,7.9906955,-6.2387176,-9.208883,3.5648103,1.1580777,-13.424035,-2.7205665,0.7393808,-44.235992,-1.4429861,2.6930506,-18.754208,-0.50378215,7.875328,-20.870975,-1.3208573,0.57675487,-49.885105,-6.773402,1.0173702,-26.048014,-4.814463,12.79469,-25.965534,-4.418558,0.934447,-51.840828,-2.5893073,-2.2389998,-32.34535,-21.345318,16.226019,-5.435933,8.58786,5.6164865,-26.591442,-5.759249,5.6638174,-50.23415,-1.0979158,-4.763951,-29.748796
34.64366,-58.303772,-18.618084,26.189644,-9.981026,-17.075153,-7.516414,7.209624,-21.195387,8.391605,-6.3937955,-5.0568676,3.5038,0.43310583,-11.057294,-2.750681,0.7560513,-36.314777,-1.5335233,2.7689893,-12.959821,-0.5337386,7.679002,-17.101997,-1.3129169,0.5589228,-40.20525,-6.3304415,0.66388,-19.133848,-4.9046435,12.966836,-21.122295,-4.373519,0.7901788,-42.90512,-2.2885525,-2.5367594,-26.334858,-21.567413,16.405407,-5.498192,8.897873,6.8773375,-20.624828,-5.6512303,5.435154,-42.16495,-0.9252964,-4.9554043,-24.230581
35.059788,-59.06688,-18.459335,26.585146,-10.051467,-17.290276,-7.641452,7.320337,-21.20035,8.564441,-6.4913077,-4.4957204,3.5410118,0.082017854,-11.499551,-2.781668,0.7586897,-36.480774,-1.5430912,2.7970448,-12.831144,-0.54983693,7.535511,-17.036129,-1.3171269,0.55686295,-39.612747,-6.374057,0.6334752,-18.745623,-4.983288,13.034765,-20.838003,-4.421363,0.78273165,-42.75478,-2.3085492,-2.5780816,-26.433474,-21.904566,16.652056,-5.5724497,9.065051,7.1030984,-19.727686,-5.723176,5.4876413,-42.074562,-0.9339943,-5.0272775,-24.346308
34.971363,-59.00865,-18.830143,26.517601,-9.463377,-16.963837,-7.5873938,7.277041,-21.526497,8.511716,-6.461254,-4.757979,3.5551977,0.0651687,-12.391752,-2.7730675,0.7562494,-37.71952,-1.528919,2.7854068,-13.739575,-0.5494335,7.2929087,-18.9199,-1.318419,0.56200075,-42.40853,-6.567728,0.7560241,-21.426867,-4.9637437,12.772079,-22.998768,-4.441757,0.82673216,-45.80708,-2.4463198,-2.468999,-28.800568,-21.78335,16.571754,-5.553668,8.951008,6.5603538,-22.241795,-5.813147,5.608487,-45.986473,-1.044267,-4.9457207,-27.278265
34.679386,-58.57115,-18.169003,26.725573,-7.2727556,-15.80928,-7.639037,7.3036895,-19.845356,8.828364,-6.5346937,-0.35143512,3.528783,-0.39849222,-12.425678,-2.7646863,0.773035,-30.004087,-1.6249752,2.839245,-7.432399,-0.57282555,6.810872,-17.807436,-1.3076878,0.54243636,-34.155952,-6.0632534,0.41762334,-15.221526,-4.9684615,12.432689,-20.797354,-4.3558335,0.6954753,-38.220924,-2.1083791,-2.7329404,-22.82911,-21.655931,16.480604,-5.5273523,9.003986,6.8219247,-18.870573,-5.651193,5.353583,-39.11273,-0.85491705,-5.057805,-21.696186
37.735176,-62.988445,-21.313156,28.251446,-9.876509,-17.908974,-7.965152,7.663316,-23.97795,8.864078,-6.7677183,-7.1237044,3.8167913,0.26919585,-15.873125,-2.898956,0.75591993,-44.410004,-1.533577,2.8761637,-17.391802,-0.5423875,7.772894,-22.706705,-1.3525128,0.5761553,-49.83009,-7.1057525,0.940354,-25.378218,-5.207162,13.54659,-27.303598,-4.710326,0.9369293,-52.81052,-2.654124,-2.4773302,-32.65714,-23.150251,17.598259,-5.8537617,9.352158,6.389713,-26.332106,-6.157925,5.9867353,-51.443687,-1.0956295,-5.1763062,-29.898844
36.633987,-61.62324,-19.572672,27.80552,-9.262449,-17.359932,-7.865388,7.547683,-22.918306,8.74389,-6.6404133,-6.5136266,3.757348,0.83429617,-14.729876,-2.859678,0.75736684,-41.482517,-1.5363114,2.8384976,-16.14715,-0.51960474,8.2233305,-21.369976,-1.3392049,0.5687037,-45.313965,-6.777149,0.83781254,-22.444649,-5.0898104,13.868877,-25.746288,-4.579485,0.876068,-48.295006,-2.4695094,-2.5298572,-29.659374,-22.717133,17.266731,-5.7542934,9.236674,7.1870003,-24.087708,-5.9095583,5.73911,-45.948658,-0.9627882,-5.1525183,-26.44813
34.008133,-57.78032,-15.958253,26.552254,-7.4502826,-15.780409,-7.6638913,7.284562,-18.73358,8.71515,-6.41763,-0.96524686,3.5240421,0.8284879,-11.144428,-2.75137,0.7725689,-28.471573,-1.60655,2.7903764,-7.91822,-0.5204983,8.164116,-15.625182,-1.301075,0.53611964,-28.605341,-5.633623,0.30378446,-10.574501,-4.8597965,13.677059,-18.319887,-4.2156467,0.61222804,-31.629078,-1.7930071,-2.8542266,-18.021217,-21.557854,16.38125,-5.484146,9.001473,8.634805,-15.531312,-5.269808,4.9969506,-29.157635,-0.5703683,-5.142306,-15.069121
33.382908,-56.584244,-15.586516,25.981968,-8.386649,-16.059284,-7.59755,7.202876,-17.85195,8.632722,-6.3471913,-0.40635282,3.425876,0.52338225,-9.569776,-2.7230525,0.77337414,-26.439459,-1.6130557,2.770558,-6.672016,-0.5289065,8.014026,-13.187097,-1.2927074,0.53135633,-25.719769,-5.3853655,0.19697693,-8.24306,-4.815971,13.459542,-15.66236,-4.138018,0.5657468,-28.423962,-1.6607467,-2.902203,-15.836478,-21.253143,16.14389,-5.4125605,8.955967,8.8398485,-13.028958,-5.1339517,4.8405404,-26.020897,-0.49611852,-5.1185045,-12.929775
31.474352,-53.94737,-13.050185,25.324158,-5.466517,-14.146565,-7.4021454,6.981937,-15.59204,8.609401,-6.168147,3.4291363,3.3310518,0.8297202,-9.15328,-2.6408224,0.7811212,-19.11081,-1.655858,2.7281408,-1.8409925,-0.5225715,7.762766,-13.10053,-1.2681773,0.5160548,-18.38655,-4.8675485,0.016377117,-3.857574,-4.626799,13.075427,-14.894258,-3.9195461,0.4640465,-21.75332,-1.387323,-2.9651585,-11.361078,-20.36786,15.481185,-5.2115946,8.635993,9.138691,-11.215169,-4.797264,4.51337,-19.79183,-0.35628423,-5.0112433,-8.703105
32.39182,-55.133987,-15.184577,25.616455,-5.471326,-14.306364,-7.335134,6.998028,-18.056957,8.531187,-6.221699,1.233475,3.4114518,0.9998879,-10.446963,-2.6602564,0.7736287,-24.109533,-1.6274642,2.739287,-4.555394,-0.526717,7.5337143,-15.360997,-1.2813083,0.52826226,-25.572392,-5.2968082,0.21167263,-8.6793,-4.696068,12.635511,-17.800352,-4.0458283,0.5591817,-28.485971,-1.6376295,-2.835553,-15.784797,-20.605898,15.658846,-5.2677965,8.607291,7.6461015,-15.547512,-5.070016,4.8079457,-27.386187,-0.5409399,-4.958631,-13.706455
30.983055,-52.990726,-12.924741,24.900106,-5.460469,-13.9443245,-7.288225,6.874811,-15.376178,8.486772,-6.073305,3.4704473,3.2750897,0.7975729,-8.79216,-2.608902,0.7802615,-18.395975,-1.6540082,2.700058,-1.416194,-0.52532005,7.615196,-12.415751,-1.2610866,0.51397413,-17.306812,-4.7076116,-0.020415002,-2.8570087,-4.567322,12.788762,-13.982152,-3.8548074,0.44892755,-20.457367,-1.3128034,-2.956292,-10.321599,-20.048258,15.228781,-5.13278,8.533382,8.85487,-10.301238,-4.6905017,4.4124475,-18.351124,-0.30837977,-4.957364,-7.534679
33.482018,-57.460663,-14.258452,26.958221,-5.5880513,-14.889449,-7.841536,7.3740206,-16.407385,9.098132,-6.499909,3.4181066,3.527267,1.4145619,-9.780148,-2.765736,0.7823949,-21.690813,-1.6908844,2.8348098,-3.2728174,-0.49544266,8.587493,-16.11601,-1.2920959,0.5285931,-23.015366,-5.3417735,0.15955108,-7.1449113,-4.836355,14.17935,-19.120775,-4.1555963,0.5569056,-27.308075,-1.6213917,-2.9628627,-15.3237095,-21.592688,16.407337,-5.497136,8.938908,9.427729,-16.534893,-5.169229,4.9255238,-25.671274,-0.47019756,-5.202857,-12.477919
35.37691,-60.345413,-15.71055,28.278141,-6.3863816,-15.884475,-8.231617,7.737108,-17.15869,9.516642,-6.814569,3.1583219,3.6643753,1.0103036,-10.390211,-2.881794,0.78941804,-23.192055,-1.7387865,2.9572544,-3.5093567,-0.50669664,8.707969,-17.41863,-1.3160379,0.53483015,-25.93321,-5.748356,0.19317275,-9.132974,-5.0814967,14.7211,-20.758055,-4.385854,0.60328794,-30.913435,-1.8077132,-3.0385299,-17.797546,-22.722933,17.268818,-5.76388,9.435591,9.69571,-17.32784,-5.5247107,5.221429,-29.77753,-0.5528559,-5.4226646,-14.945753
35.350643,-59.858795,-16.15602,27.715612,-8.75484,-16.956667,-8.140556,7.6669283,-17.421976,9.332511,-6.7600513,1.891279,3.5606425,-0.019419521,-9.523608,-2.8570747,0.7866521,-23.934927,-1.7072735,2.9272437,-3.9746885,-0.5492514,8.182129,-13.392788,-1.3103192,0.5297803,-23.61146,-5.5457354,0.06764388,-6.565052,-5.105101,14.234926,-15.687901,-4.341746,0.5558386,-27.687807,-1.685223,-3.116962,-15.3961735,-22.583426,17.16467,-5.722909,9.580031,9.776046,-11.859587,-5.4148417,5.044703,-26.037409,-0.47366893,-5.4446735,-12.340504
36.2651,-61.06845,-17.79099,27.86344,-10.464824,-17.992947,-8.178844,7.7417374,-18.894817,9.285716,-6.8426533,-0.43481869,3.5955184,-0.22459646,-9.488406,-2.8912294,0.78134817,-28.240835,-1.6843386,2.9536514,-6.4114738,-0.556086,8.176703,-13.209599,-1.324304,0.5395377,-28.88284,-5.8853774,0.17137907,-9.735383,-5.1950755,14.225386,-16.159155,-4.4738092,0.63190866,-32.655437,-1.8950851,-3.0542293,-18.636747,-22.942894,17.439127,-5.808778,9.705402,9.337388,-13.063228,-5.633643,5.2456827,-30.924135,-0.5954453,-5.466435,-15.666237
36.781178,-61.562233,-19.036688,27.701618,-12.336294,-18.988556,-8.119852,7.733288,-20.589817,9.096267,-6.8355594,-3.49413,3.6007903,-0.4682753,-9.577389,-2.8985295,0.7735404,-33.319065,-1.6340041,2.937226,-9.820051,-0.56534684,8.112987,-12.358932,-1.3340471,0.5470861,-33.491817,-6.1226163,0.28386554,-12.300944,-5.24111,14.061531,-15.5318775,-4.54124,0.68359923,-36.23199,-2.030968,-2.9790192,-20.91338,-23.104511,17.54514,-5.837178,9.77683,8.844787,-12.985447,-5.7440047,5.3543935,-34.00389,-0.67601883,-5.445995,-17.892904
38.211735,-63.987568,-20.071434,28.723557,-12.748791,-19.67185,-8.289773,7.9365296,-23.109661,9.186133,-6.994334,-6.6568413,3.7952647,0.24583507,-11.848581,-2.97773,0.76217246,-41.66162,-1.5867567,2.965144,-15.395542,-0.5413287,8.674837,-16.768744,-1.3589227,0.56898856,-44.079777,-6.87048,0.6681502,-20.136576,-5.374288,14.634143,-21.457111,-4.7702956,0.86179805,-47.17907,-2.4828017,-2.745328,-28.864594,-23.924587,18.165533,-6.0280523,9.900906,8.282569,-19.584743,-6.1370387,5.8597684,-44.475273,-0.9282311,-5.455778,-25.270964
39.72731,-66.64477,-20.82138,30.21802,-11.3300905,-19.533834,-8.590321,8.225261,-24.723942,9.541494,-7.2264757,-7.293641,4.02991,1.1655178,-14.504198,-3.0763469,0.75902903,-46.356056,-1.6040521,3.0428462,-17.981524,-0.5052648,9.27666,-23.287882,-1.3846331,0.58888966,-53.39567,-7.597636,1.0232496,-27.345974,-5.5206785,15.331042,-29.480225,-5.0093226,1.0328629,-57.576218,-2.9056294,-2.5491607,-36.21211,-24.882439,18.895061,-6.253458,10.02493,7.702815,-28.157862,-6.553399,6.406986,-55.221428,-1.1620672,-5.5035195,-32.364487
40.371487,-67.15582,-22.416386,30.297266,-12.018764,-19.97207,-8.502789,8.197426,-26.89385,9.31128,-7.19184,-10.8534775,4.096927,1.5877262,-15.891324,-3.0824904,0.74886876,-52.652473,-1.5458064,3.016255,-22.345465,-0.49060977,9.465581,-25.447424,-1.3970382,0.6021375,-60.903183,-7.9928007,1.2744163,-32.404247,-5.5306625,15.279591,-32.32571,-5.092154,1.1342368,-64.15668,-3.1245966,-2.3811486,-40.48589,-25.014956,18.981724,-6.2763224,9.955532,6.7955046,-31.886335,-6.7011976,6.619559,-61.21929,-1.2873068,-5.432245,-36.29431
40.20105,-67.109566,-22.388754,30.333618,-10.758071,-19.304176,-8.431915,8.132838,-27.441824,9.248991,-7.1300645,-11.270813,4.157328,2.0417888,-17.941036,-3.0714447,0.7420167,-55.427162,-1.5205863,2.9855673,-24.296667,-0.4711297,9.473162,-29.460634,-1.3988707,0.6120079,-65.86294,-8.25782,1.4964447,-36.658035,-5.467877,15.208827,-37.11377,-5.1162887,1.2317774,-69.800415,-3.3439732,-2.1731596,-44.71022,-24.873749,18.881327,-6.24588,9.717743,6.170893,-36.925797,-6.7856784,6.814432,-66.91529,-1.4220873,-5.304373,-40.39423
39.426956,-65.74308,-22.0937,29.528996,-11.4376955,-19.328098,-8.302747,7.99472,-26.133385,9.13205,-7.023584,-10.041861,4.007513,0.98347145,-16.578907,-3.0166445,0.7484689,-51.2617,-1.5296516,2.954962,-21.623238,-0.5122654,8.790779,-24.818453,-1.3821889,0.5947458,-57.9914,-7.6949553,1.1798182,-30.426615,-5.4129243,14.612846,-30.991869,-4.9630575,1.0882016,-61.302254,-2.9964964,-2.3731096,-38.51989,-24.36742,18.4919,-6.123658,9.729332,6.5464697,-30.097328,-6.509715,6.4190116,-58.445477,-1.2250183,-5.3277836,-34.552704
37.750954,-63.53556,-20.30504,28.50373,-11.068513,-18.665478,-8.178728,7.8212805,-22.777088,9.175794,-6.923903,-5.1861897,3.7796705,0.07395006,-13.10913,-2.9454355,0.76189435,-40.335754,-1.5996524,2.9471836,-14.187885,-0.54601336,8.160948,-18.78589,-1.3515329,0.5686932,-44.236862,-6.8172483,0.68564785,-20.697618,-5.3054805,14.07056,-23.478384,-4.7242727,0.8755202,-48.045597,-2.5012364,-2.6749163,-29.437155,-23.536064,17.885138,-5.9474297,9.654338,7.51003,-22.090069,-6.1240973,5.885015,-46.446743,-0.97430134,-5.351829,-26.636997
36.786774,-62.029007,-19.390614,28.02437,-9.759152,-17.723858,-8.050712,7.6741867,-21.526958,9.106046,-6.794609,-3.3654888,3.7100737,-0.043388933,-13.268771,-2.893726,0.76574934,-37.076954,-1.6114894,2.9121535,-12.163301,-0.54847145,7.8022947,-19.268297,-1.3385335,0.56267077,-41.447193,-6.606562,0.6396893,-19.355988,-5.1910377,13.695196,-23.521809,-4.609547,0.83615595,-45.59548,-2.4027073,-2.659518,-27.871477,-22.979313,17.4767,-5.821842,9.43817,7.4317594,-21.807735,-5.9692264,5.7437344,-44.588093,-0.9381738,-5.2540984,-25.40617
36.25255,-60.988777,-18.698845,27.643782,-10.070899,-17.720337,-8.060567,7.6440115,-19.626118,9.173806,-6.783232,-1.112999,3.5789843,-1.1200132,-11.517601,-2.866017,0.7775444,-30.77732,-1.6497617,2.9219952,-8.127093,-0.58518374,7.29,-14.410691,-1.3240252,0.5419825,-31.207432,-5.998935,0.23887235,-11.686704,-5.1823893,13.464967,-17.048763,-4.4765983,0.6595773,-35.19177,-2.0005023,-2.9547024,-20.523077,-22.746996,17.291416,-5.7610416,9.590656,8.453261,-14.033727,-5.7023706,5.3200693,-34.279186,-0.6938758,-5.3726726,-18.370918
36.566124,-61.221794,-19.242033,27.756481,-10.344007,-17.915071,-8.075276,7.6668477,-20.03843,9.138923,-6.793274,-2.1028504,3.609682,-0.89038503,-11.691791,-2.874276,0.7754868,-32.394226,-1.629314,2.920939,-9.608734,-0.5732703,7.5128326,-15.139188,-1.329212,0.5463392,-33.2881,-6.1640873,0.31886986,-13.337726,-5.1855025,13.699442,-18.140724,-4.512252,0.68315834,-36.934578,-2.0793984,-2.9136355,-21.806374,-22.873611,17.38062,-5.7838516,9.589117,8.48075,-15.300893,-5.763266,5.382535,-35.972782,-0.73572195,-5.367027,-19.60809
36.19143,-60.220478,-19.289616,27.303877,-11.038559,-18.105865,-7.9843144,7.580553,-19.776524,8.984793,-6.7146764,-2.617245,3.5406735,-1.0307759,-10.720416,-2.8424544,0.77478176,-32.257805,-1.6097443,2.889982,-9.876713,-0.5810187,7.4133463,-13.138446,-1.3239083,0.54301035,-32.029533,-6.0239086,0.26229015,-12.194375,-5.1419015,13.498423,-15.970083,-4.452188,0.64728737,-35.026676,-1.9908904,-2.9355986,-20.391682,-22.619501,17.1744,-5.716584,9.525439,8.472479,-13.561422,-5.654984,5.2509284,-33.815727,-0.6858831,-5.333438,-18.16025
39.13618,-65.26145,-21.560308,29.14916,-12.603563,-19.814972,-8.381538,8.022403,-23.60635,9.261211,-7.077116,-7.271483,3.864706,0.48246557,-12.463108,-3.0061867,0.7612013,-43.396954,-1.5660353,2.9800947,-17.120924,-0.52635145,8.969255,-17.832592,-1.3679099,0.5735159,-45.629375,-7.0419703,0.71113455,-21.416262,-5.408963,15.092976,-23.051825,-4.8340144,0.8730987,-48.635742,-2.5359187,-2.757471,-29.88014,-24.242382,18.414518,-6.101692,9.884458,8.4927,-22.389404,-6.2363863,5.940249,-46.025017,-0.95644355,-5.511109,-26.71449
38.985054,-64.5104,-23.428967,28.260815,-14.046104,-20.251017,-8.101924,7.805631,-24.944937,8.826382,-6.8973365,-10.376011,3.805728,0.5540065,-12.536948,-2.9534295,0.7497102,-47.568687,-1.5034058,2.9057739,-20.119379,-0.5185987,8.936029,-16.805931,-1.3671265,0.58030593,-49.582558,-7.036155,0.7986399,-23.161348,-5.312476,14.62517,-22.381111,-4.7874255,0.9083766,-50.89387,-2.5404897,-2.6560686,-30.669533,-23.74072,18.024076,-5.983307,9.612463,7.504079,-23.544472,-6.1630316,5.894602,-47.665783,-0.96938515,-5.377681,-27.456068
39.00358,-64.51552,-23.628069,28.235062,-13.941302,-20.17354,-8.038736,7.763603,-25.739534,8.736333,-6.8508515,-11.393324,3.8212504,0.3050136,-14.007848,-2.9425635,0.7462307,-50.04324,-1.4794533,2.8795156,-21.722338,-0.5303975,8.621794,-17.899385,-1.3675497,0.58263785,-51.747025,-7.120105,0.8824694,-24.665392,-5.309663,14.272878,-23.260143,-4.792126,0.94096005,-52.92179,-2.603917,-2.577373,-32.016613,-23.678082,17.982145,-5.9648285,9.589298,6.928509,-23.99451,-6.187083,5.954515,-49.540882,-1.0087976,-5.326636,-28.59469
39.422585,-65.21862,-24.205378,28.479843,-14.069206,-20.371023,-8.056778,7.8036366,-26.682112,8.701706,-6.879738,-12.746445,3.8745537,0.60433793,-14.484579,-2.9617302,0.7426337,-52.511963,-1.458447,2.882124,-23.576103,-0.52019995,8.810624,-19.279537,-1.374851,0.5898773,-55.000023,-7.371383,1.0145978,-27.318632,-5.338489,14.448288,-25.08181,-4.853872,0.9872173,-55.999027,-2.7345812,-2.5100842,-34.34649,-23.875494,18.136086,-6.0139523,9.606885,6.774463,-26.177402,-6.3057323,6.0937495,-52.743565,-1.0906717,-5.321136,-31.024574
38.41139,-64.26228,-21.38071,28.784203,-11.425454,-18.984797,-8.203818,7.8683014,-24.116987,9.138345,-6.939001,-7.138267,3.8474588,0.16948609,-14.360016,-2.9639184,0.7584307,-44.140842,-1.5719081,2.940082,-16.93289,-0.54189897,8.254428,-19.72989,-1.3610972,0.57442206,-47.52217,-6.984797,0.7862823,-22.54517,-5.3479404,14.126731,-24.481014,-4.7758427,0.9095591,-50.432808,-2.5517845,-2.637746,-30.763517,-23.808989,18.081728,-5.99734,9.715455,7.1057243,-23.261986,-6.188077,5.970568,-48.261044,-0.98358154,-5.3741007,-27.606503
38.37145,-63.947594,-20.882162,28.594635,-12.843347,-19.692883,-8.219365,7.8870344,-24.178583,9.073866,-6.9297175,-8.213213,3.825011,-0.14135756,-13.821147,-2.9646742,0.75723904,-45.499504,-1.5428164,2.921795,-18.306278,-0.55397433,8.283172,-17.491253,-1.3618695,0.57116675,-46.30476,-6.912568,0.7392465,-21.306932,-5.371631,14.214891,-21.782972,-4.7629657,0.87793684,-48.585293,-2.493835,-2.6819475,-29.654476,-23.891052,18.124128,-6.0060835,9.859519,7.608598,-19.745337,-6.120228,5.871115,-45.436043,-0.92431855,-5.4163437,-25.850107
38.462368,-64.52651,-19.96014,29.208012,-11.266213,-19.078438,-8.35343,7.995062,-24.010984,9.315108,-7.0256367,-6.742993,3.9066532,0.21709478,-14.869051,-2.999232,0.7584751,-45.165047,-1.5767264,2.9663334,-17.497858,-0.542344,8.357089,-21.030561,-1.3677695,0.5773861,-49.130863,-7.1883783,0.87320924,-24.083017,-5.4121385,14.389496,-25.942965,-4.8466625,0.95402265,-52.928944,-2.7041583,-2.5741732,-33.01951,-24.163242,18.330212,-6.077304,9.870095,7.4288807,-23.550344,-6.29179,6.116481,-50.375732,-1.053625,-5.4035034,-29.222477
38.252502,-63.980137,-20.303436,28.910604,-11.25552,-18.96305,-8.189074,7.876861,-25.310053,9.049988,-6.9037046,-9.052912,3.9285889,0.6191461,-16.088354,-2.9715219,0.7484178,-49.7315,-1.5193285,2.9085898,-20.832478,-0.53266484,8.33515,-22.707462,-1.3701891,0.58580095,-54.19277,-7.382432,1.0613879,-27.548178,-5.3545084,14.102007,-27.976568,-4.847863,1.0246708,-57.42076,-2.8493526,-2.399167,-36.071754,-23.970554,18.151846,-6.017394,9.694528,6.5811467,-25.946796,-6.3162374,6.213577,-54.138775,-1.1413189,-5.2742906,-31.885698
39.75313,-65.92157,-22.472866,29.430702,-12.894416,-20.125061,-8.214364,7.9728446,-28.557932,8.8478985,-6.9563026,-14.476244,4.0693727,0.7759206,-18.53276,-3.0164707,0.73466104,-59.87654,-1.4207275,2.8881829,-28.292957,-0.52584815,8.624628,-25.16498,-1.3917552,0.6028621,-63.660343,-8.004579,1.384491,-34.143215,-5.453723,14.3834715,-31.031881,-5.018387,1.1473496,-65.75707,-3.172268,-2.2256846,-41.867535,-24.565222,18.59188,-6.145071,9.827153,6.015223,-29.27066,-6.589485,6.526332,-61.403168,-1.3099061,-5.2810044,-37.021984
39.33647,-65.28496,-22.65203,29.175323,-11.488223,-19.26187,-8.0890875,7.852009,-28.401043,8.778196,-6.880522,-13.710524,4.062755,0.9235986,-19.595093,-2.9867306,0.73294306,-59.44065,-1.4327508,2.8788145,-27.462944,-0.5196161,8.312079,-28.119276,-1.3880799,0.6074061,-66.59715,-8.124732,1.4928203,-36.709946,-5.370153,13.968482,-34.52102,-5.011422,1.2144816,-69.53835,-3.3150735,-2.0801148,-44.435017,-24.194649,18.318766,-6.06676,9.551443,5.2229586,-33.129932,-6.6346407,6.637014,-65.920975,-1.4172127,-5.1429977,-39.920494
39.13302,-64.658585,-23.160944,28.568342,-13.271758,-20.002558,-7.907136,7.7192397,-29.408892,8.408309,-6.752986,-16.852331,4.011396,1.0742426,-18.969076,-2.9503067,0.7233111,-63.308598,-1.3547297,2.8094351,-31.009789,-0.5130539,8.564725,-26.248137,-1.3855278,0.610547,-68.35616,-8.160453,1.5621368,-37.841373,-5.304958,14.034085,-32.79978,-4.972194,1.2184551,-70.04332,-3.328553,-2.0224385,-44.9713,-23.926935,18.112268,-5.998888,9.460416,5.32004,-32.07779,-6.5632243,6.559141,-65.55972,-1.4248359,-5.0718555,-40.138268
37.736942,-62.616264,-22.06369,27.547396,-13.30814,-19.56432,-7.7570214,7.540591,-26.742317,8.377673,-6.6530237,-13.120611,3.7941096,0.39494115,-15.469123,-2.8802838,0.73225594,-54.61966,-1.4070132,2.7983956,-24.852322,-0.53880215,8.033225,-20.86318,-1.3613274,0.591957,-58.390755,-7.4719725,1.1781704,-30.484528,-5.2032423,13.418115,-26.576786,-4.7811646,1.0608488,-60.29533,-2.9551177,-2.23619,-38.017933,-23.13219,17.529566,-5.8286953,9.3164215,5.6850114,-26.494162,-6.2674503,6.1513753,-57.03861,-1.2552515,-5.047293,-34.290756
36.07852,-59.67607,-21.032602,26.343702,-12.96308,-18.84077,-7.5865045,7.3200808,-23.1774,8.349321,-6.518068,-8.433932,3.5223963,-0.5249999,-11.3949995,-2.791807,0.74915344,-42.557247,-1.4845772,2.7937357,-16.673422,-0.56886756,7.3901176,-14.327299,-1.330619,0.5633591,-44.2194,-6.5373516,0.6457381,-20.279514,-5.064354,12.7787075,-18.535395,-4.516164,0.82492095,-46.101208,-2.3957531,-2.569556,-27.824083,-22.163595,16.81003,-5.612234,9.181614,6.4589243,-18.470364,-5.83311,5.541171,-44.294807,-0.9660448,-5.0579605,-25.45132
34.667057,-57.034283,-20.461588,25.266794,-12.216954,-17.948875,-7.376595,7.087329,-20.713205,8.257732,-6.354255,-4.8688493,3.3215508,-1.1274712,-9.132133,-2.708899,0.7597165,-33.914627,-1.5427866,2.770908,-10.54258,-0.5890608,6.7122297,-10.66439,-1.306393,0.5452927,-35.04561,-5.842305,0.31084386,-13.535468,-4.9263897,11.9273615,-13.760857,-4.2971416,0.6721607,-36.734894,-1.988851,-2.7549288,-20.81368,-21.215258,16.114847,-5.4060535,8.955999,6.385109,-14.001225,-5.48726,5.1124597,-36.13104,-0.7636844,-4.9995894,-19.42684
33.99246,-56.074238,-19.455898,24.973534,-11.693061,-17.531149,-7.3125663,7.012719,-20.085514,8.203831,-6.274125,-4.2898974,3.2977889,-0.6498711,-8.717619,-2.6869726,0.7597381,-32.51937,-1.5522106,2.751964,-9.758024,-0.57090753,6.979541,-10.815635,-1.2998,0.5438223,-33.90821,-5.7190356,0.30041456,-12.870753,-4.848269,12.067363,-14.082938,-4.2369657,0.67060983,-35.871414,-1.948102,-2.7313616,-20.319464,-20.9372,15.903703,-5.3444805,8.841036,6.6422534,-14.036415,-5.3752017,5.0325885,-34.726727,-0.72206867,-4.954828,-18.540451
37.200886,-61.634197,-22.056444,27.187874,-12.76537,-19.095568,-7.7521243,7.489024,-24.28678,8.509108,-6.656102,-9.338996,3.6585028,0.35901475,-12.222585,-2.8545132,0.7458707,-45.34511,-1.4978708,2.8405054,-18.17263,-0.53402066,8.121876,-17.520458,-1.3465663,0.57811797,-49.913887,-6.9448524,0.85148215,-24.302607,-5.141065,13.4722595,-23.068043,-4.659649,0.9298486,-52.04591,-2.6138787,-2.478638,-31.833616,-22.73484,17.268393,-5.754344,9.229348,6.329985,-24.163351,-6.0629077,5.849372,-50.12891,-1.0771446,-5.1070266,-29.27689
37.19198,-61.63026,-22.250164,26.869986,-13.64031,-19.443825,-7.710946,7.4644914,-24.361685,8.460901,-6.6421704,-9.590109,3.6219003,-0.28635168,-12.103635,-2.849829,0.7467663,-45.220425,-1.4946694,2.833687,-17.890984,-0.55722463,7.7325,-15.537998,-1.3452184,0.5731946,-47.962795,-6.766218,0.74573743,-22.213589,-5.166694,13.080532,-20.19722,-4.63774,0.89317536,-49.629223,-2.5024712,-2.5547764,-29.783028,-22.611866,17.188183,-5.7401333,9.315103,6.2057323,-20.902754,-6.001848,5.7411795,-47.511032,-1.0096247,-5.1408052,-27.144642
39.527184,-65.90335,-23.87269,28.813396,-13.158166,-20.027521,-8.016529,7.801319,-28.338507,8.627762,-6.883649,-14.489283,3.9905517,1.4539882,-16.60014,-2.9761522,0.7269398,-58.79595,-1.4094813,2.8663957,-27.567019,-0.4911179,9.059639,-25.192415,-1.3839062,0.61181295,-65.79175,-8.070028,1.4464216,-36.216236,-5.324411,14.538244,-32.73149,-4.9991264,1.1980326,-68.31193,-3.2780437,-2.131872,-43.68206,-23.995491,18.229042,-6.0500946,9.395081,5.7766657,-34.501236,-6.629643,6.5869746,-65.29736,-1.4311908,-5.141309,-40.050182
39.330357,-65.442,-24.033394,28.478397,-13.638662,-20.143183,-7.969598,7.756704,-27.782907,8.617206,-6.8633504,-13.5808935,3.9068096,0.7585548,-15.545755,-2.9555898,0.73259646,-55.89887,-1.4299121,2.8662531,-25.374357,-0.51999813,8.600932,-22.04716,-1.3765616,0.60101527,-60.971176,-7.7258043,1.2350789,-32.085464,-5.332336,14.092772,-28.573742,-4.9252453,1.1053686,-62.891533,-3.0422177,-2.2889593,-39.487617,-23.802555,18.089529,-6.0056324,9.467467,5.7907624,-30.238981,-6.493594,6.371211,-60.18301,-1.3040578,-5.188082,-36.26825
38.896767,-64.782265,-23.20572,28.207693,-13.842303,-20.132658,-8.002541,7.7598057,-26.20213,8.729315,-6.879502,-11.323418,3.8194332,0.27475542,-13.6475,-2.9468846,0.74258035,-50.49623,-1.4796243,2.8907712,-21.479488,-0.53825456,8.391382,-18.674759,-1.3676066,0.58732694,-54.113716,-7.3201737,0.9722531,-26.832413,-5.3369617,13.97941,-24.327892,-4.8466487,0.99720305,-56.062893,-2.784857,-2.484367,-34.59402,-23.649769,17.980894,-5.9771376,9.580109,6.422701,-25.347876,-6.334231,6.122265,-53.660557,-1.1525393,-5.269201,-31.632729
39.54482,-65.727066,-24.660648,28.345129,-14.34617,-20.497799,-7.9304614,7.738393,-28.358114,8.527467,-6.8481717,-14.738245,3.912275,0.9322977,-15.370082,-2.9548278,0.7291481,-57.69588,-1.4052063,2.8504236,-26.793404,-0.5135452,8.793232,-21.371056,-1.3793093,0.60333604,-62.070316,-7.7533646,1.2573801,-32.452213,-5.327721,14.21312,-28.080967,-4.932361,1.1137732,-63.373985,-3.0465643,-2.281264,-39.70435,-23.810877,18.098934,-6.007101,9.444587,5.791872,-30.392775,-6.4908676,6.365404,-60.233974,-1.301103,-5.18808,-36.42546
39.449535,-65.2123,-23.545813,28.455465,-14.1034775,-20.36405,-8.216642,7.927396,-24.452461,9.16229,-7.0557256,-7.093617,3.7534018,-0.8844725,-11.648348,-2.9823105,0.7636355,-41.906544,-1.5882514,2.9788594,-14.728242,-0.58619076,7.9172344,-13.231491,-1.363383,0.56222993,-42.156223,-6.6162767,0.46423268,-16.75513,-5.4783983,13.71796,-16.744818,-4.7755785,0.7799862,-43.324276,-2.2394617,-2.9437244,-24.796154,-23.920052,18.189259,-6.0468454,9.969103,7.051884,-17.378643,-6.138033,5.749108,-41.744743,-0.8294978,-5.547628,-22.585585
37.445454,-62.08959,-21.785357,27.193254,-13.545119,-19.51198,-7.853033,7.575326,-23.700663,8.691056,-6.729695,-7.949343,3.6402216,-0.3174032,-11.554853,-2.8771014,0.7539695,-42.51095,-1.5311577,2.865385,-16.047853,-0.5608041,7.91893,-14.239295,-1.3444128,0.5651689,-43.530113,-6.5459847,0.5946741,-18.785585,-5.2180743,13.43378,-18.321985,-4.6184473,0.823114,-45.09888,-2.3225873,-2.7126415,-26.670292,-22.878271,17.386322,-5.798396,9.492395,6.9731703,-18.407372,-5.921017,5.6218553,-42.7452,-0.8787613,-5.2704945,-23.894314
36.96985,-61.66499,-20.61905,27.225363,-12.468501,-18.915726,-7.8664646,7.568902,-22.874485,8.775811,-6.7185116,-6.3614583,3.6308308,-0.61341095,-12.027738,-2.8687158,0.7596139,-39.854324,-1.5538154,2.8695602,-14.109994,-0.5732342,7.5788755,-14.361302,-1.3374908,0.55705166,-40.007023,-6.370366,0.49654832,-16.688732,-5.210979,13.204901,-17.550207,-4.569947,0.7783054,-42.26616,-2.2244327,-2.7755282,-24.81495,-22.763586,17.302935,-5.7748356,9.540128,7.1602707,-16.165087,-5.8415203,5.5215,-40.083023,-0.8214129,-5.290465,-22.016193
34.667183,-58.103886,-17.532383,26.269102,-10.809227,-17.555523,-7.7096043,7.3479147,-19.481644,8.740982,-6.526902,-2.0915399,3.4487555,-0.6308366,-9.7871895,-2.7840064,0.7708444,-30.540703,-1.6243427,2.8472607,-7.6934285,-0.5769385,7.2386293,-12.576217,-1.3097807,0.5396019,-31.601728,-5.791506,0.251965,-11.502781,-5.0233116,12.770777,-15.185483,-4.349936,0.6753684,-35.097713,-1.9682243,-2.8462586,-20.154411,-21.835846,16.584131,-5.5559225,9.316532,7.740936,-12.114059,-5.4951863,5.158808,-33.268806,-0.6752459,-5.179702,-17.33664
35.982315,-60.409653,-19.086765,27.114187,-10.826017,-17.95488,-7.790702,7.469071,-22.207916,8.6912,-6.6179986,-5.9562283,3.6391404,0.039020464,-13.081318,-2.838682,0.7547733,-40.151558,-1.5553333,2.85013,-14.294531,-0.54690504,7.674796,-18.70809,-1.3324733,0.56688476,-44.672997,-6.6630282,0.72329557,-21.46048,-5.0916348,13.245734,-23.173185,-4.5781865,0.89610887,-48.737602,-2.5257576,-2.5144496,-29.972054,-22.455603,17.052246,-5.696419,9.266707,6.9254456,-20.980639,-5.917225,5.71516,-46.567657,-0.99982715,-5.103694,-26.716034
32.85484,-54.485218,-18.04984,24.378874,-10.753122,-16.76233,-7.1005397,6.8262606,-19.821928,7.970954,-6.1122074,-4.4296346,3.2481408,-1.0863445,-10.262099,-2.6335726,0.7584722,-31.967985,-1.5464683,2.7137678,-8.878655,-0.5901883,6.208988,-12.630537,-1.2881429,0.54103327,-34.49744,-5.706001,0.33891103,-13.990145,-4.754098,11.246661,-15.049915,-4.1845345,0.712943,-37.6305,-2.0441725,-2.6134012,-21.660608,-20.347183,15.463033,-5.214634,8.731863,6.122898,-12.321932,-5.322474,5.00059,-36.232086,-0.77931273,-4.8139925,-19.33658
33.39216,-54.579494,-21.126848,24.535105,-8.936621,-15.822496,-6.972403,6.745084,-20.698328,8.010963,-6.1344047,-2.8860629,3.2526498,-1.3614513,-11.614949,-2.6076872,0.7588283,-31.22815,-1.5739439,2.7270873,-7.404956,-0.61033016,5.2700157,-16.062714,-1.2893502,0.5471872,-38.688538,-5.9202127,0.44343576,-17.022243,-4.7527995,10.069478,-18.807026,-4.215658,0.7458082,-41.8545,-2.1598566,-2.518169,-23.911852,-20.186094,15.338012,-5.1663084,8.433952,3.8510637,-18.979822,-5.5250463,5.227945,-43.82417,-0.9545083,-4.6724052,-23.71821
34.816498,-57.090343,-21.740423,25.778482,-8.546712,-16.11675,-7.2348475,7.020846,-21.89092,8.363957,-6.3787756,-2.7624433,3.410207,-1.6221035,-13.551289,-2.6898935,0.76486945,-32.421413,-1.5970159,2.7984872,-7.748063,-0.628489,5.2389812,-17.166248,-1.3039339,0.5453501,-38.079285,-6.0512223,0.39657643,-16.263632,-4.9460955,10.370631,-19.173325,-4.345361,0.7345787,-41.51837,-2.1604557,-2.6554356,-23.559126,-21.050348,16.004229,-5.3665285,8.841141,4.157111,-17.949425,-5.698655,5.348041,-43.203125,-0.93169105,-4.88526,-22.959818
35.45084,-58.5778,-20.831104,26.780848,-7.291414,-15.832345,-7.415385,7.2123766,-22.555307,8.610273,-6.529926,-2.5193646,3.5473127,-1.0661595,-14.668073,-2.745703,0.77149963,-31.924047,-1.622576,2.8505273,-7.183366,-0.61881983,5.7546587,-17.980886,-1.3130256,0.5407533,-36.022583,-6.07096,0.33790472,-14.720247,-5.04513,11.069671,-19.5125,-4.40407,0.70867187,-39.6628,-2.1074798,-2.7856066,-22.18498,-21.661598,16.459684,-5.5006733,9.153581,5.0186877,-16.147682,-5.7254047,5.339346,-39.98063,-0.8525325,-5.0635653,-20.74182
35.851917,-60.47052,-18.335981,27.957762,-6.152452,-15.682213,-7.8099947,7.5289927,-21.49442,9.126162,-6.755425,-0.35321718,3.6788633,-0.44316483,-14.377363,-2.8305879,0.7816135,-29.401003,-1.6708419,2.924161,-5.7789187,-0.5950018,6.686119,-17.574385,-1.3189406,0.53327334,-30.815876,-5.962468,0.20561014,-11.419376,-5.1641073,12.442591,-19.127962,-4.4509115,0.6468965,-35.129604,-1.9727283,-2.9793947,-19.723883,-22.439894,17.06375,-5.6918077,9.521212,6.9956436,-14.027569,-5.71136,5.299597,-34.446377,-0.71581006,-5.3179655,-17.468527
33.352924,-56.510464,-16.137554,26.092857,-6.915241,-15.291212,-7.402813,7.1146045,-19.766699,8.508388,-6.336668,-1.3949444,3.4547944,-0.41408432,-12.663894,-2.7003787,0.7778015,-26.901419,-1.6212871,2.7925081,-5.392771,-0.58438575,6.696104,-14.113501,-1.2903297,0.52347237,-25.914148,-5.4398394,0.099806935,-8.157628,-4.8816953,12.134361,-14.653468,-4.176033,0.56975573,-29.26889,-1.7248684,-2.9446175,-15.743418,-21.12207,16.06156,-5.382846,9.194412,7.631723,-8.120483,-5.212542,4.803248,-26.795609,-0.53541136,-5.122531,-12.639105
30.658522,-52.069683,-13.975962,24.162708,-6.5393643,-14.259871,-6.940897,6.6466675,-17.91243,7.9511747,-5.9095836,-1.1149852,3.239769,-0.27400726,-11.614857,-2.5553617,0.7695808,-24.928503,-1.5698204,2.649719,-5.1583133,-0.5728265,6.3474426,-13.191659,-1.260242,0.5192677,-23.754583,-5.0652995,0.10454838,-7.5615973,-4.5574555,11.423454,-13.732493,-3.9182334,0.5540658,-27.361712,-1.6511066,-2.7591674,-15.0811615,-19.635483,14.927462,-5.034012,8.61278,7.451829,-6.801248,-4.8383102,4.495152,-24.46988,-0.5051964,-4.798693,-11.664447
31.308937,-52.9002,-14.864077,24.219667,-8.042545,-15.150388,-7.0474806,6.731057,-18.025272,8.039084,-6.001212,-1.5715606,3.2479827,-0.78529835,-11.539003,-2.5891595,0.7636966,-27.7862,-1.5596325,2.6754673,-6.7002816,-0.5840043,6.1176033,-13.952838,-1.2692862,0.5290028,-28.479162,-5.3829,0.22715952,-11.00164,-4.6258955,11.348652,-15.49456,-4.0411506,0.64959294,-33.063683,-1.9125963,-2.6364021,-19.315325,-19.908175,15.125276,-5.105526,8.630549,7.1231284,-9.576495,-5.076355,4.7646313,-30.908772,-0.67478204,-4.773985,-16.234608
31.789898,-53.30099,-16.07422,24.1666,-9.19193,-15.808599,-7.010193,6.7200823,-19.432201,7.9046607,-5.9885426,-3.9501228,3.2767425,-0.91332793,-12.552544,-2.5992844,0.75297695,-33.108425,-1.5161004,2.6588569,-10.199753,-0.58351874,6.020853,-15.819634,-1.2786734,0.5429024,-35.55385,-5.770067,0.46443126,-15.969154,-4.6478066,11.179029,-18.15933,-4.131674,0.7595953,-39.867657,-2.1739998,-2.4448683,-24.162867,-20.043459,15.20596,-5.132206,8.557544,6.3060627,-13.325219,-5.2623134,5.024497,-37.89826,-0.8439586,-4.6860285,-21.17192
33.850777,-56.661522,-17.405874,25.649485,-10.033017,-16.915016,-7.3405614,7.058355,-22.063368,8.164731,-6.243894,-6.961329,3.5195024,-0.29262215,-14.951228,-2.717389,0.74486566,-41.820583,-1.4880822,2.7194993,-15.836209,-0.5603747,6.7882767,-20.20925,-1.3119707,0.56484044,-46.263115,-6.5584064,0.8461368,-23.356428,-4.856141,12.089084,-23.979826,-4.4036713,0.92725444,-50.410496,-2.592968,-2.2674813,-31.643847,-21.301472,16.139746,-5.412982,8.847959,6.0557384,-19.79266,-5.686041,5.5677047,-47.632095,-1.0543243,-4.7921557,-27.811354
34.653774,-57.99264,-18.17124,26.041721,-11.092791,-17.668295,-7.4944935,7.2071853,-22.197887,8.336214,-6.3889685,-6.7810535,3.5347428,-0.4887588,-13.63168,-2.7584574,0.7479445,-41.498577,-1.499311,2.762482,-15.541463,-0.5697082,6.953372,-18.127934,-1.319313,0.5638043,-45.17134,-6.581543,0.7695477,-22.124405,-4.963539,12.37825,-21.933426,-4.4650235,0.89268726,-48.82499,-2.5496237,-2.3836188,-30.46907,-21.729979,16.47692,-5.517109,9.051296,6.384351,-18.779396,-5.774559,5.5945296,-46.586548,-1.0413331,-4.9116654,-27.182165
35.931225,-59.878944,-19.889666,26.508417,-12.959611,-18.898767,-7.654024,7.3821063,-23.316393,8.405497,-6.530918,-8.78199,3.5785015,-0.85335875,-13.022476,-2.8136816,0.75072896,-43.543037,-1.4898484,2.8026989,-17.1206,-0.5788317,7.2048283,-15.42153,-1.3327491,0.5625079,-44.352917,-6.588396,0.66472757,-20.505226,-5.104527,12.781874,-18.784971,-4.5459666,0.8465563,-46.66474,-2.439294,-2.5662262,-28.40065,-22.325245,16.934689,-5.6561985,9.388263,6.8487144,-15.903577,-5.8373795,5.549784,-43.860344,-0.94742143,-5.1104937,-25.072475
36.888195,-61.37142,-20.870466,27.068172,-13.897836,-19.652472,-7.8144665,7.540009,-24.222319,8.464867,-6.6321416,-10.665298,3.6657913,-0.40400738,-13.064437,-2.8663635,0.7497479,-46.39156,-1.4760832,2.828618,-19.57317,-0.55691427,7.9050426,-15.737582,-1.3469653,0.5695802,-46.769066,-6.799565,0.7478136,-21.995111,-5.182716,13.542948,-19.63703,-4.6355457,0.86845404,-48.202274,-2.4828782,-2.5942817,-29.323223,-22.857048,17.337471,-5.781149,9.548799,7.339195,-17.300135,-5.933632,5.6403503,-44.62733,-0.9376979,-5.2220063,-25.537897
36.114487,-60.55007,-19.66617,26.789804,-12.761112,-18.881119,-7.8438673,7.503215,-21.371838,8.662911,-6.632062,-6.105522,3.5590358,-0.64342225,-11.004242,-2.8384614,0.76191545,-37.951145,-1.5453024,2.8472986,-13.782642,-0.56390405,7.743572,-13.503283,-1.3305494,0.5552295,-38.16029,-6.3010926,0.46368074,-16.14869,-5.115125,13.542943,-16.922756,-4.5087657,0.751016,-40.4969,-2.2027779,-2.7740574,-24.022564,-22.464144,17.075066,-5.7046165,9.4428005,8.164804,-14.959747,-5.729854,5.3753686,-37.9664,-0.79708195,-5.25356,-21.060316
36.152973,-60.51708,-19.59926,26.87461,-12.521973,-18.773643,-7.9178915,7.54754,-20.402624,8.790199,-6.6626306,-4.579189,3.5315464,-0.8893746,-10.268834,-2.843489,0.77090746,-33.86986,-1.5878687,2.8720803,-10.999522,-0.5681638,7.762083,-11.561463,-1.3270319,0.54460347,-32.656696,-5.965897,0.25060377,-11.689293,-5.1321163,13.644711,-14.110046,-4.4517474,0.6530015,-34.556297,-1.9395694,-2.9715068,-19.386816,-22.50667,17.110722,-5.7115536,9.556257,8.707411,-11.79576,-5.588497,5.1612873,-31.919292,-0.6274274,-5.3664007,-16.573553
35.8567,-59.63277,-19.52979,26.56568,-12.68672,-18.733088,-7.886215,7.5132008,-19.810068,8.832324,-6.656686,-3.2003047,3.4657586,-1.0803077,-8.881118,-2.8311925,0.7749097,-31.177961,-1.6252339,2.8848534,-8.715849,-0.5858141,7.5082216,-9.884341,-1.3217648,0.5389552,-30.329445,-5.7610836,0.14666046,-9.636278,-5.1351833,13.247541,-12.363598,-4.4062634,0.6102999,-32.063282,-1.8223289,-3.0289135,-17.504189,-22.334223,16.969131,-5.6741877,9.551128,8.3720875,-10.448429,-5.524355,5.0851307,-30.074453,-0.5725528,-5.358946,-14.938896
36.771793,-61.288887,-19.608664,27.339256,-12.645989,-19.042824,-8.111636,7.717971,-19.850344,9.153272,-6.845754,-2.0419736,3.5417047,-1.0507865,-8.825355,-2.8921921,0.78002894,-30.505621,-1.6645179,2.9502287,-7.6138964,-0.586473,7.7209806,-10.228377,-1.3309562,0.5390738,-29.977655,-5.8520956,0.122166544,-9.191792,-5.256391,13.648402,-12.802557,-4.4989333,0.6186224,-32.30418,-1.8484344,-3.1018066,-17.721245,-22.907526,17.420387,-5.8141727,9.774995,8.70482,-11.033878,-5.653077,5.211762,-30.581356,-0.5769168,-5.489266,-15.145681
38.72031,-64.41064,-21.75222,28.387283,-13.791933,-20.132462,-8.300552,7.946983,-22.489368,9.249481,-7.0392046,-5.373514,3.714646,-0.8142867,-10.617733,-2.9741437,0.77105004,-37.939106,-1.6145763,2.9834945,-12.585924,-0.5760353,8.171608,-12.311656,-1.3557165,0.5547282,-37.423763,-6.397002,0.3442518,-14.004919,-5.4252453,14.196822,-15.607734,-4.7071023,0.7222858,-39.197674,-2.113675,-3.0293038,-22.293098,-23.81893,18.112825,-6.020855,10.002739,8.371188,-14.80956,-5.9811473,5.5647774,-36.992683,-0.7226435,-5.5920014,-19.550283
38.96888,-64.852295,-22.74663,28.310705,-14.021701,-20.244001,-8.133171,7.845334,-24.717356,8.937094,-6.9421067,-9.076455,3.7831385,-0.41244602,-12.973929,-2.9580767,0.75545216,-45.61463,-1.5199795,2.9167573,-18.260107,-0.55943954,8.258543,-15.467557,-1.3628182,0.57036054,-45.788967,-6.8479605,0.6658149,-20.353987,-5.3790464,14.106267,-19.534494,-4.767939,0.8483252,-47.147125,-2.4170108,-2.7695432,-28.03876,-23.735641,18.056005,-5.9983673,9.798121,7.461524,-19.517693,-6.127778,5.8071322,-44.463333,-0.91570306,-5.4421954,-25.052868
37.89682,-63.642654,-20.685125,28.178282,-11.630584,-18.849915,-8.142489,7.801429,-22.197104,9.175331,-6.926134,-4.1350093,3.7114878,-0.675892,-12.199883,-2.9281275,0.7702106,-37.090233,-1.6021714,2.937178,-11.999696,-0.57533944,7.8228645,-14.560002,-1.3448619,0.55196375,-36.887463,-6.3436947,0.39693117,-14.5499325,-5.31909,13.8043585,-17.602556,-4.6270504,0.7266997,-39.41658,-2.1249447,-2.9415727,-22.746592,-23.321455,17.759214,-5.9164658,9.740497,7.995615,-16.450367,-5.9047446,5.5427113,-37.751457,-0.7629881,-5.4685326,-20.349562
38.587395,-65.27039,-20.705723,29.19594,-9.137119,-17.899578,-8.237463,7.933917,-23.425303,9.417473,-7.062504,-3.3762174,3.8535895,-0.36565268,-14.339587,-2.9656625,0.7750456,-37.117004,-1.6297225,2.983367,-11.230916,-0.5810378,7.7002907,-17.26207,-1.3517201,0.5500134,-37.23701,-6.481896,0.4066397,-14.982056,-5.4127464,13.762146,-19.977734,-4.6975265,0.7279952,-40.219288,-2.1509526,-2.9971347,-23.045767,-23.763744,18.100925,-6.0169077,9.890077,7.596169,-17.777773,-6.0344133,5.6602206,-38.96801,-0.78485525,-5.557281,-20.918383
37.85778,-64.00355,-20.337696,28.884396,-7.865538,-17.055216,-8.09092,7.8042226,-23.2305,9.336938,-6.9681597,-2.608148,3.8269224,-0.04877734,-14.5382595,-2.928286,0.7745579,-35.786236,-1.6396507,2.9590714,-10.26913,-0.573476,7.5431366,-18.3673,-1.3445323,0.5493557,-37.086723,-6.397594,0.42685258,-15.240696,-5.327661,13.398398,-21.288528,-4.6298504,0.7268213,-40.224537,-2.12678,-2.9421532,-23.080902,-23.352516,17.784239,-5.9227915,9.673549,7.0847836,-19.253664,-5.9688463,5.6316075,-39.49974,-0.79632485,-5.4531355,-21.192112
37.272156,-62.79174,-19.833961,28.487091,-7.6920137,-16.784859,-8.072221,7.7592134,-21.636065,9.388088,-6.939933,-0.43359667,3.7318292,-0.29637462,-12.674962,-2.9039438,0.78349763,-30.24179,-1.6904092,2.975287,-6.2790594,-0.5803855,7.4057827,-15.620133,-1.3344133,0.53732157,-31.000362,-5.9881835,0.18002751,-10.569095,-5.2905436,13.216786,-17.917744,-4.533103,0.62478185,-33.984447,-1.8600086,-3.118546,-18.370335,-23.046318,17.562382,-5.8572063,9.675746,7.4530993,-15.67745,-5.7853317,5.368671,-33.635815,-0.6393513,-5.497877,-16.713423
36.81145,-61.553715,-20.512724,27.853851,-8.070071,-16.73158,-7.8560476,7.579388,-22.266058,9.0829525,-6.794853,-2.1514072,3.689282,-0.14253087,-13.082594,-2.8611999,0.7743417,-32.737698,-1.6532853,2.9264789,-8.10698,-0.574005,7.2171097,-16.664568,-1.3314874,0.5451725,-35.03269,-6.0998864,0.31225505,-13.48112,-5.202045,12.740631,-19.494225,-4.5137935,0.69123256,-37.903168,-1.9966582,-2.9498882,-21.096706,-22.629961,17.220808,-5.752203,9.43684,6.5335236,-17.73009,-5.7989283,5.4320226,-37.49334,-0.7342622,-5.335144,-19.296476
34.723644,-57.939243,-18.625256,26.382881,-7.932483,-16.015903,-7.5394635,7.251645,-20.362108,8.709587,-6.492732,-1.2776577,3.4882045,-0.56581193,-11.847359,-2.7551687,0.77877724,-27.821913,-1.659239,2.8497117,-5.20507,-0.5951278,6.688859,-13.504101,-1.3052396,0.5280622,-28.124231,-5.482518,0.08910394,-8.467926,-5.004977,11.99546,-14.976295,-4.2715893,0.5892489,-30.74663,-1.691554,-3.0088685,-15.934803,-21.531614,16.373465,-5.493128,9.241512,6.766593,-11.131983,-5.3654604,4.9651203,-29.196829,-0.5280014,-5.213222,-13.474872
35.83075,-59.89434,-18.99143,27.07213,-9.593736,-17.208595,-7.8052697,7.487694,-20.650707,8.928109,-6.668293,-1.8600769,3.543351,-0.66790575,-10.868234,-2.823808,0.7795901,-29.269037,-1.659823,2.8969095,-6.322199,-0.5907018,7.2281666,-12.191533,-1.3176203,0.5316401,-28.595293,-5.6444163,0.10335916,-8.46156,-5.1394415,12.796401,-13.80478,-4.3731093,0.58580655,-30.657341,-1.7139106,-3.0877562,-16.019033,-22.252493,16.926125,-5.6601887,9.540689,7.6049647,-10.694924,-5.48433,5.063575,-29.029226,-0.52437586,-5.37061,-13.591081
36.510777,-61.754887,-18.052122,28.233704,-8.30862,-16.959341,-8.0718355,7.731705,-20.837858,9.282239,-6.8513937,-0.8772556,3.6816618,-0.3118394,-11.928942,-2.8909035,0.7875247,-28.32755,-1.696908,2.9590573,-5.524474,-0.58084786,7.711236,-13.334697,-1.3267412,0.52836424,-26.585293,-5.6963763,0.060230434,-7.1690845,-5.2597413,13.540571,-14.493499,-4.441441,0.5571911,-29.074804,-1.6658639,-3.2152672,-14.890742,-22.958248,17.46756,-5.8205633,9.867831,8.460952,-9.788234,-5.5411973,5.102703,-26.773252,-0.45966724,-5.558861,-12.05093
39.628716,-67.03041,-20.82458,30.025837,-10.15171,-18.794477,-8.573453,8.221346,-22.943993,9.756893,-7.2775307,-2.7615936,3.907913,-0.61946595,-13.286439,-3.048621,0.78680587,-34.345158,-1.6925507,3.0756595,-9.140603,-0.58337,8.184111,-14.764673,-1.3630064,0.54328746,-32.711376,-6.336816,0.21021496,-10.848397,-5.589194,14.500289,-16.54822,-4.7644362,0.64688414,-35.20048,-1.9426638,-3.2662094,-18.8913,-24.560871,18.696926,-6.200389,10.394486,8.737573,-13.232505,-6.034549,5.566873,-33.19915,-0.610239,-5.8381004,-16.46096
36.167103,-61.873146,-16.162428,28.60217,-6.843422,-16.301805,-8.221994,7.8091855,-19.07407,9.525751,-6.8878856,1.8683078,3.7056606,0.13931236,-11.63927,-2.8998263,0.79313946,-24.29143,-1.7231991,2.9589407,-3.6507885,-0.55748326,8.1798115,-14.063574,-1.3207104,0.52337325,-21.893625,-5.51487,0.02182373,-4.705578,-5.2294855,14.183745,-15.09003,-4.369241,0.49465427,-24.964441,-1.5223686,-3.2773862,-12.492338,-23.030382,17.520716,-5.834998,9.832602,9.5051365,-10.254287,-5.4242644,5.0266695,-22.981083,-0.3823698,-5.5993223,-9.8561945
35.544334,-61.07247,-15.294262,28.412422,-5.591519,-15.533994,-8.117783,7.717948,-18.92954,9.444242,-6.8073616,2.108847,3.7127185,0.28704202,-12.805007,-2.8706198,0.7926666,-24.235567,-1.7147465,2.9334996,-3.5793087,-0.55442095,8.026202,-15.245435,-1.3151878,0.5218101,-21.690756,-5.47753,0.024202198,-4.986227,-5.160091,14.0158205,-16.229671,-4.329806,0.50198513,-25.39675,-1.5456977,-3.2319198,-12.9310255,-22.725746,17.308521,-5.7693033,9.728113,9.521873,-10.094508,-5.3599195,4.97099,-22.824291,-0.38209945,-5.5411,-9.930475
34.33403,-58.59106,-15.734712,26.904415,-7.2925653,-15.851199,-7.795889,7.4075813,-18.51033,8.981686,-6.544073,0.70941645,3.5320325,-0.36258733,-11.767658,-2.7830122,0.78330225,-25.666468,-1.6574435,2.8415532,-5.1578884,-0.56855756,7.409972,-13.476079,-1.3002777,0.5229457,-23.00138,-5.3661966,0.065311305,-6.0864964,-4.9982567,13.1741705,-14.539161,-4.218048,0.52239084,-26.370039,-1.5862268,-3.0730095,-13.913241,-21.836132,16.610596,-5.5599527,9.372943,8.770769,-9.494543,-5.2376876,4.8671246,-24.26523,-0.43978095,-5.310828,-11.236741
32.984814,-56.656086,-14.558516,25.914858,-8.251793,-15.965448,-7.590342,7.185405,-17.998209,8.625873,-6.31322,-0.6543565,3.4429207,-0.4212008,-11.983668,-2.720844,0.7725288,-28.4606,-1.5867488,2.751284,-8.077723,-0.5596817,7.27763,-14.186143,-1.2898244,0.5296788,-25.99801,-5.4739776,0.23365855,-9.13065,-4.838535,13.011197,-15.515061,-4.1480403,0.593979,-29.806282,-1.7759585,-2.833762,-17.272623,-21.213343,16.121946,-5.4107456,9.086965,8.885763,-10.164415,-5.1571126,4.86437,-27.080158,-0.5510943,-5.0997987,-14.136171
31.700377,-54.09702,-13.685633,25.027212,-8.466099,-15.677647,-7.412272,6.99459,-16.74481,8.447878,-6.1477013,0.19358656,3.3136218,-0.262505,-10.1716,-2.6604857,0.77334887,-25.61358,-1.6042099,2.717693,-6.1037145,-0.55369544,7.221856,-12.689363,-1.2759603,0.52479416,-23.952354,-5.197271,0.1528512,-7.647612,-4.7018948,12.725758,-14.23461,-4.028076,0.57029617,-27.739614,-1.6744353,-2.8120995,-15.989805,-20.587763,15.624782,-5.2559795,8.868936,8.868056,-8.934355,-4.961001,4.680819,-24.84981,-0.48351935,-4.9869547,-12.431093
32.11069,-54.798195,-13.245167,25.657675,-7.9032645,-15.624735,-7.6412635,7.174636,-15.7706995,8.813637,-6.316289,2.6580415,3.348001,-0.15914764,-9.243017,-2.7093515,0.78180426,-22.195135,-1.6747708,2.7982306,-3.0614989,-0.55576974,7.362005,-12.945526,-1.2816716,0.52345276,-22.598291,-5.229105,0.08464837,-6.707167,-4.793977,13.039639,-14.893522,-4.0951467,0.563086,-27.324783,-1.6893529,-2.8874288,-15.7475395,-21.040169,15.954521,-5.358431,9.047108,9.185172,-9.4832,-5.0704837,4.775936,-25.10107,-0.4912619,-5.0860424,-12.485068
34.11369,-57.871445,-15.585164,26.757286,-8.820128,-16.618898,-7.8705125,7.4278717,-18.007595,8.9884405,-6.547975,0.12429254,3.5107281,-0.14477654,-10.889977,-2.796834,0.7746598,-28.739326,-1.6488123,2.8561766,-7.16971,-0.55411154,7.5846148,-15.665044,-1.3079568,0.541361,-31.015347,-5.8669763,0.3290755,-12.431067,-4.9811544,13.42518,-18.713585,-4.3356366,0.68604636,-35.615944,-2.0315564,-2.7808294,-21.40459,-21.971407,16.675653,-5.5764475,9.265305,8.593018,-14.569865,-5.4855504,5.2197433,-33.844803,-0.7001672,-5.1669254,-18.379408
34.923885,-58.673744,-16.773338,27.360268,-7.643435,-16.2258,-7.962214,7.519594,-18.527987,9.12379,-6.624433,0.25328645,3.594385,0.11146841,-12.296812,-2.828737,0.7796641,-28.773228,-1.6890191,2.904615,-6.4598293,-0.54417735,7.6361113,-18.716389,-1.3187475,0.544653,-33.90973,-6.052553,0.40607724,-14.2743435,-5.030548,13.440185,-22.02892,-4.4136467,0.73056805,-38.64257,-2.1072516,-2.7607718,-22.862883,-22.291876,16.896086,-5.641555,9.306474,7.9242,-17.792963,-5.6167636,5.3769474,-37.114285,-0.7296043,-5.19886,-19.719835
34.21779,-57.600304,-16.729725,26.487099,-8.683665,-16.455994,-7.7385774,7.335732,-18.60862,8.847164,-6.502229,-0.3247819,3.4796288,-0.43485087,-11.2048855,-2.7717676,0.77198225,-29.297295,-1.6394647,2.8435307,-7.077352,-0.56921095,7.0928135,-16.08123,-1.306452,0.5424498,-32.821514,-5.913625,0.35606846,-13.57612,-4.963754,12.780513,-19.118423,-4.337444,0.70325905,-37.227615,-2.0776489,-2.7325394,-22.251043,-21.746088,16.501093,-5.5238705,9.1423645,7.6046157,-15.805054,-5.5365534,5.2641864,-36.272774,-0.7631314,-5.0887327,-19.759472
35.62737,-59.843857,-18.315168,27.362125,-8.950483,-16.983774,-7.799082,7.4515247,-21.788929,8.731924,-6.5622597,-5.034627,3.6896098,0.65348476,-14.366331,-2.8267183,0.7559688,-39.872787,-1.5554495,2.8306394,-14.51032,-0.52787143,7.8013897,-22.056158,-1.3316646,0.56928384,-46.14054,-6.77402,0.8597785,-23.396046,-5.0256257,13.382143,-26.76943,-4.5510087,0.9182552,-50.340836,-2.5916257,-2.4049995,-31.487339,-22.389996,16.987236,-5.66485,9.114725,6.794642,-24.312933,-5.906521,5.7823424,-48.346954,-1.0432502,-5.023056,-28.137196
35.417564,-59.37032,-18.308556,27.065573,-9.334387,-17.073097,-7.696193,7.3699307,-22.213234,8.514317,-6.4664426,-6.7562494,3.679111,0.8003977,-14.830348,-2.8044157,0.7527814,-41.684555,-1.5153248,2.7909,-16.383753,-0.51796347,7.9621477,-22.26758,-1.3294816,0.5701421,-46.94708,-6.8089795,0.91988266,-24.281704,-4.9654326,13.500955,-26.826183,-4.5205703,0.92455,-50.66427,-2.6006062,-2.3648021,-31.821964,-22.187119,16.840363,-5.619012,9.052758,7.009711,-23.867826,-5.841453,5.718832,-47.9093,-1.0317005,-4.9837065,-27.956125
34.05412,-56.94734,-17.841377,25.876904,-9.181196,-16.493935,-7.4038186,7.091514,-20.943314,8.249084,-6.2642207,-5.422111,3.4967446,0.031577185,-13.668422,-2.7134757,0.7543702,-37.47274,-1.5146648,2.7330272,-13.527011,-0.544571,7.1343985,-19.329185,-1.3075576,0.5582048,-41.39845,-6.3413863,0.7126876,-20.34382,-4.825199,12.527982,-22.908651,-4.3411603,0.83185,-45.020508,-2.3657453,-2.4310536,-27.73426,-21.24268,16.14422,-5.4084234,8.8073435,6.7077627,-19.848782,-5.578205,5.393544,-43.058334,-0.9331074,-4.8651156,-24.61333
34.50799,-57.532566,-19.014334,25.964596,-9.310811,-16.614914,-7.3712254,7.086495,-21.898579,8.181953,-6.2717032,-6.5643053,3.527736,0.08322436,-14.421088,-2.7163455,0.75034904,-40.056545,-1.4885437,2.7226243,-15.331667,-0.5458245,7.075076,-20.180805,-1.3122611,0.5632734,-44.21472,-6.4912353,0.7969179,-22.18421,-4.841458,12.3913145,-24.023035,-4.379168,0.86376786,-47.493042,-2.4406092,-2.379459,-29.245808,-21.305742,16.195612,-5.423064,8.749324,6.158264,-21.98583,-5.6590247,5.488884,-45.71914,-0.99071014,-4.8415165,-26.33117
38.420547,-63.83779,-22.11061,29.266365,-6.7468667,-16.564903,-8.075132,7.7966566,-23.785398,9.311487,-6.9703083,-3.0838647,3.8879526,-0.50926226,-17.96633,-2.9265258,0.77801836,-37.142387,-1.6475732,2.9752278,-10.958833,-0.5925056,6.8513737,-22.92041,-1.3503209,0.5534826,-40.873096,-6.6610312,0.5374023,-18.325802,-5.337135,12.864087,-25.534164,-4.6923738,0.78249484,-44.82641,-2.2905097,-2.8490994,-25.818932,-23.475977,17.835665,-5.9200687,9.649877,6.217628,-21.938013,-6.10335,5.770292,-44.16177,-0.88130546,-5.4056373,-23.506721
38.715378,-64.42044,-21.629164,30.103216,-4.6399493,-15.729437,-8.233635,7.9387846,-23.254244,9.660516,-7.1112313,-0.36867416,3.9721062,-0.21923436,-18.763073,-2.9593892,0.7891456,-33.339073,-1.7129304,3.0365498,-7.8505473,-0.59015244,6.9368153,-24.328896,-1.3531916,0.54624885,-37.44567,-6.551002,0.41015437,-15.926217,-5.394704,13.108803,-26.606758,-4.711268,0.7356737,-42.212242,-2.1885028,-2.98548,-23.777006,-23.832859,18.098318,-5.9923525,9.784684,6.554655,-21.931095,-6.118892,5.7517853,-41.641678,-0.80950487,-5.5245986,-21.36845
38.584602,-64.384094,-21.641447,29.498827,-6.918544,-16.77279,-8.110926,7.8524327,-24.488518,9.323259,-7.0058722,-3.8703609,3.931716,-0.0024103671,-17.531025,-2.9471855,0.7750219,-38.641914,-1.6385272,2.979246,-11.909347,-0.5819669,7.21795,-22.839638,-1.3552036,0.55703545,-42.279003,-6.759631,0.59930956,-19.19856,-5.3737493,13.128941,-25.803127,-4.7282786,0.8073336,-45.94767,-2.339318,-2.8284535,-26.755354,-23.680307,17.993301,-5.9700136,9.723471,6.2867537,-22.43849,-6.1510153,5.8446226,-44.822746,-0.9044477,-5.4301705,-24.194014
36.939735,-61.787025,-19.9877,28.579863,-5.8740873,-15.785648,-7.8619304,7.599895,-23.191578,9.04605,-6.770579,-3.2078826,3.8227246,0.27770418,-17.07911,-2.8624468,0.7749191,-35.930145,-1.6246872,2.910575,-10.734384,-0.56714165,7.171628,-22.66791,-1.3369205,0.5513153,-39.58699,-6.5130286,0.5568458,-17.991978,-5.1721907,12.957633,-25.392698,-4.5689864,0.7735286,-43.395184,-2.25467,-2.7723746,-25.335264,-22.83704,17.358349,-5.7715473,9.416867,6.5819926,-21.181768,-5.9039173,5.6053715,-41.87269,-0.85323215,-5.274746,-22.49487
30.401268,-51.19838,-14.995779,23.49381,-7.7067127,-14.657332,-6.703199,6.4590507,-19.720966,7.485262,-5.7025056,-5.5063524,3.2537086,0.05957499,-13.456515,-2.5142298,0.7518602,-33.60585,-1.4644362,2.5507214,-11.833252,-0.55943525,6.435891,-15.839207,-1.2660984,0.5360794,-33.2544,-5.463863,0.46077675,-14.515349,-4.441051,11.232242,-17.449978,-3.9320126,0.6909703,-35.69914,-1.9453,-2.435538,-21.20207,-19.316414,14.636938,-4.942336,8.275826,6.522943,-11.719842,-4.884844,4.674141,-31.670267,-0.6652888,-4.581966,-17.193466
27.555716,-46.80381,-12.634848,21.8217,-5.8477707,-12.893027,-6.253299,6.002355,-17.733982,7.0279756,-5.2838535,-3.9453812,3.0642796,0.2738846,-12.899382,-2.3645778,0.7488457,-29.529156,-1.4275787,2.4087107,-10.479856,-0.551264,5.970977,-15.486557,-1.2331104,0.5267416,-28.557863,-4.9925113,0.42833114,-12.57887,-4.1170907,10.410124,-16.378834,-3.6232347,0.61344457,-30.697527,-1.742631,-2.3181386,-18.410086,-17.805473,13.484082,-4.5876284,7.6870084,6.2277493,-10.335447,-4.453706,4.3001122,-27.28055,-0.5886997,-4.2756624,-14.838592
30.005953,-50.822117,-13.693833,24.637884,-1.4657149,-11.593975,-6.869231,6.5734844,-17.267017,8.170359,-5.84634,2.7932854,3.3425045,0.17300099,-15.54634,-2.5136733,0.77974266,-21.181408,-1.6119848,2.6212125,-2.978289,-0.57776463,5.8800774,-18.528381,-1.2540355,0.51088643,-20.582163,-4.8238964,0.10674822,-6.1074758,-4.456924,10.877759,-18.283655,-3.7713552,0.4691307,-23.588608,-1.4143627,-2.7821383,-12.306814,-19.335348,14.659362,-4.9376917,8.276083,6.5597258,-11.131787,-4.6562114,4.3931103,-21.86475,-0.3939643,-4.7329617,-9.338948
29.984324,-50.579243,-14.17004,24.82278,0.60782444,-10.521071,-6.8947954,6.578577,-16.695343,8.374251,-5.859216,5.2314205,3.3748236,0.18745099,-16.760397,-2.5076149,0.78506154,-18.43023,-1.6435505,2.617022,-1.519054,-0.57654715,5.700903,-20.010422,-1.2508014,0.5050407,-17.411577,-4.5891542,0.040329408,-3.9507992,-4.4391894,10.676102,-19.583498,-3.6944137,0.3905962,-20.030827,-1.189133,-2.872317,-9.462745,-19.23545,14.586538,-4.918419,8.132536,6.1338716,-13.125735,-4.5733747,4.3255076,-19.743694,-0.2977008,-4.74788,-7.2636275
35.66231,-58.72965,-20.166965,28.33676,-0.5371903,-12.625126,-7.832374,7.466799,-19.248201,9.454327,-6.6480126,5.180691,3.7753835,-0.18718885,-19.433918,-2.7816896,0.798844,-23.160326,-1.7534465,2.892037,-2.5652504,-0.58382124,6.2339296,-24.590117,-1.3143368,0.5246944,-26.340082,-5.4822264,0.14767607,-8.157556,-5.005796,11.950763,-25.32969,-4.2478943,0.52217066,-29.430725,-1.511407,-3.0725994,-14.148107,-22.054375,16.7246,-5.556695,9.01376,5.725258,-20.740849,-5.388582,5.0722466,-29.958845,-0.42119145,-5.281324,-11.996767
34.962822,-57.892525,-18.965227,27.787567,-1.4184976,-12.8932705,-7.7423325,7.3765273,-18.820276,9.31659,-6.5730295,4.9307513,3.686723,-0.15326603,-17.568752,-2.7601316,0.7959686,-22.61651,-1.7485933,2.877696,-1.9478697,-0.5798002,6.299861,-22.633347,-1.3074783,0.52442026,-25.97764,-5.4126678,0.12681219,-7.904814,-4.9557233,11.923619,-23.654879,-4.217114,0.5388484,-29.450323,-1.541489,-3.0325112,-14.535168,-21.746254,16.51015,-5.4994497,8.965317,5.983822,-19.185558,-5.333919,5.024787,-29.669168,-0.44182426,-5.223371,-12.258859
32.066513,-53.836964,-15.763066,25.352737,-4.441832,-13.59208,-7.303194,6.926633,-17.101189,8.619692,-6.1650553,3.3069158,3.3641562,-0.29902792,-12.670357,-2.6368914,0.78110445,-22.198109,-1.6772542,2.748573,-2.5073824,-0.56648296,6.2351236,-17.95041,-1.2782333,0.52624327,-26.11898,-5.234765,0.20736961,-9.129135,-4.6811743,11.45667,-19.626682,-4.023712,0.5807593,-29.931047,-1.6558204,-2.7699597,-16.354351,-20.309523,15.432414,-5.195694,8.525368,6.3548675,-16.066818,-5.080952,4.846932,-30.150177,-0.5547895,-4.875786,-14.3619375
33.97058,-56.765087,-18.148584,26.077183,-6.690815,-15.191718,-7.4613686,7.121746,-19.628077,8.629192,-6.346944,-0.60246456,3.4920864,-0.29138768,-13.6564865,-2.7167354,0.7698592,-30.38013,-1.6290083,2.7887623,-7.5863853,-0.5667936,6.515317,-19.486797,-1.3033483,0.54596007,-35.87999,-5.911786,0.4883406,-15.661912,-4.852585,11.817625,-22.555014,-4.2678123,0.7360618,-39.576023,-2.0595565,-2.6134286,-22.958452,-21.139267,16.058447,-5.392723,8.733935,5.8879204,-20.208757,-5.48124,5.2871904,-39.434597,-0.7858429,-4.9256063,-20.870966
34.90339,-58.37009,-18.276808,27.107975,-5.723846,-15.073935,-7.717975,7.361235,-19.629723,9.0249405,-6.5584793,1.0985193,3.600919,-0.18151362,-14.146933,-2.7841983,0.780335,-28.217962,-1.6890674,2.8679798,-5.6674156,-0.5672662,6.76274,-20.08658,-1.3134255,0.54086214,-33.274586,-5.877669,0.38235724,-13.5386505,-4.9878025,12.260533,-22.770803,-4.3373194,0.690065,-37.17773,-1.9541438,-2.7870643,-21.00604,-21.804722,16.5613,-5.545226,9.022649,6.319295,-19.756487,-5.5594864,5.3214073,-37.146797,-0.7054032,-5.119677,-18.799404
34.396305,-58.18259,-16.777678,26.982887,-6.0015373,-15.200775,-7.726,7.3396783,-19.368305,8.962773,-6.510674,0.43363273,3.6076055,0.092275985,-14.310389,-2.7806482,0.7715323,-31.005928,-1.6453689,2.8359659,-8.142844,-0.54872334,7.028846,-22.011284,-1.3115577,0.5501722,-37.297108,-6.198077,0.6062789,-17.792513,-4.9358835,12.647111,-25.7209,-4.3720503,0.7880579,-42.360046,-2.2514691,-2.557634,-25.905903,-21.763449,16.528275,-5.5380363,8.910958,6.6811504,-22.497606,-5.6635966,5.520137,-42.305195,-0.88632715,-4.9988136,-23.539267
34.3316,-57.47031,-18.118673,26.412193,-6.881943,-15.457676,-7.54381,7.207517,-20.401913,8.726695,-6.411002,-1.0838757,3.5617085,-0.45716822,-14.957679,-2.7471178,0.7660365,-33.363968,-1.6107816,2.7913058,-9.627558,-0.57646054,6.4141016,-20.96877,-1.3103529,0.55050284,-38.667377,-6.1191463,0.6151756,-17.817883,-4.9236946,11.779795,-24.106722,-4.334227,0.78311664,-42.550694,-2.200554,-2.5268517,-25.427038,-21.470606,16.288193,-5.463647,8.830217,5.5701656,-21.448977,-5.6112847,5.469237,-42.466816,-0.87393427,-4.9271946,-23.222595
33.12213,-55.696953,-16.076176,25.838272,-6.67414,-15.062928,-7.510407,7.133548,-18.058224,8.767073,-6.341381,1.6921043,3.4238605,-0.74682075,-12.305802,-2.7072291,0.77715105,-26.101753,-1.6574332,2.7887952,-4.8986597,-0.5847593,6.377246,-16.416037,-1.2916882,0.5308635,-28.497112,-5.4748974,0.25673327,-10.477378,-4.850831,11.79836,-18.395954,-4.1643987,0.6207231,-32.243774,-1.79398,-2.780153,-18.319273,-20.99773,15.9507675,-5.363489,8.865132,6.714687,-14.768826,-5.2809043,5.031086,-32.052246,-0.6239016,-4.9986377,-16.03912
33.56402,-56.79784,-15.987814,26.286118,-6.40602,-15.111778,-7.6074395,7.221954,-18.58279,8.862231,-6.4030113,1.1443279,3.5092187,-0.8549676,-14.080148,-2.7372632,0.7748932,-28.745583,-1.6386657,2.7953782,-6.8598566,-0.5839613,6.409835,-18.432358,-1.2987761,0.5360195,-30.80995,-5.7082906,0.3673842,-12.704382,-4.8948965,12.081841,-20.566671,-4.231159,0.6659014,-35.02673,-1.935757,-2.7172513,-20.70859,-21.324049,16.200918,-5.4380817,8.949151,6.9706,-16.026804,-5.392543,5.1717215,-34.660675,-0.6957725,-5.024743,-18.260017
35.648914,-59.76586,-18.52553,27.444265,-6.8904796,-15.859621,-7.8292947,7.4767065,-20.416325,9.074346,-6.641673,-0.41729593,3.6497116,-0.7491638,-14.916502,-2.8183248,0.7774685,-31.53192,-1.648809,2.8709428,-8.150892,-0.58510464,6.6971865,-19.04661,-1.320624,0.5418131,-33.744972,-5.9857044,0.38572398,-13.726949,-5.080655,12.500824,-21.391455,-4.402453,0.6852486,-37.15383,-1.9792566,-2.8307126,-21.327427,-22.219324,16.889101,-5.6415043,9.2489805,6.7822385,-17.744755,-5.631899,5.353151,-36.698814,-0.70554984,-5.217818,-18.888458
37.393703,-62.827797,-19.566444,29.06224,-5.3838286,-15.694792,-8.206749,7.831681,-20.778076,9.651516,-6.9736247,1.7188997,3.817796,-0.7980508,-16.199217,-2.9195573,0.79259926,-29.16008,-1.7332871,2.9991226,-5.574212,-0.59269416,6.867523,-20.482016,-1.337183,0.536655,-31.571373,-6.069609,0.24720556,-11.830584,-5.291565,13.077431,-22.43911,-4.547029,0.6445174,-35.59401,-1.9100319,-3.0653985,-19.65537,-23.2451,17.682255,-5.879671,9.664141,7.2482743,-18.04802,-5.827901,5.4648705,-35.6289,-0.64491534,-5.4979033,-17.479538
38.816113,-64.96625,-20.976614,30.613806,-2.3811412,-14.674786,-8.446315,8.062576,-21.88676,10.070447,-7.181386,2.934114,4.058361,-0.44912082,-21.019243,-2.990332,0.7965523,-31.548635,-1.7706342,3.072105,-6.488051,-0.58105135,6.766286,-28.888773,-1.3589429,0.5499676,-38.66594,-6.690158,0.5248662,-17.752266,-5.398304,13.278567,-31.606878,-4.737007,0.7707347,-44.262863,-2.2608886,-2.9128556,-25.554033,-24.035326,18.266527,-6.044718,9.711967,6.4183373,-26.327532,-6.200558,5.9265428,-45.25008,-0.8484198,-5.5234466,-23.353256
37.671253,-62.555614,-21.457335,29.379757,-3.1867068,-14.619478,-8.121958,7.7828226,-21.76581,9.668426,-6.961268,2.2151158,3.9031267,-0.9493973,-19.997572,-2.9050105,0.79121804,-31.026146,-1.743397,3.0067778,-5.9922576,-0.60260975,6.0392284,-27.228539,-1.3461211,0.54831195,-39.233414,-6.564387,0.5135987,-17.88738,-5.28033,12.139956,-29.415037,-4.6323204,0.76139957,-44.057674,-2.2479384,-2.8278892,-25.13098,-23.224934,17.632917,-5.8502626,9.463669,5.236195,-24.728292,-6.094075,5.803942,-45.943977,-0.8891882,-5.329239,-23.618605
36.40023,-59.92258,-22.073662,28.147434,-2.7469501,-13.867234,-7.7551546,7.4516115,-21.550568,9.270989,-6.6959214,1.9977038,3.7723176,-1.303609,-20.352797,-2.8063393,0.78612137,-30.316765,-1.7168963,2.9235106,-5.7343526,-0.61448133,5.2923336,-27.15445,-1.3306656,0.54654855,-39.31599,-6.3650928,0.51406324,-17.948185,-5.107228,11.018568,-28.966206,-4.485164,0.7466011,-43.615833,-2.1834857,-2.7280126,-24.455427,-22.254545,16.881477,-5.6195583,9.07006,3.989593,-24.726622,-5.9225163,5.6459556,-46.281498,-0.89153934,-5.109754,-23.538147
34.991238,-57.310192,-21.559895,26.541817,-4.8009768,-14.338696,-7.393257,7.1151686,-21.510548,8.701663,-6.383657,-0.5848185,3.6028664,-1.7837683,-19.714617,-2.7090166,0.77107006,-33.576485,-1.6234947,2.794241,-8.782549,-0.6320545,4.8192844,-24.587852,-1.3138525,0.54832906,-40.368996,-6.19456,0.5795721,-18.582283,-4.940318,10.239729,-26.261995,-4.341417,0.76344424,-43.79117,-2.1835184,-2.5537205,-24.987268,-21.307167,16.159782,-5.398793,8.766282,3.5167074,-22.293106,-5.6960535,5.4729958,-45.556694,-0.895506,-4.881089,-23.629936
34.38658,-55.7961,-21.936932,25.574512,-6.602861,-14.934122,-7.035396,6.8414965,-23.487614,8.000169,-6.0961885,-6.351006,3.5707824,-1.2998993,-20.88698,-2.6372478,0.7509349,-41.586357,-1.4896519,2.6608415,-15.41869,-0.6180138,5.003207,-25.222258,-1.310633,0.5605328,-46.8128,-6.4204206,0.8473966,-23.313911,-4.7939925,10.0119295,-27.062067,-4.294289,0.8575554,-48.958088,-2.3860984,-2.285232,-28.953384,-20.759579,15.720839,-5.2501583,8.531469,2.9729915,-22.620752,-5.616096,5.468517,-48.48509,-0.9821392,-4.666663,-26.193377
34.68809,-56.591465,-22.383081,25.987726,-5.087757,-14.256304,-7.1574173,6.9374247,-22.5776,8.362059,-6.2352953,-2.5531554,3.5727518,-1.6998395,-20.366438,-2.6583982,0.7632253,-36.2362,-1.5588524,2.7158666,-11.385579,-0.6368842,4.60723,-24.239063,-1.3074325,0.54947305,-40.97982,-6.1211762,0.6305553,-18.9745,-4.8598,9.785451,-25.574764,-4.265087,0.75479925,-43.517223,-2.137507,-2.4921184,-24.713833,-20.865656,15.820442,-5.293228,8.565249,2.9405007,-22.370327,-5.5903754,5.3809004,-44.931545,-0.88481617,-4.7759304,-23.348263
36.004322,-59.42564,-21.332483,27.860786,-3.0407202,-13.856569,-7.586795,7.3358274,-22.740187,8.969057,-6.557876,-0.62127894,3.782053,-0.9062394,-21.239685,-2.7737312,0.7779394,-33.752895,-1.6495271,2.8418815,-8.867884,-0.61886704,5.4381123,-25.899986,-1.3247662,0.5445998,-38.17674,-6.142746,0.5195327,-16.490349,-5.0597587,10.923987,-26.904495,-4.3963265,0.72335047,-41.20462,-2.0376525,-2.7197173,-22.764423,-21.994886,16.689526,-5.5544767,9.044879,3.991705,-22.014347,-5.7048116,5.4668045,-41.45135,-0.7614193,-5.090048,-20.398573
36.353706,-59.58732,-21.917326,28.551947,-1.2090455,-13.067891,-7.714986,7.4374046,-21.497158,9.204153,-6.6406555,1.6940408,3.8364878,-0.7218672,-22.131586,-2.780017,0.7942426,-27.821175,-1.7079344,2.88742,-5.247195,-0.6132165,5.7573643,-25.940525,-1.3221778,0.52863777,-30.51663,-5.7985764,0.22675726,-11.080971,-5.063374,11.497022,-25.69957,-4.3350654,0.57332456,-33.279488,-1.7107291,-3.0183458,-16.738762,-22.247932,16.84265,-5.5800257,9.213843,5.0864716,-18.861221,-5.54686,5.1625977,-32.970203,-0.5242715,-5.278785,-13.977756
38.6982,-64.32029,-20.8334,30.170519,-4.960353,-15.923041,-8.395883,8.036565,-21.188494,9.994775,-7.193457,2.7985783,3.8665948,-1.1750035,-15.798136,-2.9716585,0.8029504,-24.985605,-1.7666566,3.0566566,-3.354377,-0.594748,7.1151266,-17.26938,-1.3416843,0.5213956,-21.97079,-5.613496,-0.09895232,-4.3999486,-5.444148,13.524619,-17.842644,-4.508262,0.4333595,-24.718842,-1.3941997,-3.5059228,-11.372555,-23.848768,18.147877,-6.017521,9.976949,8.199975,-14.555189,-5.7224803,5.204352,-25.725359,-0.37440106,-5.800596,-10.430631
37.061085,-61.837482,-21.051739,27.514944,-10.602124,-18.028702,-8.007771,7.631198,-20.214455,9.104366,-6.8011236,-1.7366729,3.5463758,-1.7596841,-11.150801,-2.8617768,0.78385204,-28.802664,-1.6548225,2.920596,-6.8244724,-0.59501845,7.154806,-10.768433,-1.3231928,0.5286459,-25.797398,-5.567175,-0.009294687,-6.56862,-5.2280865,13.114696,-12.092673,-4.405011,0.516695,-27.879385,-1.5735084,-3.248718,-13.808123,-22.638247,17.242958,-5.76213,9.647579,8.134095,-10.810867,-5.539058,5.039559,-27.473356,-0.46615452,-5.5159507,-12.559473
38.934944,-64.6251,-23.212702,28.29652,-13.155437,-19.799665,-8.263845,7.9013996,-21.906584,9.252481,-7.0322995,-4.278173,3.6757624,-0.9333266,-10.153787,-2.955388,0.77775264,-34.018524,-1.6446556,2.9878225,-10.064798,-0.5676414,8.225939,-10.879274,-1.3486745,0.54562235,-32.640766,-6.0629573,0.15256317,-10.23844,-5.390025,14.2075,-13.808057,-4.6297927,0.62900174,-34.003315,-1.835105,-3.211537,-17.836882,-23.594858,17.980034,-5.9854746,9.911967,8.544609,-14.246046,-5.8390307,5.3534174,-32.491276,-0.5697013,-5.657892,-15.978828
39.691948,-65.710434,-23.70122,28.802162,-14.04312,-20.51827,-8.455116,8.080843,-22.344372,9.445146,-7.185988,-4.6858997,3.74703,-0.18948384,-8.953037,-3.016457,0.7784687,-34.96886,-1.6793392,3.053829,-10.218388,-0.54672015,8.953422,-11.106083,-1.3619831,0.5528663,-35.546192,-6.277517,0.21173868,-11.687507,-5.4863863,14.882851,-15.183149,-4.7493205,0.6877853,-36.921463,-1.9486381,-3.2135103,-19.637432,-24.165907,18.392176,-6.1174574,10.08004,8.836435,-16.280798,-5.9849567,5.523228,-34.804256,-0.59537077,-5.7549186,-17.20526
38.733173,-63.99491,-23.502373,27.906668,-14.129299,-20.1876,-8.15036,7.8247223,-23.086569,9.028248,-6.9596024,-6.788538,3.6952672,0.15930782,-9.609187,-2.9498038,0.76466155,-38.850998,-1.6050339,2.962761,-13.408676,-0.5337143,8.837396,-12.461318,-1.3559396,0.5620553,-40.240444,-6.4172482,0.41732413,-15.45296,-5.3346357,14.441152,-17.112425,-4.6871767,0.7587816,-41.239094,-2.1121542,-2.9730415,-22.987745,-23.523516,17.883503,-5.9608727,9.709366,7.9906607,-18.89955,-5.943007,5.5683928,-38.854446,-0.7182378,-5.5194683,-20.487362
37.83732,-62.14641,-24.150053,26.826197,-14.642272,-19.989809,-7.716221,7.47104,-24.875896,8.385802,-6.643954,-11.043112,3.6347387,0.19258453,-11.479032,-2.856425,0.74401474,-46.32116,-1.4744344,2.8220322,-19.46777,-0.5309707,8.428046,-14.080278,-1.3496687,0.57468444,-47.436176,-6.645467,0.6977056,-20.954367,-5.1511526,13.678364,-19.210802,-4.6144853,0.8515298,-47.433174,-2.3313203,-2.6563375,-27.550587,-22.71815,17.254707,-5.7572994,9.257147,6.678128,-21.636667,-5.9033937,5.6195426,-44.500065,-0.8837639,-5.214388,-24.95059
37.46807,-61.567986,-24.342447,26.467476,-14.480109,-19.742216,-7.501296,7.301649,-26.183107,8.049854,-6.482567,-13.724739,3.6496258,0.33071733,-13.604059,-2.8158565,0.7317992,-51.82516,-1.3919257,2.742183,-23.771399,-0.5227968,8.251911,-16.696096,-1.3494874,0.5851152,-53.240643,-6.9289236,0.95216334,-25.785034,-5.057281,13.358509,-22.154408,-4.60514,0.9374584,-52.997692,-2.5431488,-2.4225135,-31.79218,-22.36578,16.988314,-5.6715994,9.0023985,5.905834,-24.651432,-5.943228,5.744718,-49.80511,-1.0293659,-5.0353765,-28.94012
38.879402,-64.063194,-25.322733,27.596169,-14.165431,-20.054272,-7.5670915,7.4297323,-29.97754,7.9268837,-6.534796,-19.04672,3.9203546,1.6000022,-18.352999,-2.874034,0.7102424,-65.60863,-1.2665406,2.6988676,-33.86505,-0.48182273,8.959916,-25.138935,-1.3760026,0.61724985,-69.54155,-8.033167,1.6343874,-38.737476,-5.117485,14.0245905,-32.484543,-4.8474917,1.2060115,-69.54666,-3.2297795,-1.9528961,-44.316463,-23.092573,17.545305,-5.830374,8.928861,4.9554057,-35.622395,-6.398055,6.422507,-65.37563,-1.4193206,-4.907165,-40.351574
40.14612,-66.61264,-25.510973,28.716497,-14.038362,-20.478489,-7.8788843,7.721341,-30.37153,8.2996855,-6.7757583,-18.45743,4.038991,1.3404199,-18.981976,-2.956617,0.71902287,-65.52121,-1.2978503,2.7785575,-33.487167,-0.49516538,9.056666,-25.237402,-1.3890651,0.6132235,-68.228065,-8.157493,1.5648793,-37.70341,-5.3018117,14.518435,-31.990068,-4.971412,1.1805203,-68.499084,-3.22534,-2.1042926,-43.68432,-23.957159,18.212202,-6.0299845,9.340194,5.564503,-34.263977,-6.563872,6.518622,-64.38443,-1.3985338,-5.1236334,-39.75545
37.327015,-61.946552,-24.026098,26.900057,-11.355398,-18.200598,-7.4339476,7.2477703,-26.65393,8.058198,-6.4367127,-12.715375,3.737998,0.49732685,-17.0248,-2.7945604,0.7299044,-53.25433,-1.3617554,2.707351,-25.055824,-0.52511066,7.7089634,-22.850262,-1.3444588,0.589784,-56.655613,-7.28958,1.2001313,-30.510077,-4.9981656,13.002581,-28.08282,-4.617758,1.0030239,-57.689465,-2.788803,-2.2168674,-36.199196,-22.217451,16.904598,-5.639673,8.756453,5.170989,-30.408033,-6.0868716,5.9686007,-56.268166,-1.2320381,-4.886635,-34.034016
37.73891,-62.4382,-24.724659,27.371824,-9.955938,-17.598318,-7.4094744,7.2545986,-28.077465,8.028852,-6.429051,-14.054822,3.8857722,1.2375665,-20.5882,-2.8014061,0.7225732,-59.164936,-1.3139524,2.6777997,-29.461536,-0.50265366,7.7875996,-29.591658,-1.3556181,0.60681164,-65.766815,-7.8981624,1.60196,-38.232246,-4.9615183,13.100203,-35.962536,-4.7188916,1.1552725,-67.42893,-3.1948538,-1.9043148,-43.60372,-22.346413,16.998526,-5.662488,8.540851,4.386912,-38.38558,-6.3268466,6.3482237,-66.17589,-1.4783245,-4.7349596,-40.94419
36.23358,-59.81794,-23.732279,26.54222,-8.111502,-16.205278,-7.28212,7.07922,-24.760532,8.151674,-6.331363,-8.288952,3.6763916,-0.3206194,-19.170576,-2.71783,0.7446951,-47.094048,-1.4012896,2.678351,-21.063702,-0.56855696,6.335369,-24.879387,-1.3256115,0.573252,-50.687485,-6.968097,1.0494936,-27.601788,-4.880078,11.847983,-28.538967,-4.45799,0.896512,-52.73658,-2.6138463,-2.2608528,-32.97461,-21.522993,16.367136,-5.466222,8.51553,4.6565127,-29.323418,-5.91369,5.750316,-53.234474,-1.1782768,-4.769958,-31.775183
36.49539,-58.981678,-25.984488,26.719124,-5.1851983,-14.633098,-7.100387,6.94912,-25.516356,8.106267,-6.2627215,-7.384943,3.7259982,-0.61378276,-22.976404,-2.670576,0.7504929,-45.534294,-1.4288232,2.6711912,-19.271544,-0.5926374,5.4122076,-28.589043,-1.3229486,0.5680715,-50.40589,-6.8605013,0.98891115,-27.001524,-4.8254113,10.850054,-31.402222,-4.410459,0.87491184,-52.390327,-2.5310898,-2.2788754,-31.594404,-21.272718,16.146507,-5.368905,8.348023,3.1736026,-30.739769,-5.8611274,5.6668987,-53.142056,-1.1185745,-4.7151885,-30.412449
39.67441,-64.32592,-26.700901,30.18374,-2.1053724,-14.361218,-7.7559953,7.6088014,-28.471617,8.8196945,-6.756457,-9.49387,4.288639,1.3024493,-30.540632,-2.8858938,0.7538324,-53.44756,-1.4921734,2.8486567,-23.223919,-0.53360134,6.9866505,-41.37076,-1.3798721,0.5954312,-63.626698,-7.9930944,1.4547964,-36.692078,-5.1511374,12.686753,-45.777275,-4.8653026,1.132678,-67.54715,-3.1518517,-2.1184447,-41.654884,-23.471918,17.78299,-5.854045,8.967567,3.2699647,-40.73418,-6.5178924,6.469884,-65.159195,-1.3331561,-5.012234,-37.35416
38.47696,-62.1239,-25.771217,29.615816,-0.21668017,-13.02153,-7.5903807,7.4273176,-26.791883,8.6960335,-6.574413,-7.505389,4.206401,1.4622052,-30.59209,-2.8123612,0.76199317,-47.421337,-1.5248048,2.8095183,-19.647139,-0.52465415,6.9230413,-40.402176,-1.3611101,0.5815457,-56.135075,-7.4181986,1.1994262,-31.077251,-4.9887624,12.532934,-43.604294,-4.665536,1.0036967,-59.58177,-2.7708788,-2.2828596,-35.43174,-22.799425,17.270609,-5.681141,8.791926,3.6694345,-37.11205,-6.1403065,6.0295296,-56.320744,-1.0739686,-5.0009494,-30.618599
37.918858,-61.034863,-25.866018,29.114805,0.25993055,-12.543344,-7.484761,7.324256,-25.953304,8.6377945,-6.4983764,-6.1527796,4.1298866,1.0437433,-30.147259,-2.7733197,0.7679918,-43.642075,-1.5482152,2.7944758,-17.095158,-0.5411847,6.555025,-38.163345,-1.3506815,0.57009876,-50.847904,-7.007402,0.99654746,-26.838509,-4.9434924,12.020245,-40.357677,-4.547494,0.8969113,-53.512997,-2.4933295,-2.4261873,-30.656384,-22.372578,16.952627,-5.5881624,8.736471,3.48347,-33.808876,-5.9365687,5.7606416,-50.586468,-0.92422736,-5.007757,-26.221643
38.52977,-61.724136,-26.958912,29.47497,0.9618491,-12.323585,-7.5318775,7.377243,-26.263527,8.682408,-6.5431056,-6.3303123,4.1940994,1.5752321,-30.817696,-2.7883859,0.7692557,-44.266376,-1.5596281,2.8227797,-17.146778,-0.52100813,6.859812,-40.60051,-1.3591003,0.5761475,-54.204647,-7.2459817,1.0791304,-29.206903,-4.9377813,12.331221,-43.562244,-4.622947,0.95164263,-57.027702,-2.620161,-2.3846514,-32.622143,-22.554502,17.106987,-5.625247,8.675258,3.2769012,-37.56193,-6.063006,5.8900957,-54.104023,-0.986549,-5.010491,-28.201168
36.813557,-58.906494,-25.646734,28.316668,1.2653615,-11.631963,-7.122757,7.016776,-26.6571,7.966959,-6.1395936,-10.55547,4.152626,2.5470514,-32.70511,-2.6790428,0.75789875,-47.85071,-1.4557549,2.6744277,-21.38338,-0.47963157,7.4574823,-41.362152,-1.3442043,0.57723254,-54.852585,-7.090621,1.165517,-30.173359,-4.6604614,12.563411,-43.79675,-4.440052,0.95823807,-56.47677,-2.5770764,-2.2397945,-32.4414,-21.577185,16.364988,-5.3812275,8.362053,3.8272576,-35.162735,-5.6892605,5.55063,-49.80229,-0.8715956,-4.826981,-25.78035
40.606068,-64.5961,-29.177896,30.814049,1.4673046,-12.568983,-7.9912324,7.759031,-24.583658,9.432549,-6.919973,-1.6408076,4.2509713,0.7233331,-29.34224,-2.8733394,0.79552263,-35.201,-1.6738584,2.9574172,-10.922352,-0.5495932,6.971073,-35.58663,-1.364382,0.54959697,-40.218647,-6.571181,0.46830523,-17.520054,-5.155731,13.063692,-36.87663,-4.6187887,0.67682314,-42.043255,-1.9693375,-3.0199,-20.933836,-23.541796,17.839622,-5.8344536,9.15688,4.7389755,-31.564247,-5.9419527,5.5088406,-40.16488,-0.58232474,-5.476791,-17.570225
39.858673,-63.626938,-28.41554,30.350197,1.4707494,-12.36351,-7.925599,7.6722326,-23.505638,9.381745,-6.8431683,-0.60221684,4.173259,0.8722286,-27.55053,-2.841431,0.7958914,-32.59631,-1.6760234,2.9330657,-9.672128,-0.53806895,7.0478716,-33.976364,-1.3544118,0.54634523,-37.401897,-6.3617253,0.38874286,-15.839835,-5.071171,13.143581,-35.48991,-4.535806,0.6376035,-39.24371,-1.853839,-3.049819,-19.254263,-23.180902,17.58293,-5.756975,9.004023,5.184323,-31.007849,-5.8094363,5.3653355,-37.78948,-0.52650553,-5.435743,-16.307728
41.018337,-65.84141,-28.320644,31.488768,1.4031476,-12.865813,-8.256308,7.97763,-23.798517,9.783225,-7.0851884,0.09333518,4.2911263,0.84683627,-27.640667,-2.9279685,0.8032222,-32.250828,-1.7163575,3.0114598,-9.172753,-0.54180324,7.3928385,-33.46966,-1.3678263,0.5434849,-35.61966,-6.3980665,0.3107694,-13.977671,-5.2650027,13.708392,-34.52109,-4.6399703,0.59848005,-37.22744,-1.7818115,-3.216224,-17.739885,-24.078575,18.261927,-5.960189,9.43071,5.674087,-29.528095,-5.9297323,5.445327,-35.64728,-0.4598679,-5.6622396,-14.571172
41.019962,-65.82493,-28.832636,31.515259,2.3653634,-12.293996,-8.23893,7.9537153,-23.372812,9.8811245,-7.0967674,1.83072,4.27626,0.8821987,-27.423021,-2.9187634,0.8076719,-29.979944,-1.7470949,3.0192165,-7.431409,-0.53718317,7.299758,-33.777985,-1.3654721,0.54113245,-34.303856,-6.2535243,0.25306788,-12.745119,-5.2305937,13.607853,-34.940903,-4.6035056,0.5706737,-35.856186,-1.6663234,-3.266406,-16.24646,-23.932938,18.153952,-5.931654,9.271666,5.41132,-31.265474,-5.8866463,5.408929,-35.10874,-0.41862652,-5.6551824,-13.55881
39.620335,-63.413025,-27.975069,30.52479,2.5917878,-11.735022,-7.8995447,7.6613603,-23.70351,9.383421,-6.8356543,0.015065238,4.1917276,1.3550905,-27.864664,-2.8421102,0.7976409,-32.272217,-1.7007209,2.9378648,-9.026748,-0.5256208,7.1596146,-35.87622,-1.3570915,0.55027694,-39.470097,-6.4450006,0.5088955,-17.29037,-5.062119,12.940561,-37.30694,-4.5305924,0.66396964,-41.011837,-1.8974009,-2.9749548,-20.204727,-23.099295,17.517618,-5.7452,8.9273615,4.389734,-33.46229,-5.8479433,5.485222,-40.070587,-0.5872561,-5.37018,-17.238039
40.185375,-63.997986,-29.476824,30.594028,1.7788612,-12.256976,-7.9001665,7.702927,-25.137363,9.277934,-6.866739,-2.323594,4.256366,0.97551906,-30.276466,-2.8561516,0.7904746,-37.464947,-1.664315,2.9360557,-11.958517,-0.54701436,6.7961216,-37.0792,-1.3694061,0.55837476,-44.912586,-6.7510495,0.6382997,-20.569448,-5.1591945,12.282962,-38.346962,-4.632917,0.7346789,-46.274166,-2.1020148,-2.8755057,-23.239254,-23.257668,17.649668,-5.790494,9.056135,3.0887814,-34.204823,-6.0337687,5.6823654,-45.023933,-0.70898485,-5.3469443,-20.043802
42.437603,-67.40292,-31.106878,32.29806,2.2477808,-12.691033,-8.3163595,8.096117,-25.867554,9.8114,-7.2131624,-1.5434859,4.451582,1.0258894,-31.739866,-2.9662826,0.8004806,-37.34083,-1.7084868,3.0450792,-11.643105,-0.545339,7.294525,-38.282806,-1.3896478,0.55621266,-43.486965,-6.8817644,0.532493,-18.861292,-5.381161,13.258065,-39.242256,-4.7991195,0.70075154,-44.99562,-2.0487418,-3.1003575,-21.76078,-24.492094,18.57916,-6.058757,9.499129,3.8873377,-34.55589,-6.226862,5.7933946,-43.259365,-0.62873983,-5.6563287,-18.254728
42.490868,-67.673836,-29.90422,32.614502,2.326815,-12.732956,-8.323512,8.118799,-26.32584,9.645819,-7.1635456,-4.0907836,4.5164413,1.7332964,-32.735207,-2.9711812,0.7974043,-39.124947,-1.660234,3.019182,-13.890535,-0.5135713,8.217634,-38.484413,-1.3916008,0.55668336,-42.163082,-6.8880982,0.5296967,-18.340412,-5.351791,14.256531,-38.85982,-4.7852793,0.6799706,-43.079906,-2.0238144,-3.1384995,-21.103542,-24.659334,18.713545,-6.083153,9.670904,5.154464,-31.648844,-6.1182246,5.6484785,-38.67787,-0.5336617,-5.734877,-15.8917885
41.17642,-65.73131,-28.949318,31.654613,2.6234615,-12.162935,-8.100225,7.883122,-25.37629,9.442588,-6.9639454,-3.1817365,4.402584,1.5329703,-32.41617,-2.9006608,0.7930073,-37.98115,-1.6472697,2.9489682,-13.336479,-0.515646,7.8166933,-38.108658,-1.374817,0.55479556,-41.11505,-6.6594133,0.53748775,-17.950691,-5.1968365,13.7103615,-38.776863,-4.651574,0.68100727,-42.361694,-1.9669126,-3.0372124,-20.809694,-23.88267,18.139214,-5.9092045,9.334488,4.83641,-31.84532,-5.9363923,5.529317,-38.37161,-0.52085614,-5.5635314,-15.759577
39.28716,-62.92505,-28.111599,30.317612,3.5828238,-11.052395,-7.7779818,7.545218,-23.650232,9.213649,-6.710425,-0.7339772,4.216564,1.1287894,-31.11151,-2.796298,0.79522216,-33.77982,-1.6567937,2.8744302,-10.621437,-0.5302481,7.025756,-36.76463,-1.3488281,0.54465675,-37.335438,-6.2114525,0.42810532,-15.65549,-4.975374,12.810333,-37.372406,-4.4416037,0.6285217,-38.974133,-1.7715888,-2.9983926,-18.40095,-22.724354,17.243456,-5.651984,8.830064,4.4504504,-31.493279,-5.653191,5.2725616,-36.15957,-0.4605672,-5.354481,-14.134601
37.799706,-60.271038,-28.10129,28.72179,2.1568098,-11.251707,-7.3460064,7.174545,-24.592884,8.602455,-6.404294,-3.7471447,4.078002,1.0912018,-30.708178,-2.7118933,0.77721715,-39.133793,-1.5803517,2.7721026,-14.223301,-0.53044134,6.441102,-38.607124,-1.3401543,0.56113344,-47.02819,-6.6216693,0.8323659,-23.741514,-4.7945366,11.731099,-40.71267,-4.4107475,0.80001676,-48.864857,-2.1803813,-2.5561275,-25.946646,-21.68952,16.480295,-5.4440546,8.323529,2.8962412,-36.386456,-5.734554,5.516608,-47.216183,-0.77100194,-4.960129,-22.42885
37.550846,-59.71994,-28.916662,28.239435,2.1875231,-11.0894575,-7.2809215,7.0989685,-23.768023,8.682981,-6.422283,-1.3125272,3.9692109,0.5317697,-28.651436,-2.6917257,0.7786183,-36.262325,-1.6122874,2.794007,-11.51804,-0.55473125,5.6986265,-37.783676,-1.3352431,0.560527,-47.318497,-6.613485,0.7877368,-24.125282,-4.7738385,11.023148,-40.66808,-4.41007,0.8061363,-50.048195,-2.2304237,-2.5255475,-26.813871,-21.391012,16.253948,-5.387973,8.087159,2.1294107,-38.995422,-5.8430333,5.614054,-51.06195,-0.9005196,-4.8571963,-25.285065
39.313854,-62.420536,-30.02554,29.513422,1.4901689,-11.967067,-7.70843,7.4713993,-23.163773,9.287121,-6.760583,1.1621048,4.036063,-0.21129872,-27.171932,-2.7879987,0.79700994,-30.922773,-1.702853,2.9194496,-7.4135523,-0.5763457,5.803626,-33.45873,-1.3445325,0.5437758,-38.450783,-6.2239504,0.3531824,-16.044048,-5.0131745,11.666569,-35.004227,-4.4799337,0.6466079,-40.71336,-1.8131187,-3.005036,-19.152206,-22.478643,17.044052,-5.618615,8.6651535,3.4337754,-32.824863,-5.821265,5.3925977,-41.892105,-0.6017299,-5.2756033,-17.67711
38.829975,-61.847,-29.198381,29.220652,1.0362715,-12.099734,-7.6492524,7.419838,-23.229015,9.191653,-6.7175293,0.7316904,3.9939444,-0.22704266,-26.45873,-2.7794383,0.7949326,-31.441597,-1.7005963,2.9118156,-7.5029593,-0.5790365,5.745123,-32.69248,-1.3419695,0.5440301,-39.167664,-6.235637,0.38253054,-16.69013,-5.0057874,11.439986,-34.23594,-4.472418,0.66998386,-41.69244,-1.8827738,-2.9426754,-20.170223,-22.323187,16.92883,-5.590068,8.677894,3.2173438,-31.828629,-5.827345,5.422627,-42.762573,-0.6503053,-5.2217536,-18.587048
40.215073,-64.21227,-29.640623,30.490734,1.1785007,-12.566314,-7.94461,7.710189,-24.37369,9.554155,-6.9633875,0.65235835,4.1529202,-0.16476779,-27.865646,-2.8740406,0.79954904,-32.79229,-1.7427858,3.0006852,-7.5289345,-0.58356816,5.9772024,-34.44575,-1.3612152,0.5479725,-41.023518,-6.490432,0.42311078,-17.486914,-5.203678,11.908562,-35.87649,-4.6308312,0.70418096,-43.80597,-1.9693934,-3.013692,-21.390005,-23.310026,17.650188,-5.808856,9.090097,3.4554825,-32.197987,-6.0385184,5.6334343,-44.35544,-0.6633657,-5.4170804,-19.295292
40.68387,-64.85887,-30.48785,30.51707,0.420894,-13.039836,-7.9237075,7.7165966,-25.444315,9.439506,-6.9745293,-1.2000403,4.1684437,-0.112565234,-28.204287,-2.888339,0.7935907,-36.623425,-1.7130833,2.9975903,-9.92142,-0.5832051,5.9887857,-35.53029,-1.3704203,0.5582029,-46.18838,-6.807091,0.6061436,-21.283474,-5.237298,11.79346,-37.615864,-4.7098513,0.784443,-48.961864,-2.1827865,-2.8750207,-25.1229,-23.393307,17.740881,-5.8429375,9.057446,2.8239884,-35.266006,-6.2049117,5.853223,-49.65209,-0.81107926,-5.3570843,-23.305471
39.34134,-62.85306,-29.536245,29.645058,1.1602336,-12.275649,-7.6339564,7.452874,-25.396727,9.085758,-6.737781,-2.006529,4.1136026,0.37923938,-28.884268,-2.815653,0.78500503,-38.192936,-1.669569,2.916005,-11.344574,-0.56472355,5.9261456,-37.91454,-1.3605686,0.5654284,-49.909683,-6.9220624,0.80780494,-24.861238,-5.047034,11.507498,-40.6447,-4.6267757,0.85858077,-52.83351,-2.3494654,-2.6267295,-28.420448,-22.624922,17.163486,-5.67054,8.653351,2.3996398,-38.213047,-6.1278877,5.8808556,-53.353962,-0.92670023,-5.1119823,-26.423288
41.218246,-65.80526,-30.275019,31.018208,0.15602636,-13.420296,-7.994788,7.803834,-26.634636,9.472722,-7.0479875,-2.5295217,4.2484503,0.57748777,-28.407188,-2.9276314,0.78536284,-40.74555,-1.6922263,3.0130756,-12.322565,-0.56180716,6.380583,-38.802544,-1.3833255,0.5751897,-54.005733,-7.3661647,0.9248334,-27.356462,-5.2819953,12.189529,-42.332375,-4.8510456,0.9321631,-57.372673,-2.569282,-2.6389945,-31.659893,-23.79007,18.044046,-5.936161,9.046709,2.5325394,-40.75293,-6.4817724,6.2484174,-58.25413,-1.053296,-5.287563,-29.781713
40.843647,-64.99299,-30.411308,30.6033,0.06194353,-13.288724,-7.8917155,7.705822,-26.379883,9.348444,-6.9669585,-2.610647,4.19846,0.42236984,-28.202858,-2.8957462,0.78441304,-40.213573,-1.6798105,2.9844701,-12.213616,-0.5657337,6.2183924,-37.825405,-1.3770499,0.57178515,-52.622776,-7.2127404,0.86359215,-26.24245,-5.2267604,11.939244,-41.099575,-4.7906284,0.9032658,-55.740715,-2.48932,-2.6540542,-30.375883,-23.489346,17.811922,-5.8627033,8.946803,2.3977427,-39.61715,-6.384036,6.1301403,-56.547405,-1.0089308,-5.246958,-28.557997
40.167877,-64.28932,-29.494715,30.38136,0.8419421,-12.750516,-7.8471274,7.6502566,-25.57334,9.35307,-6.9137735,-1.3557031,4.163393,0.5386423,-27.618237,-2.872422,0.7885993,-37.33257,-1.7026486,2.9788744,-10.276439,-0.56445414,6.2042217,-37.109512,-1.3687453,0.56535083,-49.460365,-6.99678,0.75869703,-24.052576,-5.169968,11.921921,-40.014305,-4.717255,0.8568255,-52.56157,-2.3586588,-2.7175558,-28.154379,-23.243134,17.62046,-5.804639,8.902711,2.7061973,-37.8753,-6.255846,5.9792633,-53.355213,-0.92877316,-5.243381,-26.323637
41.274628,-66.22114,-29.805382,31.118277,-0.45478278,-13.806336,-8.065474,7.8756166,-26.720837,9.55155,-7.1081243,-2.5049627,4.24852,0.20958686,-27.837614,-2.9495142,0.7871975,-40.29015,-1.7095191,3.043282,-11.538415,-0.57807356,6.210801,-37.305573,-1.3849677,0.5716446,-52.827087,-7.3262014,0.84013295,-26.163685,-5.3578234,12.047593,-40.336903,-4.8840055,0.9180088,-56.401432,-2.5496862,-2.711129,-30.904085,-23.990826,18.191065,-5.9844437,9.266992,2.5785131,-37.812088,-6.5204334,6.240939,-57.247696,-1.0356128,-5.3586683,-28.99275
42.15764,-67.49723,-30.034624,31.385416,-3.396261,-15.547687,-8.313212,8.09733,-26.341105,9.822888,-7.311224,-1.7531145,4.1605644,-1.544621,-24.84926,-3.0036895,0.7986479,-36.526016,-1.7481794,3.1125147,-8.807627,-0.6439108,5.5807285,-29.496412,-1.3839971,0.55308044,-43.414276,-6.901545,0.43688956,-18.214422,-5.5947995,11.849081,-30.464848,-4.891267,0.74161357,-46.213818,-2.1799502,-3.1052725,-23.636353,-24.620607,18.669588,-6.126935,9.930007,3.6054306,-26.943619,-6.4500017,5.965666,-47.571674,-0.81327784,-5.657294,-22.358479
37.433514,-59.915184,-26.334555,27.336788,-6.323882,-15.492023,-7.532848,7.2846723,-22.508703,8.743443,-6.576668,-2.2280977,3.607885,-1.6378913,-17.381569,-2.7583866,0.7843282,-31.38032,-1.6546655,2.8745637,-7.342237,-0.6272638,5.424799,-20.232645,-1.3278804,0.540724,-35.85997,-5.9657917,0.26992476,-13.433621,-5.065873,10.934204,-21.580925,-4.3970847,0.63078266,-37.422894,-1.8110836,-2.9587996,-18.415771,-21.92957,16.642973,-5.5320015,9.013984,4.110401,-20.614182,-5.6762233,5.2391467,-38.66382,-0.6504791,-5.178731,-17.84389
32.653515,-52.976402,-20.671507,23.708046,-10.505677,-16.296396,-6.9621863,6.6652675,-18.463581,7.866597,-5.996646,-2.7230203,3.0984733,-1.5926539,-8.384254,-2.5660932,0.7709438,-25.838522,-1.5779917,2.6856563,-5.63562,-0.61030155,5.8457384,-8.060277,-1.2738724,0.52235126,-25.652954,-4.9886084,-0.024126338,-6.6099653,-4.6618543,10.71524,-9.512595,-3.9669766,0.48919687,-26.162563,-1.4426997,-2.9267893,-12.289288,-19.786386,15.017822,-5.0649633,8.516809,5.882508,-9.310189,-4.9486513,4.492372,-26.087408,-0.4524729,-4.859796,-11.390634
34.894054,-57.85825,-18.510391,26.144972,-11.667131,-17.971617,-7.8250766,7.409857,-17.699274,8.818863,-6.5592804,-0.6928234,3.36008,-0.63219184,-6.7596326,-2.7820475,0.7826477,-24.365889,-1.6609893,2.8563783,-4.9524775,-0.5639378,7.906358,-7.6394253,-1.3044372,0.5252735,-22.1855,-5.1844573,-0.06799006,-3.9853656,-5.0162573,13.437592,-9.67321,-4.2125163,0.4672769,-23.41795,-1.4257098,-3.1937103,-11.226463,-21.82886,16.583324,-5.552202,9.369977,8.984268,-8.628549,-5.189159,4.7405143,-21.625721,-0.3494053,-5.355093,-9.071947
34.89949,-57.787983,-18.808918,25.976572,-11.919782,-18.04399,-7.778256,7.372906,-17.900389,8.730702,-6.52162,-1.3902838,3.3595376,-0.5085961,-6.918947,-2.7723238,0.7793465,-25.475769,-1.6391832,2.8358774,-6.0330434,-0.5559141,8.006809,-7.692012,-1.3044776,0.52761114,-23.07311,-5.2023673,-0.03922321,-4.5612855,-4.98866,13.467084,-9.871031,-4.2083592,0.48191726,-24.100851,-1.4485904,-3.1604922,-11.643321,-21.728064,16.521278,-5.531019,9.299583,8.907996,-9.222287,-5.178261,4.734977,-21.993134,-0.35772443,-5.327717,-9.406771
35.56074,-59.07401,-18.90152,26.589731,-11.737266,-18.194584,-7.949763,7.5299854,-18.171062,8.976052,-6.6581206,-0.7443399,3.4362612,-0.6738601,-7.6793227,-2.8219166,0.78301615,-26.09802,-1.6644598,2.882956,-5.892784,-0.56679004,7.931753,-8.604531,-1.3130661,0.52883226,-23.809748,-5.331321,-0.021657575,-5.0466485,-5.0943913,13.578336,-10.7311,-4.2900505,0.5012009,-25.253546,-1.4996964,-3.1894255,-12.5296755,-22.179451,16.873243,-5.6433353,9.489185,8.94646,-9.656592,-5.300121,4.8634615,-23.425722,-0.37726784,-5.4198666,-10.148035
35.356243,-58.876606,-18.888763,26.357838,-11.354469,-17.896542,-7.818625,7.422406,-18.715843,8.846298,-6.577521,-1.2736392,3.4418383,-0.5612097,-8.790636,-2.7973397,0.77665806,-28.169891,-1.6308384,2.8453302,-7.243501,-0.5626843,7.8001556,-10.0445795,-1.3110819,0.5334252,-26.324278,-5.434857,0.075911,-7.0169787,-5.0288787,13.395653,-12.42844,-4.281901,0.5545532,-28.138697,-1.6170456,-3.0694375,-14.714463,-21.9318,16.693863,-5.588149,9.301605,8.602023,-11.58328,-5.3134394,4.9229803,-26.100649,-0.4551096,-5.3226986,-12.278383
35.30288,-58.589767,-20.211178,26.007372,-11.020494,-17.580713,-7.619538,7.273982,-19.747591,8.628424,-6.4847746,-2.3837795,3.4110868,-0.9746388,-9.941902,-2.7567575,0.77073205,-30.337572,-1.593001,2.805693,-8.432548,-0.57947993,7.124282,-10.840613,-1.3080728,0.5366311,-29.006092,-5.5287485,0.14559793,-9.007992,-4.9878454,12.576484,-13.079213,-4.2690797,0.58213186,-30.50736,-1.6901764,-2.9788437,-16.149517,-21.581358,16.442057,-5.5077095,9.111943,7.3758774,-13.060315,-5.361831,4.972166,-29.580006,-0.5478811,-5.2021704,-14.532863
33.1897,-55.80568,-16.248684,25.501808,-8.901255,-16.16092,-7.549272,7.1438603,-16.936056,8.702062,-6.3383555,1.7348139,3.298791,-0.9053296,-8.644795,-2.70009,0.78303677,-21.584963,-1.6640054,2.7876763,-2.673188,-0.58106375,6.96115,-9.74307,-1.2818912,0.5172515,-19.438803,-4.9490952,-0.077392094,-3.252369,-4.853857,12.43269,-10.782283,-4.05334,0.45825377,-22.045494,-1.3783001,-3.0931406,-10.902784,-20.9437,15.948195,-5.3575754,9.065217,8.342244,-7.914772,-5.0030622,4.614295,-21.13786,-0.35473886,-5.1691275,-8.90218
32.970165,-55.61737,-15.98378,25.462555,-8.155314,-15.737903,-7.4958086,7.1018467,-17.055475,8.68242,-6.310384,1.9899421,3.3071764,-0.80411506,-9.219371,-2.688614,0.78224385,-21.594694,-1.6626598,2.7796264,-2.4884222,-0.5787412,6.858224,-10.623458,-1.2796063,0.51692736,-19.822872,-4.961666,-0.057660554,-3.6710796,-4.8259726,12.294572,-11.615964,-4.0427284,0.46931383,-22.681581,-1.402995,-3.0616474,-11.350258,-20.819197,15.853454,-5.3309317,8.986033,8.137471,-8.623372,-5.0032144,4.627381,-21.922981,-0.3805549,-5.1313887,-9.442148
32.563164,-55.095474,-15.328945,25.417263,-7.339153,-15.225134,-7.431207,7.0541077,-17.217031,8.635183,-6.264497,2.0526302,3.307551,-0.70174444,-9.668803,-2.673241,0.7829344,-21.224035,-1.6633935,2.7658892,-2.2614048,-0.58497417,6.7491074,-10.916401,-1.2754004,0.5137098,-19.036911,-4.892613,-0.060503576,-3.2169023,-4.805057,12.100377,-11.452751,-4.001571,0.4512711,-21.706625,-1.3581501,-3.0581307,-10.67486,-20.692532,15.737493,-5.2956886,8.980404,7.9060717,-7.606917,-4.9424405,4.5783844,-20.760576,-0.35636947,-5.106265,-8.616595
32.316917,-54.970688,-13.627195,25.853477,-6.6452847,-14.980254,-7.5832415,7.1645107,-16.133533,8.843957,-6.3332276,3.7335663,3.3303254,-0.19120888,-8.620349,-2.6959143,0.7895056,-17.9091,-1.7067537,2.7994802,-0.040956795,-0.5703751,7.2233696,-10.790946,-1.2740306,0.50899684,-15.846531,-4.778818,-0.12657699,-1.1887385,-4.8261557,12.656463,-11.318335,-3.9858737,0.41096708,-18.911783,-1.2656369,-3.1423078,-8.941557,-20.925404,15.897688,-5.3417397,9.122194,8.780766,-6.371193,-4.881578,4.522719,-17.553902,-0.27857646,-5.1872897,-6.3705974
32.785946,-55.18643,-15.793064,25.406265,-7.6089797,-15.373408,-7.398097,7.0524306,-17.846773,8.548905,-6.2738743,0.84104115,3.333026,-0.34917504,-9.614229,-2.6784265,0.78032833,-22.975498,-1.6575798,2.7793326,-2.9498181,-0.57970876,6.8371325,-11.552227,-1.2810789,0.5189127,-22.223524,-5.068767,-0.0041633667,-5.1621966,-4.8144736,12.066433,-12.573558,-4.0662637,0.51191497,-25.065859,-1.496858,-2.9998,-12.742222,-20.741207,15.77062,-5.306547,8.98769,7.599485,-8.495449,-5.0317597,4.664258,-23.479103,-0.41637066,-5.088811,-10.136885
32.45946,-54.939632,-14.5740385,25.679253,-6.723867,-14.960323,-7.455046,7.093264,-17.200659,8.620339,-6.2851753,1.6313035,3.3517306,-0.03473161,-9.531996,-2.679952,0.7858196,-20.545727,-1.6779277,2.7900436,-1.5345498,-0.56961215,7.137286,-11.457889,-1.2777358,0.5127256,-19.166838,-4.9425197,-0.07968479,-3.2593892,-4.8053894,12.438546,-12.049685,-4.0297303,0.46116322,-22.061386,-1.3915672,-3.08265,-10.752918,-20.812742,15.814976,-5.3134117,9.086392,8.306858,-6.6112194,-4.938121,4.5473237,-19.81256,-0.3319499,-5.1461544,-7.681754
31.420694,-53.304653,-13.967751,25.164253,-5.4831333,-14.039195,-7.2149525,6.888207,-17.294935,8.35788,-6.1105514,1.2665167,3.3123596,0.22426705,-10.417908,-2.6165037,0.7837013,-20.163725,-1.6585767,2.7348592,-1.4711028,-0.56821424,6.895258,-12.360021,-1.2673005,0.5107723,-18.933542,-4.8324194,-0.07078157,-3.389035,-4.679915,11.989436,-12.580205,-3.933226,0.45859265,-21.748692,-1.3715277,-3.013354,-10.590622,-20.242624,15.375034,-5.1704016,8.882185,7.8978314,-6.0493407,-4.8012404,4.423389,-19.011818,-0.32120454,-5.019065,-7.128734
32.44416,-55.23396,-14.226754,26.261276,-3.8969848,-13.632351,-7.3930683,7.0801497,-18.276163,8.688669,-6.3019714,2.1477094,3.4663982,0.37910146,-12.690111,-2.6775765,0.7885483,-20.762503,-1.6913035,2.796528,-1.1322491,-0.5734981,6.915262,-14.954375,-1.2790653,0.51123863,-19.647776,-4.987677,-0.058067556,-3.7427125,-4.8041797,12.227346,-15.104609,-4.03707,0.47765246,-23.116926,-1.425494,-3.066502,-11.384085,-20.864202,15.856665,-5.315504,9.081591,7.9351516,-7.611281,-4.954181,4.5799637,-20.146301,-0.33989418,-5.1466856,-7.693978
32.610138,-55.626846,-13.839529,26.47386,-3.9172301,-13.754232,-7.504591,7.1619353,-17.912174,8.864526,-6.369292,3.152116,3.4853177,0.22358854,-12.665703,-2.702307,0.79019463,-20.278751,-1.7073226,2.8154068,-0.7976835,-0.57676494,6.9274797,-15.056343,-1.2806109,0.51027095,-18.911104,-4.982828,-0.06408201,-3.3405945,-4.846692,12.379803,-15.321764,-4.0548997,0.4715058,-22.763361,-1.4188325,-3.0849943,-11.400851,-21.0669,16.00679,-5.3664722,9.146172,8.198665,-7.884572,-4.9857783,4.6293244,-20.106615,-0.3388394,-5.1883717,-7.861371
32.96712,-56.391624,-13.966302,26.765175,-3.7052512,-13.765495,-7.5952806,7.235491,-17.854881,9.011434,-6.437022,3.795997,3.5164387,0.21932742,-12.732857,-2.724788,0.7911873,-20.258707,-1.7189467,2.8359654,-0.6305909,-0.5731875,7.0094376,-15.487105,-1.2844146,0.5115026,-19.211485,-5.04338,-0.05172605,-3.6779902,-4.8795085,12.551924,-16.07914,-4.0878158,0.47841114,-23.339315,-1.4376878,-3.097646,-11.763239,-21.257841,16.158302,-5.4163446,9.160126,8.269408,-9.234405,-5.048095,4.7003684,-21.187563,-0.35860732,-5.223091,-8.627687
34.079784,-59.038048,-12.942251,28.527864,-1.6406118,-13.319848,-8.0432625,7.607602,-17.521019,9.616265,-6.729655,5.8693275,3.7382593,0.88755906,-14.824079,-2.8300908,0.7980586,-20.184603,-1.7686356,2.927777,-0.5739448,-0.5471164,7.7553854,-19.577572,-1.2999618,0.515525,-19.723423,-5.3188224,0.009496544,-4.9320726,-5.027913,13.768634,-20.874283,-4.2379136,0.5144969,-25.593718,-1.566219,-3.1389282,-13.780566,-22.304283,16.951563,-5.654805,9.44173,9.328265,-12.766527,-5.2675815,4.9599032,-23.231781,-0.39441288,-5.417843,-10.180001
33.107327,-57.33572,-13.365233,27.736135,-0.73966634,-12.499735,-7.7651563,7.364273,-17.499046,9.331689,-6.5453153,5.7932267,3.6656914,1.0649676,-15.016772,-2.7612047,0.79426646,-19.594372,-1.7555772,2.8791037,-0.20545194,-0.53391856,7.4264774,-21.091991,-1.2908549,0.518383,-21.844095,-5.3417573,0.089813806,-6.980396,-4.8767486,13.140781,-22.611341,-4.1639357,0.5464288,-27.654829,-1.6446303,-2.9971316,-15.274819,-21.593683,16.41096,-5.490217,9.066018,8.369137,-15.332925,-5.2275934,4.9489617,-26.319952,-0.48700422,-5.214445,-12.282077
33.187546,-57.45339,-13.368818,27.876846,-0.3770085,-12.339877,-7.7264357,7.3513284,-18.117113,9.259921,-6.526995,4.863778,3.7032263,1.1753052,-16.207798,-2.7562149,0.79363847,-20.845999,-1.7323776,2.8623285,-1.3483651,-0.5375164,7.4272223,-21.650785,-1.2911398,0.517478,-21.69659,-5.3486123,0.0998493,-6.906877,-4.876632,13.153702,-22.705835,-4.1575756,0.5400801,-27.27467,-1.6318111,-3.002793,-14.971414,-21.612637,16.427332,-5.4886637,9.115896,8.437279,-14.360185,-5.197191,4.908033,-25.129583,-0.46062213,-5.2275214,-11.455428
34.375843,-58.865734,-16.11064,28.151777,-1.2588456,-12.986244,-7.6932673,7.3761845,-20.355064,9.129252,-6.580774,1.9265337,3.7834616,1.1524968,-17.868505,-2.7817688,0.7831407,-27.381832,-1.6887854,2.8747613,-5.265406,-0.53179055,7.2438135,-25.459589,-1.3084936,0.5366893,-32.245895,-6.0334125,0.42036033,-14.522754,-4.9280076,12.928399,-27.675863,-4.3451095,0.7092421,-38.165783,-2.0868683,-2.7537315,-22.428568,-21.922976,16.64992,-5.556966,9.03764,7.139665,-20.798307,-5.582441,5.3407354,-36.835526,-0.7580651,-5.1266346,-19.313623
36.331448,-61.10188,-19.585302,28.386,-4.6642036,-15.0397835,-7.746562,7.4922805,-23.291128,8.976544,-6.701606,-2.8593519,3.836833,0.52996594,-18.55242,-2.8394587,0.77035105,-36.29732,-1.631985,2.9004025,-10.372223,-0.559068,6.9547167,-25.63245,-1.3323064,0.5558327,-42.5491,-6.62872,0.6574868,-20.521149,-5.1037416,12.588708,-28.735464,-4.576629,0.8621395,-47.90905,-2.44634,-2.6090932,-28.462305,-22.552282,17.119993,-5.7040815,9.240969,5.9150696,-23.484837,-5.953633,5.7254467,-46.19034,-0.9631188,-5.1484203,-25.296389
37.86509,-63.830456,-20.244026,29.291204,-6.3395214,-16.357832,-8.041969,7.776519,-24.433823,9.193948,-6.9091763,-4.682575,3.9534802,0.49609423,-18.641428,-2.928671,0.7696594,-40.363068,-1.6124206,2.9424727,-13.428705,-0.56359184,7.490485,-24.53134,-1.3502257,0.5599282,-43.83905,-6.8117456,0.6907896,-20.834578,-5.29393,13.350731,-27.66713,-4.7089906,0.86669654,-48.35215,-2.4575875,-2.7002525,-28.86768,-23.466822,17.816027,-5.920101,9.629438,6.539866,-22.805252,-6.1007633,5.857405,-45.77,-0.9332372,-5.355377,-25.22504
37.06102,-62.45873,-19.60751,28.935015,-5.1174197,-15.512602,-7.9374437,7.6566663,-23.512068,9.163342,-6.8101754,-3.0990987,3.9078107,0.6083578,-18.665462,-2.8888648,0.77230203,-37.680183,-1.6362063,2.9239779,-11.503842,-0.558592,7.2974386,-25.233738,-1.3414011,0.55631626,-42.388294,-6.647629,0.6593529,-19.965149,-5.1959815,13.071677,-28.345898,-4.6246996,0.85155094,-47.18825,-2.3932002,-2.6727543,-27.951859,-23.057938,17.495996,-5.8176575,9.427918,6.326621,-23.307724,-5.9794135,5.7649283,-44.86685,-0.9006115,-5.270495,-24.398535
36.512646,-61.801758,-18.276815,29.195395,-2.7986376,-14.304759,-7.985739,7.6829705,-21.816956,9.458056,-6.869876,1.2725103,3.8793669,0.25990748,-18.37908,-2.8798685,0.7892454,-29.234262,-1.7302606,2.9752994,-5.042503,-0.5769087,6.911312,-23.964016,-1.3305849,0.53724176,-33.161884,-6.145107,0.31786236,-13.313943,-5.2002215,12.83608,-25.68549,-4.5264883,0.7102374,-38.69725,-2.0651848,-2.9360924,-21.717587,-22.93938,17.421772,-5.7907457,9.54741,6.851897,-18.797718,-5.80247,5.4839654,-36.95324,-0.71369326,-5.384184,-18.489658
36.84123,-61.834923,-19.481909,29.283718,-2.6178412,-14.223622,-7.955663,7.678607,-22.221432,9.455324,-6.8835645,1.3948476,3.8801684,0.09076108,-18.579569,-2.8730054,0.7915108,-28.578293,-1.7317612,2.975486,-4.636203,-0.5863045,6.705551,-23.478207,-1.3317575,0.53442514,-31.953705,-6.0628133,0.2549795,-12.01275,-5.2189755,12.569732,-24.656404,-4.5079203,0.6588289,-36.60105,-1.950534,-3.017434,-19.814293,-22.956537,17.433195,-5.7856083,9.554844,6.4507313,-18.48456,-5.784005,5.420215,-35.445766,-0.6690626,-5.409521,-17.087341
37.42293,-62.237686,-21.47731,29.549047,-1.693088,-13.831873,-7.9546103,7.6891117,-22.673685,9.522307,-6.928341,1.6842241,3.9232864,-0.38477635,-20.727816,-2.8724792,0.79189056,-29.41201,-1.733845,2.9946663,-4.9934855,-0.59506905,6.166686,-26.705767,-1.3377774,0.5397805,-35.596718,-6.3593326,0.35102123,-15.137359,-5.2342987,12.164542,-28.011934,-4.577076,0.70067906,-40.650345,-2.1237137,-2.9413638,-22.411837,-23.05799,17.503693,-5.7956743,9.462921,5.549439,-22.268253,-5.979978,5.600295,-41.248127,-0.81475675,-5.353079,-20.703327
37.49236,-61.80149,-22.542246,29.217447,-2.5708706,-14.17774,-7.842503,7.618388,-23.271963,9.352872,-6.8872147,0.48671216,3.8765554,-0.83986187,-20.49871,-2.8526742,0.79229033,-29.17004,-1.72194,2.9785788,-4.9582314,-0.619661,5.8531914,-24.123802,-1.3342365,0.5331903,-32.80493,-6.119725,0.2090791,-12.415673,-5.247856,11.729009,-24.466127,-4.5236144,0.62815654,-36.75537,-1.9295545,-3.0704436,-19.146593,-22.910961,17.384197,-5.75819,9.548869,5.377118,-18.24843,-5.8600693,5.4006143,-36.89241,-0.6935819,-5.3994327,-17.372648
39.288754,-63.994812,-24.80215,30.173674,-3.2310581,-14.936253,-8.084263,7.8647428,-24.21071,9.597379,-7.098531,-0.2890215,3.9826195,-1.0397041,-21.01314,-2.9264636,0.7986674,-30.364767,-1.7436346,3.048428,-5.580513,-0.62951475,6.029805,-23.97163,-1.3530395,0.53420097,-33.335697,-6.245213,0.16530795,-11.925171,-5.4201374,12.086116,-24.130043,-4.644802,0.59929585,-36.269226,-1.8642973,-3.2312932,-18.028017,-23.720407,17.987799,-5.937232,9.865506,5.3846016,-18.329525,-6.0129576,5.481047,-36.480694,-0.6328003,-5.6043615,-16.311844
37.298748,-60.97518,-23.268105,28.693256,-3.1393626,-14.28076,-7.75283,7.535652,-22.847082,9.2548895,-6.8263597,0.57615614,3.7938771,-1.0257154,-18.73086,-2.8262522,0.7945611,-27.406435,-1.7213292,2.961982,-4.188944,-0.6224853,5.755328,-21.559553,-1.3291359,0.52791303,-30.139526,-5.8972855,0.10205667,-10.308295,-5.2038403,11.5433035,-21.80466,-4.4474053,0.5502473,-32.90743,-1.7297649,-3.1713407,-16.151756,-22.622896,17.161573,-5.6957455,9.453024,5.331869,-16.82317,-5.742622,5.224554,-34.025837,-0.60013664,-5.3959546,-15.211193
35.941315,-59.23166,-21.769625,27.699066,-4.066425,-14.373202,-7.538525,7.3378096,-22.367489,8.981253,-6.6501384,0.32925013,3.6370828,-1.1321709,-16.186161,-2.765616,0.79284537,-25.770308,-1.7010939,2.8958948,-3.4380598,-0.63519365,5.659128,-16.755913,-1.3121183,0.51678663,-25.00504,-5.413948,-0.051248964,-6.1718106,-5.1175156,11.092104,-16.330006,-4.2751284,0.45727974,-26.706856,-1.4439418,-3.2459939,-11.966942,-21.9339,16.656153,-5.554698,9.342393,5.4233203,-12.333022,-5.439211,4.916013,-27.40038,-0.44714856,-5.339861,-11.0527935
36.747807,-60.675983,-22.616926,27.922108,-5.5044785,-15.281547,-7.696291,7.4800777,-22.481277,9.126064,-6.777655,0.10723147,3.636361,-1.3187658,-14.661939,-2.8146896,0.79573363,-26.092329,-1.7300036,2.950192,-2.9661465,-0.643571,5.831064,-14.741457,-1.3200904,0.5172002,-25.416155,-5.429806,-0.11113696,-5.6021905,-5.2337356,11.244441,-14.694455,-4.3564005,0.46309006,-26.92246,-1.4153984,-3.3350446,-11.692967,-22.26862,16.937115,-5.6621294,9.522051,5.3851886,-12.162891,-5.535773,4.9861975,-27.84048,-0.4217317,-5.457301,-10.873056
36.058903,-60.228504,-20.022028,27.789402,-5.745192,-15.36879,-7.793246,7.5216208,-21.115442,9.188276,-6.7556553,0.92535806,3.6135798,-0.9469062,-13.193086,-2.8226268,0.7956873,-24.506453,-1.7375233,2.9411542,-2.4160104,-0.623617,6.397217,-13.800136,-1.315053,0.51611847,-23.009037,-5.318013,-0.11501863,-4.4381332,-5.204646,11.898265,-13.985562,-4.3154545,0.45421115,-24.92618,-1.3836095,-3.3291714,-11.080586,-22.252365,16.940437,-5.6679106,9.59329,6.5130568,-10.281062,-5.4342575,4.9264235,-24.986126,-0.3708745,-5.476201,-9.558755
36.240818,-61.014156,-18.938194,28.253836,-5.8441296,-15.611262,-7.9511,7.653761,-21.008526,9.328734,-6.8317604,0.90791374,3.6526716,-0.79751986,-12.780692,-2.8586507,0.7969695,-24.049488,-1.7458196,2.9636915,-2.3813639,-0.61172336,6.8263235,-13.127041,-1.3183014,0.5154788,-21.479252,-5.3005166,-0.13607693,-3.3512783,-5.2719193,12.437092,-13.057762,-4.338881,0.43413645,-23.21724,-1.3352809,-3.3931513,-10.085477,-22.623512,17.22977,-5.752887,9.808791,7.16332,-8.6798,-5.432343,4.923777,-22.748213,-0.32123467,-5.5768414,-8.285077
36.69203,-61.131046,-20.797886,27.54823,-8.968327,-17.094097,-7.8780727,7.579096,-21.144053,9.084401,-6.7829304,-1.2088716,3.5396824,-1.412238,-10.678117,-2.8445258,0.7897554,-25.802513,-1.7034795,2.9429495,-3.8150554,-0.6127119,6.852664,-10.028064,-1.3193369,0.5202078,-23.295885,-5.3526073,-0.12706332,-4.1389656,-5.2540627,12.417001,-10.518829,-4.3530173,0.451881,-24.309174,-1.3725208,-3.3718421,-10.445913,-22.468084,17.123919,-5.724066,9.728308,7.140206,-8.438993,-5.4565544,4.913972,-24.24357,-0.3628487,-5.5396333,-9.401006
35.698765,-59.60197,-19.354374,27.555199,-5.994359,-15.404959,-7.7226477,7.4330034,-20.572323,9.054841,-6.6661134,0.39931592,3.5654674,-0.7306409,-12.48355,-2.7949827,0.79163265,-23.698263,-1.6991267,2.8929935,-2.9484112,-0.5917633,6.9351892,-12.495228,-1.3097243,0.51420563,-20.394907,-5.122025,-0.14799382,-2.7566288,-5.112314,12.411429,-12.771488,-4.2163587,0.3974616,-21.640736,-1.2263808,-3.3682823,-8.729602,-22.007418,16.758862,-5.6070585,9.430425,7.3437405,-9.881074,-5.2545514,4.75997,-21.122053,-0.29017168,-5.458381,-7.4501305
31.587187,-51.495525,-18.547638,23.5416,-8.964085,-15.2984495,-6.9290113,6.5591936,-16.273634,7.884676,-5.8864164,-0.66108507,3.035863,-1.5880418,-8.483304,-2.5260623,0.7740812,-21.850416,-1.5894593,2.655806,-3.6278515,-0.5856811,5.99992,-8.607227,-1.2605855,0.51576215,-21.029621,-4.7009664,-0.12101852,-4.322088,-4.5162196,11.12963,-10.06658,-3.8437204,0.4419166,-23.053358,-1.3400668,-2.9279299,-10.690694,-19.39942,14.684733,-4.957159,8.3208885,6.9317427,-8.497265,-4.7508774,4.3103147,-22.529516,-0.3799452,-4.802905,-9.467189
32.670803,-52.752586,-19.80269,24.485106,-7.391105,-14.810086,-7.1379786,6.7404857,-16.39556,8.141278,-6.012737,-0.31188524,3.1814306,-1.0357896,-10.497825,-2.5748477,0.7803052,-22.799553,-1.6071379,2.7074714,-4.586223,-0.5611938,6.4184103,-12.959164,-1.2769446,0.5216751,-24.579933,-5.0669227,0.020236406,-7.401102,-4.5624123,11.81634,-15.0299835,-3.9558434,0.48613942,-26.563705,-1.4956261,-2.8846085,-13.167898,-19.9795,15.097683,-5.068653,8.367659,6.9442806,-13.313657,-4.9402976,4.508058,-26.490835,-0.44454,-4.8586054,-11.8944
29.976465,-47.546005,-20.664066,21.902107,-5.6896977,-12.77467,-6.3464613,6.0047817,-15.293591,7.157778,-5.38289,-1.8784399,2.969618,-0.9782089,-12.866269,-2.3360853,0.7632434,-25.1271,-1.4648051,2.4665701,-8.241427,-0.5528527,5.515644,-16.09277,-1.2429575,0.5255439,-28.50021,-4.9977455,0.23419732,-11.991075,-4.047958,10.446762,-18.669834,-3.6588883,0.52482563,-29.838179,-1.6179308,-2.47619,-15.879333,-17.765478,13.427729,-4.537468,7.2213163,5.4111567,-18.156462,-4.6053867,4.242769,-30.520092,-0.57070655,-4.280528,-14.99909
33.122707,-51.32958,-23.928751,23.658388,-6.1748776,-13.843841,-6.7151423,6.406368,-17.908045,7.4191957,-5.695769,-5.2500386,3.2718575,-0.8874439,-17.895401,-2.454713,0.75861424,-34.70644,-1.4138558,2.5301094,-14.7052965,-0.56106734,5.828127,-22.3893,-1.280788,0.543887,-39.15062,-5.9202833,0.60417664,-19.677092,-4.313471,11.000437,-25.433273,-3.9814816,0.66720563,-40.435036,-2.0770738,-2.3395092,-23.075588,-19.165981,14.49605,-4.846843,7.5941844,4.7328734,-24.656485,-5.1172156,4.7913637,-40.285717,-0.79092956,-4.429562,-21.162054
35.030186,-54.32539,-26.953997,25.220768,-4.4648323,-13.510233,-6.855724,6.6293516,-20.866064,7.8706427,-5.9805264,-3.5342603,3.4593492,-1.1343014,-20.850431,-2.5384028,0.76914424,-33.33503,-1.5165739,2.6370418,-11.430061,-0.5955668,5.074457,-24.866459,-1.2967697,0.54329026,-38.37591,-5.868712,0.48819712,-17.378487,-4.556554,10.215257,-26.37354,-4.100065,0.65659356,-39.767723,-1.922137,-2.5593019,-20.799425,-20.023375,15.137502,-5.040083,7.9569917,3.304336,-25.420584,-5.2957745,4.94717,-40.23335,-0.7132637,-4.657579,-19.336786
40.061954,-63.48457,-29.738388,29.768793,-2.1575944,-14.153127,-7.8404174,7.6354437,-25.038706,9.232309,-6.886072,-2.1193273,4.0206943,-1.0137908,-25.655413,-2.8489666,0.78967625,-36.08889,-1.6647997,2.9465714,-10.508891,-0.6228371,5.4542847,-30.598263,-1.3575814,0.5510944,-42.241936,-6.6265016,0.49735895,-18.646093,-5.2443337,11.374028,-31.53505,-4.631442,0.7099663,-44.40697,-2.10284,-2.911495,-22.894579,-23.212795,17.57751,-5.776971,9.231095,3.2877655,-28.517132,-6.0814376,5.6505876,-45.34837,-0.77538395,-5.3283596,-21.46739
40.045654,-63.970585,-28.884743,30.072536,-1.6635482,-14.001721,-7.934487,7.722662,-24.874386,9.427783,-6.98157,-0.9104634,4.0471315,-1.1150266,-25.525799,-2.8792577,0.7951563,-34.052326,-1.7109904,2.993478,-8.384827,-0.62603414,5.5094805,-29.497707,-1.3590243,0.5446428,-39.339214,-6.4335384,0.34743294,-15.899306,-5.30733,11.4615135,-30.061886,-4.640736,0.67138535,-41.821377,-1.9675635,-3.0538309,-20.681675,-23.397812,17.70957,-5.8339987,9.39119,3.6211534,-26.204916,-6.050631,5.5879736,-42.36975,-0.6856891,-5.4460106,-18.899443
39.993183,-64.144356,-28.228605,30.063568,-2.2345505,-14.3317795,-7.98141,7.7567787,-24.626312,9.48346,-7.0190015,-0.7837191,4.0234294,-1.0567361,-24.17988,-2.9011033,0.79645336,-32.99965,-1.7406845,3.0280612,-7.056989,-0.6192538,5.7454405,-28.413841,-1.3600056,0.54378694,-39.059498,-6.398643,0.30199805,-15.397911,-5.332974,11.657939,-29.421581,-4.6683183,0.6872355,-42.053272,-1.9708669,-3.0876594,-20.703224,-23.47814,17.774523,-5.8668547,9.472323,3.894218,-25.30522,-6.0734863,5.6085296,-42.358498,-0.6768775,-5.490264,-18.82745
40.462173,-64.82952,-28.586761,30.346596,-2.8453608,-14.774511,-8.09202,7.864789,-24.546032,9.580371,-7.11466,-0.8858281,4.033898,-0.9074596,-22.802902,-2.9278731,0.8011083,-31.570414,-1.7609924,3.0643854,-5.9649796,-0.6219474,6.072012,-25.457317,-1.3620393,0.53527653,-35.556152,-6.1804876,0.096349254,-11.789485,-5.4135594,11.939995,-26.090633,-4.6876483,0.6210523,-38.200264,-1.7933223,-3.281194,-17.360859,-23.774925,17.987537,-5.9330263,9.695718,4.2844534,-21.982315,-6.031251,5.4707146,-37.615192,-0.5379127,-5.6452045,-15.112216
38.880577,-62.753532,-26.17887,29.428326,-3.2426012,-14.600217,-7.8923125,7.6621647,-23.668335,9.321659,-6.924055,-0.9196493,3.907332,-0.9923223,-21.462053,-2.8689663,0.79729414,-30.357786,-1.7384088,3.0026038,-5.4903145,-0.62673694,5.9143887,-23.480253,-1.344758,0.53028065,-33.078182,-5.95431,0.06744147,-10.62943,-5.2953825,11.642348,-23.757998,-4.559705,0.6027621,-36.079983,-1.750513,-3.215449,-16.72067,-23.121191,17.497429,-5.789279,9.579341,4.625956,-18.517708,-5.835023,5.304496,-34.950573,-0.5195527,-5.5203457,-14.159299
41.173378,-66.380714,-27.956049,31.04662,-3.790789,-15.595658,-8.316999,8.084553,-24.89474,9.760328,-7.2697144,-1.556761,4.0984745,-1.0490822,-22.342749,-2.988952,0.80563676,-32.066624,-1.7688664,3.1063159,-6.4266257,-0.6394523,6.3267307,-23.192722,-1.3690435,0.5292298,-32.65343,-6.1304026,-0.007224044,-9.268388,-5.5816255,12.351504,-22.821608,-4.7437773,0.5577878,-34.805176,-1.6818818,-3.4486783,-15.298017,-24.440765,18.488773,-6.0867214,10.146844,5.0236745,-17.771448,-6.0597506,5.4402437,-33.286076,-0.44172487,-5.8459954,-12.466413
40.445744,-65.77376,-26.479658,30.79545,-3.733851,-15.4530525,-8.294983,8.058461,-24.488363,9.751876,-7.2303615,-0.845241,4.0588284,-1.1943703,-21.660547,-2.9772954,0.8057498,-30.887236,-1.77208,3.0881598,-5.869889,-0.6516354,6.144537,-22.014334,-1.3613422,0.5257923,-30.29346,-5.9832044,-0.033190858,-7.854639,-5.581984,12.111752,-20.994839,-4.6816897,0.51649565,-32.127422,-1.587859,-3.4664555,-13.989651,-24.250078,18.37108,-6.0601683,10.187074,5.084936,-15.763058,-5.968281,5.3670616,-31.038492,-0.40569293,-5.831135,-11.222462
38.838562,-63.36213,-24.779892,29.826141,-3.0591033,-14.651111,-8.043284,7.803062,-23.362514,9.458058,-6.990702,-0.46820027,3.9545546,-0.9178152,-21.29369,-2.895315,0.8014311,-29.474092,-1.7427205,3.0050948,-5.5992594,-0.63987714,6.080491,-21.949856,-1.343596,0.52316475,-28.707338,-5.7714624,-0.019430785,-7.4651804,-5.388716,11.851386,-20.842712,-4.527431,0.505007,-30.640322,-1.5445155,-3.3586802,-13.493654,-23.411716,17.739735,-5.8645124,9.855017,5.1552744,-15.156498,-5.74225,5.189483,-29.156113,-0.38772154,-5.648618,-10.455514
42.61711,-68.64645,-29.399054,32.417603,-2.1885836,-15.228051,-8.507892,8.294906,-26.082043,9.964703,-7.4369063,-2.2037768,4.2942295,-0.10812615,-24.82403,-3.0390759,0.80947703,-33.593037,-1.7574403,3.1297152,-8.406959,-0.6065059,7.2168684,-25.580782,-1.3847566,0.53236735,-32.24628,-6.2362037,0.010223117,-8.773934,-5.658047,13.391205,-24.88543,-4.8029613,0.5150761,-33.330776,-1.5997689,-3.5631468,-13.848903,-25.13794,19.028275,-6.22826,10.28316,5.6443105,-20.398481,-6.099813,5.460181,-30.575016,-0.36379722,-6.0089097,-10.549462
42.64467,-68.1069,-30.330776,32.13204,-2.0756948,-15.040716,-8.363185,8.167056,-26.488567,9.840745,-7.3631215,-2.4887638,4.2638903,-0.3289501,-25.5395,-3.0098739,0.8065352,-34.40456,-1.7463046,3.114645,-8.480882,-0.6102009,6.8254824,-26.938726,-1.383481,0.53663075,-35.039307,-6.356154,0.07660804,-10.859909,-5.58497,13.049911,-26.826424,-4.806448,0.57534546,-36.716267,-1.7323369,-3.45532,-15.9690695,-24.898413,18.834154,-6.1583424,10.095273,5.1982317,-22.104506,-6.137179,5.5123467,-34.19256,-0.44696128,-5.906348,-12.937121
31.662224,-51.489296,-20.993015,24.56793,1.2594076,-10.007338,-6.3613076,6.2299232,-20.597286,7.577419,-5.6363177,-1.1767609,3.4559872,0.9571566,-21.870302,-2.4083662,0.7710659,-25.422396,-1.4990712,2.4975047,-7.7146835,-0.5399296,5.9846697,-22.893116,-1.2548543,0.51567686,-23.009779,-4.7461915,0.12881719,-7.144559,-4.23847,10.562421,-22.093021,-3.6616297,0.4195575,-23.34978,-1.227091,-2.7959592,-10.069213,-18.657318,14.212701,-4.743965,7.619886,4.891982,-18.217417,-4.4902396,4.1510134,-20.51478,-0.28952697,-4.6068664,-7.576288
32.382633,-52.107983,-22.416039,24.784254,0.73036087,-10.357034,-6.3821983,6.2622643,-21.260185,7.578327,-5.676891,-1.7497511,3.483561,0.708483,-22.881603,-2.4176602,0.768302,-27.51827,-1.4804921,2.4952252,-8.997658,-0.55324805,5.7151623,-23.807228,-1.25964,0.52001905,-25.446526,-4.9019213,0.20214307,-8.664552,-4.2850914,10.320305,-22.906855,-3.7151322,0.45165244,-25.822392,-1.3270311,-2.7436194,-11.647994,-18.841108,14.349578,-4.775834,7.645507,4.3136063,-19.615479,-4.5954223,4.266368,-23.174437,-0.3558818,-4.595885,-9.18653
34.3752,-55.48333,-24.411148,25.576233,-2.4383845,-12.504633,-6.7300386,6.5750904,-22.28424,7.857664,-5.9555674,-3.0928752,3.5426881,-0.094235316,-21.681213,-2.520904,0.7650045,-32.32319,-1.4582558,2.5571268,-12.090781,-0.5763611,5.7499657,-22.034851,-1.2803634,0.52922463,-29.782852,-5.3141584,0.32061228,-11.316545,-4.534424,10.667716,-21.698599,-3.9202223,0.5048941,-29.943848,-1.5212973,-2.7426105,-14.737938,-19.86807,15.12362,-5.0248184,7.995347,4.301893,-21.215496,-4.9415116,4.6159916,-28.589985,-0.5057728,-4.7419624,-13.452123
32.732826,-52.236237,-23.496,23.827902,-4.6653104,-13.064218,-6.3782835,6.216239,-21.518225,7.2730794,-5.624543,-5.311779,3.340869,0.010953635,-19.378002,-2.4194238,0.7479241,-35.252403,-1.3555081,2.4283307,-15.438566,-0.5592802,5.784773,-21.13332,-1.2628584,0.53704226,-33.94407,-5.4422636,0.55766463,-15.620925,-4.286513,10.486733,-22.386911,-3.8070765,0.58942103,-34.222298,-1.7488258,-2.4193642,-18.917603,-18.856623,14.335203,-4.78866,7.475465,4.3386426,-23.198683,-4.832364,4.604654,-32.928528,-0.6753402,-4.4113617,-17.75396
33.57718,-51.669914,-25.703466,23.76058,-6.698702,-14.177896,-6.4309278,6.2476945,-22.005413,7.0367327,-5.5906267,-9.547361,3.3370595,0.06680855,-19.565954,-2.4392965,0.7427887,-42.316177,-1.3468243,2.4688184,-19.242214,-0.54633087,5.8394747,-25.204615,-1.2863127,0.5607717,-47.6486,-6.242389,0.901981,-25.252144,-4.2863693,10.549609,-28.952898,-4.027524,0.820221,-48.509552,-2.2898526,-2.1218486,-28.278412,-19.110802,14.476107,-4.825366,7.421123,3.447607,-29.366762,-5.195237,5.0120654,-46.61435,-0.91121125,-4.3089204,-25.618587
36.43797,-59.944466,-22.468689,27.430738,-5.9316096,-15.406456,-7.385583,7.161515,-26.716383,8.113849,-6.2928896,-11.939666,3.9705257,1.6607505,-25.269976,-2.7823708,0.72553915,-58.363388,-1.4024236,2.705451,-27.172016,-0.48189104,7.2424784,-40.339794,-1.3604014,0.6203517,-75.54557,-8.389744,1.9941002,-46.217464,-4.8414836,12.379457,-47.770782,-4.7764473,1.3885627,-80.42148,-3.6812387,-1.4664879,-52.16528,-22.060995,16.692211,-5.5668983,8.259723,2.6661904,-45.85129,-6.4698944,6.750254,-78.55247,-1.696869,-4.4709635,-47.66448
35.897404,-58.94484,-22.286703,27.092321,-5.4025245,-14.966993,-7.2622476,7.0485907,-26.432842,7.9523344,-6.1924405,-12.072543,3.9312918,2.2633548,-24.516413,-2.7493763,0.7251623,-57.469315,-1.4004904,2.6832564,-26.781004,-0.46003532,7.480812,-41.051437,-1.3558673,0.62219405,-76.474815,-8.418531,2.0593,-47.37579,-4.744185,12.417764,-48.872387,-4.7321124,1.4037976,-81.18678,-3.7156014,-1.3941212,-52.861485,-21.702398,16.42974,-5.486779,8.064251,2.5081396,-47.600304,-6.4304295,6.7360272,-79.631966,-1.7311847,-4.371713,-48.48281
36.36405,-59.40582,-23.20004,26.967836,-7.4197364,-16.036522,-7.3170996,7.1104236,-26.507833,7.960356,-6.261548,-12.659388,3.8518763,1.5099703,-22.094051,-2.7644238,0.73033494,-55.974358,-1.4080725,2.7095904,-25.716032,-0.4900191,7.3209515,-35.421326,-1.3554362,0.6115454,-71.325005,-8.104824,1.7926917,-42.58798,-4.843305,12.310491,-42.43493,-4.713513,1.2872202,-74.75954,-3.441686,-1.6468115,-47.914486,-21.874273,16.564007,-5.5309143,8.34635,2.9248848,-41.632214,-6.3516254,6.5134163,-73.336464,-1.576187,-4.5266795,-44.126095
36.661728,-60.351177,-21.922604,27.26232,-9.420812,-17.258802,-7.5639734,7.308804,-25.099993,8.250476,-6.4357076,-11.045984,3.775955,0.8340745,-18.201962,-2.8072965,0.73977363,-50.50106,-1.4390517,2.763544,-22.54086,-0.5056359,7.734481,-27.57494,-1.3483685,0.59155315,-59.176064,-7.522151,1.326161,-33.38956,-4.965326,13.167727,-33.47699,-4.6623616,1.0864958,-62.283802,-3.012381,-2.0688932,-39.739964,-22.346865,16.94225,-5.639535,8.826925,5.2754374,-32.063576,-6.164519,6.1263757,-60.346657,-1.3018448,-4.8287687,-36.28227
35.47403,-58.277412,-21.354198,25.995205,-11.846444,-18.051762,-7.4106436,7.1551104,-23.014793,8.156074,-6.3650074,-8.588575,3.4940622,0.14136136,-11.51398,-2.750353,0.74842644,-40.784077,-1.5005581,2.7635946,-15.649799,-0.53590524,7.600668,-16.261396,-1.3228998,0.5660713,-44.650482,-6.458351,0.7075373,-21.133965,-4.9320583,12.685385,-20.875706,-4.4295564,0.83338684,-46.218716,-2.3369193,-2.5140085,-27.683157,-21.661648,16.456976,-5.5011873,8.917009,6.1156397,-20.944454,-5.7129045,5.4719415,-44.721928,-0.9298135,-4.953337,-25.362766
32.89174,-54.5186,-17.728518,24.928625,-8.525646,-15.72873,-7.2599015,6.907645,-18.077415,8.273985,-6.165641,-1.2545676,3.3074386,-0.24531929,-10.567411,-2.6543682,0.76897246,-26.428724,-1.6267517,2.7568789,-5.40582,-0.5465781,6.9453545,-15.132991,-1.2862992,0.53732157,-30.770828,-5.498086,0.26063988,-11.771562,-4.6992145,12.099172,-18.164354,-4.1367316,0.6707241,-34.631104,-1.8806229,-2.710934,-19.367859,-20.466583,15.544988,-5.2349215,8.636135,7.0399513,-15.102129,-5.2086053,4.9215736,-33.06565,-0.643738,-4.891108,-16.797543
35.841278,-60.957752,-17.13589,28.615097,-4.1800494,-14.87943,-8.058905,7.6328006,-20.044596,9.347488,-6.7511144,0.4926204,3.8542445,1.5433078,-16.923664,-2.882486,0.77131045,-33.872448,-1.6855974,2.9341822,-9.403404,-0.48874956,8.146147,-29.63335,-1.3344367,0.5689211,-45.707462,-6.9090066,0.9061996,-24.550648,-5.020197,14.047401,-35.42646,-4.624521,0.9820266,-53.414196,-2.7291381,-2.3722658,-33.85834,-22.738297,17.253868,-5.75803,8.995542,7.140285,-31.61685,-6.063187,6.032908,-52.435047,-1.1018536,-5.0714025,-30.332575
37.412548,-63.821712,-18.837704,30.380936,-0.21773589,-13.394174,-8.248901,7.8304167,-22.175356,9.699291,-6.9343925,0.61727464,4.164466,3.1114535,-22.103102,-2.9536088,0.7645482,-40.798393,-1.6769993,2.9734552,-13.695857,-0.4348654,8.613384,-41.35943,-1.3626087,0.5983967,-60.061127,-7.921836,1.4867197,-36.26612,-5.0632186,14.626444,-49.746338,-4.8716526,1.2269619,-69.27065,-3.346944,-1.9757636,-45.189056,-23.481495,17.825468,-5.9263296,8.683681,5.663355,-48.29793,-6.5964203,6.7911887,-69.7527,-1.5035236,-4.95442,-42.010227
35.954647,-59.886887,-20.725199,28.996733,2.1468866,-11.453112,-7.7047973,7.346695,-21.588512,9.166992,-6.5730047,1.2204213,4.032549,3.5736444,-23.42535,-2.798817,0.76094335,-38.367275,-1.6591809,2.871843,-12.2734165,-0.41644043,8.045247,-45.26333,-1.3424087,0.6001605,-63.23899,-7.874286,1.6082269,-39.005524,-4.724931,13.560225,-54.001457,-4.693199,1.2536335,-71.81906,-3.393964,-1.746936,-46.17096,-22.095985,16.74712,-5.5723896,7.8803363,3.8221083,-53.78113,-6.439008,6.683672,-73.740685,-1.6044316,-4.564113,-43.708828
35.705067,-57.520462,-24.658205,27.696415,1.1640854,-11.473327,-7.236985,6.9756947,-22.930548,8.413182,-6.24381,-3.2251062,3.9711292,2.8701668,-27.3263,-2.683103,0.74779975,-44.066517,-1.5393775,2.7349195,-17.204453,-0.44096476,7.132827,-48.157276,-1.340885,0.61036915,-69.523506,-8.0796795,1.8285408,-43.76546,-4.545119,12.213593,-56.083748,-4.607293,1.2894516,-76.04284,-3.5055857,-1.5315156,-48.178696,-21.164598,16.025892,-5.3315725,7.45429,1.9501203,-55.856255,-6.3592944,6.602194,-77.78611,-1.6850017,-4.2902117,-45.727413
33.33657,-54.158756,-22.290792,26.015623,0.8461225,-10.931006,-6.853081,6.6084175,-21.407595,7.9966493,-5.93494,-2.7317364,3.7345307,2.4547093,-24.45821,-2.5645547,0.74519473,-40.91878,-1.4864762,2.621024,-16.25259,-0.45748496,6.625166,-42.5151,-1.3095748,0.5937383,-61.5295,-7.4658446,1.5939255,-38.928787,-4.332979,11.534113,-49.652554,-4.3387218,1.1491435,-67.48382,-3.2007306,-1.5908759,-43.29576,-19.917673,15.098358,-5.0588818,7.1503716,2.4644456,-49.383476,-5.9598937,6.1278186,-69.669685,-1.5556675,-4.1271596,-41.5787
33.524715,-54.230324,-22.72575,25.987719,0.51939523,-11.08655,-6.896401,6.646736,-20.66625,8.075464,-5.9726186,-1.7531807,3.7032707,2.3228638,-22.951092,-2.563939,0.7570649,-35.845528,-1.5055112,2.630325,-13.9824705,-0.45684487,7.0463934,-37.12985,-1.3031211,0.5740107,-50.427418,-6.8461704,1.1868315,-30.338839,-4.34373,12.164852,-42.682137,-4.2043285,0.9208074,-54.345585,-2.6608005,-2.0004587,-33.935566,-19.982607,15.1468115,-5.0684395,7.3773437,4.2002153,-41.72198,-5.6376095,5.6123347,-55.876595,-1.2083703,-4.3595557,-32.314625
36.77127,-60.12733,-24.08836,28.807993,1.5481479,-11.684423,-7.5494194,7.2910686,-22.756184,8.906735,-6.522769,-1.1175592,4.0348253,2.8084774,-24.534273,-2.7550733,0.7687017,-37.17697,-1.5789531,2.8052804,-13.896378,-0.45297,7.840578,-38.444504,-1.3379476,0.5757453,-49.96387,-7.114836,1.0964497,-28.719692,-4.748002,13.430068,-43.72152,-4.492282,0.90574986,-53.908184,-2.620625,-2.3033164,-32.928967,-21.980368,16.677427,-5.525922,8.147171,4.831264,-42.6933,-5.999572,5.900399,-54.870136,-1.1284688,-4.8339314,-30.980747
36.849667,-60.59428,-24.200298,28.51145,-0.23481679,-12.567377,-7.3714075,7.1797585,-25.341177,8.416415,-6.3663464,-6.990108,4.091858,3.1537158,-26.660294,-2.7388153,0.7513076,-46.590534,-1.449333,2.710508,-21.331898,-0.44581068,8.200577,-38.926792,-1.3417909,0.58519286,-55.824738,-7.3826566,1.3237106,-32.638184,-4.7130003,13.644177,-44.052437,-4.518487,1.0018408,-58.92372,-2.8236032,-2.108925,-36.73211,-21.952175,16.633009,-5.508253,8.159741,4.879166,-41.860428,-5.9813485,5.9409404,-56.650753,-1.182924,-4.7654223,-33.090378
35.98279,-60.02267,-21.497032,28.107183,-1.7404227,-13.222023,-7.441783,7.2172556,-23.056932,8.696709,-6.471216,-2.4886286,3.8474813,0.8196436,-22.109377,-2.7303798,0.77097446,-34.89604,-1.5459892,2.7649503,-12.253517,-0.53970593,7.0121098,-26.756273,-1.3141239,0.5439338,-35.39403,-6.147121,0.50824904,-16.321672,-4.85445,12.81216,-28.4421,-4.317128,0.6801231,-38.72455,-2.0371168,-2.7301552,-22.27532,-21.806715,16.557535,-5.493168,8.757429,6.535777,-23.846136,-5.5420117,5.233638,-36.666374,-0.737705,-5.0754514,-19.541777
35.33022,-58.786865,-22.049532,26.559433,-6.131244,-15.113856,-7.369653,7.1208134,-21.83332,8.635028,-6.4631705,-1.3083253,3.5188115,-1.9149945,-16.625582,-2.7060957,0.7696604,-32.443626,-1.5710535,2.7794232,-9.28574,-0.63447666,5.1385317,-18.692675,-1.3022697,0.5367449,-33.083866,-5.8836803,0.31660506,-14.032041,-4.9621406,10.817809,-19.998203,-4.2861404,0.6228218,-36.29644,-1.9312314,-2.8009944,-20.611483,-21.290257,16.201893,-5.425992,8.80816,5.101097,-19.091215,-5.606641,5.2285166,-38.61996,-0.815879,-4.9999866,-20.866882
35.12521,-58.588287,-20.434923,26.102682,-10.008407,-17.070635,-7.4891396,7.176772,-21.019075,8.434183,-6.4164658,-4.2342277,3.436542,-1.2384111,-12.250834,-2.734323,0.7617825,-34.631493,-1.5408671,2.7766047,-11.483481,-0.59110683,6.539545,-14.775855,-1.3077862,0.54678214,-35.366596,-6.0039577,0.39633137,-15.137606,-4.9525332,12.150159,-17.48248,-4.332049,0.6900624,-38.071228,-2.056149,-2.7303407,-22.319857,-21.481045,16.349087,-5.4746313,8.977333,6.5969844,-16.679861,-5.582165,5.2332606,-38.091835,-0.8100964,-5.0368443,-21.156641
35.943146,-60.346275,-19.716152,27.296013,-8.967855,-16.988806,-7.8628426,7.4871407,-20.448044,8.947794,-6.659727,-2.1663568,3.59408,0.05318241,-11.677353,-2.8350108,0.7700561,-32.18425,-1.6406292,2.8929794,-9.056752,-0.5371296,7.722562,-17.531599,-1.3245606,0.5541212,-36.77214,-6.2009177,0.44507986,-15.940532,-5.062783,13.40206,-21.595203,-4.4709187,0.74936056,-40.54693,-2.150877,-2.7700326,-23.874365,-22.336462,16.991789,-5.675411,9.203391,7.3530655,-20.510336,-5.7516174,5.463648,-40.102707,-0.80382717,-5.2059336,-22.05432
33.088036,-54.678925,-19.323196,25.00725,-6.8066545,-14.790177,-7.301831,6.915528,-17.358871,8.474602,-6.178337,1.2464395,3.2896512,-0.62715703,-10.811866,-2.6442165,0.7816478,-22.297764,-1.6814973,2.7743843,-2.6825502,-0.5585729,6.519244,-14.169724,-1.2833594,0.52674973,-25.673225,-5.1090364,0.049342938,-7.46395,-4.704761,11.677944,-16.317722,-4.0459113,0.5416596,-28.192669,-1.5111454,-2.9206994,-13.880448,-20.378082,15.480242,-5.210882,8.568978,6.3638287,-14.908504,-5.0624394,4.708034,-28.485273,-0.44414645,-4.970941,-12.574945
31.593817,-52.79553,-16.863626,24.457329,-5.656923,-13.896821,-7.189139,6.7772923,-15.875726,8.40714,-6.0287013,3.1169217,3.2199242,-0.21781342,-9.942015,-2.5894678,0.7824005,-19.210098,-1.6767269,2.71113,-1.3711243,-0.55137384,6.582162,-13.196613,-1.2653475,0.517978,-20.684175,-4.7319455,-0.024136843,-4.4569163,-4.578441,11.593837,-14.803622,-3.8785963,0.47369626,-23.236917,-1.3124232,-2.92712,-10.99859,-19.795647,15.0494995,-5.078972,8.367935,6.772649,-13.237025,-4.7864904,4.4818063,-23.231503,-0.3333348,-4.888333,-9.4366455
31.989283,-54.30329,-15.501497,25.736832,-2.373457,-12.59791,-7.281602,6.928085,-17.234953,8.7165785,-6.178606,4.591254,3.386656,0.08185881,-12.5584545,-2.6267598,0.79010737,-17.875322,-1.70264,2.737162,-0.11020286,-0.5683163,6.519847,-14.72761,-1.266349,0.5050293,-15.718073,-4.5533543,-0.13272801,-1.1042498,-4.6918254,11.60884,-14.747527,-3.8606138,0.37413132,-18.066984,-1.078607,-3.1212785,-7.3893805,-20.25907,15.400256,-5.1848507,8.612738,6.9073787,-11.322435,-4.7407084,4.4203672,-17.764322,-0.20918015,-5.054412,-5.7725177
31.861425,-54.038616,-15.699665,25.86282,-0.9817008,-11.847251,-7.1375365,6.835115,-18.273739,8.56454,-6.1114273,3.5133207,3.4536502,0.70869243,-14.7445345,-2.600403,0.7867143,-19.594887,-1.6709874,2.702793,-1.5651351,-0.55392015,6.6868668,-17.102009,-1.2654469,0.50707066,-17.263802,-4.6339755,-0.06055673,-2.3553035,-4.6190524,11.71708,-17.011211,-3.8408403,0.3960722,-19.43897,-1.1429504,-3.0504372,-8.348079,-20.140034,15.286781,-5.135335,8.488995,6.8703375,-12.477428,-4.711491,4.4048524,-18.004578,-0.23604603,-4.9925966,-6.084925
32.258636,-54.462254,-17.11603,25.152393,-4.445498,-13.545713,-7.1438594,6.837585,-18.463314,8.400195,-6.115909,1.3421116,3.3796823,0.4554878,-12.381432,-2.6149745,0.7775759,-23.26113,-1.6393934,2.7100506,-3.8012052,-0.54756653,6.878907,-15.061241,-1.2734259,0.5192564,-22.95155,-4.937802,0.06203728,-5.9132023,-4.6385913,11.815082,-16.318806,-3.946052,0.49613854,-24.875954,-1.3811175,-2.9323428,-12.100776,-20.118422,15.296559,-5.161928,8.447366,6.722042,-14.278648,-4.8827815,4.5806236,-23.822264,-0.380556,-4.944642,-10.221005
31.623251,-53.553135,-15.6300125,24.973816,-4.2473516,-13.356969,-7.1394167,6.822433,-17.341024,8.438014,-6.0972996,2.9243364,3.3008406,0.17470594,-10.645731,-2.596091,0.784571,-18.737247,-1.6653595,2.7125504,-0.85415244,-0.5601222,6.7459116,-12.58801,-1.2626458,0.50776684,-17.167694,-4.638451,-0.10834801,-2.1704128,-4.6304684,11.69317,-13.010568,-3.8592544,0.39907128,-19.05627,-1.1745065,-3.0675778,-8.302573,-19.92089,15.167681,-5.12358,8.541103,7.178328,-10.26448,-4.741821,4.3813505,-18.52172,-0.27801943,-4.98065,-6.704869
31.98895,-54.335693,-15.275488,25.52696,-3.850357,-13.33096,-7.2531466,6.9354944,-17.573076,8.5548,-6.184557,2.7499614,3.3756473,0.5602244,-11.155052,-2.6275196,0.78625315,-19.423815,-1.6755857,2.7456222,-1.093516,-0.5507897,7.088558,-13.533757,-1.2696959,0.51016486,-18.194021,-4.7771072,-0.088807896,-2.8173666,-4.6801815,12.145213,-14.096304,-3.9269056,0.4232149,-20.341654,-1.2582483,-3.0736759,-9.328755,-20.284449,15.44355,-5.1993475,8.688761,7.5734663,-10.40409,-4.8202157,4.452229,-18.95608,-0.29658002,-5.0452456,-7.0152307
33.916348,-57.789345,-14.877254,27.440699,-3.659846,-14.00273,-7.777013,7.4061365,-17.941124,9.178306,-6.555712,3.8129733,3.569502,0.66012543,-11.706378,-2.7641134,0.7958762,-19.017292,-1.7286232,2.8592124,-0.6316307,-0.5496222,7.7774954,-14.064465,-1.2907294,0.50868875,-16.023079,-4.8977394,-0.13747627,-0.86633813,-4.9542747,13.287501,-14.307268,-4.083084,0.38000077,-18.286415,-1.1774044,-3.2917023,-7.7763577,-21.70757,16.514223,-5.518649,9.288435,8.7144165,-9.550814,-4.9976315,4.613854,-16.40252,-0.20976877,-5.382704,-5.164873
34.986877,-59.892757,-14.551768,28.797552,-2.2236369,-13.758052,-8.031981,7.6544304,-18.76654,9.545432,-6.761241,4.3936024,3.7303364,0.9132609,-13.430069,-2.8384645,0.8019568,-19.27617,-1.7598476,2.9209974,-0.52008116,-0.5490457,8.086169,-15.897213,-1.3031651,0.5073176,-15.188423,-4.9898806,-0.14599909,-0.13009226,-5.103802,13.843805,-15.7846985,-4.1680374,0.3624488,-17.679409,-1.1442733,-3.3998983,-7.192318,-22.534716,17.128323,-5.6960335,9.610917,9.151192,-9.581047,-5.097921,4.719756,-15.211592,-0.16550955,-5.5660777,-4.3786907
34.282593,-58.77792,-14.099937,28.318958,-1.9079777,-13.388849,-7.907182,7.5373006,-18.491175,9.432891,-6.670377,4.710721,3.686552,0.85756564,-13.574424,-2.8044062,0.80059874,-18.943653,-1.7552433,2.894905,-0.2553636,-0.5538655,7.8086796,-16.160069,-1.2965993,0.5062478,-15.288261,-4.945615,-0.13249898,-0.5360338,-5.033903,13.491578,-16.084427,-4.12166,0.37361622,-18.15546,-1.1738048,-3.3346028,-7.76044,-22.156416,16.834343,-5.612323,9.47017,8.918085,-9.563914,-5.0489597,4.685682,-15.875167,-0.19296303,-5.474215,-4.8680196
33.814384,-58.202816,-13.370722,28.101028,-1.5153935,-13.088782,-7.851256,7.4782505,-18.219145,9.399537,-6.6147356,5.152198,3.6627953,0.8014503,-13.64048,-2.7874768,0.80002916,-18.303915,-1.7557148,2.8779168,0.14881903,-0.55612236,7.6554747,-16.308937,-1.2919787,0.5052182,-14.663509,-4.8820095,-0.12700033,-0.33756548,-4.99818,13.307539,-16.098753,-4.0805106,0.37175447,-17.735926,-1.1540421,-3.3091316,-7.6035423,-21.950912,16.68867,-5.5695314,9.406748,8.864181,-9.2285385,-4.987633,4.6492767,-15.52922,-0.1834616,-5.434592,-4.7790885
33.41539,-57.489773,-13.712247,27.874609,-0.733443,-12.544066,-7.690842,7.359878,-18.757645,9.2388,-6.535954,4.6199393,3.6531847,0.9278287,-14.485634,-2.7535834,0.79845715,-18.66018,-1.7466326,2.8593147,0.15889493,-0.55702305,7.4129934,-17.217056,-1.2892125,0.5060388,-15.938292,-4.9121294,-0.1079956,-1.3025728,-4.9415245,12.9125,-16.838255,-4.060514,0.39028084,-18.9477,-1.2049143,-3.2559164,-8.3464155,-21.653196,16.461828,-5.495986,9.288067,8.298574,-9.599647,-4.9810357,4.630789,-16.756168,-0.22419102,-5.354197,-5.432903
33.616528,-57.435616,-15.116094,27.608246,-1.4790514,-12.840785,-7.5797167,7.2890625,-19.513134,9.043009,-6.494143,3.091823,3.6214519,0.8279251,-14.286508,-2.7342958,0.7952782,-19.769316,-1.7270966,2.8487399,-0.47554412,-0.5602517,7.295767,-16.598923,-1.2900729,0.5089235,-17.625202,-4.971111,-0.101741314,-2.0978591,-4.9251623,12.669439,-16.183292,-4.074205,0.4040855,-19.933624,-1.2420506,-3.2403507,-8.693785,-21.521843,16.367752,-5.4611416,9.246617,7.812862,-9.553887,-5.014747,4.621428,-17.83835,-0.25691476,-5.3170214,-5.877844
34.78593,-59.48617,-14.752887,29.02776,-0.5801915,-12.899475,-7.8786306,7.567931,-20.086977,9.408646,-6.711716,3.3236792,3.7807236,1.1080761,-15.772988,-2.8142648,0.8005987,-20.45828,-1.7477939,2.907799,-1.0146605,-0.5570914,7.778104,-18.066092,-1.3035333,0.5079767,-16.684393,-5.077144,-0.111933,-1.2702328,-5.0858436,13.424428,-17.284582,-4.1656013,0.37591824,-19.02929,-1.2151932,-3.3536294,-8.098243,-22.450098,17.049332,-5.654126,9.612306,8.491719,-9.172119,-5.1263337,4.729456,-16.109426,-0.2139071,-5.513867,-4.8797817
34.274952,-58.068283,-15.89811,28.274738,-0.7415731,-12.675476,-7.6272364,7.3579464,-20.337967,9.090379,-6.558758,2.2803807,3.7168272,1.1252396,-16.164925,-2.7534573,0.7956354,-21.193172,-1.7189133,2.8623745,-1.5298957,-0.5541752,7.474018,-18.577541,-1.2982132,0.5104737,-18.828575,-5.096364,-0.07786222,-2.8081193,-4.962953,12.901875,-17.914305,-4.1269236,0.4123808,-21.091513,-1.3006914,-3.2491567,-9.309248,-21.882938,16.610077,-5.5147905,9.333908,7.776134,-10.304934,-5.096636,4.684209,-18.117786,-0.27499512,-5.3636136,-5.9983897
33.689453,-57.129257,-15.840671,27.658535,-1.0656176,-12.607456,-7.4896874,7.2264633,-19.984598,8.914881,-6.452719,2.0073965,3.6573973,1.1262721,-15.754556,-2.7165425,0.79259944,-21.318197,-1.7014384,2.8309467,-1.6283633,-0.5516923,7.3870134,-18.23879,-1.2925477,0.51118076,-19.485258,-5.0741644,-0.06289402,-3.4745219,-4.8752413,12.717259,-17.852491,-4.0839005,0.42682225,-21.802076,-1.332609,-3.1882844,-9.888404,-21.457018,16.296467,-5.426276,9.155785,7.72423,-10.517511,-5.0414286,4.6334715,-18.875582,-0.30158982,-5.271895,-6.58755
33.150814,-56.648598,-14.909347,27.376728,-1.0203232,-12.482161,-7.489046,7.194531,-19.224936,8.972423,-6.430787,3.3255801,3.6200829,1.0047687,-15.222041,-2.709606,0.7933806,-19.953465,-1.7153783,2.8263357,-0.6664943,-0.5527913,7.2669964,-17.925547,-1.2866199,0.5094639,-18.3912,-4.990115,-0.069229424,-3.0654557,-4.8477187,12.638837,-17.885395,-4.048491,0.43177807,-21.53993,-1.3205796,-3.1637366,-9.91181,-21.256481,16.151056,-5.397689,9.092207,7.946873,-10.479249,-4.9925666,4.62183,-18.9774,-0.30272943,-5.23849,-6.7636776
36.321384,-60.607964,-20.966892,28.377337,-3.0325494,-14.089554,-7.6425395,7.414048,-22.64571,9.089896,-6.698678,0.14670151,3.7621758,-0.3438424,-18.34736,-2.7945516,0.790113,-27.031975,-1.6952314,2.9026482,-4.4178643,-0.59582585,6.4560156,-19.929014,-1.3157003,0.5226393,-26.337603,-5.5663033,0.037737507,-7.626132,-5.0923605,12.1573515,-20.002844,-4.324052,0.52954566,-29.386295,-1.6001323,-3.1690686,-14.218864,-22.259354,16.905903,-5.6190643,9.366264,6.569651,-14.293679,-5.4703183,5.01106,-27.899702,-0.48114008,-5.3759937,-12.097236
38.329094,-63.28969,-23.760073,29.488274,-3.5010865,-14.803577,-7.933049,7.6923456,-23.570839,9.416288,-6.9493237,-0.13749301,3.9007578,-0.6319076,-19.68852,-2.880757,0.7938218,-29.691496,-1.7115176,2.983609,-5.908501,-0.5975566,6.4859896,-22.406622,-1.3393971,0.5320442,-30.910337,-6.0004606,0.14323346,-10.673105,-5.267042,12.489091,-23.0101,-4.5195765,0.57803667,-33.85833,-1.7689809,-3.191935,-16.927176,-23.169529,17.585896,-5.8229694,9.577352,6.182964,-18.48721,-5.804923,5.3179297,-33.606808,-0.5854144,-5.512019,-15.328128
38.035065,-62.1946,-24.387224,29.146442,-2.8198864,-14.259861,-7.8274937,7.593389,-23.098291,9.3511505,-6.875397,0.5350379,3.8454788,-0.8178735,-19.425175,-2.8432252,0.79679024,-27.735611,-1.7176838,2.9633932,-5.02808,-0.5991976,6.2268066,-22.021421,-1.3333493,0.5274873,-29.108997,-5.837447,0.07942494,-9.461493,-5.201564,12.142494,-22.43987,-4.441214,0.5176188,-31.35862,-1.6263283,-3.2370267,-14.830845,-22.835936,17.325703,-5.738614,9.412835,5.7587514,-18.666166,-5.7127795,5.1927342,-32.29245,-0.52831644,-5.463863,-13.969538
38.952137,-62.77936,-26.79103,29.688553,-0.43222496,-13.119078,-7.863073,7.6134586,-23.03645,9.428136,-6.875524,0.85267884,3.9888687,-0.41414458,-23.761463,-2.8408744,0.7982851,-29.788166,-1.7140777,2.9622107,-6.6413426,-0.5701006,6.3088303,-28.778006,-1.3464055,0.5387499,-34.67466,-6.169587,0.26322228,-13.781366,-5.128755,12.380844,-29.972914,-4.5037184,0.59086114,-36.968987,-1.7902803,-3.1130362,-18.144308,-22.91839,17.385628,-5.7356024,9.111306,5.0736914,-26.435743,-5.8350573,5.3574834,-38.045116,-0.595943,-5.408657,-16.65508
36.999634,-60.67885,-23.747616,29.034248,1.8641086,-11.607,-7.790576,7.475138,-20.652748,9.515353,-6.7326384,4.5885606,3.9232576,0.08720645,-22.696568,-2.79258,0.79895884,-25.71456,-1.7313309,2.9208121,-4.7070045,-0.54697514,6.238765,-31.250673,-1.3287791,0.5389643,-33.468006,-6.1407824,0.3839486,-15.419837,-4.9495983,12.3676195,-33.479626,-4.3803487,0.6040865,-37.00842,-1.8414766,-2.9486492,-19.66261,-22.204905,16.880846,-5.5998926,8.685453,5.383835,-30.481215,-5.747836,5.384723,-40.60925,-0.69372994,-5.204853,-19.480976
36.61878,-61.16276,-21.554087,29.586458,3.4495666,-10.936472,-7.930058,7.562425,-20.136646,9.715935,-6.7879233,5.9436154,3.9929276,1.2426363,-22.66274,-2.8246803,0.79585123,-26.783451,-1.7536839,2.9456687,-4.964559,-0.5096943,6.816205,-35.901646,-1.331133,0.55204076,-39.255524,-6.5827107,0.6772928,-20.944763,-4.931237,13.00774,-39.87168,-4.4779425,0.7603019,-44.893574,-2.2342372,-2.6726995,-26.58736,-22.385078,17.03655,-5.659726,8.540509,5.3692493,-37.469135,-5.9835,5.7970304,-48.954052,-0.949273,-5.089419,-25.970428
38.148376,-63.7861,-22.3841,30.745806,3.0196087,-11.726506,-8.174413,7.8086977,-22.225998,9.869228,-6.9835763,3.4944184,4.196459,2.9589748,-23.505676,-2.9265785,0.78312165,-34.518303,-1.7548524,3.018429,-9.073853,-0.4443946,8.037777,-42.989685,-1.36356,0.58700925,-55.731186,-7.693686,1.2868834,-32.88202,-5.0440774,14.027806,-50.19629,-4.800476,1.0747373,-62.80986,-2.9983518,-2.2342775,-39.27934,-23.33595,17.74727,-5.8820333,8.538728,4.537079,-50.11725,-6.5557604,6.6092563,-66.45082,-1.3826631,-5.005518,-38.130653
36.740437,-61.15189,-22.16654,29.334394,1.7443713,-11.86795,-7.811129,7.468154,-22.307207,9.270218,-6.6775403,0.7786304,4.0692225,3.615245,-22.505411,-2.839686,0.76603776,-38.385902,-1.6836342,2.9214988,-12.052745,-0.41637188,8.097651,-45.017414,-1.3552227,0.6039883,-64.723114,-8.072663,1.6517484,-40.122303,-4.825133,13.570655,-53.774277,-4.766619,1.2476656,-72.29377,-3.4147077,-1.8011914,-46.348843,-22.450531,17.032162,-5.669401,8.0371,3.4690723,-54.97933,-6.5867743,6.794776,-75.681885,-1.6469084,-4.632795,-45.085342
36.855236,-61.768696,-21.516678,29.50989,1.281292,-12.22213,-7.8520713,7.5055704,-23.05516,9.203593,-6.68035,-1.0228512,4.122257,4.377111,-22.397507,-2.86383,0.75526196,-42.867523,-1.646185,2.91457,-15.114113,-0.38659018,8.62078,-47.27257,-1.3639408,0.6200584,-72.08453,-8.5514965,1.9538808,-46.020016,-4.839022,13.928931,-57.41569,-4.8694124,1.3897469,-80.26837,-3.7718005,-1.5510538,-52.57032,-22.629175,17.19175,-5.720992,7.9910784,3.1194835,-59.563572,-6.790341,7.1247177,-83.499794,-1.8619705,-4.535058,-51.11494
37.554775,-62.81345,-21.938715,30.138493,1.8959334,-12.113688,-8.0053835,7.6434093,-22.98758,9.443774,-6.801632,0.039201632,4.1947155,4.171323,-23.661327,-2.8991818,0.76051855,-42.355873,-1.6688087,2.9477782,-14.659534,-0.39407894,8.583625,-48.17996,-1.3703935,0.6175287,-70.77631,-8.52538,1.8984406,-44.797935,-4.9116445,14.105562,-58.039795,-4.910877,1.3637335,-79.17331,-3.7155387,-1.6376047,-51.491898,-23.009256,17.476654,-5.802971,8.117497,3.2939572,-59.695496,-6.833544,7.1453032,-82.24396,-1.8139582,-4.640133,-49.799435
37.463856,-62.88659,-21.446966,30.123037,1.7439694,-12.186353,-7.99508,7.63114,-23.114468,9.400213,-6.7825747,-0.5640126,4.2002773,4.0985284,-24.172495,-2.8961923,0.7563522,-43.97773,-1.6378301,2.9241796,-16.156181,-0.3912633,8.614629,-48.689312,-1.3688413,0.6196692,-71.64675,-8.60973,1.9733,-46.003464,-4.900072,14.1990385,-58.7237,-4.9119344,1.3810153,-80.293076,-3.7867491,-1.5719858,-52.765755,-22.981785,17.467861,-5.8009043,8.092075,3.4384947,-60.10395,-6.855253,7.1939964,-83.374245,-1.8652242,-4.6044765,-51.014416
38.068222,-63.92522,-21.893951,30.641676,1.8205872,-12.362563,-8.079575,7.7227764,-23.992722,9.455872,-6.858627,-1.6124249,4.28632,4.5803185,-25.009947,-2.9289942,0.75092334,-47.39083,-1.6127753,2.9335635,-18.629385,-0.37079346,9.010842,-51.2033,-1.3794208,0.630422,-76.72713,-8.998901,2.183229,-50.12368,-4.9429812,14.599782,-62.14217,-5.0115957,1.4605765,-85.605576,-4.0227766,-1.4396195,-56.82172,-23.333748,17.736391,-5.882163,8.088971,3.2251368,-64.36192,-7.0571065,7.4604774,-88.976326,-2.0210552,-4.5800138,-55.183796
36.18088,-60.267376,-22.64068,28.578266,1.5102158,-11.651851,-7.466406,7.1757145,-24.024384,8.64141,-6.4001064,-4.084677,4.083429,4.237961,-25.836306,-2.7601423,0.7331024,-50.382103,-1.487198,2.7431657,-22.17965,-0.37339526,8.317203,-51.363728,-1.3546093,0.6350226,-79.51946,-8.897621,2.3517318,-52.9082,-4.6169972,13.429838,-62.32856,-4.7892127,1.4710841,-87.04387,-4.0659432,-1.1551945,-58.176804,-21.746292,16.536783,-5.5106564,7.342964,1.8385636,-66.19537,-6.817321,7.2820315,-91.16075,-2.1286893,-4.16028,-57.133915
38.64374,-64.54863,-23.99357,30.89817,2.2348905,-12.2170105,-8.079475,7.739818,-24.601343,9.50061,-6.9255276,-1.277904,4.2895446,4.3473964,-25.354668,-2.9323251,0.7493382,-47.871407,-1.6280397,2.9571137,-18.407192,-0.3759081,8.617373,-54.262398,-1.3877915,0.64264345,-82.719696,-9.419165,2.398303,-54.803585,-4.9807124,14.059597,-65.668625,-5.093954,1.5267804,-91.24518,-4.257137,-1.2936597,-60.63737,-23.424232,17.809633,-5.901847,7.942929,1.6023498,-70.507965,-7.3377333,7.7977047,-97.73079,-2.2668161,-4.459317,-60.678337
42.591022,-70.7381,-27.644749,33.76759,2.3878458,-13.373351,-8.781967,8.42466,-27.205454,10.339257,-7.529362,-1.3395731,4.6597633,5.013216,-27.57521,-3.1541975,0.75798535,-52.34298,-1.72842,3.1792154,-19.421232,-0.3550209,9.4328375,-60.722298,-1.4410493,0.66615075,-94.15867,-10.430889,2.7148368,-62.032734,-5.4084916,15.167799,-73.68475,-5.556514,1.7079055,-103.22558,-4.712486,-1.2840297,-67.9433,-25.624613,19.481333,-6.4128437,8.555253,0.88465226,-80.36375,-8.077428,8.603018,-110.857124,-2.510413,-4.781293,-68.23284
41.61283,-68.22967,-28.54548,32.52173,2.1600933,-12.989737,-8.365415,8.066351,-28.009537,9.7814,-7.217959,-3.6796384,4.570425,5.0964108,-28.774315,-3.0568767,0.7435636,-56.182312,-1.6450087,3.0503147,-22.90191,-0.35123053,9.088147,-62.37147,-1.4303637,0.6745147,-98.84878,-10.492156,2.9659326,-65.96148,-5.2102847,14.297087,-75.82091,-5.4284034,1.7596519,-106.88247,-4.8124833,-1.0073633,-70.62668,-24.657171,18.755217,-6.1867657,8.050696,-0.5382085,-83.80779,-7.957086,8.606609,-114.85782,-2.6119776,-4.4728007,-71.2563
40.79647,-66.64093,-28.606346,31.735224,2.0018566,-12.744574,-8.179744,7.888631,-27.456863,9.601499,-7.0820594,-3.1793246,4.4695506,4.938214,-27.893,-3.0043762,0.74310297,-54.17095,-1.652322,3.0179267,-21.337626,-0.35442692,8.825854,-60.752937,-1.4200513,0.6706184,-96.980865,-10.224911,2.8708723,-64.142746,-5.112037,13.807605,-73.98522,-5.324334,1.7247736,-104.575745,-4.6750073,-1.0279633,-68.53682,-24.099272,18.32583,-6.0577154,7.8590655,-0.8437171,-82.41451,-7.78417,8.424997,-112.58662,-2.5381439,-4.396128,-69.386826
44.02901,-72.41628,-30.133448,34.51786,2.4902887,-13.657002,-8.855724,8.538616,-29.46477,10.387328,-7.636942,-3.372931,4.812349,5.5265303,-29.977854,-3.205951,0.7494334,-58.51795,-1.7063394,3.1971438,-23.344152,-0.3376236,9.69764,-65.66929,-1.4623649,0.68627316,-104.02109,-11.054222,3.0910282,-69.19654,-5.4976954,15.231714,-80.047485,-5.717997,1.8457556,-112.732346,-5.0531793,-1.0618572,-74.339005,-26.14825,19.882904,-6.5344133,8.505459,-0.47239506,-88.713974,-8.408977,9.067114,-121.19034,-2.736006,-4.727741,-75.086105
43.79547,-72.243324,-29.159191,34.466732,2.2833881,-13.765242,-8.839446,8.528364,-29.475395,10.328778,-7.615029,-4.0250506,4.8061657,5.6013784,-29.863688,-3.204896,0.7487526,-58.977848,-1.680966,3.1804268,-24.23985,-0.33827227,9.789594,-64.93093,-1.4591122,0.6832578,-102.32491,-11.011734,3.072454,-68.464226,-5.49136,15.444437,-79.05306,-5.7006435,1.8284917,-111.30976,-5.032537,-1.0789654,-73.90255,-26.128761,19.86601,-6.5350637,8.566832,0.16932422,-86.71535,-8.358958,8.995406,-119.04621,-2.7081687,-4.74897,-74.2109
41.450626,-69.10719,-26.17022,33.1913,3.0201733,-12.779685,-8.599973,8.245576,-26.672304,10.104798,-7.3600445,-1.712739,4.6072507,5.44853,-27.715347,-3.1023982,0.7533104,-52.470676,-1.6895556,3.1123004,-20.454716,-0.3377498,9.623518,-61.274303,-1.4283652,0.6648476,-93.49061,-10.351266,2.7814379,-62.672924,-5.268009,15.230742,-74.5101,-5.4548583,1.7105336,-103.00901,-4.7280865,-1.1721935,-68.510506,-25.057966,19.048798,-6.2884426,8.304631,1.1551164,-80.75753,-7.941475,8.517058,-110.19759,-2.5277476,-4.644486,-68.52106
40.79652,-68.31331,-24.60233,32.87044,2.8903222,-12.712659,-8.594617,8.216565,-25.432287,10.138984,-7.331556,-0.31983876,4.5305195,5.2904124,-25.86058,-3.0869088,0.7599121,-48.37843,-1.7197156,3.1196055,-17.573944,-0.3474434,9.582662,-57.85081,-1.4170725,0.6515675,-87.10053,-9.942776,2.526756,-57.73508,-5.2435846,15.28784,-70.29443,-5.371778,1.6259847,-96.8669,-4.5019755,-1.3363571,-64.33202,-24.873459,18.910217,-6.2464266,8.409443,2.0378976,-75.24685,-7.745786,8.241772,-103.30934,-2.364332,-4.7173424,-63.931984
39.533875,-65.87099,-24.085207,31.705873,2.6917999,-12.326993,-8.325169,7.958404,-24.28332,9.84158,-7.110614,0.13751283,4.3854513,4.6129255,-25.569256,-3.0001552,0.76275957,-44.753204,-1.7131264,3.0575805,-15.378431,-0.37057966,9.018613,-54.39156,-1.3964639,0.63551253,-79.9346,-9.332316,2.2317884,-51.9862,-5.091249,14.69128,-65.467155,-5.177233,1.5098414,-89.209915,-4.1621704,-1.4846075,-58.472984,-24.046694,18.264187,-6.0437202,8.274611,2.4894977,-68.52804,-7.364443,7.7570877,-94.30925,-2.129398,-4.684149,-57.441692
39.443245,-65.906715,-23.086802,31.93504,3.4234304,-11.989743,-8.41256,8.011134,-23.417137,9.990177,-7.1391907,1.49894,4.4056706,4.559365,-26.067757,-3.0054278,0.7669022,-43.126373,-1.7283164,3.0629673,-14.419787,-0.3703606,9.1025915,-54.236267,-1.392306,0.62865657,-76.62084,-9.14786,2.1237912,-49.675755,-5.089437,14.954364,-65.05369,-5.150099,1.4705937,-86.51358,-4.061116,-1.5592735,-56.652454,-24.116005,18.319689,-6.0547056,8.329963,3.1157846,-67.00717,-7.2816987,7.656158,-90.91197,-2.0393484,-4.746985,-55.054615
40.396046,-67.179924,-24.57334,32.216064,2.0841885,-12.892184,-8.41152,8.066263,-25.712774,9.883537,-7.1963654,-1.5992136,4.4760685,5.0024095,-26.19416,-3.045017,0.75809765,-48.591713,-1.695049,3.0787697,-17.635023,-0.3619366,9.340108,-54.90077,-1.4092041,0.6426241,-83.42443,-9.550577,2.3204708,-53.755795,-5.1757393,15.014381,-66.50406,-5.27985,1.5705433,-92.6544,-4.2751546,-1.45736,-60.567142,-24.522917,18.612211,-6.148857,8.4116125,2.4917989,-69.683174,-7.480316,7.89779,-96.50627,-2.1576717,-4.756728,-58.904194
38.99915,-64.47414,-24.47129,30.894281,2.0774674,-12.329316,-8.055381,7.7384934,-25.047625,9.456116,-6.9136972,-2.040292,4.332885,4.4694715,-26.522184,-2.9387112,0.75490683,-47.10962,-1.655382,2.9810293,-17.271986,-0.38007003,8.749597,-52.702366,-1.3881879,0.63251036,-78.89245,-9.06056,2.1437507,-50.230694,-4.9805007,14.268827,-63.364723,-5.0776553,1.4873865,-87.4188,-4.0203233,-1.4981581,-56.536644,-23.522766,17.83532,-5.9059114,8.114143,2.4309607,-65.46901,-7.1274767,7.487205,-90.289734,-1.9935968,-4.6327534,-54.452927
38.269432,-63.18662,-23.945473,30.419432,2.491446,-11.863112,-7.898425,7.5874195,-24.76374,9.261631,-6.766232,-2.4723806,4.300776,4.430689,-27.591545,-2.8862083,0.74973834,-47.94989,-1.6071037,2.9084797,-18.723377,-0.37734914,8.693831,-52.501728,-1.3775322,0.6289763,-76.9138,-8.843663,2.1070259,-49.089436,-4.863571,14.198075,-63.036545,-4.9691043,1.4518044,-85.270676,-3.916471,-1.477285,-55.16344,-23.0618,17.474339,-5.7893734,7.9157195,2.6827264,-64.42739,-6.9380546,7.299744,-87.224556,-1.9181199,-4.5599732,-52.56863
36.690823,-60.318054,-23.60017,28.926233,2.1399612,-11.44632,-7.516575,7.231254,-24.182772,8.744432,-6.4540706,-3.5900795,4.1350727,4.375404,-26.626484,-2.7812347,0.74250436,-47.731728,-1.557337,2.8083344,-19.245308,-0.37616214,8.313257,-51.499683,-1.3597492,0.6290448,-77.32172,-8.69527,2.1532776,-49.876316,-4.65396,13.448732,-61.895782,-4.811326,1.4499781,-85.0355,-3.8965359,-1.3357866,-55.199734,-21.979864,16.659742,-5.544571,7.5056424,2.0350416,-63.88198,-6.7320547,7.121431,-87.30554,-1.9380645,-4.31417,-52.90267
36.080387,-59.319336,-22.876728,28.437855,1.897764,-11.358659,-7.4037004,7.123602,-23.7446,8.614003,-6.349979,-3.583271,4.07145,3.89961,-26.790346,-2.7423532,0.74218357,-47.053272,-1.5359954,2.76086,-19.160255,-0.3953734,7.9625044,-49.786446,-1.3501406,0.6217304,-73.82222,-8.414311,2.0509083,-47.263687,-4.6019464,13.097598,-59.344868,-4.711327,1.3895526,-81.13072,-3.7349708,-1.384845,-52.551678,-21.620129,16.400215,-5.459319,7.473649,2.2230153,-60.357143,-6.548757,6.9139605,-82.861206,-1.8368275,-4.292444,-49.930126
35.473648,-58.42504,-22.351667,28.02505,2.1465046,-11.045016,-7.291204,7.0161495,-23.568842,8.477471,-6.2485223,-3.7537656,4.034774,4.114241,-26.478193,-2.7093365,0.7388461,-47.437027,-1.5121086,2.718642,-19.926855,-0.38702336,8.000978,-49.747875,-1.3437645,0.6219623,-74.03477,-8.37213,2.099712,-47.81479,-4.5238557,12.992579,-59.530945,-4.6515203,1.3896654,-81.12626,-3.734805,-1.3129809,-52.87355,-21.268038,16.142206,-5.382554,7.2924414,2.041282,-61.20756,-6.480983,6.882167,-83.055084,-1.8560972,-4.197321,-50.399525
35.065826,-58.527554,-20.525867,28.080347,2.0514295,-11.142501,-7.4280963,7.0933914,-22.24564,8.646248,-6.2946177,-2.10337,3.9921024,4.351816,-23.937943,-2.7328908,0.7430819,-44.382057,-1.5573668,2.7581162,-17.590591,-0.3702737,8.3222475,-49.054077,-1.3419918,0.6226959,-73.3862,-8.429233,2.121979,-48.035793,-4.5438843,13.363321,-59.25625,-4.667642,1.4045134,-81.25031,-3.7923398,-1.2956498,-53.602665,-21.360703,16.239794,-5.4229364,7.374275,2.521027,-61.33018,-6.5287647,6.9669485,-84.232666,-1.9057997,-4.203622,-51.69877
35.89436,-60.056763,-20.889585,28.811493,2.2572408,-11.334744,-7.5954638,7.2545133,-23.016886,8.829016,-6.4186783,-2.574401,4.0999117,4.606694,-24.958752,-2.7848427,0.74209845,-46.91086,-1.5529528,2.7852952,-19.393272,-0.36249262,8.625253,-50.739758,-1.3536745,0.6284967,-75.89179,-8.656709,2.2268498,-49.909782,-4.6370726,13.765483,-61.39504,-4.761299,1.4425015,-83.84054,-3.894462,-1.2702619,-55.528206,-21.878027,16.63812,-5.545192,7.4972434,2.5231404,-63.819572,-6.676384,7.150026,-86.74718,-1.9564154,-4.274521,-53.517178
35.38395,-59.28401,-20.446339,28.426765,2.2619836,-11.182783,-7.5121756,7.1667194,-22.607574,8.718068,-6.3412004,-2.4499412,4.042675,4.678573,-24.17073,-2.7595959,0.74084413,-46.151886,-1.5513709,2.7665193,-18.950836,-0.3567846,8.5965395,-50.83936,-1.3489828,0.6304407,-76.66336,-8.685756,2.286026,-50.877247,-4.5797715,13.614727,-61.66017,-4.7269835,1.4589667,-84.62948,-3.9425144,-1.193352,-56.350796,-21.582264,16.432205,-5.4838095,7.3767333,2.281133,-64.5437,-6.6589303,7.16645,-88.17371,-2.0081375,-4.1831517,-54.66303
35.41007,-59.38089,-20.73657,28.196083,1.1211945,-11.741406,-7.4346843,7.1170535,-23.640472,8.52167,-6.2905087,-4.6138787,4.0312614,4.6334968,-24.15099,-2.7538211,0.73081696,-50.032852,-1.4986778,2.735945,-21.754377,-0.35571516,8.541082,-51.416443,-1.3529193,0.64128375,-81.69087,-9.003358,2.4874682,-54.746098,-4.580446,13.462458,-62.563217,-4.7725058,1.5339937,-89.22403,-4.164548,-1.0253333,-60.083508,-21.573153,16.437017,-5.478956,7.349709,1.7632964,-65.96531,-6.7816706,7.3389225,-93.210884,-2.164983,-4.082759,-58.694088
36.519188,-60.509846,-22.685083,28.745224,1.2405945,-11.908051,-7.5127697,7.221378,-24.719957,8.623974,-6.4002466,-5.1942387,4.125737,4.6017976,-25.906353,-2.7871697,0.7316174,-52.391464,-1.5025394,2.766275,-22.957497,-0.3650959,8.452049,-53.53925,-1.3654896,0.6459748,-85.06967,-9.226031,2.5668929,-56.68471,-4.6613154,13.374851,-64.94616,-4.868658,1.5727286,-92.434555,-4.255201,-1.0116724,-61.650234,-21.951004,16.713156,-5.5615044,7.4046907,1.1260004,-68.86414,-6.940429,7.505791,-96.4618,-2.2145588,-4.126375,-60.203583
35.26168,-58.608242,-21.257448,27.893108,1.0934757,-11.617055,-7.3111444,7.018814,-23.9654,8.345163,-6.1902633,-5.605794,4.0350785,4.215766,-26.397364,-2.7197244,0.7266782,-52.2057,-1.4590443,2.6826265,-23.620886,-0.37107235,8.185653,-52.750072,-1.3502675,0.64123076,-82.63474,-8.985456,2.54597,-55.449257,-4.5276117,13.034018,-63.42674,-4.728508,1.5370233,-89.736496,-4.163915,-0.9589077,-60.21456,-21.311365,16.230803,-5.406579,7.2391157,1.3264356,-66.00796,-6.7121263,7.2927012,-93.071144,-2.1526523,-4.010884,-58.315613
37.779156,-62.863388,-23.14472,30.017656,2.0240276,-11.987912,-7.846548,7.5192223,-24.749626,9.1166315,-6.6689115,-3.2616365,4.260185,4.3167257,-27.51378,-2.870481,0.73941797,-51.55662,-1.5594046,2.8555827,-21.688414,-0.37003568,8.535257,-55.881153,-1.3797038,0.64700097,-85.3065,-9.414604,2.5750763,-56.929096,-4.830249,13.78864,-67.32654,-5.001195,1.580898,-93.50595,-4.318131,-1.0903574,-62.277008,-22.79417,17.35808,-5.7546988,7.6920724,1.3169934,-70.856224,-7.159171,7.7239084,-98.248535,-2.2523918,-4.290898,-61.006813
36.29513,-60.074722,-22.871727,28.672335,1.8339108,-11.536768,-7.491257,7.1915226,-24.228933,8.666403,-6.387913,-3.9699621,4.118477,4.518095,-26.530483,-2.773389,0.7326071,-51.077717,-1.5215747,2.7640085,-21.873333,-0.36067635,8.364466,-54.933712,-1.3634324,0.6466429,-85.514305,-9.22658,2.6068518,-57.2649,-4.6264696,13.186725,-66.53154,-4.848018,1.5803747,-93.08244,-4.2734084,-0.9676079,-61.93482,-21.792814,16.594658,-5.5250187,7.2796354,0.7206949,-70.89017,-6.945173,7.548437,-97.857605,-2.2477913,-4.0681825,-60.774857
36.454132,-60.423847,-22.71238,28.96245,2.5329459,-11.244345,-7.5802913,7.2586775,-23.524548,8.843125,-6.4512076,-2.4191642,4.1352825,4.097012,-27.28567,-2.7824159,0.74023944,-48.674282,-1.5477343,2.7855804,-20.25679,-0.37402266,8.200455,-54.547665,-1.3609295,0.6372504,-81.22382,-9.019489,2.4446557,-54.22348,-4.650618,13.284261,-65.499146,-4.825518,1.5092597,-89.16815,-4.1220365,-1.1088443,-59.10296,-21.909742,16.68142,-5.547879,7.3823915,1.286804,-68.7477,-6.8831396,7.420034,-93.80055,-2.1464188,-4.163604,-57.82682
37.916748,-62.836666,-23.914207,30.134064,2.8024306,-11.588847,-7.8300376,7.5022163,-24.843836,9.104222,-6.654363,-3.3415785,4.300251,4.6081257,-28.810972,-2.8626535,0.73782635,-52.664993,-1.5479083,2.839865,-22.876074,-0.35382366,8.709741,-58.28968,-1.3814216,0.65138793,-87.550644,-9.549388,2.693386,-59.05808,-4.787804,13.926894,-70.325386,-5.0032034,1.6044209,-95.673965,-4.3857384,-1.0079477,-63.75021,-22.743452,17.309155,-5.7389145,7.5237665,1.0361788,-74.582466,-7.2003846,7.811256,-100.908005,-2.3073733,-4.2290626,-62.650078
37.44447,-62.080086,-23.575474,29.605463,1.9078836,-11.868779,-7.6504707,7.3560967,-25.801529,8.765221,-6.5007887,-6.0732427,4.273445,4.794235,-29.094141,-2.8280873,0.725057,-57.245605,-1.4668764,2.7620397,-26.775103,-0.3460642,8.754852,-58.56468,-1.3790736,0.6594,-91.35026,-9.7055645,2.8810415,-62.06881,-4.715386,13.776305,-70.834755,-4.9765363,1.6628296,-98.920395,-4.5254626,-0.823871,-66.53364,-22.43514,17.074047,-5.66539,7.3632646,0.6655389,-75.44693,-7.1805964,7.863764,-103.5399,-2.398533,-4.0877404,-65.172844
36.864563,-61.567093,-22.146637,29.616982,3.0177813,-11.247118,-7.719996,7.38166,-23.943344,8.971041,-6.5429544,-2.8677735,4.2146015,4.87918,-27.032742,-2.8228004,0.73621297,-51.00542,-1.5296988,2.8004386,-22.356827,-0.34402174,8.818658,-56.717686,-1.3686733,0.64697254,-85.032616,-9.394807,2.6517897,-57.98333,-4.692912,13.978327,-68.727234,-4.9153543,1.577205,-93.572296,-4.35472,-0.97695345,-63.104885,-22.313683,16.993486,-5.64528,7.3922505,1.4418652,-73.05702,-7.086153,7.696997,-98.92052,-2.311177,-4.144333,-62.176323
37.130737,-61.83679,-22.568575,29.583496,2.0327942,-11.788157,-7.691659,7.3754764,-24.988676,8.851137,-6.532515,-4.7456665,4.2279463,5.1484246,-26.76271,-2.83556,0.7302579,-53.93354,-1.5111213,2.7994878,-24.063717,-0.34046462,8.915778,-56.94841,-1.3753352,0.6555948,-89.231895,-9.601672,2.7791615,-60.47982,-4.722579,13.901258,-69.29722,-4.9740744,1.6520007,-97.492035,-4.489924,-0.8832607,-65.62729,-22.419273,17.066866,-5.6716385,7.4150314,0.98639524,-74.13514,-7.1649404,7.824956,-102.30655,-2.3775146,-4.118782,-64.3178
34.805843,-57.91401,-20.724558,27.74956,1.7373726,-11.167391,-7.334042,6.9973397,-22.27852,8.482975,-6.2173448,-2.589761,3.9462373,4.5593834,-23.567814,-2.7077732,0.73610884,-46.24143,-1.5318675,2.726194,-18.935785,-0.36271238,8.264924,-51.16323,-1.3420029,0.63488,-79.43654,-8.779904,2.396084,-53.063656,-4.4909945,13.030782,-62.146053,-4.6904373,1.5085111,-87.525856,-4.0758066,-1.0324259,-58.442127,-21.101593,16.066662,-5.3654375,7.140667,1.4001632,-66.10197,-6.6652684,7.2262974,-91.95462,-2.12676,-4.0025053,-57.05236
35.66397,-59.499126,-20.67556,28.599669,1.9160388,-11.419452,-7.662599,7.2776647,-21.070072,9.026158,-6.4861574,0.88584834,3.9822938,3.8430166,-22.65977,-2.78062,0.75677484,-39.474686,-1.6497123,2.8529704,-13.102991,-0.39064422,8.134694,-48.12945,-1.3459489,0.6164515,-70.60907,-8.361154,1.96872,-45.512623,-4.664941,13.366683,-57.75637,-4.7295485,1.3732195,-79.12631,-3.7294927,-1.4465518,-51.748,-21.796825,16.585833,-5.5260983,7.6320777,2.6848774,-59.867867,-6.615589,7.0035443,-83.25584,-1.8730394,-4.3407636,-50.213577
35.747845,-59.666744,-20.480297,28.686443,1.6261631,-11.609291,-7.703622,7.309239,-20.956104,9.067391,-6.505457,1.0014277,3.9821641,3.5720754,-22.835932,-2.787869,0.757911,-39.30762,-1.652775,2.8585055,-12.865559,-0.40072292,8.039907,-47.57423,-1.3470078,0.6144351,-69.67548,-8.307012,1.9269941,-44.560074,-4.690305,13.362323,-56.88198,-4.7310576,1.3604145,-78.179886,-3.6922672,-1.4840858,-50.95171,-21.894154,16.65803,-5.543482,7.724891,2.8833637,-58.379173,-6.5931287,6.9699287,-81.89965,-1.8368057,-4.379882,-49.240013
35.09292,-58.441936,-20.11639,28.059423,1.054488,-11.659244,-7.5438743,7.1676407,-20.850399,8.845269,-6.381433,0.2567458,3.9117014,3.4162161,-22.354568,-2.7459168,0.7539811,-39.556026,-1.6193056,2.8102486,-13.414435,-0.40771818,7.856493,-45.71845,-1.338628,0.61099577,-67.90182,-8.116319,1.8611948,-43.207317,-4.6175814,13.087711,-54.718372,-4.649826,1.3291342,-76.06691,-3.6018603,-1.4926751,-49.57572,-21.488737,16.338694,-5.4472485,7.6344495,3.0047646,-55.831486,-6.444472,6.7961674,-79.20639,-1.7758774,-4.32878,-47.65843
35.529568,-59.277267,-20.554213,28.301971,0.44119886,-12.133996,-7.5240936,7.18747,-22.773016,8.696148,-6.380853,-2.8090682,3.990023,4.090809,-23.034296,-2.770586,0.74057543,-45.72683,-1.563117,2.7946672,-17.668257,-0.38590726,8.232798,-48.036854,-1.351022,0.62836194,-75.92399,-8.613518,2.1639702,-49.177063,-4.6509633,13.274158,-58.219803,-4.761689,1.4605231,-83.97112,-3.9243143,-1.2735097,-55.418118,-21.742468,16.528957,-5.507329,7.6102486,2.4036698,-60.15995,-6.6570926,7.1054087,-86.74135,-1.9702425,-4.253472,-53.372425
34.92537,-58.084835,-20.611897,27.67416,0.41767767,-11.881174,-7.339734,7.0266953,-22.797667,8.458379,-6.2442718,-3.542109,3.9345338,4.1033773,-23.047037,-2.7223232,0.7364563,-46.229927,-1.5345558,2.745995,-18.294296,-0.387317,8.050902,-47.53066,-1.3429028,0.6271696,-75.92188,-8.5078745,2.1571493,-49.119934,-4.5568695,12.929989,-57.671562,-4.692194,1.455214,-83.63426,-3.893043,-1.228611,-55.09062,-21.272984,16.166641,-5.397339,7.4196596,2.1034503,-59.743988,-6.551926,6.9985743,-86.10268,-1.9561846,-4.158016,-52.948715
34.607883,-57.973206,-19.700459,27.584682,0.30473185,-11.899601,-7.370023,7.033927,-22.198769,8.51224,-6.2430305,-2.7990644,3.903596,3.9745576,-22.247623,-2.722407,0.73843795,-44.74628,-1.5474651,2.7498648,-17.245888,-0.390881,8.040089,-46.06275,-1.3384546,0.62283003,-73.39653,-8.343208,2.0650775,-47.196285,-4.559449,12.973514,-55.959602,-4.660002,1.423665,-81.26345,-3.8023214,-1.2887453,-53.59149,-21.237432,16.147463,-5.392973,7.4728813,2.4871287,-57.749443,-6.4756494,6.90749,-83.57855,-1.8927155,-4.193001,-51.371056
35.17061,-58.81139,-20.40514,27.90604,0.20650429,-12.105877,-7.4418306,7.1070557,-22.763056,8.585297,-6.303337,-3.210918,3.9542608,4.032551,-22.820675,-2.750392,0.73813,-45.933266,-1.5566304,2.7732148,-17.704645,-0.39005885,8.085679,-46.990456,-1.345849,0.627236,-75.45348,-8.469366,2.1140893,-48.28484,-4.615946,13.015528,-57.092415,-4.721879,1.4597535,-83.34631,-3.8641684,-1.2749071,-54.758297,-21.511072,16.355896,-5.455097,7.548696,2.217626,-59.01344,-6.562957,7.013175,-85.4972,-1.9135084,-4.231769,-52.420147
36.547653,-61.034515,-21.292816,29.214209,1.4675658,-11.938045,-7.821855,7.4400606,-21.838633,9.214359,-6.62487,0.5861213,4.059009,3.6025505,-23.179417,-2.8346937,0.7596616,-39.967773,-1.6771858,2.907331,-12.582517,-0.40903616,8.0885935,-46.62608,-1.355854,0.61263007,-68.804794,-8.21938,1.7903681,-42.606247,-4.79571,13.488977,-55.83819,-4.7993402,1.3489716,-77.31592,-3.6009374,-1.6301332,-49.55839,-22.365314,16.984255,-5.647332,7.9461617,3.0763125,-56.860687,-6.6186924,6.937088,-79.67462,-1.7296927,-4.5467515,-47.361
36.2361,-60.473717,-21.020706,28.902266,1.1461817,-11.98898,-7.796049,7.4034176,-21.195251,9.204451,-6.597012,1.2867653,4.000329,2.9802232,-22.806866,-2.8203173,0.76313704,-38.111294,-1.6879385,2.9047503,-11.256139,-0.43070215,7.694515,-44.953472,-1.3499933,0.6055765,-65.64702,-8.008255,1.6618637,-40.235542,-4.792281,13.160552,-53.42282,-4.750319,1.297317,-74.14821,-3.4776456,-1.7111233,-47.310966,-22.198803,16.861868,-5.6113176,7.9986057,3.19768,-53.709404,-6.5236297,6.793691,-76.6096,-1.6523106,-4.5692716,-45.204273
36.943615,-61.451866,-22.187143,29.378765,1.6448569,-11.923317,-7.880486,7.4985414,-21.763968,9.337476,-6.6921816,1.4165301,4.0680118,3.1975255,-23.361746,-2.8504868,0.7662868,-38.17769,-1.7101738,2.9405923,-11.111659,-0.42488357,7.8200226,-46.249535,-1.3577445,0.60797113,-66.69621,-8.121801,1.6847066,-40.875362,-4.8495097,13.308226,-54.897137,-4.806954,1.3015854,-74.94325,-3.4862292,-1.7497578,-47.543346,-22.500063,17.08834,-5.6832542,8.053964,2.9963613,-55.74109,-6.622661,6.882434,-77.94405,-1.662494,-4.6286836,-45.740555
35.04732,-58.557392,-20.323004,28.034721,1.475569,-11.436766,-7.569627,7.196687,-20.532118,8.982647,-6.4239106,1.7623913,3.89027,2.977476,-21.678476,-2.7526035,0.7639027,-35.389854,-1.6765978,2.8447096,-10.106712,-0.4341352,7.4987803,-42.4164,-1.332511,0.5952339,-60.339836,-7.5804214,1.5037422,-36.628975,-4.665892,12.786652,-50.260376,-4.579659,1.1975617,-68.07111,-3.2122397,-1.7945247,-43.200325,-21.494137,16.325754,-5.4548035,7.806514,3.3891406,-50.552757,-6.2482276,6.472823,-70.65294,-1.5111825,-4.5048056,-41.395985
32.387894,-54.960533,-16.938889,26.521227,1.8857503,-10.534666,-7.2913218,6.877365,-17.703157,8.711703,-6.122613,4.0535965,3.660412,2.6797848,-19.077486,-2.640908,0.767728,-28.591576,-1.679411,2.752263,-6.5267973,-0.43924206,7.248233,-37.575714,-1.2976019,0.57442075,-49.56511,-6.7711773,1.1928142,-29.54587,-4.4364176,12.406666,-44.157852,-4.272678,1.0379145,-57.26741,-2.794467,-1.9143589,-36.31178,-20.292927,15.423377,-5.183235,7.557505,4.4052587,-43.123528,-5.729087,5.9074984,-59.449036,-1.266196,-4.3971434,-34.45169
33.228275,-56.80558,-16.511833,27.554823,2.7089388,-10.486063,-7.5806947,7.117735,-17.364273,9.091756,-6.3052874,5.3498735,3.769144,2.6988873,-20.01385,-2.7068095,0.77563334,-27.556791,-1.7217112,2.8168373,-5.617477,-0.43143594,7.571987,-38.782543,-1.3072032,0.57263416,-48.166504,-6.8241925,1.1500015,-28.605364,-4.548041,13.074957,-45.27306,-4.3522162,1.0267578,-56.482445,-2.7725828,-2.0171256,-35.717125,-20.94713,15.935452,-5.3341856,7.813287,5.131549,-43.321266,-5.8179536,5.9828978,-58.4533,-1.2223638,-4.5634384,-33.546272
32.80165,-56.868385,-13.978493,28.105265,4.0546727,-9.914089,-7.7457604,7.241056,-15.939734,9.39539,-6.385428,7.8351803,3.8028994,2.48432,-20.307854,-2.7244074,0.7884475,-22.39937,-1.7619524,2.838594,-2.73224,-0.44115618,7.810296,-35.898315,-1.2968321,0.54981625,-36.46377,-6.2054534,0.756232,-20.318398,-4.5838876,13.700459,-40.88719,-4.243929,0.84994435,-45.38352,-2.3512936,-2.353524,-28.245111,-21.148565,16.093557,-5.374954,8.141887,7.1349406,-35.3795,-5.53374,5.5738044,-45.61103,-0.90946186,-4.8017383,-25.055397
34.910652,-60.51428,-14.867726,30.072031,5.31821,-10.017871,-8.1777315,7.6587124,-17.096771,9.920965,-6.7277336,7.8542337,4.076803,2.7399304,-23.852077,-2.846485,0.7944766,-24.698744,-1.7973125,2.9496455,-3.7874756,-0.42536855,8.426262,-40.100216,-1.323334,0.5559535,-38.959175,-6.6073956,0.805001,-22.100195,-4.8037844,14.784856,-45.391766,-4.4743757,0.9022203,-48.82877,-2.516312,-2.4439952,-30.428455,-22.447395,17.096798,-5.667309,8.599403,7.796816,-37.79406,-5.8487134,5.851254,-48.040634,-0.9396931,-5.0709424,-26.09412
35.61209,-61.907738,-14.776635,30.689964,5.1794004,-10.384482,-8.415193,7.875278,-16.920378,10.267644,-6.9175377,9.277005,4.123454,2.627912,-22.390877,-2.9114463,0.8038684,-22.57683,-1.8391674,3.0163383,-2.295397,-0.43806472,8.554084,-37.774673,-1.3307624,0.548083,-34.73568,-6.47022,0.6437801,-18.867998,-4.9543552,15.088021,-42.552097,-4.5100117,0.81300133,-44.00183,-2.317222,-2.6666336,-27.254581,-22.999073,17.52331,-5.811387,8.906142,8.365953,-35.464413,-5.8776255,5.810637,-44.12626,-0.83188856,-5.2722254,-23.635338
36.31195,-62.63879,-16.125547,30.97424,4.9256396,-10.667737,-8.419669,7.9194016,-18.164173,10.264494,-6.971429,8.337846,4.1656237,2.569375,-23.036745,-2.928092,0.8026147,-24.473444,-1.8269092,3.0220299,-3.4799347,-0.44746685,8.430776,-38.459824,-1.3384244,0.55148226,-36.84573,-6.6272383,0.72007346,-19.99317,-5.017513,14.918995,-43.019672,-4.5578322,0.8210467,-45.404438,-2.354047,-2.6587439,-27.907988,-23.260405,17.69517,-5.861784,8.962474,7.802962,-36.717094,-5.9786134,5.915241,-45.970154,-0.8768965,-5.2872763,-24.708187
35.652676,-61.510117,-15.508276,30.35911,3.450709,-11.253901,-8.308709,7.82495,-18.187014,10.056711,-6.888167,7.273639,4.08903,2.4848115,-21.66189,-2.9027693,0.79640114,-25.58993,-1.786834,2.980115,-4.728137,-0.45441964,8.348674,-36.74182,-1.3330564,0.55281967,-37.23673,-6.6453414,0.7764361,-20.585602,-4.9904566,14.678284,-41.22829,-4.519353,0.8221203,-45.5497,-2.3994994,-2.585768,-28.561075,-23.005827,17.480865,-5.8057556,8.933764,7.8266273,-35.110783,-5.9429493,5.897293,-46.202713,-0.9292742,-5.2020216,-25.590778
33.86776,-58.090397,-14.972803,28.72591,2.7325778,-10.967338,-7.896969,7.4826727,-17.635118,9.711372,-6.6442924,8.5238,3.829078,1.2446184,-18.884138,-2.7869356,0.8045473,-18.46088,-1.8000587,2.902808,0.27462825,-0.52992845,7.1700335,-26.217861,-1.2996435,0.5171002,-21.344376,-5.3342695,0.11480555,-6.732641,-4.911237,13.027411,-27.25421,-4.165216,0.50776565,-26.862547,-1.5231698,-3.0503962,-14.183351,-21.903223,16.623003,-5.5474453,8.971186,7.581999,-20.480495,-5.263541,5.021283,-26.729948,-0.4235198,-5.271236,-11.671702
34.25574,-57.90307,-17.136797,28.533789,2.4388626,-11.021113,-7.6914735,7.3635716,-19.429672,9.45584,-6.5873866,6.6517224,3.8253355,1.0508348,-20.07726,-2.7514174,0.79996026,-20.521677,-1.7660218,2.8718855,-0.7442055,-0.55417246,6.682724,-25.541073,-1.299346,0.5167644,-22.263063,-5.2754793,0.06967329,-6.168896,-4.9069047,12.297687,-25.677584,-4.1520205,0.49468452,-26.645452,-1.4646522,-3.0799484,-13.018099,-21.737463,16.488607,-5.4891863,8.935547,6.548123,-19.208626,-5.22541,4.930309,-25.830982,-0.39119446,-5.245957,-10.299899
33.102295,-56.722885,-14.40959,28.12818,2.3836448,-10.890833,-7.54426,7.238493,-19.349989,9.223522,-6.448255,5.60264,3.7712197,1.3855103,-19.412064,-2.7135537,0.797928,-19.781794,-1.7367618,2.8151808,-0.82360053,-0.551032,7.0385485,-22.900928,-1.2844472,0.50692475,-17.357012,-4.9490128,-0.022753745,-2.9442234,-4.8349056,12.532316,-22.200346,-4.0206857,0.43498617,-21.599005,-1.3000087,-3.1227279,-10.188931,-21.373575,16.229568,-5.407443,9.018072,7.613054,-13.378402,-4.9512897,4.6618576,-18.60637,-0.25683793,-5.239901,-6.415105
34.975975,-60.59717,-13.941426,30.045864,3.1587474,-11.282867,-8.018878,7.69009,-20.44173,9.7698555,-6.797598,5.525512,4.0152535,1.6823931,-21.355244,-2.848545,0.80443966,-21.542345,-1.7810688,2.9303133,-1.304321,-0.54479975,7.7411566,-24.83736,-1.3089875,0.51028174,-18.095558,-5.23292,-0.016692782,-3.1091235,-5.101385,13.650859,-24.013428,-4.2295747,0.45956668,-22.77504,-1.3765826,-3.2633662,-11.013147,-22.756937,17.308044,-5.727953,9.628843,8.550561,-13.035128,-5.197359,4.8872805,-18.357698,-0.22734913,-5.5570617,-6.233821
33.61625,-58.283188,-12.87629,29.009459,2.6141186,-11.141599,-7.826197,7.480617,-19.195757,9.539331,-6.622309,5.9710674,3.8737082,1.5001442,-19.819382,-2.7859042,0.80083203,-19.820286,-1.7714052,2.8843424,-0.35594106,-0.54532164,7.458274,-23.678202,-1.2950237,0.50879055,-17.639717,-5.1114855,-0.02156109,-3.268662,-4.967983,13.213001,-23.136263,-4.133332,0.46338403,-22.738209,-1.399011,-3.1681485,-11.351046,-22.084139,16.77132,-5.5706625,9.38503,8.422636,-12.110261,-5.085812,4.791937,-18.834618,-0.26706412,-5.394136,-6.8090496
33.412025,-57.90796,-13.27918,28.799564,2.9282162,-10.87967,-7.7419777,7.4042926,-19.163143,9.446677,-6.5643954,5.864965,3.8561928,1.6773434,-19.831867,-2.7635477,0.79999804,-19.721254,-1.7659986,2.8684595,-0.29563043,-0.5346755,7.503236,-24.090322,-1.2927833,0.509201,-18.275673,-5.106036,-0.005742984,-3.764685,-4.907788,13.158216,-23.706774,-4.1078396,0.4702085,-23.19552,-1.4050385,-3.135938,-11.501841,-21.868658,16.601131,-5.517804,9.23227,8.199899,-13.340652,-5.059783,4.770482,-19.520622,-0.27954996,-5.3381095,-7.157992
32.48822,-56.74601,-12.115833,28.180826,2.873169,-10.666066,-7.6617947,7.304465,-18.055708,9.402814,-6.4842134,7.17502,3.7608953,1.6955799,-17.901985,-2.733404,0.8019054,-17.54458,-1.7729964,2.8464832,1.0811481,-0.5353681,7.4143457,-22.28114,-1.2828163,0.5039485,-16.074408,-4.9108386,-0.05361497,-2.4437482,-4.836961,12.950547,-22.03327,-4.022868,0.4398671,-21.102526,-1.3099369,-3.1359348,-10.26771,-21.418806,16.267044,-5.4348764,9.064158,8.306239,-12.808804,-4.9375668,4.6715736,-18.07277,-0.2545194,-5.268974,-6.4482703
31.373318,-54.801823,-12.202043,26.898745,1.9026601,-10.670474,-7.3862453,7.03353,-17.253775,9.035661,-6.267829,6.8112044,3.604378,1.7312386,-15.976055,-2.6577113,0.7936504,-17.634537,-1.732353,2.7753246,0.54285526,-0.52502924,7.195779,-21.527283,-1.2702307,0.50919324,-18.131693,-4.918184,0.039903928,-4.5419717,-4.65591,12.514225,-22.114386,-3.9318666,0.47490597,-23.081879,-1.3931876,-2.9693542,-12.056998,-20.55903,15.608339,-5.250148,8.601151,7.9214454,-15.264634,-4.866673,4.641139,-21.285791,-0.3625501,-5.0360084,-9.085288
32.106586,-56.07791,-12.623133,27.372103,1.5106124,-11.089557,-7.496769,7.146072,-17.85298,9.107771,-6.3532567,5.9621897,3.6669514,1.840906,-16.337233,-2.6924207,0.79315495,-19.34536,-1.7195164,2.790001,-0.8599086,-0.5211183,7.487255,-21.714354,-1.2784173,0.5120124,-18.93986,-5.0419464,0.08043731,-4.992881,-4.7223186,12.930395,-22.347183,-3.9880538,0.48028785,-23.593113,-1.4196612,-2.9937322,-12.411849,-20.947332,15.905819,-5.3384905,8.741556,8.286067,-15.567811,-4.936049,4.7068515,-21.418983,-0.36641634,-5.1127014,-9.336765
31.631355,-55.26321,-11.973899,27.144882,1.44428,-11.020655,-7.457537,7.105589,-17.447456,9.075411,-6.3167,6.3300195,3.6310813,1.7290848,-15.956247,-2.6769133,0.7950184,-18.06776,-1.7262552,2.7845633,-0.008908898,-0.5307625,7.370304,-20.889889,-1.2734917,0.5077336,-17.275248,-4.9371724,0.027372275,-3.942063,-4.7052393,12.784774,-21.244114,-3.9480762,0.45316923,-21.971275,-1.3712368,-3.0155663,-11.410272,-20.79044,15.787179,-5.301979,8.7757435,8.425818,-13.5667515,-4.869434,4.623604,-19.683754,-0.33576024,-5.100731,-8.189828
30.820915,-53.918552,-11.272074,26.667282,1.2686392,-10.891876,-7.320086,6.9735384,-17.20742,8.887247,-6.200022,5.889882,3.5470684,1.3823346,-15.582157,-2.634158,0.7931625,-16.906384,-1.7220001,2.7563596,0.78867674,-0.54303354,7.0459175,-19.802242,-1.2632909,0.50462544,-15.847321,-4.783427,-0.03121968,-2.9294364,-4.6469297,12.39364,-19.695518,-3.878541,0.43829,-20.577162,-1.3283349,-3.00392,-10.428675,-20.442728,15.522796,-5.2077227,8.768928,8.301163,-10.549862,-4.7574816,4.49346,-18.059366,-0.30250686,-5.0393553,-7.0196915
35.71334,-61.26749,-14.836239,29.32816,-3.140162,-14.523899,-8.184323,7.817369,-19.888927,9.722796,-6.9155316,3.6031291,3.795933,-0.1874936,-15.13468,-2.8992503,0.801653,-21.830751,-1.7588364,2.9714565,-1.7688187,-0.5876814,7.403597,-16.325712,-1.3172367,0.51137704,-17.134554,-5.26626,-0.09647552,-1.8540884,-5.2910085,13.439673,-15.479657,-4.294737,0.3921601,-20.168633,-1.2986311,-3.409063,-9.299427,-23.074923,17.572065,-5.8398447,10.016489,8.94894,-7.43832,-5.3281655,4.9168835,-18.457617,-0.26857206,-5.6638002,-6.8435993
37.45552,-63.016163,-19.158895,28.89835,-7.4683685,-16.837572,-8.230296,7.8534565,-20.662798,9.585394,-6.988342,0.84083223,3.6800387,-1.7247221,-12.8681,-2.9242942,0.7955191,-25.368084,-1.7320774,2.9929333,-3.7470772,-0.615059,6.921173,-12.429423,-1.3269546,0.51783276,-20.713146,-5.4055443,-0.12000202,-3.1704834,-5.3954754,13.033759,-12.395643,-4.4119806,0.43225113,-23.333332,-1.367348,-3.4356961,-10.455387,-23.287388,17.734676,-5.901864,10.043187,8.123316,-8.358948,-5.54218,5.04916,-23.364561,-0.34406897,-5.7020273,-9.4852
34.049656,-57.236294,-16.981737,26.360014,-7.622629,-15.836235,-7.6200953,7.242238,-18.46294,8.868016,-6.44901,1.3344061,3.3678684,-1.6660925,-10.623287,-2.7391744,0.78671205,-21.862755,-1.6851966,2.8237236,-2.3121917,-0.6107376,6.3248415,-10.374771,-1.2876959,0.5119893,-17.806246,-4.8989778,-0.14109565,-1.8474103,-5.001971,11.91268,-10.206934,-4.0853224,0.41174707,-20.535349,-1.2548025,-3.2185168,-9.157412,-21.392324,16.269629,-5.455247,9.340123,7.664098,-6.061099,-5.0723124,4.654753,-20.43108,-0.3045408,-5.291442,-8.084364
36.481747,-60.73536,-19.324915,27.741755,-9.576661,-17.523766,-8.012336,7.627118,-19.850967,9.242233,-6.795146,0.028949276,3.4968598,-1.9084208,-10.142202,-2.8591895,0.7908094,-24.227884,-1.7134564,2.9386144,-3.2972777,-0.61477077,6.806266,-9.458068,-1.313865,0.5173734,-20.158964,-5.215082,-0.16230069,-2.3270147,-5.2708726,12.699938,-9.771435,-4.3145533,0.43155557,-22.499716,-1.3353926,-3.3710814,-9.899903,-22.681593,17.2363,-5.7455826,9.834794,8.0738,-6.608786,-5.3913627,4.895247,-22.326008,-0.3281599,-5.5648875,-8.930584
36.757053,-61.240948,-20.715096,27.602228,-9.227412,-17.299805,-7.901097,7.5455313,-20.621956,9.081564,-6.741499,-1.225446,3.514263,-2.0122602,-11.584293,-2.8375213,0.78483814,-26.521908,-1.6693016,2.9042265,-5.2406363,-0.60596895,6.6780396,-10.759403,-1.3146954,0.5229162,-22.594172,-5.330533,-0.08208199,-4.285063,-5.2216578,12.523834,-11.109239,-4.316498,0.45878825,-24.463232,-1.388984,-3.3113778,-11.04586,-22.46625,17.113756,-5.707363,9.636529,7.5461707,-9.229231,-5.423958,4.9309397,-24.892153,-0.3862797,-5.501455,-10.629188
31.937857,-52.977818,-17.745268,24.223984,-6.914932,-14.549768,-6.8927164,6.6094847,-18.455057,7.9992933,-5.9520893,-0.5591726,3.1448276,-1.4956303,-10.566137,-2.546711,0.7727803,-21.710453,-1.58706,2.6513183,-3.246192,-0.5930426,5.8177853,-9.793587,-1.2576165,0.50996566,-18.31743,-4.625954,-0.118247144,-2.6788068,-4.6105638,10.79915,-9.531383,-3.8235226,0.394144,-19.723885,-1.1954986,-3.0224636,-8.378742,-19.604422,14.918736,-5.0258865,8.497227,6.4267445,-7.2311087,-4.7414856,4.32175,-20.031391,-0.34093583,-4.8810844,-8.114749
38.350594,-63.12479,-23.597084,28.961012,-5.916954,-15.978919,-7.9299064,7.664751,-22.961395,9.375216,-6.930843,-0.34153557,3.716476,-2.3637114,-16.890545,-2.8686705,0.79269373,-28.488085,-1.6923552,2.961501,-5.4804626,-0.64496434,5.699724,-16.109354,-1.3279899,0.52176595,-25.296213,-5.6351094,-0.04992445,-6.3351984,-5.347759,11.722759,-15.486979,-4.4329324,0.4622075,-27.505013,-1.4884121,-3.3479104,-12.6124525,-22.997173,17.521353,-5.8047256,9.710321,6.0097713,-13.266455,-5.685418,5.1408067,-29.492443,-0.4814521,-5.5569463,-13.021756
42.572292,-68.583,-29.667078,31.870724,-3.5180295,-15.795201,-8.464966,8.237059,-25.947466,10.04771,-7.4387727,-0.82283837,4.1798925,-1.5908834,-23.52513,-3.0282004,0.80420524,-34.06132,-1.7395511,3.1225233,-8.442214,-0.6349516,6.118538,-25.260777,-1.3799672,0.5399235,-34.993847,-6.5289826,0.16086464,-12.310274,-5.660177,12.646966,-25.319115,-4.8323894,0.5704429,-36.96319,-1.8297237,-3.404776,-17.569145,-24.950628,18.950365,-6.2067404,10.146504,5.1142364,-22.69841,-6.2955604,5.683526,-38.513107,-0.6066559,-5.8648224,-16.93969
39.712406,-63.986935,-27.504827,30.243393,-1.2056422,-13.792935,-7.952604,7.733679,-24.725584,9.45881,-6.9668913,-0.65243196,4.066113,-1.0095364,-25.956356,-2.877207,0.7963677,-33.586456,-1.6988981,2.9736125,-8.608653,-0.6234558,5.673377,-29.096651,-1.3548644,0.5397711,-36.40609,-6.3012094,0.3094793,-14.200729,-5.2976007,11.7498045,-29.120213,-4.5880322,0.62557095,-38.833122,-1.8715744,-3.0982242,-19.16482,-23.429976,17.73192,-5.836073,9.465797,4.331913,-24.16994,-5.9394665,5.4791155,-38.58764,-0.6137513,-5.483096,-16.93866
40.607944,-64.83691,-28.692453,30.589075,-1.6064994,-14.191835,-7.980659,7.7857943,-26.070953,9.357151,-6.991676,-3.3682604,4.167308,-0.2507649,-27.63874,-2.910563,0.78864056,-38.5601,-1.6799285,2.987139,-11.413585,-0.5946197,6.2352886,-32.53533,-1.3719219,0.55649346,-44.410862,-6.729932,0.56259465,-19.414488,-5.3232217,12.080937,-33.809597,-4.7194595,0.7668997,-46.781494,-2.1482773,-2.9277513,-24.090437,-23.709646,17.956581,-5.9058094,9.428845,3.7939029,-29.156221,-6.118531,5.7518706,-44.966515,-0.73127264,-5.460155,-20.739994
41.817738,-66.82751,-29.500107,31.556936,-1.0856222,-14.319047,-8.249363,8.032217,-26.271631,9.687085,-7.1957297,-2.8402388,4.2893114,0.04987979,-28.065668,-2.9805584,0.7948178,-37.879436,-1.7280335,3.0673184,-10.529065,-0.5820359,6.712344,-33.42078,-1.385587,0.557251,-44.393005,-6.8311334,0.50704753,-18.787003,-5.4513087,12.714296,-34.815136,-4.8324194,0.7641298,-46.710545,-2.141276,-3.0485816,-23.53098,-24.436846,18.51442,-6.067734,9.696916,4.1027856,-29.785835,-6.258873,5.8478637,-44.747643,-0.69226015,-5.6381836,-20.062344
42.60377,-68.300316,-29.628498,32.101532,-1.8122423,-14.9708395,-8.329899,8.141051,-27.970745,9.730815,-7.2915196,-4.7461157,4.380625,0.25399396,-28.917412,-3.0314822,0.78731984,-42.864803,-1.7078669,3.0950396,-13.153444,-0.576585,6.8583603,-35.853947,-1.3993292,0.57064754,-51.54221,-7.329633,0.74869263,-23.95558,-5.541504,12.924932,-38.17739,-4.993622,0.9038834,-54.577877,-2.4923763,-2.8719702,-29.376932,-24.931047,18.889704,-6.185482,9.810299,3.758933,-33.12479,-6.537621,6.204758,-52.32049,-0.89480376,-5.6259313,-25.614855
42.95457,-68.628525,-30.907598,32.360596,-0.43676904,-14.336135,-8.365993,8.17047,-27.503424,9.884662,-7.3561773,-2.6620514,4.3960686,0.41066366,-28.74173,-3.0355558,0.79427147,-40.307518,-1.7459389,3.1315055,-11.107645,-0.5720399,6.7008715,-37.870045,-1.4021157,0.5713,-52.294582,-7.4628687,0.7727946,-25.11405,-5.534767,12.8044815,-40.665432,-5.0238485,0.90503323,-55.831024,-2.5404384,-2.873925,-29.983921,-24.95493,18.910837,-6.192938,9.671492,3.2471614,-37.181923,-6.667095,6.3155246,-55.743176,-0.9767927,-5.599564,-27.571302
42.78552,-68.02759,-31.693396,32.083447,0.14870515,-13.874984,-8.298896,8.096171,-26.862446,9.864669,-7.3067427,-1.5721762,4.356819,0.42053103,-28.474972,-3.0068672,0.7956312,-38.733433,-1.7504783,3.1129794,-10.374778,-0.57085484,6.542452,-38.161007,-1.3973615,0.5703467,-51.525177,-7.3642244,0.75163984,-24.744724,-5.4694266,12.576316,-41.183735,-4.9692264,0.87951136,-54.84155,-2.4602904,-2.8792214,-29.015335,-24.645428,18.69421,-6.1244717,9.453071,2.8792748,-39.092575,-6.617045,6.266119,-55.81382,-0.96173346,-5.5399423,-27.293585
42.128986,-66.79693,-31.75999,31.620089,1.2351289,-13.069389,-8.166146,7.9550653,-26.12588,9.731433,-7.1759977,-0.9258799,4.3293056,0.9669434,-28.788784,-2.9591925,0.79353446,-37.96509,-1.7357092,3.0640466,-10.586887,-0.5491967,6.6877794,-40.064877,-1.3898857,0.57331574,-52.282177,-7.3422017,0.8394785,-26.014242,-5.3284674,12.56627,-43.715473,-4.890015,0.89125067,-55.559597,-2.4636254,-2.7772286,-29.564272,-24.125544,18.319902,-6.010543,9.09808,2.6637006,-42.662468,-6.523876,6.233484,-56.876484,-0.9791224,-5.4047713,-28.041485
41.108044,-65.23579,-31.32494,30.952736,1.9631515,-12.3680935,-7.990341,7.777498,-25.377754,9.553757,-7.0171127,-0.39442068,4.2635098,1.0484914,-28.789371,-2.901574,0.79272795,-36.832043,-1.7235475,3.0131693,-10.318128,-0.54694873,6.4984465,-40.454456,-1.3785726,0.57115436,-51.576283,-7.216607,0.8473207,-26.022099,-5.196642,12.255602,-44.114872,-4.7873254,0.87711805,-54.737137,-2.4170105,-2.715273,-29.120975,-23.518517,17.865627,-5.874606,8.832969,2.4478502,-43.13436,-6.3921437,6.123967,-56.3974,-0.9681114,-5.277654,-27.791664
39.337673,-62.466198,-29.903952,29.551035,1.4871335,-12.043011,-7.6442485,7.452454,-24.672655,9.1184635,-6.738378,-1.0279388,4.089899,0.6570953,-27.735538,-2.8046975,0.7859626,-36.574608,-1.6693177,2.9107046,-10.847717,-0.55544513,6.0509443,-38.030716,-1.3578874,0.5656313,-49.346,-6.9322524,0.82172453,-25.099237,-5.014081,11.569141,-41.30873,-4.6076894,0.83553606,-52.154377,-2.3309965,-2.6264389,-28.033752,-22.499275,17.095673,-5.6476593,8.518184,2.2825518,-40.333965,-6.1473303,5.891728,-53.981277,-0.9569491,-5.0719867,-26.916298
36.590534,-58.294655,-27.362411,27.78397,2.3883326,-10.737132,-7.2137794,7.0231137,-22.571556,8.587053,-6.324246,-0.5557206,3.889184,1.1772972,-26.009935,-2.6641548,0.7854798,-32.151596,-1.6340442,2.7802823,-9.437073,-0.52826387,6.2352,-35.28021,-1.3267035,0.5525958,-42.611473,-6.322224,0.67421603,-20.999828,-4.6886425,11.322535,-37.680275,-4.291239,0.7169256,-44.34334,-2.0187383,-2.6243186,-23.01997,-21.026615,15.982585,-5.3107796,8.057188,2.755704,-35.95192,-5.633903,5.3681526,-45.399265,-0.77472055,-4.8543563,-21.545399
35.522038,-56.964985,-25.688341,27.431786,3.5934978,-9.856437,-7.0800796,6.887342,-21.800282,8.4044485,-6.1591077,-0.5752994,3.8668225,1.4996008,-26.792938,-2.611218,0.78531754,-31.029022,-1.6015352,2.7126963,-9.748443,-0.51132184,6.470519,-35.207172,-1.315253,0.5464527,-38.914127,-6.0627117,0.6211045,-18.908392,-4.556448,11.526812,-36.670742,-4.149022,0.64511406,-39.93448,-1.8475379,-2.6472268,-20.410717,-20.564375,15.627893,-5.194435,7.926677,3.3477983,-33.57324,-5.379082,5.1096306,-39.939526,-0.6532954,-4.805391,-18.17388
36.645664,-59.586384,-24.9717,28.965527,5.4260745,-9.473994,-7.5324845,7.261165,-21.185337,9.166248,-6.4818993,3.4291794,4.027899,1.0024568,-28.154133,-2.710519,0.79929817,-27.15544,-1.6905153,2.8198926,-6.7485795,-0.52472687,6.4502687,-35.966328,-1.3227526,0.53515214,-32.810776,-5.8805676,0.39868268,-14.359377,-4.751174,12.240062,-36.782913,-4.221857,0.5587797,-34.88329,-1.6378108,-2.9201715,-16.94241,-21.62139,16.387365,-5.4226427,8.349491,4.5390997,-31.95865,-5.4373827,5.1105547,-35.43619,-0.49423558,-5.1130304,-14.676796
38.20325,-63.222073,-23.568798,30.840523,6.26708,-9.841392,-8.122341,7.7735405,-20.893244,10.040045,-6.9205847,6.8266563,4.2022915,1.1177329,-27.08267,-2.8680966,0.81444603,-23.884073,-1.8014615,2.9790018,-3.8460839,-0.5168843,7.1094437,-35.60288,-1.3412021,0.5308062,-28.743238,-5.904036,0.25808084,-11.315018,-5.0378714,13.532077,-36.67964,-4.387972,0.5129355,-31.68463,-1.5275991,-3.1854107,-15.21673,-23.074375,17.485474,-5.7709045,8.930948,6.023912,-31.61652,-5.6454554,5.2902107,-33.162483,-0.4056649,-5.4846244,-13.334355
37.50396,-62.35799,-21.859604,30.416136,5.4344115,-10.116465,-8.117211,7.7367268,-19.66304,10.037899,-6.8810253,7.768034,4.1057367,1.0527036,-24.694483,-2.8554175,0.8145654,-21.796614,-1.8074979,2.9681678,-2.5395603,-0.51728827,7.2148085,-32.897877,-1.3316916,0.5265205,-25.650766,-5.6799965,0.16765386,-9.183793,-5.0010056,13.648784,-34.14757,-4.3272223,0.482135,-28.855883,-1.4306641,-3.2203865,-13.7480755,-22.835249,17.326962,-5.73073,8.901034,6.6700025,-29.491823,-5.529139,5.1771293,-30.320814,-0.35362768,-5.4764986,-11.825285
34.717075,-57.617252,-20.1497,27.947466,3.97934,-9.916088,-7.5118766,7.166616,-18.530453,9.2111635,-6.398005,5.9297743,3.8124704,0.7857168,-22.711592,-2.6836715,0.7986811,-21.642609,-1.706537,2.798193,-3.4679925,-0.5205594,6.6793327,-29.559294,-1.2977,0.5231419,-24.375702,-5.355167,0.16748174,-9.105751,-4.6610436,12.688708,-30.804745,-4.069951,0.47862735,-27.595194,-1.4299349,-3.0057194,-13.634173,-21.13229,16.045889,-5.3365116,8.329185,6.5969305,-25.913807,-5.1591997,4.8281965,-28.415894,-0.38679647,-5.1012397,-11.814801
35.59908,-58.38847,-21.436026,28.12881,1.9569242,-11.120344,-7.5734525,7.2443337,-19.243315,9.197096,-6.4798203,4.4266553,3.8103132,0.31958818,-22.17093,-2.7105577,0.7956673,-23.926975,-1.687464,2.8216045,-4.732372,-0.53487605,6.5581093,-28.960293,-1.3062034,0.5286234,-27.454014,-5.6352463,0.24329814,-11.180795,-4.7499638,12.64284,-30.484442,-4.1713715,0.5221801,-30.60274,-1.594984,-2.9726825,-15.75244,-21.472553,16.322214,-5.4102507,8.496894,6.4666686,-25.800232,-5.3412614,4.98073,-31.884487,-0.49343985,-5.1261806,-14.18327
36.491478,-58.85962,-24.481985,27.709833,-1.1754577,-12.7452345,-7.490404,7.2039304,-20.385775,8.9314785,-6.485045,1.2372615,3.7405314,-0.78822887,-21.685978,-2.6996217,0.78808427,-28.392338,-1.6117065,2.7988582,-8.151693,-0.56883574,6.0211105,-26.04868,-1.3123152,0.53243154,-30.339678,-5.835874,0.25976276,-12.767906,-4.812205,12.109871,-27.427906,-4.2334146,0.52898175,-32.6117,-1.699316,-2.955357,-16.850664,-21.50581,16.343647,-5.412431,8.538733,5.906148,-24.827776,-5.47191,5.0206285,-34.71154,-0.59301907,-5.100943,-16.393944
35.56215,-57.591324,-22.861488,26.688116,-5.300748,-14.677589,-7.353548,7.0957437,-20.795269,8.596672,-6.410069,-1.2348852,3.5368593,-1.984693,-18.011036,-2.6776946,0.7795749,-29.907686,-1.5653195,2.7621496,-8.953213,-0.6201066,5.3348274,-18.488796,-1.3005161,0.5265507,-28.187895,-5.672974,0.1668434,-10.827922,-4.9008965,11.150828,-18.71133,-4.1974783,0.50605035,-30.70163,-1.7171062,-2.9432473,-16.28259,-21.246801,16.149115,-5.369648,8.841961,5.836798,-15.981827,-5.4102244,4.9248247,-32.32242,-0.63422215,-5.0560317,-16.297024
33.440544,-55.234123,-18.737986,25.742727,-6.1294713,-14.739196,-7.1836395,6.922165,-19.88657,8.37826,-6.240379,-1.0084589,3.3750958,-1.8656619,-14.837728,-2.6338863,0.7780081,-26.020548,-1.5837817,2.7320175,-6.1368675,-0.61750925,5.532793,-14.112286,-1.2806373,0.516023,-22.816498,-5.239686,0.017660215,-6.848355,-4.819453,11.064682,-13.489769,-4.0470805,0.4541271,-25.439596,-1.5526958,-2.9814897,-13.237691,-20.669788,15.711747,-5.251457,8.932925,6.6784525,-8.622883,-5.12976,4.6618924,-25.674492,-0.52965724,-5.01016,-12.683573
30.574484,-51.02091,-15.782445,23.87973,-5.956161,-13.867088,-6.7476397,6.485192,-18.235392,7.8477225,-5.8442893,-0.78647906,3.1562612,-1.697796,-13.0720415,-2.5010731,0.7695091,-23.714516,-1.5384706,2.6045618,-5.291186,-0.60942733,5.2266636,-12.210708,-1.2511446,0.5113429,-20.29637,-4.8793216,0.012188073,-5.9506903,-4.5350857,10.368289,-11.513016,-3.805501,0.44180664,-23.186388,-1.4945571,-2.8115096,-12.399363,-19.248482,14.641236,-4.9319305,8.471228,6.659703,-5.777183,-4.7769237,4.371063,-22.977898,-0.51906025,-4.71147,-11.717411
30.539879,-51.67042,-14.354272,24.62267,-4.334616,-13.233123,-6.864224,6.599069,-18.572638,8.017121,-5.918241,-0.36242604,3.266861,-1.1553388,-14.633128,-2.5347054,0.77344257,-23.539953,-1.5642698,2.634665,-4.911175,-0.6064706,5.492278,-14.258229,-1.2560885,0.5115585,-19.918814,-4.936521,0.028654933,-5.8435082,-4.588834,10.756685,-13.272165,-3.8405538,0.4524754,-23.34513,-1.5258578,-2.828102,-12.721314,-19.609076,14.900674,-5.008916,8.688947,7.119749,-4.785786,-4.7974024,4.412747,-21.749777,-0.49588394,-4.791572,-10.960125
34.93478,-58.811794,-16.571701,28.68876,-0.88558793,-12.959643,-7.7142396,7.4323497,-20.921173,9.179342,-6.6311903,1.4117563,3.8289895,-0.024762467,-20.997587,-2.7847364,0.7915454,-25.679865,-1.685949,2.8772335,-4.618321,-0.5858454,6.614025,-22.857754,-1.308176,0.5206299,-23.517025,-5.551677,0.06582407,-7.370432,-5.0375175,12.641385,-22.169245,-4.2681856,0.5309926,-28.437532,-1.6888402,-3.0875077,-15.0871,-22.242767,16.882477,-5.590562,9.545411,7.9583697,-10.402107,-5.340666,4.925817,-24.61459,-0.4530148,-5.360463,-11.082013
37.725544,-63.32985,-18.201513,31.353207,1.9787121,-12.435648,-8.281634,7.9348693,-21.802235,9.757472,-6.9737573,0.8195938,4.3093133,1.5157034,-29.486992,-2.9246182,0.79233444,-32.387108,-1.7145498,2.9897046,-8.242071,-0.51843727,8.109548,-36.034924,-1.3466687,0.5439503,-34.69686,-6.452002,0.40950385,-15.430331,-5.1516113,14.820454,-37.19195,-4.6351514,0.7891995,-42.462692,-2.2695553,-2.9053874,-24.222256,-23.862362,18.080072,-5.918154,9.766547,9.043537,-21.365204,-5.7756777,5.4676065,-34.127316,-0.5702834,-5.5842175,-16.021963
38.229305,-64.85241,-17.399996,32.11728,2.968835,-12.219612,-8.163901,7.935767,-26.102978,9.156759,-6.7976413,-8.354513,4.61363,3.5138507,-36.01183,-2.9302938,0.77672845,-45.29243,-1.567086,2.9005067,-18.33655,-0.45603517,9.557657,-41.506218,-1.3650854,0.5599983,-43.56488,-6.984268,0.7317486,-21.668026,-5.110653,16.050735,-41.66587,-4.7401094,0.94396967,-50.11105,-2.5814564,-2.705581,-29.542168,-24.259619,18.416565,-5.976062,10.043685,9.698114,-20.135832,-5.7278075,5.4611154,-34.00552,-0.5209722,-5.6413817,-16.227493
40.016293,-67.75995,-18.797462,33.45377,2.4761674,-13.056752,-8.152036,8.068591,-31.927961,8.60056,-6.726517,-19.768757,4.99505,4.8671875,-43.963093,-2.9809284,0.7591211,-62.080025,-1.3892956,2.8198323,-31.430285,-0.41835332,10.807339,-46.979233,-1.3983439,0.5817202,-54.470028,-7.698271,1.1089132,-28.94533,-5.206897,17.245058,-45.57277,-4.919498,1.0794795,-58.139877,-2.8753703,-2.5714204,-35.04767,-25.263676,19.192976,-6.155303,10.578831,10.197867,-18.247538,-5.793283,5.5313687,-34.5778,-0.4595455,-5.8127856,-16.89847
40.287373,-68.45289,-18.209387,33.7742,2.031476,-13.458464,-8.282875,8.183416,-32.036457,8.728148,-6.8057055,-19.800085,5.0282216,4.772357,-43.775227,-3.0167785,0.76068115,-62.3507,-1.3983681,2.8436394,-31.608595,-0.4228015,10.923374,-46.368996,-1.4026061,0.580902,-53.730217,-7.712763,1.0950707,-28.306498,-5.2886257,17.472364,-44.707764,-4.957028,1.0724406,-57.522385,-2.8681862,-2.613762,-34.85235,-25.61385,19.458853,-6.237047,10.795366,10.5786085,-16.70954,-5.8239107,5.561498,-33.54365,-0.4360789,-5.898253,-16.456429
41.172512,-70.34438,-18.26575,34.636555,1.4796886,-14.155072,-8.479835,8.409959,-33.603664,8.93145,-6.9957204,-20.979969,5.133383,4.8471847,-43.60456,-3.0950406,0.76453805,-64.17299,-1.4067246,2.9008126,-32.883133,-0.43278208,11.153182,-45.350037,-1.4169734,0.5799305,-53.684513,-7.845022,1.0872798,-27.853794,-5.4809074,17.817091,-42.976986,-5.0579844,1.039598,-56.495686,-2.8409042,-2.7373545,-34.29532,-26.383211,20.048271,-6.4238024,11.222983,10.912767,-14.602164,-5.9597526,5.6545663,-32.32247,-0.42446637,-6.0811324,-16.142035
38.66534,-66.47656,-17.432108,32.493183,0.83498275,-13.597654,-7.9622765,7.9087844,-32.343517,8.341231,-6.5904813,-21.041878,4.8610992,4.6018186,-40.92258,-2.9491725,0.7540953,-62.808033,-1.335762,2.7512317,-33.30814,-0.42852005,10.616955,-42.124287,-1.386882,0.5756514,-51.57171,-7.4665146,1.0853229,-27.280289,-5.1762676,16.876133,-39.804745,-4.790807,0.98873436,-53.53141,-2.7197242,-2.581911,-33.05503,-24.814365,18.876501,-6.0753164,10.562413,10.386572,-14.05531,-5.6453867,5.374882,-31.215658,-0.45949993,-5.730424,-16.577482
35.67468,-61.05746,-16.705406,29.623726,0.047015294,-12.840293,-7.2980504,7.257338,-30.344084,7.5681014,-6.059622,-20.911573,4.5140133,4.2636275,-38.1697,-2.75848,0.74193704,-60.881283,-1.2636082,2.5754638,-32.96619,-0.42724478,9.805777,-39.539986,-1.3505646,0.57186645,-50.791622,-7.0580907,1.1144856,-27.571384,-4.7681255,15.502061,-37.906357,-4.48259,0.977979,-52.485157,-2.6394274,-2.3358037,-32.63938,-22.741419,17.289965,-5.6115904,9.647334,9.372311,-14.6833725,-5.265525,5.066985,-31.755354,-0.50590813,-5.2597027,-17.403387
33.250053,-57.03909,-15.317041,27.825962,0.935817,-11.555246,-6.8617034,6.8184094,-27.980602,7.2194505,-5.72932,-17.93218,4.244111,4.0532975,-35.314903,-2.615701,0.74173516,-54.131916,-1.2748599,2.4788408,-28.570951,-0.43624276,9.131099,-36.537792,-1.3165679,0.55910856,-44.835365,-6.45394,0.9550252,-23.75592,-4.4897895,14.395904,-34.771458,-4.195707,0.8832958,-46.384747,-2.3731444,-2.3049493,-28.464912,-21.233454,16.152458,-5.2698536,9.058975,8.700341,-13.165613,-4.8938646,4.711957,-27.535501,-0.43180472,-4.9823527,-14.483981
33.66786,-57.46964,-15.778931,28.04511,0.8741652,-11.6932745,-6.943778,6.887483,-27.781445,7.330859,-5.79515,-17.4196,4.264303,3.9461184,-35.4487,-2.635714,0.7443304,-53.831383,-1.2893597,2.5066428,-28.149069,-0.4380296,9.125713,-37.11269,-1.3211606,0.5599455,-45.235046,-6.5343018,0.95747685,-24.09348,-4.5247,14.499648,-35.639404,-4.23943,0.89274895,-47.16711,-2.41038,-2.3198695,-28.91494,-21.409992,16.280895,-5.3135633,9.098313,8.772455,-14.095383,-4.967278,4.774141,-28.594315,-0.4523059,-5.0167036,-15.037296
34.75295,-59.579113,-15.431572,29.157824,0.7974558,-12.212458,-7.287419,7.199116,-27.966684,7.743084,-6.046649,-16.621065,4.3753796,3.7944558,-35.627316,-2.7250233,0.75153536,-53.30364,-1.3398502,2.5968506,-27.195843,-0.4495991,9.35067,-37.133694,-1.3342297,0.5589009,-44.392487,-6.6480646,0.90737116,-23.108355,-4.7287436,14.988699,-35.375454,-4.365724,0.8818527,-46.643497,-2.4101467,-2.4524295,-28.489883,-22.310078,16.963251,-5.523939,9.555221,9.281511,-12.684665,-5.1249256,4.904415,-27.90728,-0.42344546,-5.2333965,-14.308446
33.952835,-58.770504,-13.823918,28.840723,0.8271073,-12.060853,-7.264226,7.158958,-27.210615,7.7558947,-6.0129957,-15.458909,4.300197,3.7377038,-33.781467,-2.7120805,0.75410724,-50.651653,-1.3621916,2.5969856,-25.31364,-0.45571887,9.269588,-34.980957,-1.325423,0.552753,-41.376057,-6.4447827,0.818825,-21.0137,-4.7163463,14.83303,-32.95016,-4.3024874,0.83711344,-43.752216,-2.306984,-2.4957771,-26.743439,-22.106989,16.814913,-5.486926,9.579007,9.450776,-10.24593,-5.0287538,4.807236,-25.396,-0.38280296,-5.2226706,-12.895014
33.52564,-57.75633,-14.573561,28.132576,-0.0041828305,-12.255023,-7.015841,6.9620185,-28.499245,7.3130155,-5.831059,-18.94937,4.2629375,3.9217358,-34.20517,-2.6669729,0.7427865,-55.00261,-1.2919073,2.527341,-28.797562,-0.44867137,9.216604,-35.211212,-1.3231311,0.5590857,-45.621876,-6.5728045,0.9546591,-23.93207,-4.622434,14.532519,-33.198837,-4.2764425,0.88981384,-47.04175,-2.4186254,-2.3453076,-28.987364,-21.713972,16.476646,-5.385211,9.377582,8.857635,-10.80459,-5.0001884,4.8064575,-27.954323,-0.45513463,-5.0773864,-15.052223
33.21225,-56.91257,-14.973126,27.741373,-0.21549259,-12.20513,-6.8865104,6.8532805,-28.649591,7.179088,-5.759497,-19.176254,4.208949,3.8188834,-33.81496,-2.6350565,0.7397223,-54.89159,-1.2807343,2.5009034,-28.733536,-0.45649534,8.994099,-34.634823,-1.3175914,0.5581464,-45.749546,-6.508459,0.9509021,-23.81417,-4.57397,14.176486,-32.559372,-4.23199,0.8809077,-46.734386,-2.39897,-2.3153613,-28.721766,-21.457739,16.255373,-5.313898,9.245499,8.393286,-10.81407,-4.963777,4.773074,-28.147375,-0.4727468,-5.000833,-15.174578
34.272488,-58.14746,-16.549284,28.34022,0.45520017,-12.090162,-6.954819,6.9347234,-29.419344,7.22028,-5.818098,-20.172424,4.329775,4.1055217,-36.609116,-2.6579814,0.7388469,-57.683716,-1.2656465,2.5143266,-30.547607,-0.44075447,9.213098,-38.48006,-1.3299537,0.5665206,-49.599564,-6.8095655,1.0768503,-26.739407,-4.587245,14.532419,-36.92537,-4.3284035,0.95453304,-51.05911,-2.5618103,-2.2534537,-31.332996,-21.742207,16.493317,-5.375349,9.227411,8.351214,-14.643312,-5.095763,4.914802,-31.608788,-0.52045524,-5.0305233,-16.909958
33.684483,-57.061455,-16.221651,27.824276,0.4839373,-11.870924,-6.856206,6.8211503,-28.63608,7.096504,-5.716694,-19.926655,4.2653675,4.2508526,-36.0252,-2.624135,0.73662114,-57.209194,-1.2644234,2.494028,-30.164572,-0.42921564,9.264815,-39.22873,-1.3238685,0.56891584,-51.279293,-6.8699102,1.152669,-28.400593,-4.4845285,14.500091,-38.518394,-4.2954097,0.9905634,-53.13183,-2.6435082,-2.1463523,-32.86563,-21.349173,16.181068,-5.289502,8.985939,8.266764,-16.880823,-5.07679,4.9360895,-34.160027,-0.58157706,-4.910695,-18.614832
34.33009,-58.251884,-16.054825,28.48648,0.41538897,-12.188003,-7.071554,7.0086,-28.492054,7.3957872,-5.889424,-18.718325,4.3158693,4.288859,-35.319218,-2.6804254,0.7420522,-55.95637,-1.3069791,2.5587165,-28.85112,-0.4320728,9.452492,-38.90255,-1.3308015,0.5672844,-50.43278,-6.9211884,1.1104655,-27.585054,-4.601094,14.846593,-38.33401,-4.373091,0.98687536,-52.81247,-2.6532676,-2.2214222,-32.68588,-21.889929,16.577957,-5.414753,9.211243,8.593651,-16.79441,-5.190006,5.0397882,-34.196693,-0.58603835,-5.0276666,-18.607834
34.961704,-59.507137,-16.186455,29.138678,1.1232718,-12.034452,-7.210735,7.131762,-28.635767,7.5507483,-5.9737315,-18.696651,4.4172883,4.608413,-36.827602,-2.7133904,0.7435412,-57.07323,-1.3120453,2.5836966,-29.630405,-0.4145345,9.84608,-41.039143,-1.3390007,0.5713485,-51.78742,-7.076851,1.159049,-28.758347,-4.6325574,15.413331,-40.828125,-4.4405394,1.0210171,-54.643032,-2.732578,-2.217068,-33.961357,-22.242779,16.869892,-5.4946346,9.290472,8.985814,-18.588263,-5.2656293,5.1235337,-35.284916,-0.5888247,-5.0992284,-19.113276
35.552353,-60.383236,-16.782352,29.479984,0.54539704,-12.519105,-7.2497683,7.191128,-30.011938,7.4172835,-5.9731255,-21.986235,4.523102,5.1420093,-38.652237,-2.7403514,0.73721904,-62.61781,-1.2606668,2.5740614,-33.949184,-0.38831344,10.425377,-43.50805,-1.3525164,0.5825089,-57.484325,-7.4755564,1.3675604,-33.04563,-4.649882,16.002886,-43.737125,-4.5363135,1.1068726,-59.95461,-2.9512599,-2.0972874,-37.824944,-22.578848,17.110918,-5.56437,9.3594675,9.1731615,-20.8136,-5.3845325,5.2758007,-39.100685,-0.6646042,-5.1093297,-21.904972
36.15725,-61.78072,-16.108553,30.402788,1.1397623,-12.53341,-7.4909654,7.4171042,-29.87075,7.7928567,-6.169079,-20.101414,4.6037045,5.1603675,-38.332222,-2.796846,0.7474763,-59.888687,-1.3124945,2.6388323,-31.736912,-0.4039445,10.564071,-42.023434,-1.3574607,0.5740433,-52.614468,-7.293328,1.1763849,-29.133732,-4.797541,16.338373,-41.363644,-4.5708103,1.028125,-55.100166,-2.7763774,-2.3133092,-34.44746,-23.195713,17.595797,-5.701477,9.7396,9.843486,-17.359627,-5.3794003,5.203429,-33.80073,-0.53332496,-5.3225503,-18.175787
35.827026,-61.061947,-16.525984,29.893219,0.91255546,-12.451324,-7.2993703,7.2527614,-30.680765,7.423383,-5.982199,-23.098938,4.616146,5.3581944,-40.57021,-2.753036,0.7358006,-64.91681,-1.235286,2.5578196,-35.936363,-0.38308698,10.670257,-44.511887,-1.357591,0.5844259,-57.67772,-7.4969683,1.385639,-33.132042,-4.674308,16.299252,-44.258114,-4.549359,1.1078768,-59.743767,-2.9339156,-2.1169713,-37.733246,-22.80863,17.307314,-5.606328,9.489881,9.500702,-19.824667,-5.342771,5.2329154,-37.255306,-0.5943676,-5.1803846,-20.565933
34.363426,-58.5119,-15.852957,28.575813,0.35601887,-12.236601,-7.063721,7.005279,-29.105616,7.255025,-5.8221984,-21.015003,4.4043455,4.7217145,-37.63172,-2.6791368,0.7346036,-60.7585,-1.242285,2.509358,-33.1502,-0.4075854,9.925584,-41.07119,-1.3365854,0.57543254,-53.699158,-7.113307,1.266535,-30.43842,-4.5578303,15.326189,-40.763943,-4.390771,1.0417764,-55.857613,-2.7762983,-2.1068418,-35.25278,-21.938814,16.63104,-5.419339,9.174884,8.951271,-18.212267,-5.174446,5.0688863,-35.495975,-0.59561694,-5.0083075,-19.76391
33.995106,-57.735558,-16.025015,28.073965,0.113060355,-12.168498,-6.997248,6.923582,-28.269016,7.26436,-5.7866516,-19.444042,4.315234,4.1179633,-36.797104,-2.6514456,0.73365366,-59.0512,-1.2467731,2.4903696,-31.964123,-0.42462772,9.4129305,-40.166656,-1.32831,0.572639,-52.4491,-6.981662,1.2375963,-29.619183,-4.5189123,14.798236,-40.01753,-4.3375072,1.0208496,-54.81899,-2.7314966,-2.08603,-34.5571,-21.609613,16.379227,-5.349495,8.994899,8.466748,-18.831938,-5.1548924,5.0631766,-36.11947,-0.62860763,-4.9240923,-20.181229
32.54522,-54.533035,-17.47705,26.156942,-0.2845152,-11.613543,-6.499851,6.4513636,-27.264055,6.7427,-5.45783,-19.079039,4.0661135,3.4194796,-35.688168,-2.5154197,0.7236015,-57.96616,-1.2045693,2.386343,-31.324572,-0.4321666,8.422201,-40.156944,-1.3063579,0.57622826,-54.95337,-6.9019723,1.3334975,-32.086224,-4.238042,13.487532,-41.221355,-4.1817975,1.0591931,-57.52321,-2.8113167,-1.8466561,-36.317616,-20.148922,15.287126,-5.0258837,8.209977,6.9109917,-23.25592,-5.0692186,5.0236683,-41.616623,-0.79580843,-4.533679,-23.822783
33.177803,-55.353985,-18.014254,26.648848,-0.1201939,-11.747213,-6.6549377,6.5942664,-27.17796,6.998728,-5.6041975,-17.757679,4.0988045,3.2758794,-35.237892,-2.5579,0.72980076,-56.51456,-1.2489508,2.4489384,-29.71929,-0.44176942,8.349426,-40.431065,-1.3139886,0.57531315,-55.08231,-6.9998775,1.3190799,-32.093746,-4.3393764,13.486147,-41.634705,-4.254656,1.0550796,-57.845013,-2.8324625,-1.9018481,-36.35313,-20.528605,15.568159,-5.1200113,8.346128,6.676194,-24.345049,-5.2134566,5.150131,-43.177765,-0.8343419,-4.606252,-24.532915
33.903214,-56.536232,-18.216747,27.569118,1.6774651,-11.119378,-6.8030963,6.7371674,-27.427568,7.1966605,-5.710047,-17.331944,4.230912,4.0999393,-36.876575,-2.5999484,0.7367908,-55.57434,-1.2990093,2.5119293,-28.39544,-0.40954646,8.933879,-43.633305,-1.3257673,0.5783155,-56.440624,-7.1509233,1.3375171,-32.832764,-4.3770137,14.1318865,-45.135044,-4.3368998,1.090435,-59.735546,-2.8791924,-1.9452088,-36.88269,-20.95869,15.898989,-5.213519,8.458054,6.9623423,-26.657066,-5.28908,5.224794,-43.86394,-0.80159485,-4.7133265,-24.100353
35.688652,-59.065266,-20.623936,28.496908,0.41056606,-12.233328,-6.9582725,6.943525,-30.166813,7.2109313,-5.867409,-21.20295,4.386435,4.231031,-38.694054,-2.674622,0.73134744,-62.56067,-1.2585161,2.5467367,-33.144314,-0.4077704,9.245188,-45.397396,-1.3500645,0.5913733,-63.299953,-7.663028,1.5364964,-37.239834,-4.5521083,14.439121,-47.09943,-4.525941,1.1698755,-65.53753,-3.0941854,-1.9041996,-40.580044,-21.806976,16.540459,-5.4039316,8.760936,6.4376917,-28.948137,-5.5828934,5.5166545,-49.205517,-0.9081365,-4.823156,-27.619225
35.67994,-59.523987,-18.959873,28.975225,0.09567401,-12.54541,-6.962451,6.9867373,-31.966703,6.93277,-5.7736664,-26.129456,4.5355635,5.22015,-41.439915,-2.683759,0.7240467,-68.9554,-1.1687374,2.4809844,-38.857624,-0.37732506,10.295167,-45.883247,-1.3570774,0.59280324,-63.99423,-7.7036853,1.6065699,-37.412086,-4.54978,15.431138,-46.204594,-4.514341,1.1690557,-64.690125,-3.063886,-1.9104962,-40.289036,-22.184126,16.79605,-5.4498997,9.075333,7.6757236,-24.055687,-5.393792,5.333467,-43.40176,-0.74033606,-4.936383,-24.11798
36.527397,-60.864716,-19.269926,29.818563,0.7505133,-12.534785,-7.148911,7.1683397,-32.335167,7.1745462,-5.920588,-25.768204,4.645246,5.218215,-42.818043,-2.7323976,0.729064,-68.85127,-1.1945646,2.5315082,-38.438095,-0.38203618,10.407432,-46.952976,-1.3666705,0.5920266,-63.228924,-7.758692,1.5479933,-36.646515,-4.6584425,15.7389345,-46.863277,-4.588688,1.15517,-64.09327,-3.043281,-2.015591,-39.627056,-22.737293,17.218376,-5.5699873,9.333732,8.004616,-23.34472,-5.466518,5.3652945,-42.135887,-0.68773663,-5.08644,-22.947557
35.55996,-59.15522,-18.961704,28.96731,0.88132656,-12.107648,-7.006387,7.00762,-30.740953,7.161645,-5.8364544,-22.949106,4.4919033,4.6080446,-40.83513,-2.6802235,0.7321409,-64.079834,-1.227541,2.5167203,-34.84426,-0.40331745,9.730372,-44.966255,-1.3513784,0.5844995,-59.60167,-7.4482665,1.4224272,-34.198635,-4.573148,14.976272,-44.912434,-4.476484,1.101134,-60.766865,-2.9051766,-2.0402904,-37.34223,-22.083824,16.736132,-5.436224,9.081727,7.564194,-22.779934,-5.353807,5.243402,-40.85545,-0.67776155,-4.97752,-21.94449
35.636253,-59.947132,-17.623049,29.663084,2.664778,-11.381834,-7.225519,7.1709385,-29.138744,7.5892715,-5.9987116,-18.990322,4.519285,4.673284,-39.920296,-2.713074,0.74518263,-57.966824,-1.313972,2.5925734,-29.913353,-0.4050417,9.831211,-44.252,-1.3490701,0.5747131,-53.74479,-7.2080803,1.19331,-30.0326,-4.6379113,15.31034,-43.988262,-4.4773192,1.0288932,-56.15041,-2.7521703,-2.2297823,-34.023834,-22.375902,16.980947,-5.5086927,9.258111,8.303412,-21.000841,-5.326402,5.1588707,-36.577065,-0.5754343,-5.1246505,-18.811247
35.644745,-59.882923,-17.622215,29.645172,2.7001824,-11.359283,-7.270483,7.196899,-28.414892,7.7268095,-6.0575085,-17.1953,4.4650483,4.480538,-38.197304,-2.7207594,0.7503809,-54.8265,-1.3582083,2.6299686,-27.241455,-0.41341567,9.651859,-43.18576,-1.3466953,0.5707938,-52.15342,-7.13974,1.1306016,-28.83023,-4.665401,15.133137,-43.13365,-4.4775486,1.0050422,-54.944485,-2.7090585,-2.2763765,-33.03645,-22.371206,16.972153,-5.5169573,9.255867,8.096792,-21.275251,-5.372643,5.192671,-36.923714,-0.59975696,-5.1254916,-18.834314
35.290466,-59.11736,-18.364464,28.956438,2.1130664,-11.404185,-7.0524173,7.007809,-29.071602,7.388631,-5.885354,-19.266527,4.4322414,4.79555,-38.767864,-2.6751566,0.740113,-58.507378,-1.2940593,2.5561779,-30.470793,-0.39125198,9.781799,-44.313835,-1.343739,0.5788069,-56.371254,-7.278593,1.3135703,-32.091946,-4.5327897,15.085232,-44.950985,-4.4424405,1.0720202,-58.71532,-2.8399684,-2.0876899,-35.836338,-21.918694,16.628096,-5.4093084,8.926448,7.6897902,-24.442667,-5.346103,5.231861,-40.49676,-0.6860787,-4.9571247,-21.599003
35.610306,-59.37944,-19.012653,28.980259,1.1895453,-11.918388,-6.9679585,6.965615,-30.908293,7.061434,-5.7822466,-23.813063,4.513257,5.2238746,-41.17805,-2.671663,0.728813,-65.72969,-1.2078098,2.4970798,-36.22381,-0.37020013,10.20064,-46.48061,-1.3526821,0.59034157,-62.393536,-7.5940547,1.5455035,-36.404366,-4.502105,15.39854,-47.248917,-4.487861,1.1596646,-63.84127,-3.0205057,-1.9295619,-39.405693,-22.011965,16.689402,-5.4134245,8.92407,7.61626,-25.711603,-5.373392,5.312365,-43.408405,-0.729468,-4.912892,-23.701708
34.59884,-57.61342,-18.795338,28.021801,0.73432386,-11.765649,-6.6333656,6.6832137,-31.86218,6.491411,-5.4819646,-27.555328,4.4817624,5.551957,-43.003677,-2.5887043,0.7144263,-71.246765,-1.0944958,2.3588145,-41.44417,-0.35148808,10.316406,-47.343224,-1.344308,0.59622943,-65.54497,-7.6144223,1.7258446,-39.11381,-4.3154054,15.203719,-47.91345,-4.371847,1.1948409,-65.73763,-3.0672266,-1.7357633,-41.110153,-21.309278,16.151852,-5.2350054,8.603664,7.363218,-25.892307,-5.1720543,5.1797457,-43.559177,-0.7243422,-4.720747,-24.308073
34.23891,-56.93272,-18.9708,27.5991,0.19544971,-11.883576,-6.467304,6.548368,-32.643185,6.180524,-5.3413644,-30.056658,4.480425,5.7443895,-44.165257,-2.5537074,0.7055003,-74.791,-1.034092,2.2967045,-44.451866,-0.34153527,10.414044,-48.023445,-1.342144,0.60172397,-68.02587,-7.6813307,1.816575,-40.93879,-4.229332,15.2088995,-48.550865,-4.342225,1.2347534,-67.785706,-3.144093,-1.6298581,-42.759205,-21.035141,15.93536,-5.161352,8.478853,7.4169116,-25.835266,-5.097199,5.1301937,-44.115696,-0.7351172,-4.6391444,-25.077759
34.910923,-58.187153,-18.788525,28.35939,0.36687282,-12.1009,-6.684791,6.7552247,-32.616173,6.4782887,-5.524745,-28.90269,4.5329146,5.6591535,-43.383213,-2.6088667,0.714795,-72.49962,-1.0861821,2.3728871,-42.208214,-0.35746896,10.464915,-46.74243,-1.3493445,0.5953895,-65.205475,-7.636,1.6731621,-38.511547,-4.3783016,15.372461,-46.6848,-4.4079003,1.1823761,-65.00509,-3.0514748,-1.8088448,-40.55121,-21.604988,16.368555,-5.293166,8.835785,7.6975446,-23.238466,-5.1741047,5.1327553,-41.534695,-0.6717067,-4.8167524,-22.989042
35.037388,-58.502556,-18.669945,28.581358,0.73073363,-11.990734,-6.7289624,6.794451,-32.657818,6.5451207,-5.556762,-28.687689,4.5624733,5.709824,-43.833515,-2.6203392,0.7160113,-72.36157,-1.0971028,2.3872147,-41.981262,-0.35582608,10.517938,-47.397118,-1.3512237,0.59591264,-65.316,-7.6655197,1.6709098,-38.618294,-4.3938117,15.508742,-47.3808,-4.427306,1.1893823,-65.33992,-3.066857,-1.8179996,-40.793095,-21.728342,16.461514,-5.3195696,8.881362,7.863056,-23.438818,-5.1933503,5.1523156,-41.62229,-0.6677278,-4.8447294,-23.021368
35.342075,-58.61643,-19.730385,28.45212,-0.13671038,-12.431436,-6.7065616,6.7826366,-33.13745,6.472753,-5.558843,-29.657974,4.543855,5.739091,-43.268566,-2.6258123,0.7130776,-73.99179,-1.0838001,2.3883953,-43.14816,-0.35248467,10.545678,-47.54309,-1.3552749,0.6006428,-68.35899,-7.8333926,1.772127,-40.62931,-4.4002523,15.459075,-48.054665,-4.4687114,1.2285178,-68.038,-3.1674445,-1.7452576,-42.577915,-21.7568,16.464203,-5.328142,8.810909,7.389474,-25.67476,-5.3010736,5.2803607,-45.048275,-0.7599516,-4.794616,-25.350729
36.00782,-60.065857,-19.001528,29.38875,0.10505256,-12.670538,-6.9985704,7.049222,-32.6586,6.8861885,-5.799069,-27.569202,4.5886254,5.555587,-41.69056,-2.6919448,0.72548026,-70.036514,-1.1553614,2.4815834,-39.645466,-0.37665302,10.621876,-44.811012,-1.3600895,0.5895863,-62.735153,-7.639818,1.5171778,-35.954582,-4.587407,15.716738,-44.386223,-4.5216904,1.1272624,-62.469604,-2.9722629,-2.0197532,-38.47335,-22.462854,16.99015,-5.488796,9.273218,8.025116,-21.0902,-5.3391404,5.2145576,-39.624275,-0.6374149,-5.039117,-21.48089
36.606197,-61.277184,-19.094051,29.965343,-0.0034792125,-12.966263,-7.092464,7.1562085,-33.868008,6.900037,-5.8461227,-29.633646,4.7130013,5.8901777,-43.75051,-2.725771,0.721332,-74.162994,-1.1211182,2.4793255,-42.80047,-0.36248004,11.045139,-46.52677,-1.3705504,0.5962058,-65.48372,-7.8566833,1.615659,-37.936485,-4.6403027,16.234785,-45.96766,-4.5957108,1.1724238,-64.96978,-3.075798,-1.9902995,-40.423878,-22.902508,17.32743,-5.5793667,9.44272,8.402228,-21.406765,-5.3988214,5.2891884,-40.52788,-0.63629067,-5.116076,-22.233162
36.305054,-60.715366,-19.13301,29.59914,0.12011057,-12.749363,-6.981245,7.050659,-33.951138,6.7745514,-5.7527637,-29.950539,4.6947927,5.9128227,-44.410107,-2.6984003,0.71642977,-75.21376,-1.0983206,2.4402688,-43.762424,-0.35420316,10.948185,-47.470097,-1.3666614,0.5992301,-66.80284,-7.8641124,1.693052,-39.06379,-4.5657825,16.072191,-47.26345,-4.561039,1.2059965,-66.49696,-3.1206017,-1.8920519,-41.496822,-22.606417,17.112806,-5.510889,9.254063,8.131935,-22.934721,-5.3584576,5.296952,-41.99073,-0.6635153,-5.022948,-23.231226
35.35517,-59.189713,-18.566053,28.839975,1.0545783,-11.949867,-6.812797,6.8524766,-32.80889,6.6751523,-5.6078925,-28.411036,4.6172795,6.0209494,-44.66093,-2.6474686,0.71228904,-74.27248,-1.1017206,2.399999,-43.13392,-0.33476302,10.740917,-50.119884,-1.3567531,0.60448974,-69.6769,-7.927639,1.8571277,-41.90974,-4.396924,15.818087,-51.39764,-4.5062213,1.293545,-70.81967,-3.2811105,-1.6594751,-44.671005,-21.915123,16.604239,-5.368827,8.7626,7.700601,-28.355612,-5.340654,5.404148,-47.16156,-0.7946986,-4.794883,-26.802017
35.264263,-58.92438,-18.865988,28.62495,1.2205329,-11.774602,-6.7691617,6.8063293,-32.365845,6.6922603,-5.599622,-27.284796,4.5715156,5.7874713,-44.157166,-2.634674,0.7138676,-72.49643,-1.1178342,2.4033992,-41.666523,-0.3406947,10.474559,-49.808384,-1.3535212,0.60303545,-68.74779,-7.8464074,1.8210864,-41.173195,-4.3758245,15.544903,-51.134327,-4.4821057,1.2815852,-70.140564,-3.24423,-1.6683104,-43.98886,-21.725534,16.47027,-5.333295,8.659223,7.4366784,-28.925962,-5.3323183,5.394175,-47.32895,-0.8055755,-4.7603927,-26.774673
35.46998,-59.008663,-19.474585,28.622448,1.3712188,-11.689713,-6.8275213,6.8447566,-31.37542,6.905996,-5.696915,-24.472805,4.5051165,5.4152956,-42.071968,-2.6448345,0.7206608,-68.07306,-1.1760828,2.4546344,-37.894985,-0.35637558,10.105087,-48.258816,-1.3509825,0.5982464,-66.06824,-7.709666,1.6910778,-39.02734,-4.41763,15.199578,-49.814816,-4.4855375,1.2383072,-67.98065,-3.1576183,-1.7636952,-42.228127,-21.70676,16.46527,-5.3454065,8.623239,7.039124,-29.565323,-5.3988924,5.4206347,-47.40939,-0.82516766,-4.7781897,-26.513525
34.913628,-58.176086,-18.961597,28.260326,1.5482023,-11.470758,-6.880817,6.849421,-29.305191,7.158668,-5.761161,-20.294062,4.3783197,4.6651034,-39.138287,-2.6389608,0.73018867,-61.25375,-1.2502828,2.5036378,-32.589653,-0.3866801,9.470297,-45.650623,-1.3403627,0.58760667,-60.73338,-7.4384136,1.4888715,-35.6029,-4.4401975,14.64,-47.27814,-4.4355774,1.1553668,-63.545033,-3.0143409,-1.8861568,-39.35091,-21.474586,16.300257,-5.316329,8.596971,6.910144,-28.274292,-5.399426,5.3622155,-45.98181,-0.82535315,-4.7777076,-25.519615
35.30275,-58.88083,-18.820585,28.724504,1.0865135,-11.896827,-6.892952,6.906676,-31.173832,6.9750676,-5.7287674,-24.1844,4.504661,4.9901953,-41.828297,-2.6536102,0.7249735,-66.566864,-1.1802875,2.4611235,-37.26478,-0.38166782,9.952474,-46.07734,-1.3482027,0.5888382,-61.260952,-7.4959106,1.5285085,-35.736305,-4.486361,15.121209,-46.360325,-4.4427514,1.1365749,-62.54086,-2.9723516,-1.9253154,-38.85213,-21.873116,16.576557,-5.3759975,8.9012,7.538535,-24.393545,-5.303067,5.242519,-41.916565,-0.70250916,-4.889378,-23.094217
34.994576,-58.847557,-17.723549,28.715353,1.0423793,-11.921905,-6.997734,6.9672103,-30.012547,7.167698,-5.7875633,-22.153957,4.4713383,4.6095295,-40.735245,-2.666798,0.7288285,-63.93234,-1.2079288,2.481239,-35.55216,-0.3948247,9.790732,-44.862186,-1.3433778,0.5842063,-58.098515,-7.366462,1.442965,-33.872467,-4.5215816,15.126403,-44.997272,-4.4262586,1.0991577,-60.10136,-2.9156828,-1.9794822,-37.748585,-21.911253,16.616974,-5.399663,8.983362,7.981091,-22.868616,-5.2878017,5.2184787,-40.34346,-0.68666494,-4.9259453,-22.394005
32.94601,-55.511223,-16.624327,27.122576,1.8296995,-10.78647,-6.6383853,6.592682,-27.804182,6.8894157,-5.5054545,-19.51909,4.2370396,4.5537887,-37.828117,-2.5465558,0.72867376,-58.692566,-1.2090347,2.3936517,-32.502148,-0.3903579,9.356899,-42.427525,-1.3146203,0.57442296,-53.852966,-6.9095097,1.3485783,-31.529253,-4.2570724,14.416781,-42.97598,-4.185922,1.0281537,-55.65315,-2.7176745,-1.9229217,-34.99311,-20.59154,15.628962,-5.1070004,8.387068,7.5736756,-23.126732,-4.994748,4.9510236,-38.07062,-0.6554254,-4.6646233,-21.056915
35.76401,-59.613678,-19.356876,29.202183,2.9548376,-11.015795,-7.0814037,7.026954,-29.209045,7.4786773,-5.8951206,-18.823656,4.482869,5.054198,-39.62596,-2.678625,0.73949796,-59.625526,-1.2836387,2.536076,-31.912004,-0.37391114,9.950669,-46.257957,-1.3466123,0.582433,-57.64632,-7.33995,1.4197584,-33.37536,-4.499677,15.3238,-47.414722,-4.430326,1.0732648,-59.33845,-2.8202426,-2.041003,-36.480034,-21.991201,16.674463,-5.4160404,8.733419,7.454049,-28.728136,-5.3639264,5.306788,-42.20317,-0.6929289,-4.9258265,-22.732626
35.443314,-59.07977,-19.45626,28.912067,3.411435,-10.626471,-7.1970925,7.0596223,-26.19304,7.917208,-6.0220103,-12.152746,4.304434,4.3427205,-34.640236,-2.6836092,0.7550136,-49.432747,-1.4058324,2.6143804,-24.173103,-0.39608622,9.31707,-43.328983,-1.3356513,0.57210785,-51.44929,-7.0170155,1.2234707,-29.347279,-4.5236235,14.739156,-45.065903,-4.3623753,0.9653919,-53.97411,-2.6041543,-2.185207,-32.852177,-21.732319,16.482958,-5.3950205,8.546142,6.9478517,-30.823576,-5.4092,5.333619,-42.22568,-0.7282237,-4.899638,-22.481335
36.75164,-61.0426,-21.106325,29.764856,3.7513776,-10.809839,-7.4499187,7.288361,-26.450281,8.339178,-6.26919,-10.143718,4.375825,4.48959,-33.5871,-2.758578,0.7603518,-48.755917,-1.4613315,2.6998694,-23.242838,-0.3933543,9.407169,-44.51359,-1.3502238,0.5779664,-53.8805,-7.2784085,1.3070621,-30.99233,-4.6720705,14.887639,-47.369705,-4.4908113,0.9889556,-56.623737,-2.6849258,-2.203643,-34.472836,-22.365122,16.960005,-5.5584145,8.590519,6.261852,-36.552074,-5.6984296,5.6579823,-47.724525,-0.84983647,-4.970809,-25.85993
37.165565,-61.24165,-22.13506,29.998106,4.2116423,-10.6750965,-7.638948,7.4341097,-24.175186,8.816315,-6.4992175,-4.354143,4.266663,3.4504747,-30.196865,-2.7854388,0.7825805,-38.017742,-1.6009946,2.8266857,-14.319078,-0.4456939,8.578126,-40.901157,-1.3457196,0.55884385,-45.311485,-6.889593,0.90490615,-24.305088,-4.8081017,14.19525,-42.82528,-4.489777,0.8390373,-48.88666,-2.4076166,-2.5333683,-28.235146,-22.537607,17.08305,-5.611532,8.808886,5.9631677,-33.299614,-5.7610683,5.5544066,-43.298374,-0.77402496,-5.1204085,-22.092813
38.033215,-61.84318,-24.178713,30.172485,3.5191514,-11.136187,-7.787003,7.556626,-23.363535,9.10164,-6.667285,-1.8518062,4.2212543,2.713639,-28.408344,-2.817747,0.79032683,-34.477676,-1.6583197,2.893592,-11.348384,-0.47553742,8.097277,-39.32505,-1.352015,0.5572293,-43.809082,-6.85052,0.7954503,-22.643164,-4.921766,13.771121,-41.386154,-4.537004,0.78495985,-46.999485,-2.3185666,-2.6614883,-26.317305,-22.786333,17.274519,-5.6810293,8.865962,5.343938,-34.403057,-5.8957596,5.6311603,-44.181774,-0.7955862,-5.188211,-22.111153
37.849464,-61.528507,-24.607904,30.000416,4.4413586,-10.499856,-7.691601,7.4685297,-23.204195,9.0171795,-6.590895,-1.6539564,4.207683,2.6938586,-29.145262,-2.786494,0.7910849,-33.960796,-1.6462522,2.8610451,-11.313029,-0.47687072,7.9750595,-39.065872,-1.3473225,0.55399257,-41.65167,-6.619314,0.7083968,-20.91982,-4.854645,13.595277,-40.86265,-4.4579706,0.73475546,-44.271133,-2.1482184,-2.7233574,-23.994576,-22.464556,17.052845,-5.6101494,8.713861,5.186385,-34.205074,-5.7529716,5.468321,-41.123646,-0.6919028,-5.1776233,-19.787153
35.872498,-58.71746,-22.932028,28.742931,5.5288925,-9.3241005,-7.4354043,7.1718626,-21.004656,8.85194,-6.3423467,0.9981976,4.0252433,2.5821202,-27.138536,-2.6912336,0.79318374,-28.820217,-1.6482985,2.781604,-8.830526,-0.46620524,7.73816,-36.768887,-1.3218197,0.543588,-35.265724,-6.067968,0.54637027,-17.18595,-4.6203275,13.320709,-38.525078,-4.2125063,0.6308522,-37.717743,-1.857859,-2.7481766,-20.094036,-21.392115,16.2368,-5.3707943,8.2516,5.5597935,-32.827583,-5.3938603,5.1148033,-35.680115,-0.5649111,-5.0183616,-16.624567
34.60492,-57.10303,-21.331966,28.052984,6.36769,-8.565581,-7.3177867,7.0300417,-19.675314,8.898051,-6.2502,3.8622646,3.9081683,2.2018483,-25.437681,-2.644967,0.79767555,-24.291039,-1.6755987,2.753819,-5.8430567,-0.47914132,7.314226,-33.980106,-1.303076,0.5303066,-28.88384,-5.5568614,0.34300265,-12.663164,-4.5283146,12.9212,-35.392338,-4.049363,0.5277468,-31.220406,-1.5496975,-2.8588762,-15.852851,-20.82306,15.792834,-5.2511272,8.0405655,5.7676234,-30.475409,-5.1385736,4.8534403,-30.385857,-0.4266986,-4.980929,-12.963341
35.8442,-58.948845,-22.250992,28.936455,6.3653755,-8.93361,-7.482669,7.212457,-20.876928,9.029414,-6.383751,2.5009174,4.0380573,2.2121756,-27.421494,-2.6970649,0.7987195,-26.687496,-1.6666007,2.786941,-7.4320965,-0.48158368,7.5611944,-35.03247,-1.3171723,0.5327559,-29.669857,-5.707249,0.3507714,-12.7183,-4.648166,13.357336,-35.886433,-4.14324,0.52638483,-31.45362,-1.5578523,-2.93914,-15.712234,-21.477827,16.289999,-5.3890257,8.333886,6.050347,-29.784666,-5.2294025,4.905954,-29.43609,-0.38365802,-5.1356106,-12.079703
36.83216,-60.205105,-23.741283,29.474236,5.98666,-9.400661,-7.5954723,7.333664,-21.755228,9.084735,-6.485441,1.2665005,4.1280766,2.5865202,-28.360994,-2.7394576,0.7976721,-29.551958,-1.6653261,2.8240514,-9.161774,-0.46742827,7.8666363,-37.771755,-1.3334295,0.54427934,-35.521706,-6.162923,0.55043113,-17.027143,-4.7186866,13.640726,-39.37427,-4.279594,0.6161448,-37.429146,-1.8216803,-2.8291843,-19.698002,-21.925905,16.634634,-5.4898596,8.402827,5.677813,-33.93467,-5.475171,5.1854854,-35.538258,-0.53648823,-5.1404138,-16.182959
38.035454,-61.8937,-25.214928,30.020943,4.288641,-10.62975,-7.627612,7.4324846,-24.434484,8.840989,-6.5395074,-3.996746,4.2729483,3.3671308,-30.522528,-2.7888665,0.78420544,-38.41191,-1.6121541,2.8423395,-14.374112,-0.44574317,8.392168,-42.17548,-1.356913,0.5679347,-48.518265,-7.019564,0.9731324,-26.091757,-4.810535,13.894495,-44.84168,-4.5251346,0.8529323,-50.999233,-2.4078465,-2.5239809,-28.765455,-22.489498,17.07286,-5.6152916,8.578046,4.907425,-38.67687,-5.86349,5.667857,-47.096947,-0.82322407,-5.088494,-23.94824
38.58567,-62.32341,-27.09939,30.067078,4.6741686,-10.42179,-7.769526,7.5327096,-22.942554,9.324471,-6.7300324,1.2558359,4.2038803,2.0735555,-28.799616,-2.809448,0.79515994,-32.13423,-1.7011994,2.914425,-9.234062,-0.4915388,7.351267,-39.977592,-1.3536513,0.55817044,-43.388607,-6.6784706,0.7027832,-21.794525,-4.9087424,13.029179,-42.792965,-4.5163507,0.7469777,-46.180237,-2.1364918,-2.752537,-24.585524,-22.52235,17.125723,-5.649024,8.514804,4.0668297,-39.709423,-5.925766,5.6517744,-46.29856,-0.77041006,-5.1718607,-22.221735
36.357506,-58.499268,-25.833965,28.418692,5.153065,-9.45941,-7.397119,7.1353097,-20.763813,8.954894,-6.3947706,2.4767525,4.015772,1.4132549,-28.954823,-2.674975,0.7900485,-29.019993,-1.6459966,2.788582,-8.680936,-0.49041668,6.7662783,-38.905277,-1.3226733,0.5459294,-38.293198,-6.24343,0.58091056,-19.426126,-4.6215367,12.479301,-41.083927,-4.2667522,0.6620635,-41.412663,-1.9859557,-2.6888754,-22.010303,-21.25253,16.12751,-5.3399105,8.00997,4.451772,-37.017544,-5.5768046,5.270835,-42.189964,-0.71125376,-4.932854,-19.924475
33.524952,-54.56969,-22.90806,26.786127,4.7623196,-9.016643,-7.084944,6.7847724,-18.837568,8.598325,-6.108032,3.587657,3.7866914,2.247552,-24.613913,-2.5849295,0.7789375,-27.937513,-1.6418209,2.7220745,-7.872875,-0.45518357,6.7853146,-40.112328,-1.3030818,0.56043375,-45.276947,-6.5673394,0.9409238,-26.665405,-4.363894,12.040779,-45.082203,-4.189846,0.8308858,-50.181236,-2.4308944,-2.2146583,-29.82478,-20.094023,15.237055,-5.097827,7.370472,3.7625823,-43.35996,-5.649633,5.5464916,-53.614223,-1.0834409,-4.4756393,-29.036081
34.82622,-56.92813,-23.466524,27.702726,3.5854435,-10.105714,-7.2968917,6.9978604,-20.656256,8.7150345,-6.3043084,1.2388666,3.901792,3.5639987,-23.394283,-2.672206,0.76634884,-34.791603,-1.6243637,2.782804,-11.754997,-0.40848798,7.758603,-44.42855,-1.327393,0.5910396,-59.314026,-7.585754,1.4782227,-37.38476,-4.479082,12.969043,-52.62443,-4.4719667,1.0898514,-65.26614,-3.108472,-1.838377,-41.36135,-20.922285,15.869054,-5.3028708,7.3647113,3.2341995,-54.127907,-6.1956425,6.289319,-69.6373,-1.5236406,-4.3867903,-40.90199
37.169323,-60.719414,-25.035015,29.245672,2.8212543,-11.250808,-7.5601435,7.314437,-24.33661,8.789181,-6.5319266,-3.8551345,4.1883125,4.9916153,-25.924366,-2.795655,0.74982905,-46.802597,-1.5558366,2.83254,-19.756346,-0.362939,8.861418,-51.514156,-1.3679531,0.62607,-76.10341,-8.826238,2.1275334,-50.001373,-4.678961,13.970703,-61.96899,-4.8269415,1.3660645,-82.399086,-3.84685,-1.4496388,-53.90495,-22.175283,16.826572,-5.596936,7.560703,2.3226967,-65.059326,-6.826195,7.1046233,-86.15283,-1.949169,-4.3779593,-52.915043
37.635754,-61.353165,-26.54711,28.73899,0.1098986,-12.657629,-7.448372,7.266606,-26.75005,8.513402,-6.5063043,-7.3653445,4.152007,5.192101,-23.853594,-2.8152752,0.7353993,-53.00962,-1.517005,2.8306274,-22.833776,-0.3676384,8.628224,-51.178852,-1.3828485,0.6492412,-86.646965,-9.366214,2.456615,-56.79247,-4.75408,13.243523,-62.941654,-4.9679866,1.5458784,-92.35555,-4.214486,-1.1899853,-60.603916,-22.199905,16.890127,-5.634843,7.5257382,0.5496515,-69.18904,-7.096061,7.4909015,-96.98303,-2.201768,-4.2451196,-60.485626
35.761124,-58.405876,-25.090368,27.280767,-0.06723824,-12.120201,-7.066565,6.8980093,-26.170887,8.038702,-6.1698217,-8.211275,3.9894087,5.0704427,-23.18014,-2.7048445,0.7261388,-53.051426,-1.4571812,2.7039826,-23.782642,-0.3708586,8.297239,-48.68615,-1.3582983,0.6429386,-83.77129,-8.924857,2.3978899,-54.72271,-4.5340343,12.600152,-60.19366,-4.744476,1.5014017,-88.87844,-4.0274653,-1.1132004,-58.344482,-21.09021,16.03686,-5.3756332,7.134998,0.39153385,-66.34268,-6.730627,7.1647406,-92.617905,-2.0941172,-4.044688,-57.86845
36.095493,-58.95208,-25.27671,27.407522,-0.8744261,-12.629058,-7.1109247,6.940899,-26.721914,8.042298,-6.197307,-9.030773,4.003212,4.7687078,-23.521257,-2.723908,0.7240202,-54.43957,-1.4606061,2.719254,-24.182026,-0.37959763,8.138673,-49.032772,-1.3629035,0.6471704,-86.03522,-9.05969,2.461824,-55.932026,-4.589091,12.478201,-60.390987,-4.79818,1.5480161,-91.100655,-4.113438,-1.0732085,-59.711952,-21.313478,16.197792,-5.4193954,7.26331,0.20266664,-65.92233,-6.798262,7.2564044,-94.63725,-2.126821,-4.061766,-58.92033
36.73304,-60.66501,-24.188227,28.302101,-0.8094361,-12.971099,-7.418896,7.1893544,-26.266726,8.445837,-6.4000297,-7.418025,4.0713954,4.6612387,-23.0482,-2.7968955,0.7296168,-53.165043,-1.511488,2.7965202,-22.55017,-0.3817011,8.3164215,-49.181522,-1.3707442,0.64693147,-85.6252,-9.164972,2.4422462,-55.590214,-4.7358856,12.939834,-60.686783,-4.9014244,1.5667565,-91.61951,-4.1685114,-1.132745,-60.349594,-22.017061,16.741982,-5.5824423,7.5882516,0.747056,-65.45757,-6.9417076,7.410329,-95.507835,-2.1426787,-4.205866,-59.4736
37.120235,-61.385536,-24.253357,28.704918,-0.29237694,-12.83094,-7.564019,7.3007326,-25.397356,8.710191,-6.5147247,-5.237354,4.0795217,4.3394175,-22.795994,-2.8203058,0.73837876,-50.06029,-1.5592695,2.8426058,-20.04016,-0.39204395,8.213098,-48.669544,-1.3713915,0.6405106,-82.4757,-9.041316,2.3084311,-53.203938,-4.792774,13.033916,-59.8017,-4.9145226,1.517154,-88.92464,-4.0729923,-1.253597,-58.346287,-22.242561,16.925694,-5.6365967,7.699096,1.0045464,-64.694786,-6.9605875,7.385055,-93.45542,-2.0969183,-4.2963014,-57.845207
36.535404,-60.13786,-24.07445,28.188416,-0.36797345,-12.637707,-7.3673387,7.1373906,-25.691328,8.41316,-6.3589797,-6.853264,4.056489,4.462607,-23.856937,-2.7733421,0.73302794,-51.799755,-1.5054396,2.775159,-22.096788,-0.38371316,8.24614,-48.950882,-1.3643368,0.6387834,-82.22644,-8.96053,2.3366206,-53.29572,-4.6803703,12.988105,-59.743565,-4.836772,1.5062602,-88.3345,-4.043244,-1.2021936,-58.018753,-21.828056,16.576311,-5.530987,7.5248656,1.20718,-63.797832,-6.820022,7.2434316,-91.66184,-2.0631323,-4.2141533,-56.832478
37.15696,-61.275925,-24.13136,28.986862,0.4330645,-12.502652,-7.4845295,7.2655144,-26.580357,8.565456,-6.4697447,-7.3096356,4.1801896,5.2928567,-24.791899,-2.8154094,0.73082554,-54.044945,-1.495383,2.7947507,-23.930683,-0.35256106,8.940394,-51.025818,-1.3737283,0.6436918,-84.29733,-9.171507,2.4393375,-55.064636,-4.721325,13.742874,-62.562614,-4.911073,1.5377614,-90.62831,-4.145506,-1.1742868,-59.881546,-22.300974,16.903769,-5.6310215,7.552536,1.5543258,-67.03235,-6.943664,7.3985643,-93.49436,-2.1189497,-4.266736,-58.410343
38.1835,-62.334763,-26.30755,29.375933,0.400372,-12.68859,-7.4165144,7.28235,-29.256742,8.40195,-6.4828634,-10.8375435,4.3175,5.4743624,-28.247808,-2.8313487,0.7224899,-60.8758,-1.4329641,2.771313,-28.874115,-0.3532008,8.988922,-53.89724,-1.3885688,0.6533366,-90.11409,-9.492866,2.6248794,-58.725952,-4.7653112,13.686327,-65.47813,-4.9950986,1.5961227,-95.20697,-4.279116,-1.0893309,-62.594234,-22.564615,17.100569,-5.684846,7.561588,0.8071782,-69.81073,-7.0714426,7.5471954,-96.984535,-2.180606,-4.2672963,-60.42918
38.10709,-62.12435,-26.645027,29.011961,-0.47082397,-13.044464,-7.2722783,7.181419,-30.735743,8.078882,-6.3577623,-14.347681,4.348688,5.754259,-29.698353,-2.8107998,0.7093114,-67.21272,-1.3417859,2.694956,-34.146137,-0.34149432,9.184265,-55.03763,-1.3915801,0.6626845,-95.01784,-9.713717,2.8410482,-62.46216,-4.7127438,13.707577,-66.973755,-4.996348,1.6601965,-99.21964,-4.421288,-0.9174009,-65.70935,-22.395885,16.97808,-5.646927,7.433676,0.4933858,-71.489365,-7.075481,7.620619,-99.907135,-2.252653,-4.1648765,-62.940968
36.922016,-60.00794,-26.469046,27.814268,-1.1604141,-12.942164,-6.9749823,6.9132395,-30.50312,7.6750875,-6.124714,-15.502346,4.220693,5.5836253,-28.946146,-2.731231,0.7016078,-68.005035,-1.2962911,2.6151764,-35.01238,-0.3486266,8.788752,-53.871487,-1.3791704,0.66384804,-96.08114,-9.623276,2.8811777,-63.3885,-4.5700545,12.986725,-65.89204,-4.8920083,1.6741848,-99.87817,-4.441319,-0.792221,-66.23238,-21.57603,16.377792,-5.4639215,7.149657,-0.16556531,-70.81421,-6.944253,7.511698,-100.65082,-2.285709,-3.9720306,-63.72192
38.031128,-61.749565,-27.153063,28.699131,-1.1279445,-13.298917,-7.147428,7.0957923,-31.813128,7.8190217,-6.2539344,-16.916882,4.364106,5.8286514,-30.937483,-2.7891572,0.69886017,-72.08731,-1.2749276,2.6347718,-38.028477,-0.34032494,9.124467,-56.56132,-1.3948531,0.672753,-100.068504,-9.97629,3.0630438,-66.48147,-4.6806526,13.438365,-68.85529,-5.0073104,1.7254393,-103.55498,-4.5911384,-0.73739946,-69.0286,-22.220285,16.872438,-5.6082306,7.3265386,-0.21225512,-73.61282,-7.127968,7.742709,-104.09909,-2.35779,-4.0450864,-66.14973
38.986115,-63.44787,-27.57597,29.41951,-1.486091,-13.799356,-7.30161,7.2513785,-32.937798,7.9124866,-6.366209,-18.587143,4.483757,6.251203,-32.11969,-2.8419468,0.69385374,-76.19301,-1.246191,2.652248,-41.080666,-0.3196399,9.662213,-58.504143,-1.40856,0.6824777,-104.161446,-10.318763,3.2214906,-69.517876,-4.759634,14.118956,-71.39178,-5.1254983,1.792759,-107.73641,-4.7747645,-0.6712299,-72.164856,-22.801699,17.305372,-5.737463,7.4580245,0.08491099,-76.11724,-7.305047,7.955076,-107.54033,-2.445436,-4.106595,-68.73969
40.434128,-65.76972,-28.499102,30.64599,-0.9182904,-13.979734,-7.5679836,7.5185485,-33.753113,8.262404,-6.588573,-18.300333,4.644694,5.924878,-34.697723,-2.914154,0.7008421,-76.58818,-1.2706531,2.7132068,-41.11355,-0.3325481,9.768843,-59.18355,-1.4221686,0.6779542,-101.517456,-10.274537,3.0885448,-66.895386,-4.9279513,14.572191,-71.05924,-5.2108154,1.7349415,-104.74797,-4.632512,-0.8869317,-69.588455,-23.647017,17.945541,-5.9180527,7.8507338,0.66743475,-74.11091,-7.3595033,7.9315295,-103.60782,-2.308648,-4.362359,-65.42615
41.083073,-66.86207,-28.811293,31.079998,-1.4153526,-14.447955,-7.614835,7.5952106,-35.41413,8.183717,-6.612783,-21.23639,4.7571197,6.376091,-36.384567,-2.9446974,0.69140035,-82.520355,-1.2079806,2.6898208,-45.83714,-0.3126724,10.225879,-61.396267,-1.4344313,0.68975586,-106.833786,-10.659298,3.327083,-71.12545,-4.9739165,15.008412,-73.668846,-5.2978673,1.8105645,-109.580086,-4.8431244,-0.7513855,-73.482796,-24.029251,18.241623,-6.001234,7.9346023,0.6026943,-76.498184,-7.5019307,8.135248,-107.637764,-2.4123669,-4.3585763,-68.71978
40.801117,-66.50022,-28.402664,31.034985,-0.85663974,-14.099392,-7.587195,7.564621,-35.09646,8.163454,-6.574388,-20.927265,4.753467,6.219356,-37.169613,-2.9290562,0.6948301,-81.053925,-1.2184573,2.6843858,-44.771942,-0.3183155,10.133209,-60.84865,-1.4297037,0.68293434,-103.75924,-10.431492,3.1926017,-68.558334,-4.947529,14.968467,-72.36335,-5.247004,1.7670844,-106.509186,-4.7019644,-0.84338796,-70.96093,-23.924477,18.154224,-5.966275,7.9812007,0.9486548,-73.663536,-7.360978,7.9502444,-103.47129,-2.2876263,-4.405692,-65.53021
38.16611,-62.03244,-26.676107,29.121056,-0.1910405,-12.905956,-7.191079,7.155331,-31.867882,7.8758283,-6.2818413,-16.945126,4.436425,5.690171,-33.051785,-2.791454,0.70331323,-70.58473,-1.2846978,2.6454494,-36.88704,-0.3409757,9.238064,-56.053677,-1.3942587,0.6636098,-95.072235,-9.708683,2.8381746,-62.392937,-4.7018294,13.689635,-66.827515,-4.978831,1.6457608,-98.38832,-4.392666,-0.93734014,-64.98777,-22.405905,17.020636,-5.62838,7.585881,0.59840477,-68.21014,-6.974413,7.4775395,-96.85019,-2.1587512,-4.203809,-60.69974
36.858067,-59.71502,-26.088554,27.98373,-0.2851894,-12.490469,-6.9699364,6.9282765,-30.322002,7.673788,-6.1114864,-15.411703,4.2614784,5.3257985,-30.755913,-2.717915,0.7067363,-66.20506,-1.304207,2.6127737,-33.73172,-0.35926032,8.675798,-53.296753,-1.3767883,0.6544553,-91.329506,-9.359213,2.683057,-59.715454,-4.5766277,12.904088,-63.798096,-4.840204,1.5879328,-94.723206,-4.239691,-0.9646629,-62.24065,-21.568848,16.402094,-5.4483414,7.356053,0.25940153,-65.676,-6.780531,7.247169,-94.03991,-2.1013489,-4.0821495,-58.6523
38.177723,-62.018322,-26.173035,29.454817,0.8511859,-12.447473,-7.2863183,7.2310934,-30.955345,8.04848,-6.340086,-15.17626,4.4446864,5.644143,-32.68981,-2.803506,0.7185983,-65.60191,-1.3531866,2.6971035,-33.150448,-0.35477722,9.19023,-54.763893,-1.3922228,0.64955205,-88.94792,-9.386306,2.5825384,-57.638474,-4.73729,13.753519,-64.35198,-4.9381375,1.5465782,-92.291626,-4.133996,-1.1704022,-60.189808,-22.52542,17.101011,-5.6511393,7.7978573,1.2357947,-63.99383,-6.835485,7.2408876,-90.025505,-1.9593751,-4.3569374,-55.365093
37.945984,-61.431087,-25.960918,29.313293,0.842597,-12.349682,-7.2526407,7.186629,-30.452484,7.9751053,-6.2733808,-15.167082,4.4121647,5.49184,-32.718037,-2.7830765,0.7228164,-64.17573,-1.349443,2.6707962,-32.80068,-0.36029485,9.175778,-53.56088,-1.3868084,0.6419757,-85.19853,-9.117704,2.4756875,-54.826485,-4.6996813,13.754108,-62.167297,-4.850784,1.4723854,-87.80655,-3.9322705,-1.2633882,-56.983326,-22.380602,16.97399,-5.6037493,7.8179135,1.580229,-61.107563,-6.6572876,7.031359,-84.854164,-1.818575,-4.387067,-51.717266
38.390327,-62.045113,-26.610518,29.526644,1.4162302,-12.094258,-7.3610306,7.270728,-29.59109,8.272678,-6.3715267,-12.250169,4.399317,4.335314,-33.187798,-2.7908788,0.7349937,-59.581673,-1.3930752,2.6925695,-29.63755,-0.4045082,8.531493,-50.23213,-1.380824,0.62244153,-75.65178,-8.501928,2.093029,-46.86823,-4.774111,13.412464,-57.124207,-4.757952,1.2889934,-77.43033,-3.448053,-1.6088278,-49.020752,-22.517588,17.072718,-5.6262484,7.997304,1.9116125,-55.617657,-6.44537,6.6928616,-75.03097,-1.5305763,-4.583917,-44.21678
40.766575,-65.80622,-28.292952,31.614222,2.9003875,-12.117939,-7.902875,7.76812,-29.394814,9.077823,-6.8337827,-8.737058,4.5939026,4.076728,-34.2461,-2.927366,0.75842285,-54.37551,-1.522164,2.8732438,-25.020742,-0.42274234,8.765174,-50.663673,-1.401703,0.61208236,-69.80314,-8.434981,1.798506,-41.802063,-5.072137,14.216976,-56.64173,-4.923666,1.180449,-72.01027,-3.2232041,-2.0191913,-44.210083,-23.897442,18.129358,-5.9459124,8.620901,2.8247957,-54.123974,-6.6360593,6.7282667,-70.06323,-1.3608391,-5.012611,-39.70227
40.260635,-64.69506,-28.941088,30.9589,2.701572,-11.960882,-7.7931957,7.64741,-28.432522,9.025791,-6.7710505,-7.1247067,4.472265,3.4996352,-32.68705,-2.8882134,0.7605145,-51.65879,-1.533945,2.8556266,-23.137785,-0.44471553,8.1530485,-49.205173,-1.3928707,0.6082228,-68.04328,-8.266058,1.7432538,-40.725998,-5.023026,13.49292,-55.214447,-4.845857,1.1350925,-70.10028,-3.1256485,-2.027213,-42.748394,-23.41901,17.77464,-5.8501873,8.414632,2.1491542,-54.57838,-6.5863194,6.673023,-70.29304,-1.3772875,-4.9171586,-39.759186
41.689964,-67.139755,-30.042816,32.11126,3.3910823,-12.088651,-8.083614,7.929248,-28.91913,9.454102,-7.0370474,-5.7770295,4.599626,3.333134,-33.592247,-2.9722204,0.770986,-50.236835,-1.6022007,2.9621918,-21.212807,-0.45278123,8.232332,-50.141766,-1.4084417,0.60699874,-67.458015,-8.392814,1.6642586,-39.775146,-5.209572,13.830635,-55.889496,-4.9798284,1.1183931,-69.73458,-3.106339,-2.1927345,-41.890038,-24.228397,18.416773,-6.048374,8.76607,2.3215156,-54.964207,-6.774334,6.8018675,-70.44681,-1.3541936,-5.131604,-39.292896
41.913296,-67.35342,-29.243326,32.465164,2.1726747,-12.915457,-7.955107,7.885287,-32.52922,8.801652,-6.8390164,-15.276469,4.8054233,5.1885386,-37.990314,-2.97868,0.7462633,-65.1629,-1.4221481,2.8460643,-33.445892,-0.387087,9.752333,-56.141933,-1.4274971,0.63491356,-81.08355,-9.251556,2.2714386,-50.722145,-5.139372,15.103343,-62.771385,-5.1019545,1.3450778,-82.45203,-3.661953,-1.7561748,-51.90616,-24.542372,18.65299,-6.089756,8.825194,2.8352928,-58.55091,-6.8901033,7.087015,-77.676506,-1.535435,-5.0117526,-45.60166
40.86041,-65.71652,-28.509455,31.68833,2.4682846,-12.3868,-7.7761006,7.7028427,-31.38929,8.6650715,-6.684996,-13.938264,4.6884003,4.563709,-37.58998,-2.9129004,0.7502755,-61.3313,-1.4205445,2.7877078,-31.33648,-0.4062573,9.310295,-52.622986,-1.4089913,0.6184026,-73.06091,-8.61067,1.9900886,-44.48403,-5.033375,14.610397,-57.808834,-4.902917,1.1995635,-73.58746,-3.2585456,-1.932667,-45.428272,-23.910841,18.159891,-5.9346523,8.7103405,3.119267,-52.934315,-6.5309005,6.657476,-68.52011,-1.2994188,-5.007176,-39.156372
39.840065,-65.01896,-26.160507,31.558376,4.427676,-11.192971,-7.8373394,7.687048,-28.389233,8.9205,-6.6594315,-9.246064,4.602321,3.7557383,-37.10663,-2.8755121,0.7715336,-50.810513,-1.4987605,2.8005617,-24.504084,-0.42406425,9.155804,-47.019207,-1.38243,0.58212996,-55.2381,-7.485118,1.3012733,-30.761902,-4.962981,14.983112,-49.42575,-4.661952,0.9186621,-55.67108,-2.5099382,-2.449696,-32.493713,-23.615204,17.924728,-5.8502054,8.88044,5.3395267,-41.500294,-5.9762893,5.8859863,-49.04479,-0.7884407,-5.2622795,-25.404518
37.645855,-61.25774,-24.846054,29.766745,4.7715607,-10.203796,-7.5906887,7.3735523,-23.88677,8.910079,-6.477856,-2.5311322,4.2313623,2.6024077,-31.051722,-2.7592075,0.78756034,-37.063305,-1.5881824,2.7815874,-14.773455,-0.46953171,8.024478,-39.330643,-1.3431036,0.5527038,-40.743614,-6.4340477,0.74877596,-20.261843,-4.7733555,13.747458,-40.78021,-4.3501,0.68297315,-41.61425,-1.9348881,-2.7330117,-22.485954,-22.243078,16.882292,-5.554758,8.500938,5.3792634,-34.96469,-5.540236,5.3075743,-38.208626,-0.5582304,-5.160569,-17.726835
37.98945,-61.76757,-25.109112,29.971603,4.611709,-10.328697,-7.660082,7.4322524,-23.616098,8.989726,-6.521868,-2.1145658,4.2273016,2.3054595,-30.704256,-2.7679608,0.79282963,-35.166122,-1.6011295,2.798272,-13.419202,-0.4791401,7.9907,-37.091965,-1.3421364,0.5446166,-36.135117,-6.159438,0.53805494,-16.221416,-4.814644,13.84088,-37.48305,-4.3244886,0.6019926,-36.597836,-1.7214289,-2.9204636,-18.570055,-22.404226,16.99293,-5.581458,8.678105,5.836341,-30.953112,-5.433781,5.108448,-32.443905,-0.4018535,-5.290243,-13.461121
39.04235,-63.313747,-26.221043,30.810518,5.4384403,-10.2114315,-7.9064536,7.64358,-23.057419,9.459178,-6.764513,1.1162051,4.2738233,1.8770888,-30.379688,-2.8264077,0.80366415,-31.048613,-1.6924996,2.9007673,-9.380156,-0.5031742,7.6273594,-37.34614,-1.349626,0.5410695,-33.950558,-6.1176395,0.39442298,-14.089681,-4.9599094,13.720226,-37.95634,-4.4102244,0.5731417,-35.400555,-1.656052,-3.0750656,-16.96577,-22.944176,17.396519,-5.709052,8.861502,5.6106706,-31.945082,-5.586683,5.216667,-32.71398,-0.38711995,-5.433429,-12.807544
38.973793,-62.683823,-27.418194,30.312164,4.496295,-10.512886,-7.781577,7.5471544,-23.12539,9.296916,-6.7191386,0.6913897,4.192314,1.5347887,-29.298721,-2.79431,0.80188483,-30.670225,-1.6849306,2.8887854,-8.683231,-0.52055514,7.2301044,-35.65956,-1.3466046,0.5399561,-34.33238,-6.05309,0.3413842,-13.668076,-4.937928,13.10282,-36.233994,-4.391682,0.5653928,-35.440746,-1.627762,-3.0917852,-16.114197,-22.647968,17.173754,-5.6404686,8.773632,4.9256687,-31.202747,-5.575357,5.165939,-33.19509,-0.39884782,-5.3804107,-12.550359
39.87103,-64.463776,-26.958666,31.223442,4.79857,-10.728405,-7.997574,7.7482343,-23.46305,9.517377,-6.8567576,0.29157427,4.3118668,1.7878709,-30.396809,-2.8531427,0.8043537,-31.389027,-1.6913981,2.9287643,-9.45377,-0.5054435,7.8582144,-36.31411,-1.3557394,0.5408198,-33.183304,-6.1109176,0.30604425,-12.861962,-5.029526,14.066537,-36.699265,-4.4625306,0.55369604,-34.238564,-1.6009375,-3.1896858,-15.752212,-23.291948,17.678524,-5.7839327,9.047836,6.0135927,-30.398956,-5.615178,5.179547,-30.762299,-0.32676977,-5.5542965,-11.157968
40.402576,-65.65708,-26.248281,31.653767,2.0479145,-12.506325,-8.195877,7.9599595,-23.963432,9.807207,-7.100322,0.55791056,4.274272,1.118604,-26.67445,-2.9229085,0.8041373,-29.670956,-1.7204963,3.0079691,-7.5945764,-0.5269695,7.9144497,-30.951504,-1.3604046,0.53581965,-30.147133,-6.0915356,0.15121175,-10.046933,-5.246202,14.25867,-31.339962,-4.553095,0.49799016,-31.065243,-1.5405663,-3.385087,-13.753912,-24.003962,18.225374,-5.955271,9.529816,6.861946,-25.489035,-5.7633495,5.2313356,-29.12804,-0.34237385,-5.742213,-10.575
37.577335,-62.416203,-20.815058,30.37312,0.3909175,-12.937318,-7.9280543,7.733247,-23.707989,9.352726,-6.8642516,-1.1022062,4.100219,1.2466931,-23.847178,-2.85574,0.7958087,-28.865881,-1.6751323,2.9224257,-7.4032626,-0.55156106,7.863015,-25.282196,-1.3361297,0.5241039,-25.218567,-5.737989,0.07889561,-6.9184976,-5.1975875,13.6542015,-23.94614,-4.3842635,0.44840753,-26.205215,-1.4844583,-3.3272638,-11.962315,-23.279501,17.676414,-5.805148,9.747811,7.4621882,-14.876608,-5.462322,4.964211,-21.710838,-0.30839813,-5.624686,-7.594505
36.41694,-61.579414,-17.984821,30.004568,0.052791253,-12.992704,-7.912309,7.6994395,-23.208569,9.30642,-6.8190722,-0.863776,4.0331464,1.2240398,-22.124352,-2.854013,0.7944131,-27.637377,-1.6840394,2.9183135,-6.439564,-0.55628276,7.863488,-22.917347,-1.3279306,0.52063906,-22.832764,-5.584979,0.040597893,-5.5650043,-5.2034316,13.592335,-21.092335,-4.3342447,0.43545228,-24.309875,-1.4596839,-3.3135703,-11.491196,-23.084593,17.540026,-5.786113,9.873273,8.018872,-11.0140705,-5.357577,4.89476,-19.221863,-0.29421774,-5.6099014,-6.966749
40.58218,-67.31697,-22.802229,32.679733,-0.43473274,-14.353537,-8.504534,8.300741,-25.689192,9.993674,-7.36668,-1.5198612,4.336727,1.3919424,-23.97944,-3.0315914,0.8048136,-30.77261,-1.7395668,3.089458,-7.5746117,-0.55693775,8.527627,-25.139149,-1.3694795,0.52809167,-26.450993,-6.0630226,0.03142196,-6.346288,-5.586303,14.659651,-23.633575,-4.671444,0.4530708,-27.257895,-1.5213443,-3.5631537,-11.898105,-25.096647,19.046505,-6.221059,10.482098,7.9313617,-15.289452,-5.8349023,5.274524,-22.30263,-0.29223716,-6.0265994,-7.592129
39.94686,-64.72434,-25.310894,31.246212,-0.07970213,-13.508355,-8.063961,7.8860173,-24.927086,9.269549,-6.973951,-4.4180164,4.232156,1.6634991,-25.73966,-2.8953695,0.79675835,-33.303783,-1.6588027,2.9685197,-9.982446,-0.5420107,8.260267,-27.81926,-1.3611848,0.5347578,-31.725151,-6.1259465,0.13325617,-9.919029,-5.26994,14.097159,-26.825617,-4.5701184,0.5205593,-31.701666,-1.657461,-3.3359778,-14.091326,-23.982914,18.154192,-5.9135313,9.833229,6.723076,-18.43789,-5.7020755,5.1160436,-25.421782,-0.33745646,-5.7238784,-8.70154
38.876297,-62.27235,-26.141655,30.134956,1.5099643,-12.145346,-7.7083087,7.529808,-24.351566,8.9017515,-6.6698804,-4.069222,4.148489,1.8280411,-27.537556,-2.7909243,0.7914815,-33.7745,-1.6239607,2.8708153,-10.7060995,-0.52493155,7.748947,-31.494972,-1.3476527,0.5398773,-35.115974,-6.116092,0.30368388,-13.085236,-5.002186,13.3324175,-31.227842,-4.4331307,0.5817038,-35.300453,-1.7229288,-3.097697,-16.197546,-22.907578,17.334194,-5.6599913,9.153837,5.569883,-24.03939,-5.5492797,5.0692086,-29.67542,-0.39621997,-5.4273024,-10.975521
40.813686,-65.53079,-27.215796,31.737843,1.7359232,-12.687401,-8.039056,7.8742337,-26.189379,9.195632,-6.9267917,-6.044844,4.383314,2.2775388,-30.136868,-2.8964555,0.7944664,-37.998566,-1.6235721,2.947555,-13.4756775,-0.50901973,8.46439,-34.348457,-1.373257,0.54687667,-38.48952,-6.5281973,0.39636618,-15.341395,-5.201621,14.318952,-33.927242,-4.635262,0.6284476,-38.539993,-1.8705478,-3.1625445,-18.343264,-24.05094,18.221376,-5.919323,9.606398,6.0686793,-25.355524,-5.8053904,5.297723,-31.45235,-0.41326088,-5.661006,-12.017765
39.960716,-65.1885,-24.145145,31.755886,1.7937279,-12.700834,-8.045127,7.887397,-26.55887,9.109643,-6.866502,-7.638352,4.4241314,2.6064234,-30.852468,-2.9039545,0.7912308,-40.052288,-1.5952604,2.92332,-15.272159,-0.49752766,8.870943,-34.643215,-1.3709145,0.5464917,-38.281803,-6.5837555,0.46224785,-16.02908,-5.196335,14.802726,-33.687298,-4.625134,0.65266085,-38.72075,-1.9433286,-3.108787,-19.603643,-24.09176,18.27417,-5.9389925,9.824792,7.108916,-21.742844,-5.7332397,5.2603316,-29.5753,-0.39587873,-5.6833067,-11.754134
39.359592,-64.49814,-23.0735,31.457388,1.7895538,-12.600992,-7.97776,7.827042,-26.450016,9.04592,-6.810192,-7.637597,4.3936114,2.614829,-30.468609,-2.8880608,0.79040873,-39.64696,-1.5853317,2.9025652,-15.255102,-0.4992913,8.856262,-33.84133,-1.3644717,0.5425026,-36.662254,-6.473827,0.435572,-15.275533,-5.1615596,14.7628355,-32.66895,-4.5759506,0.63551116,-37.216236,-1.9033151,-3.1071033,-19.032862,-23.879368,18.121199,-5.898592,9.807287,7.3796716,-20.123886,-5.6514196,5.183412,-27.869417,-0.37237662,-5.6595,-11.100102
38.293976,-62.417217,-22.898602,30.460344,1.0145152,-12.6138115,-7.7185273,7.5958805,-26.11694,8.688207,-6.6207447,-8.55941,4.271515,2.6383603,-29.217455,-2.815442,0.7847431,-39.47926,-1.5441751,2.8333297,-15.701765,-0.5027505,8.694579,-31.76699,-1.3512075,0.539775,-35.82923,-6.3080044,0.40345418,-14.692122,-5.0328975,14.339048,-30.481318,-4.4659586,0.60989726,-35.805813,-1.857628,-3.0535138,-18.224438,-23.216784,17.60028,-5.7365484,9.576059,7.1973114,-18.483252,-5.4969077,5.014134,-26.270554,-0.36885083,-5.515533,-10.449161
40.591305,-66.899155,-23.3799,32.655712,1.6990838,-13.150727,-8.300545,8.135683,-26.727926,9.545069,-7.1126027,-5.7668953,4.4865446,2.4186485,-29.629663,-2.9790227,0.7987985,-37.341393,-1.647988,3.0025895,-13.079555,-0.5159704,9.010321,-32.346043,-1.3774203,0.53915995,-33.54493,-6.461673,0.30046865,-12.460912,-5.382039,15.19515,-30.891169,-4.678601,0.5751722,-34.008564,-1.7978542,-3.3190203,-16.777388,-24.80444,18.822815,-6.113099,10.231916,7.918366,-18.708183,-5.8030124,5.276079,-25.632847,-0.3290627,-5.896128,-9.713026
40.353046,-65.25114,-26.38225,31.533817,1.3349907,-12.833778,-8.02794,7.868407,-25.501698,9.408038,-7.0030947,-3.0505037,4.289542,1.6291574,-27.5516,-2.8972375,0.79803365,-32.733242,-1.6671381,2.9670746,-9.901186,-0.53576326,8.049083,-30.261755,-1.3600427,0.53638446,-31.459076,-6.123054,0.16569747,-10.330832,-5.2483735,14.018011,-29.547136,-4.5562544,0.52035654,-31.83584,-1.6108737,-3.342133,-14.114938,-23.929152,18.162508,-5.915572,9.672808,6.4911466,-21.923077,-5.711344,5.152854,-26.83875,-0.33088642,-5.719406,-9.335284
41.65372,-67.37127,-27.530725,32.46783,1.0001947,-13.424413,-8.278293,8.106068,-26.18622,9.721946,-7.2165585,-2.8473558,4.389926,1.4519072,-27.957336,-2.9694395,0.802261,-33.548767,-1.6975684,3.0383325,-9.862454,-0.5458129,8.10149,-30.491724,-1.3744293,0.5385192,-32.36566,-6.2842393,0.14668733,-10.411932,-5.416677,14.272357,-29.851778,-4.6826024,0.5291988,-32.842014,-1.6377373,-3.4370818,-14.390672,-24.686583,18.734598,-6.088519,9.966673,6.5366073,-22.458258,-5.891405,5.3033304,-28.173496,-0.33436814,-5.8834543,-9.85864
41.546642,-67.53135,-26.705738,32.709972,1.2323669,-13.384656,-8.318166,8.148537,-26.412622,9.776291,-7.2400937,-2.8111737,4.4158955,1.6160496,-28.081022,-2.9803138,0.8026154,-33.189266,-1.7055941,3.0451705,-9.589673,-0.543341,8.275576,-30.375591,-1.375001,0.53776336,-31.45668,-6.258829,0.13547137,-9.709858,-5.4440694,14.451936,-29.417547,-4.6798477,0.51621914,-31.721415,-1.6094506,-3.4652474,-13.824988,-24.851503,18.853731,-6.1182775,10.086776,6.792789,-21.199286,-5.8696575,5.287464,-26.612913,-0.30445194,-5.9247355,-8.955388
42.378834,-68.430786,-28.53731,32.67019,-0.25835136,-14.23174,-8.375734,8.202092,-26.662394,9.792425,-7.3093624,-3.5135047,4.3843255,1.0641565,-27.043032,-3.0013394,0.80410796,-34.296707,-1.710711,3.0725124,-9.883526,-0.5630439,7.980507,-28.722664,-1.3809085,0.53768396,-32.796833,-6.315829,0.10155182,-9.939709,-5.5230412,14.151973,-28.004215,-4.7463136,0.52655685,-33.081085,-1.6310827,-3.4994254,-14.131285,-25.012547,18.977968,-6.166726,10.152146,6.2886634,-21.413456,-5.9821825,5.3605413,-28.602158,-0.33144233,-5.963314,-9.903658
41.396336,-66.43638,-28.147331,31.98782,0.85731864,-13.288415,-8.188409,8.005704,-25.71065,9.520823,-7.1009607,-3.5139594,4.3331804,1.5739899,-27.582026,-2.9290192,0.8019122,-33.954323,-1.6809617,3.0006983,-10.259432,-0.5518447,7.95856,-30.229765,-1.3731349,0.53865063,-33.43747,-6.2337303,0.16308858,-10.579884,-5.347876,13.907887,-29.480915,-4.6356087,0.52691245,-33.121807,-1.61843,-3.383996,-14.090697,-24.375725,18.468166,-5.9991245,9.788768,5.8793297,-23.080025,-5.816691,5.24129,-27.935432,-0.3206565,-5.7956395,-9.427734
45.796223,-73.34322,-31.616854,35.17595,0.80244327,-14.674535,-8.997322,8.787822,-27.935457,10.471539,-7.76898,-3.5579634,4.7179413,1.6630045,-30.159039,-3.1624625,0.81573486,-37.212837,-1.7587056,3.2152357,-11.493254,-0.55141646,8.80332,-33.388924,-1.4239432,0.54795456,-36.99691,-6.833945,0.18753907,-11.722547,-5.833074,15.408442,-32.850468,-5.0409613,0.5541755,-36.43783,-1.7324929,-3.653554,-15.351026,-26.8185,20.33568,-6.5574102,10.64444,6.36964,-26.931137,-6.3778815,5.7243547,-31.203049,-0.32704523,-6.317261,-10.5512905
45.983498,-73.48658,-31.981611,35.228767,0.86495864,-14.661565,-9.078234,8.830089,-27.271128,10.654111,-7.8213983,-1.8486545,4.704985,1.3741716,-29.798056,-3.1769183,0.81907874,-35.701363,-1.7900572,3.2382078,-10.328978,-0.54830146,8.661161,-33.97756,-1.4249043,0.54817367,-36.88827,-6.835176,0.19519153,-11.797481,-5.840513,15.411429,-33.995964,-5.0544534,0.5623705,-36.978043,-1.7368425,-3.6480234,-15.59697,-26.879297,20.382456,-6.5763445,10.583861,6.3020797,-28.836918,-6.425043,5.794092,-32.971897,-0.34512967,-6.317724,-11.410795
47.899418,-75.84746,-34.817566,36.253643,1.585354,-14.69264,-9.237626,9.031942,-28.812363,11.012248,-8.075479,-0.8775385,4.8576636,0.84993625,-32.689285,-3.2431495,0.82223254,-36.790638,-1.8162279,3.3135488,-10.605828,-0.55735034,8.318572,-37.38741,-1.4385936,0.5526299,-39.410374,-7.1625757,0.2500713,-13.766889,-5.9888406,15.416937,-37.401596,-5.2136416,0.5922071,-40.334507,-1.8635122,-3.697664,-17.419853,-27.529375,20.915619,-6.7412205,10.7431135,5.828157,-32.55914,-6.7288485,6.05782,-38.11651,-0.45214456,-6.430449,-14.026215
40.928528,-65.14175,-29.806074,31.40413,3.1173084,-11.815741,-8.107474,7.8535385,-23.904915,9.826876,-7.0781612,1.9981658,4.3026743,0.7703977,-29.717728,-2.902654,0.80431855,-30.193533,-1.7535658,3.0272071,-6.928781,-0.53047526,7.052083,-36.906223,-1.3670163,0.54556704,-37.34679,-6.4011354,0.31387737,-15.029494,-5.1693144,13.382885,-38.357883,-4.6317024,0.63357157,-40.061512,-1.8333682,-3.1730342,-18.638456,-23.759962,17.973326,-5.8829594,9.113802,5.1012797,-33.36544,-5.958071,5.4920187,-39.08794,-0.5218442,-5.575468,-15.834705
37.115753,-59.698418,-26.10415,29.009869,3.8197293,-10.467461,-7.5529943,7.2837386,-21.822397,9.174791,-6.5654655,2.5399122,4.046856,1.2241935,-28.138351,-2.741671,0.7894765,-29.560106,-1.702941,2.8719945,-7.1096296,-0.4986754,6.6967926,-39.01052,-1.3339198,0.554538,-41.739388,-6.482974,0.6510074,-21.025732,-4.7677407,12.511928,-41.919456,-4.405282,0.7551763,-45.82812,-2.1562922,-2.6643023,-24.718681,-21.911827,16.579128,-5.4811525,8.294834,4.4098353,-37.18354,-5.7770534,5.5176783,-46.631344,-0.79963434,-5.0165815,-22.487648
37.512135,-60.506447,-26.821991,29.21726,3.8780403,-10.53454,-7.592344,7.3303766,-22.420586,9.183927,-6.61189,1.8360763,4.079238,1.438147,-28.287632,-2.755895,0.78596205,-32.080917,-1.6834401,2.8773508,-8.793862,-0.49780405,6.6939926,-40.464622,-1.3394861,0.5623644,-45.66073,-6.7698307,0.7913511,-24.211464,-4.797564,12.527683,-44.114616,-4.481427,0.81786937,-49.924294,-2.332358,-2.564161,-27.90623,-22.04954,16.69767,-5.5250816,8.236368,3.9194279,-40.812756,-5.947788,5.723524,-51.475365,-0.93355,-4.9770265,-26.032772
36.652996,-58.50013,-26.641836,28.118092,2.51218,-10.825298,-7.339157,7.0991654,-21.849375,8.84244,-6.4083414,0.9981581,3.9221876,0.79330343,-26.638235,-2.677618,0.7841686,-30.07592,-1.6273582,2.7877736,-8.929348,-0.51345515,6.404114,-35.260624,-1.3202099,0.54792356,-38.171528,-6.216251,0.5505959,-18.736763,-4.682932,12.176991,-37.54183,-4.2767234,0.6609459,-40.86683,-1.9560634,-2.722067,-21.743383,-21.378435,16.192652,-5.358178,8.152025,4.52099,-33.9769,-5.5793967,5.2511716,-42.035088,-0.7127583,-4.954673,-20.136143
39.392174,-63.11196,-28.170082,30.132345,1.0496801,-12.540937,-7.7109866,7.5336027,-25.608355,9.1308975,-6.781019,-2.6597805,4.174902,1.4741193,-27.594135,-2.8257544,0.7800246,-37.925877,-1.6187994,2.8928165,-12.878657,-0.52021044,6.962488,-37.02051,-1.3573624,0.5653431,-46.65105,-6.9820757,0.8064821,-23.915106,-5.042811,12.733228,-39.789646,-4.610815,0.81039107,-49.453156,-2.3713944,-2.6613903,-27.812252,-22.997213,17.450901,-5.72806,8.81487,4.160558,-36.389614,-6.0806265,5.7908053,-49.23989,-0.914498,-5.178403,-25.630424
37.193375,-59.918427,-24.911427,28.923065,0.9492593,-12.0399065,-7.3773885,7.2382393,-24.748928,8.605978,-6.4801407,-4.17245,4.0111217,1.747221,-25.765911,-2.7263596,0.7790155,-34.59094,-1.5855224,2.8088272,-11.377745,-0.52620137,7.100726,-31.918722,-1.3304878,0.54778135,-38.752316,-6.366405,0.5216112,-17.967796,-4.865087,12.6058235,-32.921204,-4.3857126,0.685562,-40.72545,-2.0546496,-2.7907276,-21.849451,-22.099157,16.752161,-5.505001,8.828186,5.238872,-26.04937,-5.6218133,5.2236323,-37.43618,-0.6763385,-5.1304717,-18.181515
36.621487,-59.694477,-22.55164,29.162663,1.6166242,-11.732031,-7.494758,7.3159833,-23.314386,8.837513,-6.5328856,-1.8259108,4.0022135,1.8046458,-24.948887,-2.7397923,0.78888077,-29.215988,-1.6427875,2.83661,-7.6103063,-0.52493733,7.542076,-28.761,-1.3235587,0.53070104,-29.985697,-5.7901697,0.20675571,-10.679943,-4.886701,13.091898,-28.461481,-4.284765,0.55162024,-31.708178,-1.6708373,-3.0569687,-15.172833,-22.219498,16.809896,-5.520278,9.049049,6.4370723,-19.836203,-5.3513265,4.905531,-26.785172,-0.40539736,-5.302977,-10.692565
38.0181,-62.89073,-21.404789,30.873562,2.2987738,-12.055279,-7.996375,7.763173,-23.308088,9.476186,-6.8730927,-0.07407206,4.188449,1.998083,-25.415323,-2.8655055,0.7997303,-28.676044,-1.7069852,2.9443102,-6.7608895,-0.5290369,8.092791,-29.10238,-1.3409657,0.52817136,-27.574247,-5.8459005,0.13361838,-8.571056,-5.140578,14.02546,-28.447369,-4.4285197,0.5240199,-29.639938,-1.6039739,-3.245659,-13.987082,-23.436378,17.757826,-5.809453,9.5981865,7.3562202,-18.877724,-5.5061007,5.0546536,-24.166561,-0.31692666,-5.6103354,-8.856495
39.512295,-65.56894,-21.599785,32.235672,2.550157,-12.508758,-8.360589,8.107634,-24.006132,9.935607,-7.155983,0.49409837,4.344329,2.101813,-25.948063,-2.9688847,0.80677897,-29.169266,-1.7512681,3.038166,-6.6493263,-0.5294202,8.502901,-29.875381,-1.359104,0.5291612,-27.575937,-6.0330796,0.12322831,-8.226459,-5.351743,14.746284,-29.141317,-4.5783753,0.52110916,-29.760595,-1.6211742,-3.3731585,-14.000625,-24.485117,18.551619,-6.051839,10.0244665,7.8887167,-19.144722,-5.706532,5.2339406,-24.251787,-0.29985046,-5.8432946,-8.834621
38.730793,-64.29271,-20.915537,31.61483,2.2738156,-12.40254,-8.2580185,7.9833198,-23.131485,9.784151,-7.0421557,0.64704347,4.263303,2.0641503,-25.280722,-2.933562,0.8042178,-28.562344,-1.7493575,3.0153117,-6.1190147,-0.5246936,8.39507,-30.308691,-1.3520625,0.5305686,-28.988815,-6.066172,0.1843704,-9.654278,-5.2578773,14.5505,-30.077555,-4.5439897,0.5644597,-31.867025,-1.7265573,-3.2541232,-15.684372,-24.074942,18.220596,-5.9577713,9.844206,7.7457876,-19.881258,-5.687064,5.2515397,-26.630915,-0.3722406,-5.7167873,-10.467242
38.738174,-63.838444,-22.672081,31.209219,2.5829349,-12.08496,-8.110582,7.844378,-23.489897,9.524442,-6.9257607,-0.67018145,4.268386,2.8247762,-25.88995,-2.9069128,0.7979059,-31.673954,-1.7262373,2.994577,-8.427048,-0.48063466,8.580484,-35.715153,-1.3579186,0.5494902,-39.12244,-6.689371,0.5862725,-18.225399,-5.122185,14.5109825,-37.43764,-4.6190724,0.7399036,-42.799053,-2.180741,-2.8952231,-23.425804,-23.71657,17.940289,-5.8844786,9.3862,6.6363816,-29.617775,-5.92699,5.608511,-39.09369,-0.6742229,-5.4602466,-18.818378
39.069733,-63.61952,-25.134386,30.887787,3.1530054,-11.562359,-8.020165,7.749717,-22.928068,9.563191,-6.891671,1.2207475,4.1937504,2.082991,-25.57087,-2.8705943,0.8031874,-28.791267,-1.7387636,2.9739914,-6.8673673,-0.49613455,7.9622717,-34.46804,-1.3531138,0.5445174,-35.4778,-6.334989,0.41853693,-15.1258335,-5.063064,13.966053,-35.892673,-4.5138903,0.6284007,-37.652798,-1.8544027,-3.0523012,-18.999811,-23.347105,17.688412,-5.800205,9.10969,5.9937925,-30.76475,-5.7912226,5.410889,-36.13468,-0.54027927,-5.4568853,-15.871066
39.85388,-64.7501,-26.647457,31.368715,4.403519,-11.0443,-8.118939,7.8389177,-23.028378,9.744668,-6.9671993,2.0628433,4.280981,1.8669852,-27.760761,-2.8904839,0.80864716,-29.031612,-1.7494392,2.9901307,-7.2014956,-0.50106734,7.8253365,-36.095493,-1.3601735,0.5435752,-34.751247,-6.2865562,0.36801764,-14.321807,-5.0966787,14.021947,-37.24765,-4.5301595,0.5912423,-36.488033,-1.7333378,-3.1483498,-17.569647,-23.548033,17.85132,-5.8498316,9.097226,5.783054,-32.492294,-5.7975163,5.392318,-35.157173,-0.45915043,-5.543069,-14.440256
41.309593,-65.82072,-30.111908,31.713905,3.461356,-11.744371,-8.11887,7.8992453,-25.006197,9.6805525,-7.069344,-0.18873194,4.3644276,1.6960139,-29.84168,-2.9189317,0.8027261,-34.0027,-1.7262557,3.0187364,-9.782569,-0.5113782,7.518366,-39.015003,-1.3799026,0.558352,-43.0931,-6.824966,0.58461404,-19.750944,-5.1957693,13.515435,-40.79833,-4.6994796,0.7043843,-44.771484,-2.0436645,-3.0198011,-22.231432,-23.89156,18.117498,-5.928916,9.118418,4.3557906,-37.11034,-6.1148996,5.7208214,-43.99197,-0.66096616,-5.512864,-19.523449
42.70243,-68.069984,-30.935192,32.785282,3.300786,-12.274253,-8.40931,8.169723,-25.441645,10.060633,-7.3098645,0.520392,4.4672723,1.5555757,-29.870588,-2.9958274,0.80889523,-33.362583,-1.7627007,3.0959535,-9.04477,-0.5154981,7.7535267,-38.446266,-1.3923101,0.55587554,-41.330647,-6.841095,0.473953,-17.784952,-5.366811,14.038447,-40.03834,-4.8039966,0.66803575,-42.963966,-1.9601783,-3.2011352,-20.577934,-24.734589,18.748642,-6.114355,9.451668,4.832214,-36.4614,-6.2324576,5.776668,-42.22616,-0.5901048,-5.7349043,-17.922817
39.44388,-63.47886,-27.139957,30.634129,3.0764868,-11.494104,-7.924706,7.671931,-23.10463,9.45665,-6.840667,0.70650244,4.189771,1.7407292,-26.812357,-2.8402889,0.80140877,-29.578283,-1.697687,2.9340518,-8.383854,-0.49464977,7.8132343,-34.59042,-1.3523451,0.544085,-34.850483,-6.2584667,0.38500968,-14.620154,-5.0056376,13.887918,-35.862083,-4.469604,0.58049184,-36.051025,-1.7411975,-3.0950148,-17.452934,-23.13324,17.542604,-5.7464924,8.92215,5.8475504,-31.931553,-5.714534,5.2890935,-34.817272,-0.48162395,-5.441246,-14.658496
40.86264,-65.72516,-27.386389,31.675402,1.1805644,-13.009259,-8.222009,7.9754133,-24.257233,9.711221,-7.1057763,-0.7040321,4.2815228,1.722713,-25.737556,-2.9378803,0.802665,-31.296816,-1.713631,3.025363,-8.753984,-0.50382805,8.246673,-32.579647,-1.3701541,0.5456909,-35.484615,-6.4650707,0.3357089,-14.230366,-5.242063,14.470786,-33.840424,-4.6437845,0.5938545,-36.74166,-1.8147193,-3.2275152,-17.807861,-24.17148,18.31928,-5.9794674,9.472262,6.535647,-29.083193,-5.928849,5.4365063,-34.589664,-0.4931695,-5.673769,-14.714074
38.40111,-62.762287,-22.998009,30.453424,-0.25950798,-13.28206,-7.934452,7.7241507,-23.652271,9.333549,-6.8744974,-1.3271289,4.0752716,1.4236739,-22.564823,-2.8592472,0.7972123,-28.593912,-1.6855452,2.9399438,-7.026106,-0.536536,7.9939547,-25.418417,-1.3419772,0.52883,-27.188402,-5.8064995,0.087363906,-7.7476387,-5.1674848,13.821945,-24.924408,-4.4190497,0.47595364,-27.915897,-1.5025723,-3.326391,-12.335135,-23.3912,17.723442,-5.8027925,9.605202,7.2072105,-17.758839,-5.5188174,5.0039864,-23.957668,-0.31479174,-5.618071,-8.521997
35.66067,-60.35744,-16.990355,29.570219,0.42785975,-12.563126,-7.7960243,7.568906,-22.46824,9.293324,-6.7312717,1.009609,3.921863,1.2693491,-19.882082,-2.8176246,0.797614,-24.310862,-1.707912,2.895151,-4.0160437,-0.55759764,7.6020975,-21.22084,-1.3142328,0.51384056,-19.730816,-5.292541,-0.034183826,-3.286005,-5.120758,13.224013,-19.639618,-4.228809,0.40442607,-21.532063,-1.3138871,-3.324756,-9.484086,-22.66572,17.223095,-5.6871986,9.680153,7.814244,-10.495048,-5.2210765,4.7903404,-17.42747,-0.24433233,-5.532562,-5.6693673
36.883392,-63.1301,-16.88892,30.736483,0.70946956,-12.961237,-8.1535015,7.9007945,-22.985594,9.793314,-7.020113,2.313427,4.0537996,1.1693219,-20.005983,-2.9238803,0.8056794,-23.902617,-1.7593248,2.9943063,-3.1506317,-0.56276023,7.8559256,-21.315668,-1.3297883,0.51238716,-18.759367,-5.412778,-0.05737846,-2.523597,-5.3441944,13.724741,-19.539612,-4.354147,0.38601017,-20.707455,-1.2682596,-3.4746044,-8.836338,-23.552814,17.917538,-5.9254475,10.075765,8.269705,-10.767023,-5.391125,4.962255,-17.37871,-0.22492981,-5.760761,-5.769161
35.529747,-61.043137,-15.956347,29.51145,-0.0018236935,-12.875219,-7.9473042,7.6663704,-21.442137,9.557622,-6.8189983,3.170906,3.9101565,1.0456483,-18.45694,-2.8518867,0.8008193,-22.484911,-1.7343783,2.9240785,-2.681788,-0.5577758,7.644388,-20.36045,-1.3140099,0.5118122,-18.14861,-5.274056,-0.027802113,-2.8548944,-5.1658525,13.407983,-19.245687,-4.231741,0.39658326,-20.526226,-1.275709,-3.3545525,-9.134906,-22.726622,17.302729,-5.746765,9.695319,8.413166,-11.36191,-5.237926,4.854568,-17.930157,-0.26012698,-5.5712075,-6.492228
34.76377,-59.622215,-15.741284,29.17114,1.8664334,-11.641292,-7.783328,7.4816413,-20.473804,9.443027,-6.6587796,4.308501,3.8893552,1.5774597,-19.542212,-2.79407,0.79896474,-21.71795,-1.7371848,2.8846967,-2.2354715,-0.5322927,7.6523933,-23.710335,-1.3027709,0.513742,-19.591652,-5.271702,0.037455976,-4.702449,-4.96905,13.465747,-23.555027,-4.169392,0.45712018,-23.20075,-1.3809655,-3.198146,-11.437325,-22.194324,16.87388,-5.600425,9.259546,8.315252,-15.6614895,-5.17293,4.8390565,-20.769558,-0.30195117,-5.4050703,-8.152659
38.259544,-63.742203,-21.463915,31.06912,2.9183168,-11.80817,-8.1868105,7.869381,-21.935604,9.829841,-6.966335,2.9643064,4.191492,2.2581892,-23.72186,-2.9068556,0.80602366,-26.853214,-1.7537034,2.9898558,-5.912749,-0.49701983,8.388658,-32.1634,-1.3451395,0.53397936,-30.343235,-6.158507,0.34477723,-12.343331,-5.120257,14.607389,-33.318584,-4.4806194,0.58062583,-33.323868,-1.7645462,-3.1220856,-17.596317,-23.542738,17.857904,-5.8741255,9.348791,7.543707,-27.162323,-5.705004,5.35492,-31.741999,-0.48079824,-5.5513477,-14.194675
38.237297,-62.88907,-23.865274,30.591856,3.8707552,-11.076098,-7.966533,7.6815014,-22.33676,9.581892,-6.8291116,2.3616602,4.1833544,2.208506,-25.749556,-2.846785,0.8018761,-28.161058,-1.7223165,2.9386072,-7.2061167,-0.49054778,7.9629374,-35.17796,-1.3425025,0.5397944,-33.99793,-6.292129,0.45803654,-15.297261,-4.9927936,14.04018,-36.590763,-4.4475174,0.61561185,-36.615646,-1.857781,-2.9899926,-19.384771,-23.054863,17.479773,-5.7461567,8.964099,6.352455,-31.56573,-5.7232304,5.3846474,-35.99482,-0.56363356,-5.3830214,-16.532555
36.84397,-59.721817,-24.411684,29.205677,4.1182547,-10.383849,-7.3841634,7.208207,-24.146347,8.537524,-6.351754,-4.5076475,4.170769,3.1193223,-30.535694,-2.7167602,0.77970064,-37.88885,-1.5782993,2.774408,-14.403305,-0.45985928,7.961012,-41.261837,-1.3411785,0.56252617,-47.130123,-6.8458433,0.9426881,-25.36772,-4.695544,13.312212,-43.288445,-4.409709,0.82949984,-49.51438,-2.3635893,-2.469144,-27.90564,-21.87489,16.590675,-5.458637,8.423057,4.786147,-36.009464,-5.690563,5.4916778,-45.172157,-0.8045925,-4.9591794,-22.832067
41.1744,-65.138176,-31.238493,30.934753,1.8711913,-12.395578,-7.9607143,7.748706,-25.174627,9.526409,-6.9929566,-0.49888676,4.2549167,0.82877624,-29.224672,-2.8837848,0.79366136,-35.764713,-1.6983063,2.9800622,-10.551693,-0.5459832,6.7055597,-38.0102,-1.371049,0.56067073,-45.51902,-6.8278365,0.63964844,-21.308249,-5.168602,12.634425,-40.81895,-4.687484,0.76090735,-47.947765,-2.1358483,-2.889552,-24.478737,-23.475586,17.82514,-5.848506,8.875391,3.49647,-39.14154,-6.154975,5.813001,-48.330803,-0.7665007,-5.3739395,-22.54436
42.509945,-67.66775,-31.24607,32.149906,0.660952,-13.5340605,-8.36542,8.119177,-25.156605,10.000704,-7.3123045,0.2734431,4.337943,0.23887308,-28.046875,-2.985295,0.8052574,-33.26568,-1.7590573,3.0976079,-8.380686,-0.5617542,6.96817,-33.971302,-1.3833774,0.5491152,-39.426697,-6.6335745,0.3038442,-15.616621,-5.425153,13.304285,-35.448174,-4.8029323,0.6538296,-41.77027,-1.9097874,-3.2594378,-19.671911,-24.586409,18.635517,-6.090336,9.551058,4.726606,-32.372894,-6.226033,5.708009,-41.4586,-0.5809263,-5.743742,-17.35848
44.17779,-70.40377,-32.575638,33.345634,0.24872148,-14.259134,-8.6786,8.423782,-25.97829,10.412545,-7.5908475,0.80296487,4.4559207,0.010127604,-28.19081,-3.0768192,0.8134371,-33.02667,-1.7981315,3.1836197,-7.917492,-0.5721085,7.161708,-32.7148,-1.399168,0.54570395,-37.05382,-6.615302,0.16859575,-12.942377,-5.6419573,13.757112,-33.657166,-4.914688,0.5965693,-39.08881,-1.7672993,-3.4927237,-17.17237,-25.52842,19.35375,-6.308506,9.966027,5.1266675,-31.13317,-6.3435473,5.752101,-38.78885,-0.47769892,-6.0120945,-15.086292
43.50467,-70.10281,-30.608871,33.331814,0.3059182,-14.242723,-8.670897,8.423208,-26.055256,10.419347,-7.5837345,0.9323357,4.43242,0.19329534,-27.091557,-3.075174,0.8120459,-31.891912,-1.792728,3.17019,-7.5385213,-0.56816524,7.386449,-30.68789,-1.3911071,0.54111075,-33.578632,-6.4518843,0.11232339,-10.948855,-5.6505523,13.944017,-31.227095,-4.858489,0.5495525,-35.641907,-1.6717929,-3.5420175,-15.468436,-25.479773,19.343643,-6.310109,10.076625,5.8025446,-28.167786,-6.2441535,5.6562123,-35.169003,-0.43445882,-6.035603,-13.636296
39.838802,-65.28918,-25.380335,31.583765,2.3415296,-12.391225,-8.201722,7.9501896,-24.202763,9.801798,-7.1124396,0.85555094,4.280632,2.1438334,-25.353518,-2.9321861,0.7975247,-31.27269,-1.7317019,3.0308197,-7.7892075,-0.505936,7.999072,-34.12516,-1.3630325,0.55001605,-38.209232,-6.6559405,0.46513867,-17.053455,-5.2373714,14.07943,-36.173046,-4.677467,0.69553655,-41.471073,-2.0773783,-3.0390325,-21.99057,-24.003614,18.209785,-5.9637623,9.376177,5.987176,-31.603558,-6.0613947,5.6718826,-40.32145,-0.69073856,-5.5463405,-19.297567
41.108856,-67.9224,-25.400593,32.822838,3.2215753,-12.462915,-8.457493,8.204276,-25.614994,10.088822,-7.3171225,0.13303685,4.4746294,3.0737855,-26.887295,-3.0262048,0.79480636,-35.451275,-1.7508953,3.1047182,-9.799225,-0.4700802,8.716634,-39.35896,-1.3866045,0.56754345,-46.371162,-7.3141823,0.7845075,-23.382208,-5.359704,14.900212,-42.90681,-4.8940086,0.8537196,-50.713516,-2.481581,-2.8603735,-28.914513,-24.85991,18.863602,-6.1720867,9.506612,5.8186436,-38.733772,-6.442698,6.1702924,-49.618336,-0.91667295,-5.592091,-25.927229
40.44534,-66.872284,-24.159586,32.48799,3.0817032,-12.376264,-8.428729,8.154312,-24.417393,10.026495,-7.2351117,0.70152545,4.4137,2.8302474,-26.401773,-3.002271,0.801644,-31.966848,-1.7731928,3.09113,-7.8900733,-0.47483984,8.823203,-36.903534,-1.3762388,0.55518866,-40.336796,-6.903325,0.5842761,-18.667427,-5.3162837,15.002849,-39.245815,-4.778466,0.7523002,-44.178577,-2.2104974,-3.009688,-24.077341,-24.627466,18.674383,-6.1098995,9.614775,6.6093836,-33.181366,-6.1871448,5.8575463,-41.845398,-0.71454394,-5.6512065,-20.389448
40.02445,-65.66713,-24.351349,32.002758,3.1508617,-12.104717,-8.276433,8.019862,-24.126602,9.792506,-7.102482,-0.036305636,4.3728533,2.6243849,-27.478157,-2.953881,0.8015435,-31.681356,-1.7552834,3.0514562,-7.8098626,-0.4857818,8.576291,-36.496235,-1.36972,0.5508375,-39.102867,-6.7323227,0.5048803,-17.324045,-5.2368965,14.663008,-38.047417,-4.7091784,0.7240793,-42.550373,-2.132218,-3.0249927,-22.410416,-24.2415,18.366823,-6.003785,9.553481,6.4731407,-30.4965,-6.040018,5.665179,-38.879498,-0.63496804,-5.6068764,-17.923498
40.78544,-66.14353,-26.529364,32.040775,2.7128725,-12.361895,-8.223093,8.006838,-25.331205,9.619197,-7.0873356,-2.3174527,4.4148455,2.5112498,-29.076033,-2.9547684,0.79776233,-35.212597,-1.7214228,3.0431776,-10.222219,-0.4919282,8.400741,-38.12572,-1.3799962,0.5589295,-43.471966,-6.9725842,0.613081,-20.105234,-5.2560334,14.382355,-39.72235,-4.7722535,0.7678707,-46.13634,-2.2376053,-2.971007,-24.2295,-24.298115,18.416983,-6.0152025,9.532531,5.67422,-32.444714,-6.1454926,5.756722,-42.16474,-0.6899295,-5.587979,-19.601936
40.941322,-65.625336,-28.192757,31.775663,2.6806011,-12.223161,-8.118347,7.9067693,-25.26025,9.459759,-7.006706,-2.8537169,4.380012,2.3253195,-29.594908,-2.9220588,0.7979104,-35.579376,-1.698023,3.0080419,-11.100061,-0.49746996,8.136369,-38.598835,-1.3805175,0.5602437,-44.07301,-6.9362617,0.6332735,-20.44382,-5.194231,14.053357,-40.011974,-4.7248783,0.7475413,-45.901413,-2.180326,-2.9550686,-23.52657,-24.051851,18.208168,-5.941454,9.346507,5.1249766,-33.735104,-6.0931134,5.698928,-42.258713,-0.6717478,-5.522984,-19.293804
41.87594,-67.00686,-29.411932,32.389164,3.3244967,-12.098125,-8.245398,8.035881,-25.700752,9.706796,-7.1424637,-1.8027563,4.45063,1.981788,-30.702837,-2.9553232,0.8028301,-35.256527,-1.7172494,3.0409591,-10.629726,-0.51276094,7.9382935,-38.740383,-1.3859477,0.55633855,-42.23639,-6.846614,0.5384232,-18.606106,-5.2837234,14.023055,-39.77235,-4.7547507,0.6985792,-43.714092,-2.0303636,-3.0997128,-21.43498,-24.400732,18.485178,-6.026285,9.4466715,4.9909945,-34.054302,-6.1199656,5.688263,-40.665073,-0.58835614,-5.6503754,-17.42513
43.71357,-69.58819,-31.426918,33.565826,3.3125875,-12.55134,-8.5378,8.315411,-26.34271,10.090398,-7.3972673,-1.2246032,4.5740833,1.6908476,-31.606762,-3.0344355,0.81067413,-35.365044,-1.7494473,3.117061,-10.452262,-0.5186038,8.073473,-38.955055,-1.4028611,0.5558308,-41.163055,-6.893351,0.44384453,-16.989185,-5.4603,14.458436,-39.610977,-4.865519,0.653978,-42.215885,-1.9226189,-3.296432,-19.597155,-25.2567,19.131294,-6.217681,9.745615,5.1797075,-34.411922,-6.2564754,5.7582607,-39.495018,-0.51186204,-5.8787737,-15.778118
42.15955,-67.53244,-29.850739,32.60816,3.5675278,-11.99049,-8.295434,8.080043,-25.64188,9.783234,-7.1683545,-1.4908881,4.4592257,1.7229693,-30.79744,-2.9623814,0.8088812,-34.331238,-1.7181511,3.0397136,-10.514581,-0.5172031,7.959605,-37.448288,-1.3864925,0.54955745,-38.39948,-6.62892,0.41297698,-15.6700325,-5.3073015,14.175706,-37.6124,-4.7050123,0.6024568,-38.895817,-1.7993653,-3.2559524,-17.963497,-24.485672,18.55305,-6.047847,9.531494,5.301344,-31.989765,-6.0251617,5.537195,-36.12093,-0.4600302,-5.742888,-14.143246
41.08495,-66.37017,-28.520166,32.093124,4.5152326,-11.217663,-8.212511,7.9660277,-24.358929,9.81805,-7.073502,0.7741474,4.380006,1.5033336,-30.17706,-2.9187615,0.81101966,-31.417208,-1.727099,2.9996288,-8.903398,-0.51790816,7.76974,-36.067883,-1.3704646,0.5399228,-33.578857,-6.235732,0.28204685,-12.482895,-5.2044463,14.01869,-36.17428,-4.569463,0.5305982,-34.321087,-1.5859915,-3.3045175,-15.068689,-23.963251,18.182013,-5.9404364,9.316802,5.510315,-31.05834,-5.8218474,5.344619,-32.23805,-0.35887647,-5.6903515,-11.552884
41.210453,-66.87469,-28.398453,32.25794,4.833247,-11.107737,-8.272976,8.008458,-24.069761,9.933066,-7.1136317,1.5354578,4.39159,1.517993,-29.983217,-2.9351268,0.81384814,-30.410551,-1.7453892,3.016289,-8.257526,-0.50969744,7.9131994,-36.16813,-1.371672,0.5392793,-32.621967,-6.1824803,0.25486267,-11.854103,-5.213299,14.2725525,-36.406845,-4.5708585,0.5196203,-33.460594,-1.533486,-3.3444028,-14.526593,-24.042488,18.25804,-5.969082,9.315581,5.8022027,-31.694733,-5.815167,5.3426886,-31.636791,-0.3285164,-5.73063,-11.12236
42.408337,-68.77263,-29.388048,33.264904,5.4538426,-11.177254,-8.53532,8.245147,-24.386166,10.284002,-7.315146,2.381344,4.525403,1.5160552,-31.51334,-3.0036747,0.8191546,-31.101093,-1.7813277,3.0858147,-8.263071,-0.5107379,8.015706,-38.358467,-1.3865951,0.54297507,-34.25235,-6.398417,0.28234118,-12.824933,-5.345445,14.638882,-38.810467,-4.697298,0.5451822,-35.54124,-1.6092274,-3.3916678,-15.653997,-24.75269,18.786102,-6.128482,9.52847,5.83654,-33.800304,-6.0009,5.522312,-33.906864,-0.35005218,-5.866082,-12.1319
42.225285,-68.29657,-29.542505,33.019615,4.993663,-11.338448,-8.518686,8.214474,-23.907475,10.292689,-7.310078,3.0888853,4.468622,1.4884522,-29.965393,-2.9984312,0.81976116,-29.659111,-1.7999301,3.095809,-7.152941,-0.5092829,7.923337,-37.748497,-1.3845274,0.5439676,-34.57639,-6.394635,0.28071567,-13.102103,-5.3280773,14.494422,-38.699566,-4.694558,0.55781937,-36.213627,-1.634577,-3.3702846,-16.018425,-24.645794,18.687475,-6.104928,9.441863,5.692422,-34.72048,-6.0227613,5.5523663,-35.34934,-0.38674635,-5.8259068,-13.154653
43.660778,-69.85177,-31.914852,33.60921,4.2997932,-12.010684,-8.64394,8.354178,-25.085545,10.311163,-7.4261537,1.1727738,4.5764995,1.7589618,-31.301247,-3.0482464,0.8166321,-33.640278,-1.7927845,3.1381936,-9.435726,-0.50345725,8.061217,-41.006996,-1.405567,0.5596448,-42.109203,-6.942076,0.50660634,-18.337732,-5.4287395,14.565825,-42.692055,-4.8696795,0.67772865,-43.97275,-1.9581404,-3.2400045,-20.842928,-25.186455,19.092081,-6.2228947,9.544601,4.974817,-39.21123,-6.317564,5.8818126,-42.89837,-0.5553322,-5.8383837,-18.040127
44.77455,-71.470345,-32.66209,34.357784,3.5809247,-12.725727,-8.861275,8.565827,-25.505657,10.631627,-7.643051,2.020448,4.6243153,1.3874177,-30.533112,-3.11097,0.820842,-32.59392,-1.8343227,3.2148383,-7.974087,-0.5218591,7.981616,-39.808228,-1.4141834,0.5575998,-41.2574,-6.97501,0.4060063,-16.919813,-5.5922284,14.693117,-41.491898,-4.9767017,0.6654178,-43.274124,-1.9218518,-3.3823545,-19.9162,-25.859259,19.597157,-6.3731213,9.833569,5.0798373,-38.35581,-6.463746,5.9706697,-42.858536,-0.53600323,-6.005734,-17.387768
44.088078,-70.223724,-32.296913,33.675064,2.8191974,-12.882161,-8.700006,8.422539,-25.39415,10.425912,-7.5341215,1.6116345,4.527599,1.2072926,-29.334105,-3.069162,0.8166245,-32.223583,-1.816459,3.1795354,-7.705866,-0.5311319,7.727687,-38.110638,-1.4048147,0.55572927,-40.872017,-6.8720193,0.39063388,-16.57524,-5.5310307,14.25496,-39.81336,-4.916378,0.66100717,-42.676125,-1.9021753,-3.343556,-19.594242,-25.445278,19.284739,-6.278163,9.71087,4.8069024,-37.149593,-6.3858666,5.8937845,-42.534775,-0.54884726,-5.914021,-17.268982
42.78246,-68.281296,-30.341486,32.818836,2.0986567,-12.940739,-8.4752655,8.217138,-25.173965,10.044917,-7.316708,-0.069138765,4.426115,1.2963473,-28.571238,-3.002081,0.80960816,-32.369526,-1.763913,3.097133,-8.485058,-0.53282624,7.778721,-35.446068,-1.3889507,0.55000395,-37.967953,-6.612324,0.33197314,-14.537695,-5.4178476,14.115044,-36.359573,-4.7815156,0.62056065,-39.200306,-1.8069084,-3.3161802,-17.771488,-24.909216,18.86697,-6.1359024,9.671198,5.2576737,-32.0535,-6.131319,5.6318393,-37.308266,-0.46426886,-5.827227,-14.580067
43.48885,-69.5688,-30.356396,33.359272,1.6941671,-13.379868,-8.674474,8.390812,-24.860132,10.335837,-7.4729476,1.1507674,4.4530125,1.0334396,-27.656185,-3.0498786,0.8157376,-30.828241,-1.7934535,3.140513,-7.3045583,-0.5427738,7.927598,-32.955467,-1.3918893,0.5426394,-33.758022,-6.3774676,0.15196705,-10.6207,-5.5334735,14.438664,-33.557175,-4.800782,0.54326975,-34.727646,-1.5835491,-3.5200465,-14.306384,-25.336422,19.214207,-6.245878,9.889962,5.7871256,-29.936272,-6.1027193,5.5534005,-32.82968,-0.32544905,-6.0072803,-11.162829
42.346127,-67.92266,-28.742916,32.66998,1.4686203,-13.202165,-8.479885,8.210047,-24.57562,10.007748,-7.2873387,-0.18256879,4.3775644,1.2404447,-27.346117,-2.9944808,0.81012267,-31.318846,-1.7568417,3.079205,-7.8943753,-0.5395984,7.9887314,-31.88804,-1.3801,0.54069287,-33.05792,-6.2492914,0.15020075,-10.310132,-5.421239,14.310605,-32.18249,-4.7102695,0.5463784,-33.979748,-1.5897624,-3.442857,-14.258352,-24.824871,18.8245,-6.120264,9.801226,6.0093136,-27.039448,-5.9392824,5.4037833,-30.57422,-0.30538553,-5.9013352,-10.208337
45.52778,-72.75718,-31.638416,34.85903,0.7902193,-14.490028,-8.86833,8.670965,-27.819685,10.337327,-7.6934285,-3.617767,4.663184,1.5535816,-29.879875,-3.1364017,0.8137243,-36.366787,-1.7602198,3.2065227,-10.565552,-0.54286206,8.720425,-33.428043,-1.4174869,0.54889166,-37.107323,-6.7823935,0.16750494,-11.934713,-5.7538643,15.33826,-33.194004,-5.0109577,0.57348037,-37.003387,-1.7353823,-3.637166,-15.549297,-26.503288,20.1013,-6.4873505,10.525795,6.4210067,-26.658865,-6.3378344,5.673616,-31.936995,-0.33093548,-6.263841,-10.648434
43.96652,-70.61511,-30.026518,33.683617,-0.47484455,-14.760857,-8.61808,8.451796,-27.526737,9.97317,-7.511759,-4.7594533,4.5138664,1.2541914,-27.89,-3.0748289,0.8085,-36.4543,-1.7294656,3.147906,-10.558894,-0.5693833,8.252746,-29.671877,-1.4019797,0.5413902,-35.51767,-6.571689,0.10213039,-10.771751,-5.69034,14.510676,-28.7588,-4.9117527,0.55202824,-35.437214,-1.7118899,-3.5867984,-14.918426,-25.82673,19.57289,-6.344489,10.478346,6.141613,-21.77634,-6.1949296,5.517213,-29.91676,-0.33907706,-6.1368313,-9.983571
42.939102,-69.97679,-27.237478,33.463253,-1.0326806,-15.005478,-8.634579,8.461189,-27.211468,9.997859,-7.514225,-4.310959,4.462624,0.98090947,-26.564533,-3.0834405,0.8068472,-35.410553,-1.7424452,3.1508844,-9.701735,-0.58184975,8.204252,-27.581062,-1.3938081,0.5362293,-32.880043,-6.4484687,0.06822255,-9.421187,-5.729503,14.452078,-26.074543,-4.877544,0.52775705,-33.33017,-1.6963181,-3.5908496,-14.518267,-25.78404,19.53439,-6.3547297,10.670695,6.725776,-17.730827,-6.142214,5.486687,-27.783169,-0.34327772,-6.1452928,-9.452613
43.58336,-71.96867,-25.98248,34.70338,-0.047701567,-14.980692,-8.978912,8.757706,-27.43006,10.548097,-7.7635365,-1.8734608,4.5953345,1.1348794,-27.135265,-3.173767,0.8142894,-33.825806,-1.7995012,3.2270496,-8.478337,-0.5683744,8.683092,-28.274218,-1.4023402,0.534057,-29.80261,-6.424631,0.034756854,-7.5052876,-5.88457,15.278555,-26.84076,-4.940513,0.4998369,-30.922504,-1.6097825,-3.7160006,-13.403733,-26.602667,20.171349,-6.554474,10.996789,7.761391,-18.066494,-6.201462,5.5878596,-25.62008,-0.27726877,-6.348336,-8.333377
42.088383,-69.19125,-25.958841,32.962845,-1.7167547,-15.212034,-8.655767,8.423197,-26.201633,10.214293,-7.5262513,-1.0696812,4.336645,0.15031165,-24.196674,-3.0844946,0.8101413,-31.872458,-1.7841561,3.1565757,-7.140363,-0.5932566,7.735628,-24.676012,-1.3821557,0.5294742,-28.43802,-6.125605,-0.015145058,-6.6623397,-5.727715,14.09441,-23.682615,-4.787685,0.48853388,-30.04463,-1.5312616,-3.6260817,-12.738172,-25.498394,19.33506,-6.3267574,10.581036,7.0270205,-17.161911,-6.0270443,5.4405794,-26.594795,-0.3043313,-6.1223636,-9.045179
39.939243,-66.16514,-24.124514,31.465641,-1.4654986,-14.443772,-8.238065,8.031016,-25.553934,9.803279,-7.2148657,-0.50577927,4.1318502,0.06978381,-22.242136,-2.9743161,0.8054336,-29.420092,-1.7519529,3.052367,-6.015094,-0.5980158,7.176735,-22.384443,-1.3564051,0.52337915,-25.670511,-5.7809353,-0.024075117,-5.507342,-5.511707,13.163946,-20.909622,-4.5616584,0.44957158,-26.935143,-1.4050709,-3.5162282,-11.232666,-24.274704,18.433887,-6.0613356,10.14496,6.5783443,-15.590327,-5.732236,5.209278,-24.528744,-0.30224738,-5.8640504,-8.682745
39.960636,-65.67924,-26.070288,30.002422,-5.5065565,-16.13991,-8.018214,7.8137403,-25.399721,9.334989,-7.0535345,-3.4849882,3.9414918,-1.0990291,-20.191833,-2.919172,0.79312307,-33.69416,-1.662859,2.9806714,-9.215591,-0.61874515,6.709464,-18.785824,-1.3504134,0.52919745,-29.763588,-5.919309,0.042331792,-8.412821,-5.4190016,12.687524,-18.398014,-4.5641704,0.5137245,-31.103502,-1.6048634,-3.3587883,-14.190488,-23.676828,18.002768,-5.9417973,9.897768,6.2855997,-15.217265,-5.7963195,5.232003,-29.344784,-0.46113533,-5.6914744,-12.556335
39.18649,-63.925037,-25.88534,29.414158,-4.89836,-15.586078,-7.9413924,7.703352,-24.470701,9.36011,-6.9938946,-1.5909541,3.8930993,-1.1836883,-20.431858,-2.8992326,0.785369,-34.983017,-1.6893607,2.996114,-8.741168,-0.6179957,5.939101,-25.133293,-1.350836,0.5485647,-40.45096,-6.537171,0.4278143,-17.496971,-5.318103,11.929511,-27.267237,-4.671726,0.73928934,-44.241344,-2.1665475,-2.9356499,-24.079617,-23.277386,17.668474,-5.8621435,9.422679,4.7563195,-25.111181,-6.136757,5.7445874,-45.34136,-0.8597554,-5.384071,-22.976864
43.114273,-70.081604,-28.55133,32.07417,-5.814211,-17.261673,-8.4471445,8.230516,-30.25729,9.505582,-7.2932644,-10.75003,4.4856825,1.1107906,-29.377821,-3.1019142,0.7542514,-59.293503,-1.5413117,3.0272393,-25.730232,-0.52625716,7.8690577,-41.20856,-1.4210608,0.6120021,-71.36767,-8.623099,1.6076765,-40.245377,-5.560405,14.093417,-47.385662,-5.268806,1.2886999,-76.35443,-3.4666688,-2.1679497,-47.101734,-25.454756,19.280071,-6.3350153,9.637247,3.9467044,-44.696354,-7.06752,7.0720377,-73.180824,-1.4674442,-5.3726106,-42.231358
