43.609478,-69.45396,-30.589396,33.460506,3.3370423,-12.643537,-8.642937,8.391127,-24.808712,10.286905,-7.475108,1.6489618,4.5062127,1.574841,-29.204983,-3.0677955,0.83789754,-31.009062,-1.7970408,3.1648684,-6.9141836,-0.48286882,8.02355,-37.333103,-1.4132509,0.5331899,-36.890717,-6.6826153,0.41038597,-13.751139,-5.4842525,14.467078,-39.09531,-4.887631,0.7124196,-39.607754,-1.8608493,-3.295933,-17.552858,-25.323544,19.165808,-6.267439,9.778972,5.4271307,-34.818268,-6.2545085,5.8261476,-37.107346,-0.5510335,-5.913849,-13.755388
44.97229,-71.53909,-31.518726,34.55166,3.5969498,-12.95088,-8.870693,8.626781,-25.954876,10.529889,-7.6702714,0.8939605,4.658983,1.6095189,-31.193695,-3.1360233,0.84300166,-33.34786,-1.8129253,3.2268078,-8.080815,-0.4827472,8.191969,-39.24569,-1.4328282,0.5380402,-38.9898,-6.935751,0.47186804,-14.870097,-5.6365347,14.8218565,-40.80112,-5.032657,0.7482822,-41.871605,-1.9520996,-3.339159,-18.811676,-26.072128,19.744057,-6.4442754,10.099442,5.4292192,-35.289894,-6.435137,6.008264,-38.42237,-0.57254004,-6.0721893,-14.315724
44.750587,-71.23473,-31.127642,34.410263,3.4206097,-12.987099,-8.852888,8.607112,-25.786524,10.509337,-7.65123,1.0148582,4.632614,1.5771683,-30.624554,-3.129184,0.8417702,-32.91234,-1.8107096,3.2184556,-7.9232244,-0.48624924,8.189152,-38.290382,-1.4291945,0.53628385,-37.91135,-6.8521776,0.43783593,-14.081333,-5.628075,14.788747,-39.745823,-5.004311,0.7244024,-40.64988,-1.8988028,-3.3612816,-18.002428,-25.970444,19.691069,-6.427736,10.096609,5.51529,-34.41807,-6.390496,5.9564304,-37.290016,-0.54576993,-6.070075,-13.699064
43.745094,-69.336525,-31.11933,33.253372,2.2372348,-13.189384,-8.619102,8.362568,-24.83311,10.271951,-7.4603934,1.8219084,4.4319773,0.7789316,-28.61979,-3.0508876,0.83325917,-31.179104,-1.7766235,3.1375234,-6.8785458,-0.5203275,7.547515,-34.492928,-1.4058032,0.5299072,-34.7726,-6.4795,0.31454435,-11.54201,-5.5066957,14.062586,-36.058624,-4.8416057,0.66381323,-36.974876,-1.7120069,-3.3695798,-15.27542,-25.27632,19.145493,-6.24387,9.84978,5.220446,-32.131584,-6.174265,5.7117395,-34.687717,-0.46138328,-5.9414372,-11.670588
45.051533,-71.561485,-32.01102,33.920307,0.9718998,-14.230576,-8.914921,8.634477,-25.053492,10.673402,-7.7366533,2.9977474,4.4486175,-0.07450205,-27.456219,-3.116332,0.8465289,-30.039164,-1.8324496,3.2286294,-5.412784,-0.5591099,7.415197,-31.831106,-1.4210727,0.5271694,-32.64802,-6.454072,0.15476906,-9.212476,-5.694128,14.329835,-33.31443,-4.944184,0.59346104,-34.547787,-1.6050566,-3.5729277,-13.297875,-26.026949,19.738773,-6.422792,10.221709,5.7725153,-30.476427,-6.3273826,5.788458,-33.694317,-0.4230163,-6.1517687,-10.7841215
37.086605,-60.252247,-23.080715,27.720884,-5.6325526,-15.287994,-7.757648,7.4069204,-19.096588,9.142449,-6.6105165,3.3668332,3.4599245,-1.410847,-13.742961,-2.7337651,0.8016499,-21.518744,-1.6765223,2.8194757,-2.251759,-0.6107234,6.3757157,-13.833501,-1.3001397,0.5005316,-19.015846,-5.016674,-0.13943252,-1.3052875,-4.9972343,12.111614,-15.182993,-4.126035,0.39039892,-20.178213,-1.1440415,-3.3019142,-6.5733976,-22.217976,16.839941,-5.499681,9.194484,6.488711,-14.601251,-5.2011576,4.7026405,-20.882174,-0.23108435,-5.359392,-5.792299
36.843853,-61.386703,-19.242016,28.373943,-7.987663,-16.866325,-8.09451,7.697133,-19.070992,9.45022,-6.80795,2.795187,3.4879978,-1.0817391,-11.111465,-2.805232,0.8066033,-22.884485,-1.7109218,2.8839226,-2.8048887,-0.6137023,7.2593365,-11.201244,-1.3135517,0.50252527,-18.314531,-5.176136,-0.105280735,-0.925225,-5.159164,13.149446,-12.366348,-4.2323294,0.40922928,-20.156813,-1.2669107,-3.3288078,-8.039827,-23.019987,17.454464,-5.692317,9.731537,8.206624,-9.872599,-5.2982802,4.8506117,-19.188402,-0.26422352,-5.52515,-6.1586723
35.379776,-58.882442,-19.372591,26.845823,-9.565151,-17.120052,-7.7440605,7.376689,-19.52911,8.805757,-6.515246,-1.6099893,3.4257867,-0.49270108,-11.302457,-2.7238834,0.7863024,-28.723835,-1.5868028,2.7647898,-8.123717,-0.5847205,7.6441245,-11.753169,-1.3018041,0.5144992,-24.705599,-5.4703856,0.113126986,-6.379751,-4.930688,13.3081875,-13.665682,-4.1901565,0.53572905,-26.221502,-1.6291218,-3.0143392,-13.520408,-22.042393,16.750668,-5.498293,9.2921095,8.522085,-11.367485,-5.283414,4.8624277,-23.442911,-0.47064453,-5.2420244,-10.515807
36.72381,-61.011105,-20.290691,27.533367,-11.936895,-18.722425,-7.824878,7.542331,-23.755392,8.502081,-6.5780444,-9.857717,3.667851,1.2451451,-13.264604,-2.7920198,0.7718329,-44.3107,-1.4300219,2.73006,-19.372005,-0.5010375,9.183389,-17.144596,-1.3408267,0.5479747,-42.788944,-6.7204123,0.8452146,-19.908737,-4.989911,14.759321,-21.407867,-4.512943,0.8700434,-43.77377,-2.4186559,-2.5256026,-26.565203,-22.89702,17.387228,-5.704965,9.378898,8.493952,-19.794336,-5.7868147,5.5599694,-38.546196,-0.9077629,-5.150588,-21.924374
37.904972,-62.564114,-22.83975,27.903576,-12.536896,-19.216213,-7.7807565,7.5675483,-27.00247,8.205661,-6.57308,-15.266409,3.844692,1.7684827,-16.806332,-2.814136,0.7581717,-56.093067,-1.297702,2.679465,-27.542236,-0.462872,9.250851,-23.774893,-1.36925,0.5772427,-59.054085,-7.818446,1.512256,-32.508427,-5.028184,14.630516,-29.694763,-4.7633824,1.1715906,-60.36017,-3.1572187,-2.0144022,-38.717155,-23.23565,17.663603,-5.794131,9.245676,6.5888057,-29.294436,-6.300605,6.2546835,-55.710545,-1.3837999,-4.9347916,-34.093864
37.926964,-62.394257,-23.192955,27.848955,-12.266894,-19.04521,-7.6986237,7.508253,-28.079823,8.048046,-6.515225,-16.99431,3.897699,1.755225,-18.978653,-2.8056395,0.7506794,-60.483944,-1.2391992,2.63504,-30.702307,-0.45379692,8.965009,-27.029627,-1.3756503,0.58850926,-64.86564,-8.190463,1.7968593,-37.380863,-5.00837,14.276914,-33.27527,-4.8211374,1.2991457,-66.995316,-3.4532058,-1.7649982,-43.728344,-23.108364,17.603056,-5.7799335,9.125679,5.6523433,-32.507797,-6.4558754,6.511234,-62.289463,-1.5817237,-4.7928953,-38.936214
40.880817,-66.98404,-25.303139,29.76719,-13.28514,-20.424097,-7.996964,7.9057384,-33.464455,8.137313,-6.7833095,-23.96892,4.2991934,2.6321266,-24.947365,-2.9265432,0.7418758,-77.714806,-1.1108894,2.6415763,-42.783108,-0.39652535,9.648176,-36.165237,-1.4267591,0.62429196,-84.606384,-9.614837,2.6285293,-51.922356,-5.267121,15.012735,-44.1312,-5.251658,1.6464598,-86.075775,-4.255349,-1.2909818,-57.72251,-24.74252,18.829062,-6.1503906,9.473254,4.30841,-43.4063,-7.152071,7.4700985,-80.38013,-2.0447102,-4.8155923,-51.64507
38.49204,-62.823444,-24.116617,28.25543,-10.672519,-18.36523,-7.523239,7.4381924,-32.015736,7.6971827,-6.3834996,-22.5157,4.1926622,2.5253007,-27.38836,-2.8053114,0.7272177,-75.95329,-1.0683835,2.509856,-42.0413,-0.39563873,8.59971,-39.287407,-1.3962679,0.62181115,-84.125824,-9.3222685,2.6804535,-52.646,-4.9846907,13.648776,-46.76422,-5.0237026,1.682353,-86.62954,-4.2582645,-1.0646689,-58.383823,-23.238173,17.699451,-5.8142114,8.815367,3.0060716,-44.661156,-6.8783293,7.272999,-81.00607,-2.0730233,-4.467331,-52.072735
39.664875,-64.69698,-24.653616,29.76627,-7.2208686,-17.06667,-7.7663074,7.65483,-32.114414,8.174321,-6.578063,-19.952423,4.449158,3.193255,-32.159985,-2.871879,0.7368498,-76.96627,-1.1181204,2.5791738,-41.747925,-0.35552284,8.772112,-48.11501,-1.4209566,0.6313731,-89.73068,-9.787574,2.9235642,-57.309937,-5.033967,14.186804,-56.789482,-5.191959,1.8263887,-93.87096,-4.549261,-0.9208524,-63.188297,-23.914242,18.169104,-5.959273,8.752018,2.7507463,-53.466633,-7.1619515,7.6811333,-88.625694,-2.2316701,-4.5016246,-56.288986
40.789555,-66.10452,-26.21572,30.461258,-6.537073,-16.968605,-7.8168774,7.746515,-33.890144,8.172102,-6.6458635,-22.052713,4.617761,3.6732378,-35.195717,-2.9090426,0.73465,-81.69626,-1.0819777,2.5858107,-45.144024,-0.32547665,9.072262,-52.228745,-1.4371629,0.64215726,-95.43679,-10.194207,3.1496825,-61.467678,-5.0803337,14.544276,-61.397232,-5.3135095,1.9193043,-99.21634,-4.74605,-0.81471837,-66.58601,-24.326115,18.48107,-6.059076,8.767458,2.3991592,-58.014313,-7.3432927,7.9161873,-93.24567,-2.3326013,-4.524612,-59.16458
37.070377,-60.26833,-23.727076,27.617903,-6.4181395,-15.7260275,-7.11571,7.0564246,-31.778719,7.372059,-6.047029,-21.66417,4.281002,4.329723,-31.436935,-2.722253,0.7138133,-78.88609,-0.99422824,2.3769803,-44.931526,-0.29878026,8.876625,-50.006996,-1.3867304,0.63760346,-93.91334,-9.781298,3.2235336,-61.985966,-4.6270323,13.665322,-60.00428,-4.9373198,1.9046446,-96.98643,-4.677843,-0.52537537,-66.39709,-22.203348,16.874275,-5.5694127,7.7920976,1.955455,-59.464096,-6.8883433,7.5519195,-92.51788,-2.3636456,-4.0101786,-60.193745
37.21837,-60.272823,-24.165245,27.797571,-5.372617,-15.215567,-7.133135,7.0728254,-31.158146,7.4641886,-6.084477,-20.090548,4.2826,4.0023923,-31.977951,-2.7275496,0.7235271,-74.477325,-1.0598152,2.4289937,-41.26114,-0.31577033,8.671093,-49.05451,-1.3842251,0.6276206,-88.72085,-9.448754,2.9418683,-57.51158,-4.6434035,13.603191,-57.862453,-4.8985014,1.8062929,-91.797554,-4.431452,-0.7618171,-61.802555,-22.220436,16.860348,-5.5639467,7.9328985,2.406715,-55.39721,-6.7543225,7.293758,-86.57228,-2.1789308,-4.1426315,-55.244717
40.21558,-65.31066,-25.65768,30.006462,-7.0078335,-17.03438,-7.665197,7.6353116,-34.389954,7.8961573,-6.5269036,-23.958435,4.602969,3.9419062,-35.19748,-2.8825788,0.7282968,-82.66565,-1.0459094,2.5442688,-46.547775,-0.32079268,9.35242,-50.231056,-1.4267823,0.6388234,-93.32586,-10.012322,3.0579174,-59.80335,-5.026781,14.685095,-58.54137,-5.2307067,1.8570112,-95.84195,-4.6148095,-0.885527,-64.39294,-24.065159,18.280611,-5.997496,8.809623,3.0272417,-54.026596,-7.1520596,7.665207,-88.17664,-2.2131345,-4.5401697,-56.191944
39.36927,-64.253075,-24.89297,30.057081,-3.5096714,-15.10396,-7.8244023,7.6653285,-29.02591,8.596153,-6.655515,-12.998989,4.4240828,3.106651,-31.603584,-2.86664,0.7581985,-64.01336,-1.2814722,2.6786013,-32.089474,-0.37471455,8.649204,-46.014122,-1.4051758,0.60403633,-75.48747,-8.862198,2.2517715,-46.218857,-4.984815,14.349445,-53.54679,-5.0150156,1.5486706,-79.483345,-3.8639762,-1.463494,-51.467567,-23.699123,17.967535,-5.8963737,8.724472,3.9583297,-49.636047,-6.789768,7.0699716,-74.772705,-1.7922745,-4.742301,-45.186462
34.529167,-57.473137,-19.482273,27.6493,0.082096234,-12.072951,-7.5978227,7.212861,-18.348675,9.002877,-6.383009,3.470416,3.7370298,1.10357,-20.056564,-2.7148085,0.7911023,-26.522009,-1.6005454,2.7410612,-7.426689,-0.49115795,7.549222,-27.936258,-1.3142365,0.5228759,-30.30515,-5.9088926,0.5312744,-13.963848,-4.6464624,13.66935,-31.049961,-4.1611114,0.68293726,-34.04937,-1.9410788,-2.6541753,-19.24661,-21.405518,16.26273,-5.379885,8.434255,7.752772,-27.579435,-5.397273,5.1518292,-33.723797,-0.7276546,-4.9530263,-17.01274
35.367195,-59.4215,-19.14137,28.482025,0.53557074,-12.202948,-7.875811,7.4600844,-17.881327,9.430802,-6.6124806,5.706176,3.760658,0.8443901,-18.837166,-2.77559,0.80747753,-21.415325,-1.7062168,2.844048,-3.8435173,-0.513832,7.739898,-25.567865,-1.3167073,0.50937855,-23.142618,-5.563095,0.23676032,-8.232415,-4.797717,14.138635,-27.925747,-4.1669536,0.5324651,-26.738045,-1.6043798,-2.9748318,-13.825827,-22.069815,16.74211,-5.5293794,8.802915,8.722716,-24.45408,-5.3391347,5.022013,-26.76443,-0.5253632,-5.2128296,-12.075912
37.337902,-63.73815,-17.958101,30.327543,-1.551945,-14.173649,-8.551736,8.052185,-18.029037,10.186298,-7.10256,6.492203,3.8774984,0.460709,-17.109352,-2.9251769,0.828028,-20.618288,-1.818248,3.0201936,-2.2727942,-0.5471663,8.36005,-23.248148,-1.3486576,0.5101793,-21.152897,-5.792304,0.15682983,-6.284195,-5.1635084,15.283168,-25.41823,-4.4067802,0.51072145,-25.725597,-1.6649456,-3.1849613,-13.979511,-23.76802,18.062073,-5.921842,9.689389,10.294559,-20.50795,-5.6380444,5.320497,-25.470877,-0.52468014,-5.6009355,-11.925246
35.57074,-61.108128,-15.323374,29.335129,-2.1425705,-14.06091,-8.3670635,7.849332,-16.611172,9.989079,-6.9009447,7.399312,3.7195685,0.27492347,-15.206305,-2.8654568,0.8220142,-18.318604,-1.8139957,2.960995,-0.5300967,-0.5574367,8.063456,-20.850822,-1.3288199,0.50504136,-18.522892,-5.4995785,0.108015664,-4.6093917,-5.054219,14.753082,-22.640053,-4.2641973,0.49249288,-23.554989,-1.5899901,-3.1281762,-12.924827,-23.109194,17.56032,-5.76334,9.568246,10.227569,-16.605736,-5.4187226,5.1302967,-22.956398,-0.47253457,-5.470588,-10.615964
37.21488,-63.09641,-19.207533,29.934294,-1.9520695,-14.181372,-8.401412,7.9139924,-18.12526,9.937495,-6.9839478,5.3710995,3.845684,0.7625727,-17.17833,-2.8875966,0.81963867,-23.729399,-1.753559,2.9655952,-4.408103,-0.5306676,8.3563175,-24.89751,-1.3499674,0.5193949,-27.067732,-6.097787,0.3573454,-10.853499,-5.065896,15.072769,-28.031261,-4.432276,0.61926055,-31.712992,-1.9216386,-2.9701145,-18.056715,-23.423721,17.814812,-5.832502,9.384697,9.4260235,-24.664602,-5.7446084,5.4629087,-32.059795,-0.6897456,-5.423265,-16.236153
37.391514,-63.71578,-18.849705,31.092054,3.0371926,-11.857797,-8.498957,7.9901924,-17.515476,10.381174,-7.056303,9.862169,4.0744286,1.758469,-22.058216,-2.9160466,0.82679594,-23.483963,-1.7977037,2.9939835,-3.4151347,-0.47704795,8.383855,-35.401783,-1.3647102,0.525373,-32.64029,-6.4791985,0.65070903,-16.343412,-4.999964,15.344064,-40.39625,-4.5120525,0.7615707,-39.09549,-2.1919534,-2.7342741,-23.318306,-23.672974,17.936878,-5.8668995,8.991201,8.621125,-37.034756,-5.94606,5.839246,-41.056705,-0.8668542,-5.3180547,-21.37731
37.726967,-62.779625,-22.550856,30.676846,5.6006556,-10.282463,-8.16408,7.7590046,-18.541718,10.111056,-6.912302,9.730646,4.1229434,1.2556505,-26.273407,-2.8645015,0.8243525,-22.929605,-1.781918,2.9535573,-2.8594453,-0.48771545,7.5313625,-36.77946,-1.3494302,0.51522905,-29.482422,-5.9586267,0.3949443,-12.196427,-4.9076223,14.350819,-40.72381,-4.3849,0.6522424,-34.02047,-1.7328875,-2.9727612,-16.823938,-23.075657,17.446177,-5.7260833,8.699115,7.302144,-37.095783,-5.653718,5.408919,-34.56506,-0.5612031,-5.3614664,-14.182841
37.331528,-61.339115,-23.228159,30.144247,6.029977,-9.818432,-7.9190564,7.5721507,-19.691809,9.744676,-6.7475657,7.126914,4.1628757,1.1042755,-29.269352,-2.8272533,0.8097918,-26.636631,-1.7039725,2.8792112,-6.014138,-0.48384255,7.1945486,-38.109886,-1.342237,0.5207919,-31.340801,-5.9689713,0.47217202,-13.513055,-4.8303967,13.925856,-41.392185,-4.341056,0.6820413,-35.35016,-1.771906,-2.884859,-17.569654,-22.5573,17.093407,-5.632136,8.5464945,6.8177195,-36.219658,-5.567564,5.3158193,-34.186394,-0.5620577,-5.2722125,-13.819458
35.49482,-58.0274,-22.70093,28.162142,3.258121,-10.542455,-7.4813533,7.1711287,-19.75852,9.0452385,-6.4051843,4.233242,3.9115074,0.9036853,-25.673138,-2.716794,0.792495,-28.079624,-1.6106611,2.7535114,-7.2919836,-0.4946359,6.768728,-33.69958,-1.3196428,0.525537,-33.172665,-5.934762,0.5474479,-14.981563,-4.648597,12.9006,-36.715153,-4.2057323,0.72387636,-36.79908,-1.9050156,-2.676112,-19.330475,-21.38673,16.225506,-5.373431,8.236569,6.112319,-32.509216,-5.447,5.19585,-35.931194,-0.6928361,-4.9647703,-16.419146
36.471767,-59.98768,-22.0985,27.896223,-4.4311695,-14.718487,-7.6098914,7.3485527,-22.223936,8.883915,-6.5938034,-1.109764,3.6783912,-0.7996654,-18.596523,-2.7493815,0.7930263,-29.77769,-1.6036739,2.8082669,-7.7386184,-0.5993997,6.457146,-18.99313,-1.3201513,0.5198349,-27.389822,-5.7071314,0.17880279,-8.455605,-4.990296,12.346625,-19.101044,-4.2704225,0.57471776,-29.552898,-1.7318579,-3.0057404,-14.76858,-22.15687,16.854105,-5.5400195,9.305907,6.8277235,-14.105793,-5.476895,5.0263486,-27.809778,-0.58448935,-5.245046,-12.44301
37.85796,-62.756355,-21.796087,29.441595,-3.2358966,-14.711157,-7.8375263,7.639404,-24.60557,9.202247,-6.884049,-2.3474975,3.8555696,-0.72702974,-20.774803,-2.8480806,0.8042017,-30.616661,-1.673101,2.9294746,-7.75864,-0.617137,6.511413,-19.742634,-1.344567,0.5218233,-26.627367,-5.8788385,0.12554732,-7.7821918,-5.250184,12.580465,-18.079332,-4.4202228,0.5408672,-28.866785,-1.7556385,-3.1576843,-14.50027,-23.233845,17.657621,-5.7839537,9.932423,6.869362,-10.132567,-5.668764,5.1818824,-26.613,-0.586193,-5.4904346,-12.355769
35.65488,-59.674038,-18.559074,28.689,-0.5485921,-12.835034,-7.488519,7.341776,-24.074213,8.872162,-6.5819573,-2.020546,3.8347535,0.26306754,-21.982647,-2.786097,0.7928953,-28.239832,-1.6694996,2.8511894,-6.808232,-0.57940656,6.5602117,-20.878971,-1.3186449,0.5155498,-22.61354,-5.404932,0.070411645,-5.1739764,-5.071192,12.135847,-18.28479,-4.196614,0.4782845,-24.40125,-1.4833246,-3.1620872,-11.081479,-22.22023,16.923798,-5.582078,9.622869,6.6198134,-7.946696,-5.2656317,4.827332,-20.291656,-0.39238697,-5.3699884,-7.978963
34.99437,-58.479477,-18.506754,28.19641,-0.07024051,-12.388182,-7.337272,7.19701,-23.955532,8.725522,-6.4677677,-1.7798513,3.7935565,0.1807772,-22.46474,-2.74967,0.78905576,-28.072971,-1.6523812,2.8107188,-6.7927814,-0.5787145,6.3656845,-21.744015,-1.3108588,0.5162194,-22.925968,-5.353898,0.0992089,-5.6133184,-4.968588,11.948136,-19.22769,-4.134307,0.49477565,-24.89171,-1.5001051,-3.0925655,-11.50657,-21.812437,16.588001,-5.4823966,9.406587,6.5708003,-8.732251,-5.1932178,4.7751245,-20.871275,-0.41247344,-5.2635436,-8.280613
33.9529,-56.64424,-17.800404,27.424406,0.10819808,-11.958606,-7.185263,7.0278316,-22.769577,8.493232,-6.289911,-1.7862338,3.7395232,0.6323069,-21.927635,-2.7018685,0.78468215,-27.268408,-1.6283774,2.7603543,-6.7212634,-0.5519901,6.551913,-22.35417,-1.2998703,0.5154331,-23.419764,-5.314245,0.13382336,-6.5518126,-4.811324,11.984943,-20.150671,-4.0631514,0.5302401,-25.806515,-1.5707453,-2.9823265,-12.498885,-21.181864,16.117836,-5.346295,9.111625,6.7106667,-9.63491,-5.085728,4.6811824,-21.149368,-0.43999603,-5.1229324,-8.709085
35.404243,-58.714424,-19.760588,28.588139,1.8531697,-11.465294,-7.4957285,7.296019,-21.814882,9.061169,-6.5368934,2.2884173,3.8482957,0.8126316,-22.120083,-2.7650187,0.8006266,-24.266493,-1.7086294,2.857126,-3.7178226,-0.5459485,6.5982223,-25.129227,-1.3151716,0.51082194,-23.50211,-5.353965,0.07298481,-5.9920735,-4.9276915,12.182671,-24.151154,-4.178881,0.5174305,-26.074667,-1.4785964,-3.115169,-11.511368,-21.864946,16.61558,-5.4969163,9.100056,6.106879,-16.630846,-5.254269,4.83093,-23.497755,-0.3896305,-5.2823334,-8.685313
39.58423,-64.82749,-24.046278,31.434034,2.6253922,-12.233876,-8.215805,7.974889,-23.1939,9.882436,-7.1147103,2.6455388,4.21333,1.1109829,-25.750767,-2.951344,0.82511973,-27.115044,-1.7860557,3.054556,-4.849748,-0.52011424,7.495219,-31.060764,-1.3705873,0.518635,-28.721064,-6.0211487,0.19259945,-9.268096,-5.2682343,13.790843,-31.467388,-4.571079,0.5872927,-31.843523,-1.6633155,-3.2665744,-14.190125,-23.935951,18.16621,-5.966622,9.636339,6.530525,-24.61796,-5.793932,5.3506927,-29.023726,-0.45179838,-5.6952715,-10.855669
39.662323,-64.31966,-26.016256,30.98752,2.8277516,-11.947031,-8.101848,7.8522286,-22.809078,9.771136,-7.0398555,3.1290169,4.170247,0.8391062,-26.187557,-2.9163017,0.8227409,-27.211853,-1.7605138,3.0196333,-5.048748,-0.5212259,7.1115303,-32.42494,-1.368614,0.5226562,-31.01011,-6.1144753,0.26881284,-11.261112,-5.1853166,13.388142,-33.595177,-4.551586,0.6240243,-34.15639,-1.7424831,-3.1638825,-15.564715,-23.57763,17.889925,-5.8798594,9.310436,5.802836,-28.726528,-5.8557754,5.4256086,-33.092144,-0.55074036,-5.5583596,-13.218064
40.358913,-65.632774,-26.05924,31.620962,2.4329877,-12.401695,-8.236959,7.9726562,-23.908869,9.835446,-7.118874,1.6159365,4.271099,1.1409103,-27.676456,-2.9463983,0.81979114,-34.285393,-1.704114,3.0137503,-9.248522,-0.49787903,7.168197,-38.52403,-1.3956393,0.5464147,-44.145313,-7.1033497,0.85416514,-22.085293,-5.221875,13.523429,-41.533226,-4.7808504,0.90831554,-48.87372,-2.457088,-2.6941507,-27.214811,-24.062695,18.249437,-5.978826,9.250431,4.920539,-36.94741,-6.344823,6.123562,-49.19716,-1.0229415,-5.3651824,-24.882505
38.837532,-63.463345,-24.421965,30.65835,2.3996031,-12.003504,-7.9823985,7.714807,-23.545977,9.469134,-6.8556137,0.6326611,4.210624,1.2385005,-28.510086,-2.8757615,0.80634737,-37.294014,-1.6301658,2.9061577,-11.441692,-0.47869018,6.9177756,-40.777817,-1.3843882,0.55469835,-49.156242,-7.297226,1.1309143,-26.627544,-5.0458517,13.086737,-44.493855,-4.7196493,1.048256,-54.773716,-2.7400541,-2.3553557,-32.142887,-23.308962,17.680101,-5.806421,8.895687,4.4068713,-39.144444,-6.314007,6.2245846,-54.858913,-1.1980622,-5.0806417,-29.164158
37.5836,-61.24391,-24.390934,29.400417,1.3867762,-12.025676,-7.6338534,7.39585,-23.976736,8.88391,-6.5435104,-2.484251,4.134467,1.186616,-29.540264,-2.7913547,0.78647447,-42.792385,-1.5117507,2.7707174,-15.836809,-0.46087423,6.557765,-42.582275,-1.3729854,0.5670497,-56.470646,-7.6015053,1.4631691,-32.669773,-4.8618364,12.380868,-46.892532,-4.6734304,1.207059,-62.16587,-3.0821104,-1.9730175,-37.901375,-22.410627,17.013512,-5.606924,8.470089,3.3193502,-41.715576,-6.3213167,6.343502,-61.994396,-1.4170576,-4.7496867,-34.539307
38.727097,-62.635616,-26.037884,29.47997,-1.3620799,-13.610665,-7.5384073,7.413158,-28.473133,8.428279,-6.4897738,-10.883547,4.3269978,2.0924716,-32.94652,-2.8060431,0.7594592,-59.932278,-1.3085114,2.6544838,-28.68595,-0.40594813,7.1776476,-47.24861,-1.3932159,0.59917283,-73.804794,-8.625316,2.1786427,-45.181778,-4.9057775,12.645879,-53.463295,-4.89983,1.5104371,-78.06976,-3.7449646,-1.4520249,-49.739773,-22.864832,17.355072,-5.7129817,8.402439,1.9193621,-49.6995,-6.706257,6.9555554,-75.92284,-1.7953186,-4.5722804,-44.835617
37.72861,-60.146133,-27.426514,28.035614,-1.4932904,-13.08595,-7.0969644,7.029005,-28.647696,7.79547,-6.1636567,-13.334204,4.2074842,1.9119146,-33.667168,-2.7086864,0.7443296,-60.495388,-1.2359717,2.5450268,-30.031548,-0.40092355,6.7386365,-46.55969,-1.3688264,0.5981418,-73.49257,-8.385127,2.1452937,-44.857334,-4.7053213,11.834886,-52.19728,-4.7363057,1.4869921,-76.77721,-3.642766,-1.3925296,-48.30439,-21.728214,16.521315,-5.4634876,7.9706883,1.1290613,-48.503605,-6.4619284,6.6669087,-73.59196,-1.7336335,-4.373574,-43.01103
36.99445,-58.966476,-26.814384,27.59835,-0.80106586,-12.508035,-6.9741764,6.900285,-27.763523,7.7267466,-6.0708957,-11.90231,4.124997,1.7999682,-32.813705,-2.6737454,0.74603295,-57.141586,-1.2623991,2.537499,-27.325764,-0.40513176,6.4321365,-46.234646,-1.3593144,0.59412986,-71.50324,-8.2234,2.0765328,-43.683033,-4.6278605,11.451207,-51.716846,-4.659384,1.4663017,-75.30225,-3.5873332,-1.3925467,-47.23304,-21.32054,16.200773,-5.362535,7.818297,0.96825224,-47.836357,-6.3719206,6.5649185,-72.89146,-1.7179549,-4.2936435,-42.38699
37.80032,-60.55739,-26.66854,28.512247,-0.08623469,-12.480785,-7.195816,7.103913,-27.883768,8.036926,-6.2460246,-11.114029,4.2445946,2.2001863,-33.68601,-2.7282753,0.7536916,-57.452034,-1.2943926,2.593656,-27.440636,-0.39059937,6.9333696,-48.06585,-1.3724756,0.59601074,-72.18344,-8.396026,2.1201336,-44.377857,-4.7073126,12.217942,-54.06042,-4.7489233,1.4779775,-76.182945,-3.6394982,-1.4299998,-47.992603,-21.92034,16.658997,-5.5009813,7.985979,1.6534362,-49.939804,-6.4911065,6.709216,-73.60705,-1.7362238,-4.4131427,-42.967533
38.30945,-61.635845,-26.59242,29.064213,-0.077758506,-12.697511,-7.349083,7.250843,-28.053062,8.214566,-6.3719397,-10.814288,4.2872562,2.3308775,-33.210068,-2.7699678,0.76155585,-56.609085,-1.3337241,2.652919,-26.458605,-0.39138538,7.1432986,-47.780502,-1.3832121,0.59519243,-71.65637,-8.45494,2.0764444,-43.746906,-4.7975483,12.486755,-53.569225,-4.817648,1.4670508,-75.75696,-3.6388261,-1.5111375,-47.628407,-22.337543,16.977377,-5.5996428,8.203818,1.9238311,-49.062374,-6.569876,6.760574,-73.22161,-1.7250578,-4.5223308,-42.68274
39.744827,-64.00866,-27.392187,30.223509,-0.3919635,-13.363304,-7.7090445,7.5792847,-27.924036,8.756015,-6.696988,-8.393734,4.3273416,2.017566,-31.396503,-2.8543258,0.7795245,-52.83598,-1.4331911,2.7839656,-22.867392,-0.42570573,7.222035,-45.110996,-1.399514,0.5871364,-67.15254,-8.3205,1.8209771,-39.520813,-5.020586,12.814346,-50.5495,-4.921642,1.3689914,-71.431015,-3.4454367,-1.8079959,-44.048824,-23.269085,17.673416,-5.8081684,8.658323,2.332521,-46.785805,-6.689301,6.78239,-69.926155,-1.6113155,-4.806365,-39.86421
38.578995,-61.89233,-26.963737,29.388853,0.23830932,-12.674927,-7.493043,7.3807507,-27.266691,8.58345,-6.547045,-7.4325867,4.221939,1.4637706,-30.962105,-2.8036938,0.77615136,-49.922085,-1.4181043,2.7337294,-21.950315,-0.4625894,6.6030207,-41.78111,-1.3782496,0.57308525,-60.137466,-7.7811136,1.554163,-34.542397,-4.943069,12.118291,-45.305416,-4.7271137,1.1949269,-63.131977,-3.075944,-1.9916682,-38.248055,-22.513136,17.154392,-5.6621814,8.551149,2.350384,-41.7152,-6.3767776,6.3544827,-61.839615,-1.411058,-4.795662,-35.00978
41.2008,-65.46061,-30.002752,31.296307,2.3009205,-12.291064,-8.034147,7.835141,-25.188442,9.521696,-7.029137,-0.7861099,4.3067455,0.77160126,-30.066387,-2.9231548,0.8130497,-37.372944,-1.642041,2.9690392,-11.993779,-0.5087276,6.5400114,-39.24479,-1.39359,0.5484619,-46.279087,-7.1240263,0.86926305,-22.871271,-5.212105,12.593551,-41.36411,-4.781784,0.91970396,-49.91609,-2.4414864,-2.6801486,-26.60275,-23.641296,18.005829,-5.912636,9.03555,3.3551822,-38.410305,-6.340271,6.0649867,-49.576897,-1.0041417,-5.319083,-24.55884
40.878193,-65.127045,-29.508986,31.340359,3.6968272,-11.538224,-8.047,7.8209877,-24.02423,9.616717,-7.011659,1.052247,4.3103876,0.8733968,-30.39996,-2.9166856,0.8152318,-33.950294,-1.6723526,2.9754999,-9.963678,-0.5026904,6.7325077,-39.14288,-1.3851359,0.5401671,-41.437634,-6.7890625,0.69021404,-19.375317,-5.160226,12.959918,-41.198826,-4.694869,0.82302725,-44.947483,-2.1854632,-2.8348224,-22.696165,-23.522661,17.905766,-5.8826303,8.968107,4.122434,-37.846855,-6.162582,5.8358703,-44.253483,-0.83723056,-5.3867583,-20.39492
41.382526,-65.70404,-29.905672,31.670841,3.61256,-11.7057085,-8.11338,7.9046507,-24.55799,9.673097,-7.094164,0.2906261,4.3741446,0.43236616,-32.0677,-2.9421804,0.816666,-34.38013,-1.681145,3.0046177,-10.215056,-0.5198138,6.6208897,-38.215336,-1.3891435,0.538762,-39.02571,-6.642192,0.5313778,-16.924417,-5.236976,13.056116,-39.21239,-4.7201586,0.7660114,-42.311348,-2.0543015,-2.9945817,-20.24323,-23.742504,18.075474,-5.948518,9.205386,4.610345,-34.051266,-6.1315494,5.718351,-40.078476,-0.72288144,-5.5337524,-17.355242
43.329967,-68.61136,-31.721565,32.702255,1.5425467,-13.285551,-8.461318,8.237784,-25.701061,10.003051,-7.392308,-0.5283878,4.442901,-0.10181161,-31.284405,-3.0279415,0.82790256,-36.32068,-1.7153008,3.1065373,-10.33695,-0.5457269,6.5950212,-37.00971,-1.4175627,0.5450622,-42.069324,-7.00548,0.5613392,-18.157423,-5.49468,13.153444,-37.959854,-4.9414916,0.81558836,-45.556168,-2.2238624,-3.053701,-22.325,-24.820284,18.897814,-6.188575,9.712176,4.26154,-33.252388,-6.4741507,6.0314894,-44.196014,-0.8214493,-5.7222486,-19.676708
41.757755,-66.242714,-30.25973,31.465658,0.46948916,-13.37802,-8.219134,7.992118,-24.87186,9.648539,-7.156239,-1.2725927,4.2927403,-0.33964145,-29.828339,-2.9520633,0.8145429,-36.561043,-1.6615623,3.0168588,-10.76236,-0.55765086,6.2261724,-34.159126,-1.3968934,0.54332346,-41.206528,-6.804226,0.5306356,-17.645212,-5.367908,12.498551,-34.836864,-4.812561,0.81211007,-44.572693,-2.210335,-2.9643154,-22.211626,-24.034737,18.312881,-6.0080123,9.552561,3.9448996,-29.601898,-6.292996,5.845102,-42.894844,-0.8096701,-5.5603065,-19.305
42.025654,-66.899704,-29.597271,31.81933,0.94337493,-13.31701,-8.294059,8.079967,-25.095531,9.95968,-7.3017764,1.4140309,4.2638855,-0.40222532,-27.759129,-2.9753926,0.8281567,-32.65981,-1.73791,3.0774684,-7.4607043,-0.5789202,6.1973095,-32.74083,-1.3972108,0.53635913,-37.423676,-6.6303787,0.3911664,-14.841637,-5.4337983,12.607157,-33.302994,-4.7906675,0.71823066,-40.478123,-2.0368726,-3.115484,-19.575651,-24.381306,18.532951,-6.0695457,9.655766,4.4337068,-29.448902,-6.291698,5.834706,-40.991142,-0.76706564,-5.6424584,-18.554108
45.3308,-72.42264,-31.966114,33.94972,0.1106811,-14.757373,-8.918876,8.662241,-26.359882,10.645776,-7.826807,0.8351073,4.4910502,-0.8509533,-29.185757,-3.131501,0.851398,-32.74109,-1.8273815,3.254556,-7.522241,-0.5938605,7.064642,-31.115414,-1.4314272,0.5329317,-33.965164,-6.7151985,0.15853539,-11.0595875,-5.764966,14.392981,-31.295597,-5.0201387,0.6183257,-36.46053,-1.8835269,-3.5019739,-16.299091,-26.272038,19.913492,-6.4788246,10.494386,6.4784584,-26.440556,-6.5198593,5.940027,-35.874813,-0.6202128,-6.148237,-14.321902
42.31244,-68.736565,-27.719963,32.31396,-0.09090215,-14.220968,-8.521546,8.278417,-25.46408,10.266708,-7.5102077,1.8931774,4.219793,-0.721155,-24.896046,-3.0297937,0.8436538,-28.863852,-1.8215847,3.1562395,-5.470985,-0.6056885,6.7681074,-27.361448,-1.3980501,0.52606195,-29.53858,-6.311427,0.1338605,-8.7269,-5.561731,13.643453,-26.899181,-4.7575583,0.55857337,-32.0027,-1.7521064,-3.4024158,-14.720292,-25.08411,19.013672,-6.2117567,10.178367,6.6524706,-22.263216,-6.181318,5.676186,-32.50567,-0.6112511,-5.882045,-13.890052
37.24884,-62.505886,-20.038515,29.691595,-0.35199934,-13.26427,-7.9143524,7.6664443,-23.00459,9.562967,-6.9124894,2.3995647,3.8518662,-0.04721897,-19.8209,-2.8543851,0.8183589,-24.344883,-1.7595916,2.9533763,-4.1209493,-0.5901319,6.909006,-22.311905,-1.3370659,0.5137528,-22.179712,-5.6562767,0.108257554,-5.655948,-5.160229,13.1649475,-21.215841,-4.312541,0.46912092,-24.682636,-1.5538963,-3.2088919,-12.257406,-23.170635,17.540731,-5.7614703,9.650111,7.698127,-14.976537,-5.531902,5.1354804,-24.468563,-0.51887006,-5.4708533,-11.16506
34.715836,-59.321487,-15.982246,28.358902,-1.023901,-13.07493,-7.6713486,7.4082704,-21.426527,9.230069,-6.6254826,2.4222393,3.686088,0.035621554,-17.540585,-2.7829022,0.80495864,-21.86734,-1.7349591,2.8635042,-2.7577586,-0.582786,6.8450665,-18.859533,-1.3104854,0.5078063,-17.738783,-5.2467966,0.048755303,-2.91025,-5.0144844,12.753092,-17.228674,-4.110726,0.4243468,-20.567802,-1.4060456,-3.1611793,-10.055628,-22.260597,16.897682,-5.5699124,9.537002,8.046965,-8.988997,-5.2033224,4.8421707,-19.112228,-0.41909552,-5.327976,-8.190239
34.120934,-58.509403,-14.818811,28.178934,-0.9020628,-12.865039,-7.5785856,7.3386483,-21.59445,9.079036,-6.5412335,1.511069,3.677653,0.32641014,-17.663517,-2.7706556,0.7986348,-22.329714,-1.7245135,2.8450234,-3.026123,-0.5749386,6.929078,-18.339777,-1.3041751,0.50713736,-17.118017,-5.108596,0.01445853,-1.9415796,-4.992874,12.627705,-16.20202,-4.0659018,0.40908635,-19.543577,-1.3219295,-3.184089,-9.027644,-22.010153,16.743223,-5.5288725,9.539797,8.005376,-6.7869997,-5.0789766,4.713118,-16.573078,-0.33131126,-5.3282247,-6.2632823
33.564518,-57.401543,-14.627037,27.70387,-0.78036416,-12.581204,-7.425727,7.203068,-21.521957,8.873117,-6.4183683,0.91366005,3.6404295,0.31887874,-18.046593,-2.7351103,0.79278284,-22.808432,-1.7001504,2.805666,-3.4738257,-0.57208645,6.730062,-18.292841,-1.2962008,0.50675976,-17.497923,-5.036124,0.013113357,-2.2001731,-4.9221067,12.278031,-15.9539,-4.0128407,0.41621697,-19.757534,-1.3140029,-3.1418803,-8.973822,-21.590849,16.439741,-5.437596,9.410343,7.6486034,-6.0104065,-4.9987173,4.625793,-16.324615,-0.31942856,-5.249868,-6.004962
34.984104,-59.285187,-16.38562,28.524677,-1.3318543,-13.211232,-7.59049,7.3796334,-22.874422,8.950567,-6.5729284,-1.3454338,3.789179,0.42501336,-20.237755,-2.7883506,0.79499626,-26.8785,-1.6876342,2.8548152,-5.9862666,-0.56915045,7.0322857,-19.975914,-1.3167232,0.51466626,-21.441236,-5.398946,0.07774649,-4.794236,-5.0312004,12.782108,-17.710663,-4.178015,0.48956805,-23.972668,-1.5318605,-3.1316261,-11.663943,-22.239187,16.914454,-5.5817847,9.677904,7.9339633,-6.404293,-5.220459,4.8163457,-19.108541,-0.40504697,-5.36487,-7.8399534
34.925014,-58.440624,-17.48737,28.265074,-0.6983497,-12.712771,-7.416568,7.254104,-23.626066,8.691537,-6.4646764,-2.852405,3.8264592,0.36470723,-22.572605,-2.7623382,0.7885756,-29.218897,-1.6461589,2.8210819,-7.4644346,-0.56387717,6.695351,-21.80796,-1.3162184,0.51901674,-24.201313,-5.4627714,0.1241036,-6.482748,-4.977519,12.300806,-18.94828,-4.179727,0.5322026,-26.462965,-1.6027645,-3.0676727,-12.851923,-21.882141,16.651144,-5.51096,9.541739,7.088201,-6.795343,-5.2148566,4.788064,-20.883593,-0.4285168,-5.2932696,-8.375026
34.57966,-58.092262,-16.297783,28.08348,-0.85338545,-12.711493,-7.430907,7.2508283,-22.95673,8.6505375,-6.409244,-2.6911783,3.8237174,0.4893581,-22.509037,-2.7499795,0.7872173,-29.317406,-1.635494,2.8034866,-7.4678144,-0.54374135,6.954689,-22.482683,-1.3123235,0.5174451,-24.463207,-5.4690514,0.15454304,-6.8979487,-4.924708,12.607948,-19.825596,-4.1644244,0.5408997,-26.67935,-1.6026651,-3.0450814,-13.173839,-21.821465,16.590063,-5.489743,9.506691,7.6094375,-7.0414557,-5.1501927,4.7328057,-20.128626,-0.39497492,-5.2856526,-7.767842
34.891872,-58.265507,-17.269571,28.199244,0.054713562,-12.28222,-7.4813733,7.2702203,-21.822002,8.823704,-6.44289,-0.28367049,3.8154042,0.7952096,-21.77261,-2.7490768,0.7934502,-26.299603,-1.6705399,2.8211298,-5.378583,-0.52915084,7.156257,-23.68184,-1.3099136,0.51294047,-23.299591,-5.394927,0.1174191,-6.365956,-4.8777814,12.87387,-22.25078,-4.1485667,0.524642,-25.81918,-1.5354114,-3.0698085,-12.290689,-21.860197,16.574831,-5.4778004,9.27516,7.594097,-11.642836,-5.145427,4.735999,-20.517916,-0.36976594,-5.2792516,-7.5175734
35.36005,-58.53573,-18.735914,28.651314,1.0179563,-11.914858,-7.5356555,7.3683653,-22.557878,9.039083,-6.594884,0.81337595,3.8847775,0.7517026,-21.789818,-2.7907495,0.8001472,-25.537592,-1.7047209,2.882774,-4.2546716,-0.5481753,6.663805,-23.943928,-1.3230655,0.5138494,-23.678843,-5.4422064,0.07762308,-6.1623344,-5.0201597,12.137011,-22.017595,-4.235858,0.5144035,-26.466736,-1.5453333,-3.1295855,-12.18656,-21.983519,16.775852,-5.5662885,9.333913,6.0870624,-13.345288,-5.3342957,4.8888216,-23.290962,-0.43368167,-5.3328185,-9.293957
33.94503,-56.9237,-17.17654,27.861942,0.9827681,-11.600336,-7.412809,7.1950903,-20.596537,8.920025,-6.4245033,2.4105954,3.745094,1.0779293,-19.67929,-2.732747,0.7979313,-23.10382,-1.7056124,2.838791,-2.7704282,-0.53161544,6.745439,-24.49481,-1.3100553,0.5131201,-24.650644,-5.4887066,0.1678617,-8.217261,-4.846178,12.152738,-23.90706,-4.1579304,0.5702425,-28.3245,-1.7011684,-2.94344,-14.507084,-21.423166,16.316633,-5.4139657,8.9868145,6.35302,-15.920635,-5.283011,4.893133,-26.285341,-0.54093695,-5.125674,-11.98193
35.073532,-58.687214,-17.776867,28.68088,0.44722873,-12.20653,-7.625588,7.3981886,-21.293344,9.080061,-6.567261,1.3729485,3.8503785,0.95424235,-20.893646,-2.7842832,0.7997966,-25.451147,-1.7009137,2.8742125,-4.1935987,-0.53393596,6.948754,-24.57927,-1.3234301,0.5161302,-25.64076,-5.6167774,0.18200973,-8.1535845,-4.972495,12.509723,-23.728086,-4.2599072,0.5825914,-29.037416,-1.7130145,-3.0103004,-14.707937,-22.06083,16.798746,-5.5552216,9.308488,6.5916114,-14.715196,-5.37307,4.9708858,-25.818913,-0.50588477,-5.27904,-11.12917
34.319794,-57.62724,-16.949907,28.534174,1.8951433,-11.322562,-7.53325,7.310555,-21.122253,8.886513,-6.447498,0.08725114,3.9323545,1.8422527,-23.185326,-2.7712207,0.7938342,-27.249151,-1.667409,2.8419938,-6.193559,-0.48359546,7.4689775,-28.75273,-1.3246404,0.5204551,-28.713783,-5.845934,0.3631953,-11.797736,-4.8553743,12.985101,-28.361202,-4.267806,0.6707916,-33.18963,-1.9473962,-2.8190453,-18.139465,-21.721962,16.584208,-5.5008626,9.093633,6.762829,-17.560051,-5.387078,5.036511,-28.308676,-0.606923,-5.1658835,-13.34026
35.88443,-60.132534,-18.05791,29.741116,2.2018309,-11.6533985,-7.7964354,7.572539,-22.398909,9.088014,-6.63144,-1.4223115,4.126532,2.0367026,-25.976028,-2.845585,0.79708445,-30.683918,-1.6638696,2.8919983,-8.624297,-0.46754697,7.960493,-31.25715,-1.3450447,0.52555895,-31.009336,-6.1114264,0.44898075,-13.033349,-4.993076,13.749583,-30.729889,-4.40973,0.69780314,-35.206303,-1.9998107,-2.875695,-19.129263,-22.579554,17.219538,-5.694264,9.418038,7.1864643,-18.615019,-5.530867,5.1866193,-28.636082,-0.58726263,-5.3533416,-13.019366
34.816807,-58.234352,-17.697456,28.791578,2.1732898,-11.251883,-7.5382986,7.33787,-22.172821,8.740264,-6.4276013,-2.262784,4.0428376,1.9337962,-25.990402,-2.7818727,0.78772515,-31.258718,-1.6187086,2.820055,-9.398638,-0.46509358,7.636667,-30.80555,-1.3311318,0.52729625,-31.8232,-6.0261793,0.47626787,-13.7406225,-4.8631487,13.199807,-30.045307,-4.314651,0.7090831,-35.564686,-2.009668,-2.7806897,-19.507008,-21.838268,16.674994,-5.5357466,9.152809,6.770706,-17.931267,-5.418236,5.0758595,-29.12163,-0.6140649,-5.1889505,-13.466396
35.523354,-59.507168,-18.16787,29.516031,3.718306,-10.760365,-7.7629204,7.5093174,-21.196186,9.217523,-6.623324,1.4333789,4.0904207,2.1650481,-25.714806,-2.826942,0.80286956,-27.537205,-1.7023466,2.9024417,-6.189272,-0.46361324,7.8480363,-32.952618,-1.3414237,0.52250934,-30.458935,-6.032119,0.40932763,-13.063008,-4.901973,13.771538,-33.31933,-4.3710227,0.6979639,-35.254272,-1.9869038,-2.8567579,-19.086737,-22.292118,16.990667,-5.629463,9.124116,7.2229466,-22.409086,-5.522735,5.186261,-30.20405,-0.6091486,-5.2828803,-13.757731
36.608242,-60.604504,-21.067001,29.786253,4.003831,-10.773808,-7.810577,7.5376954,-21.298155,9.371786,-6.700071,2.8014736,4.0842543,2.1395528,-25.496693,-2.8351989,0.8108939,-27.465866,-1.714901,2.9193027,-5.9299483,-0.46147737,7.7423773,-35.44505,-1.3512504,0.52764744,-34.33189,-6.283251,0.5519813,-15.889545,-4.8842444,13.815555,-37.569195,-4.4310374,0.76198316,-39.192326,-2.0965788,-2.7702684,-21.321163,-22.533014,17.089914,-5.648298,8.861586,6.6258216,-29.963139,-5.70412,5.4220533,-36.597923,-0.7346803,-5.218556,-17.306623
38.63393,-63.456333,-23.624088,30.784231,3.4338198,-11.516216,-8.019787,7.7560744,-22.740343,9.720847,-6.961065,3.4754825,4.1517396,2.0060441,-24.611961,-2.8934908,0.8207795,-29.942802,-1.7265444,2.9798334,-6.974585,-0.47185576,7.6741266,-37.45336,-1.3776107,0.5419987,-41.05243,-6.919878,0.837776,-21.293455,-5.0288415,13.922799,-41.091564,-4.6217813,0.8579335,-45.857025,-2.4188392,-2.6297717,-26.45497,-23.374908,17.730368,-5.82157,8.887307,5.8141394,-38.076206,-6.1579394,5.9686484,-47.474735,-1.0393022,-5.2012005,-25.285158
37.56443,-61.746994,-22.889477,30.070353,3.6127715,-11.120075,-7.8239903,7.5618954,-22.46267,9.296709,-6.7146153,0.93968177,4.1647134,2.556686,-26.934036,-2.8445046,0.80761886,-33.130714,-1.6540343,2.892961,-9.814368,-0.42817456,7.9677176,-40.031254,-1.3679752,0.54537094,-44.058865,-6.954896,0.9726928,-23.71264,-4.859786,14.051696,-44.06194,-4.570147,0.95299065,-49.33926,-2.5436153,-2.446452,-28.827662,-22.795916,17.25284,-5.688381,8.652086,5.9232764,-38.214954,-6.007262,5.864022,-47.63595,-1.0319743,-5.0658884,-24.99395
36.0475,-59.577843,-21.670544,29.282948,4.9710712,-10.016754,-7.644573,7.3606467,-20.649355,9.19181,-6.5328417,3.0661192,4.08435,2.1683495,-27.506084,-2.7844162,0.8013696,-28.85044,-1.655458,2.8355591,-7.8485985,-0.44235283,7.682311,-38.108646,-1.3401141,0.52971506,-35.78395,-6.2677174,0.6631992,-17.632074,-4.7143173,13.843482,-41.086803,-4.337794,0.78194964,-40.25632,-2.0941565,-2.6507351,-22.073313,-21.98669,16.657701,-5.51622,8.440316,6.6212845,-34.129433,-5.5913453,5.361279,-37.65513,-0.74257684,-5.070665,-17.746664
34.523937,-57.442104,-19.86286,28.185062,4.4749894,-9.845716,-7.456146,7.150027,-19.318567,8.948669,-6.3127966,3.3436813,3.9708858,1.7550131,-27.363056,-2.716633,0.7904341,-27.933594,-1.6176461,2.745722,-8.10553,-0.44862416,7.5234857,-35.521744,-1.3133447,0.5201113,-31.183874,-5.787201,0.50436276,-14.009678,-4.5609846,13.736409,-38.046886,-4.1467314,0.69808364,-34.711143,-1.824127,-2.7148774,-18.255869,-21.22685,16.097517,-5.346573,8.269625,7.493547,-30.052238,-5.230883,4.9756722,-30.443502,-0.5396301,-5.020055,-12.790632
36.31827,-58.658604,-24.961784,28.467716,4.340098,-10.053045,-7.470641,7.1902537,-19.822329,9.117788,-6.468869,5.0752306,3.942679,0.28082266,-27.429947,-2.722118,0.7990093,-25.80474,-1.6529374,2.7985115,-5.079202,-0.5217245,6.0159097,-34.053997,-1.3219951,0.5204393,-30.71226,-5.768585,0.3494384,-12.759233,-4.7216988,12.130113,-35.990887,-4.2255945,0.66703343,-34.679516,-1.7828186,-2.8244386,-16.736753,-21.47646,16.25788,-5.3832564,8.303418,5.053808,-31.325459,-5.481802,5.11825,-34.44366,-0.62049526,-5.041198,-14.23833
36.74786,-60.15543,-22.892061,28.173668,-3.2707849,-14.188874,-7.630335,7.371172,-21.717445,9.11232,-6.6600127,2.0102983,3.619857,-1.3688313,-17.831333,-2.7618861,0.8042085,-24.03616,-1.688101,2.8592527,-2.8061342,-0.6326231,5.64529,-17.842981,-1.3208044,0.5143837,-22.824348,-5.4097986,0.012898073,-4.58155,-5.079571,11.432362,-17.063025,-4.232499,0.4978689,-25.388634,-1.5060834,-3.1509154,-10.980705,-22.283596,16.915892,-5.548117,9.371059,5.5978117,-12.905271,-5.4563837,4.977255,-26.337223,-0.490498,-5.296311,-10.341298
37.97125,-61.904053,-23.603107,29.25976,-2.9811568,-14.444537,-7.773067,7.575283,-23.939413,9.26015,-6.847212,0.0451259,3.7961035,-1.0490065,-20.023735,-2.83588,0.8081745,-27.394907,-1.7021215,2.930665,-4.5568385,-0.6324198,5.830026,-19.107882,-1.3418467,0.5191878,-24.930952,-5.6132374,0.024179302,-5.276375,-5.259603,11.611613,-17.429731,-4.37788,0.51793283,-27.126143,-1.5641071,-3.2358754,-11.687534,-23.005806,17.470028,-5.728473,9.753309,5.3613605,-11.577601,-5.61359,5.1089063,-26.663513,-0.4854846,-5.4785414,-10.367023
40.817276,-66.40554,-25.428093,31.367327,-3.8856738,-15.823531,-8.299489,8.117288,-26.147217,9.831633,-7.323913,-1.3180637,4.040758,-1.0995089,-21.386433,-2.991611,0.8253091,-30.559267,-1.7639205,3.0980675,-5.549721,-0.6457929,6.240893,-19.607449,-1.3849263,0.52478164,-27.431295,-6.020505,0.016763248,-5.8027306,-5.6412807,12.327396,-17.442446,-4.690651,0.543039,-29.68973,-1.6698017,-3.4276493,-12.684509,-24.72427,18.786098,-6.1314635,10.537409,5.4770823,-10.636299,-6.010477,5.4536633,-28.407501,-0.50447947,-5.8668313,-11.14822
37.256207,-61.954266,-19.375174,29.791584,-1.5313094,-13.859223,-7.7895975,7.6409893,-25.394337,9.131935,-6.8232713,-3.5765219,3.963341,0.36188197,-22.503082,-2.8746953,0.80124736,-30.486887,-1.7002169,2.9434001,-7.70792,-0.58077186,6.9848113,-20.962526,-1.3439429,0.5205183,-24.438606,-5.660285,0.07229512,-5.6593213,-5.269427,12.76035,-18.082897,-4.3812423,0.51451,-26.551546,-1.5866724,-3.2556076,-12.128472,-23.187698,17.649708,-5.805514,10.102325,7.0386806,-6.301692,-5.475688,5.0037246,-20.95678,-0.39859253,-5.593955,-8.137132
36.96034,-61.319603,-19.774523,29.658037,-0.34301347,-13.13919,-7.682066,7.5518875,-25.580353,9.027402,-6.7582464,-3.5824103,4.005223,0.4121042,-24.441227,-2.855053,0.79980046,-31.269577,-1.6859248,2.9229624,-8.08233,-0.5731483,6.7997603,-23.504503,-1.3437927,0.52368426,-26.251026,-5.7321224,0.13092703,-7.10023,-5.1992464,12.588992,-20.394924,-4.3747864,0.5581795,-28.67709,-1.6742021,-3.1776512,-13.530651,-22.93056,17.435165,-5.7473774,9.936034,6.780373,-7.928804,-5.482586,5.0236235,-22.907547,-0.4561465,-5.513382,-9.194618
33.618317,-57.47098,-14.424976,28.137335,0.44651055,-11.977592,-7.4156313,7.2334113,-22.458874,8.712487,-6.393678,-1.672986,3.824176,0.9492624,-22.048332,-2.75567,0.787621,-27.258595,-1.6632946,2.8135047,-6.2219195,-0.5429571,6.9976463,-21.85854,-1.3087513,0.5139077,-21.747747,-5.275633,0.08161626,-4.933623,-4.929828,12.481987,-18.780306,-4.1162267,0.51078284,-24.414417,-1.523767,-3.075643,-11.926078,-21.625122,16.49181,-5.4741488,9.525115,7.544701,-5.3544135,-5.0579333,4.6521683,-17.800722,-0.3440855,-5.291244,-6.5285053
31.764214,-54.42092,-13.052481,26.897524,1.1847892,-11.02062,-7.1719456,6.943025,-20.086437,8.487508,-6.125875,0.5062251,3.6966884,1.0773045,-21.245049,-2.6642828,0.78060853,-24.540709,-1.6378646,2.7271893,-4.709694,-0.52634,6.8147793,-22.710135,-1.2861235,0.51014644,-21.185692,-5.1181917,0.09535677,-5.719764,-4.6806173,12.207194,-20.395113,-3.966753,0.5403737,-24.754404,-1.5864475,-2.89984,-12.929288,-20.614836,15.708963,-5.234614,8.99212,7.5822544,-7.6648645,-4.8886967,4.513334,-19.009262,-0.39249268,-5.037484,-7.535707
33.093548,-55.572357,-16.06778,27.404213,1.230921,-11.204721,-7.235487,7.02842,-20.993048,8.594696,-6.2452173,0.37656423,3.7578566,0.8618727,-22.353722,-2.6932929,0.78749,-25.464102,-1.6497929,2.7675195,-4.8247995,-0.5314299,6.6247497,-24.569132,-1.3005816,0.51494175,-24.011202,-5.3326654,0.15141672,-7.315656,-4.7484837,12.0842285,-22.575657,-4.069867,0.5822582,-27.631445,-1.6715726,-2.9016235,-14.041725,-20.959581,15.953576,-5.30748,8.980679,6.8447423,-11.08377,-5.0806413,4.6917496,-22.766422,-0.46545023,-5.072234,-9.245622
34.56163,-56.989838,-19.747946,27.843603,1.7589216,-11.162761,-7.294162,7.0982695,-21.550636,8.73567,-6.3629413,0.92439777,3.7982867,1.3312678,-22.14246,-2.715829,0.7967317,-26.030876,-1.6705357,2.8119454,-4.839294,-0.51079965,6.744293,-28.127542,-1.3161812,0.5219158,-30.166626,-5.7606525,0.34257174,-11.823004,-4.755888,12.180999,-28.231628,-4.200966,0.6861124,-33.77371,-1.902091,-2.7825136,-17.775232,-21.29705,16.171362,-5.362218,8.725659,5.818799,-20.33931,-5.368187,5.0212283,-31.326906,-0.648943,-5.014119,-14.323983
34.142105,-56.076813,-19.835585,27.495077,2.5503042,-10.5744915,-7.1830525,6.992981,-21.166935,8.618132,-6.264643,1.2425104,3.790259,1.3190807,-23.081627,-2.6893115,0.7936009,-25.232159,-1.6629263,2.783603,-4.420875,-0.5028001,6.6244755,-28.632656,-1.3074615,0.5179866,-28.777979,-5.5577364,0.27124238,-10.574509,-4.6851716,11.981214,-28.504507,-4.132209,0.6589943,-32.298084,-1.7777785,-2.8154666,-16.110798,-20.940739,15.894763,-5.284073,8.566942,5.6207733,-20.289791,-5.2338057,4.866678,-29.131422,-0.5562823,-4.988881,-12.194316
33.842068,-55.812073,-19.311857,27.465807,3.0371718,-10.270175,-7.176619,6.980341,-20.915663,8.559295,-6.2276044,0.819148,3.818291,1.6846884,-23.609608,-2.6859732,0.79002833,-25.687498,-1.6441295,2.7667098,-5.373749,-0.48646882,6.915072,-29.104517,-1.3048494,0.51753455,-28.449644,-5.5351496,0.27823833,-10.586355,-4.6494265,12.257309,-28.90471,-4.11282,0.6524793,-31.868105,-1.7666919,-2.8069303,-16.027431,-20.819925,15.8279705,-5.2704325,8.523951,5.9212804,-20.348421,-5.176926,4.808883,-27.91863,-0.52787685,-4.987304,-11.542069
33.060143,-55.051846,-17.457718,27.198214,2.986071,-10.179356,-7.1156917,6.9242373,-20.670422,8.536686,-6.1671596,1.3030548,3.769634,1.4455463,-23.088856,-2.6702747,0.78543866,-24.034786,-1.6448989,2.7397509,-4.6754932,-0.5056613,6.765598,-26.070307,-1.28974,0.5094108,-22.764093,-5.0951834,0.083698116,-6.0602684,-4.6504436,12.082836,-24.782251,-3.9889524,0.53536487,-25.54183,-1.4695349,-2.9574678,-11.709251,-20.593634,15.682704,-5.230169,8.622523,6.40154,-15.458056,-4.9313626,4.530677,-20.855608,-0.33866718,-5.0480866,-7.1022935
33.710346,-56.377586,-17.10929,27.921545,3.3704634,-10.254331,-7.2896013,7.0868163,-21.000908,8.741794,-6.290593,1.3989918,3.8684425,1.4917331,-24.30222,-2.7141552,0.7898557,-24.912413,-1.6615225,2.7797313,-5.1255784,-0.5059632,6.954274,-26.955132,-1.3000561,0.5096695,-22.751503,-5.184003,0.086790316,-6.0318246,-4.738929,12.488914,-25.491823,-4.0562396,0.53373784,-25.577482,-1.478516,-3.0104759,-11.81645,-21.080462,16.053024,-5.343009,8.852129,6.8526525,-15.1041355,-4.99666,4.59667,-20.274082,-0.31937665,-5.166954,-6.6664023
34.94977,-58.163414,-18.662653,28.820206,3.7676802,-10.431611,-7.497378,7.284528,-21.569,8.900952,-6.4415145,0.35379216,4.008486,2.2633526,-25.537086,-2.7718935,0.79382265,-27.26645,-1.6634061,2.8321643,-6.747465,-0.46607512,7.6965904,-30.958754,-1.3218175,0.51797706,-27.790495,-5.6744184,0.29478815,-10.385015,-4.792889,13.376525,-30.880854,-4.223901,0.633144,-31.325726,-1.7517638,-2.9115617,-15.849775,-21.729624,16.526133,-5.485102,8.909005,6.971345,-20.484476,-5.26037,4.895981,-25.543064,-0.4581437,-5.21971,-10.176654
36.049114,-59.73141,-20.29913,29.52274,4.7874866,-10.222392,-7.6435876,7.4308333,-22.0151,9.181166,-6.602124,1.5257542,4.099218,2.287314,-26.645397,-2.8161201,0.8006954,-26.69087,-1.6971275,2.8828268,-6.3976626,-0.46215668,7.7868037,-32.95319,-1.332586,0.51767874,-27.802889,-5.742277,0.29402423,-10.442028,-4.8619537,13.72421,-33.375683,-4.2822795,0.60602605,-30.958694,-1.6836303,-2.9965103,-15.0390835,-22.18637,16.852541,-5.5905776,8.918347,6.9690022,-24.33982,-5.3687096,5.005004,-26.311321,-0.44901752,-5.3173203,-10.211597
36.011166,-58.21076,-23.512928,28.522293,4.4165606,-9.991464,-7.3568616,7.1470895,-21.466396,8.785506,-6.366548,1.1453898,3.9951494,1.5834843,-27.597149,-2.7312458,0.7911899,-27.617853,-1.6266208,2.7837315,-7.305162,-0.47176674,6.974106,-33.604866,-1.3191013,0.5201544,-30.185795,-5.706011,0.35413328,-11.971766,-4.7049394,12.720135,-34.40576,-4.1958475,0.64522016,-33.061516,-1.6866043,-2.8796492,-15.33698,-21.422255,16.23722,-5.389729,8.450188,5.597158,-27.412529,-5.3105836,4.9348354,-29.29056,-0.486675,-5.107377,-11.04486
41.98165,-67.07584,-29.422195,31.815828,0.9002902,-13.359359,-8.346747,8.105172,-24.296656,9.94444,-7.279398,1.2657444,4.2497287,-0.13751265,-26.920498,-2.9815986,0.8283454,-29.899157,-1.7519997,3.0806313,-6.4469466,-0.5579608,6.859567,-30.08705,-1.3899086,0.5268321,-31.718605,-6.2637024,0.19750565,-10.28128,-5.4068418,13.408328,-30.625546,-4.709182,0.6054547,-34.089546,-1.7172762,-3.3222754,-14.451445,-24.399822,18.554619,-6.0725756,9.747903,5.5332975,-26.280336,-6.070489,5.5405207,-33.04272,-0.530821,-5.77459,-12.170315
39.83531,-63.7969,-26.904984,30.048134,-1.6735475,-14.050314,-7.9140015,7.7235518,-24.260523,9.397018,-6.953385,-0.033941954,3.9680595,-0.76148003,-22.969822,-2.8713875,0.81169516,-29.180439,-1.6971753,2.9637182,-5.4780912,-0.6023698,6.0445986,-23.136621,-1.3556143,0.5213641,-28.122446,-5.802329,0.06584034,-6.9346066,-5.290452,11.9486265,-22.447,-4.489817,0.54963183,-29.716545,-1.5536804,-3.2951572,-11.887591,-23.386957,17.761515,-5.8184414,9.694473,4.893428,-17.140636,-5.7336206,5.187924,-28.254915,-0.44233197,-5.585424,-9.766764
40.469677,-65.1034,-26.602047,30.71344,-2.4107835,-14.708893,-7.9960723,7.849263,-26.08059,9.456176,-7.073946,-1.9418792,4.0406513,-0.70338726,-23.481937,-2.9201062,0.813019,-31.457964,-1.6974325,3.0001178,-7.16333,-0.61663854,6.1725307,-22.014376,-1.3667617,0.5237834,-28.053717,-5.9184675,0.075291775,-6.832003,-5.4371767,12.08683,-20.487154,-4.563718,0.54432714,-29.461613,-1.5980502,-3.3444912,-12.070592,-23.917948,18.194342,-5.94767,10.067061,5.086378,-14.040545,-5.8181176,5.2712126,-27.44464,-0.44954178,-5.708382,-9.903645
37.828003,-61.462357,-23.4368,29.275425,-1.5276268,-13.604458,-7.569907,7.4472837,-25.339819,8.957732,-6.709659,-2.581791,3.9034255,-0.20346262,-23.084282,-2.8195276,0.79743683,-30.369804,-1.6488762,2.8810155,-7.645266,-0.5968712,6.182882,-21.515806,-1.3358896,0.5201931,-25.660702,-5.61915,0.0915583,-6.3949003,-5.178952,11.807762,-19.595432,-4.328027,0.52195436,-27.08991,-1.5466275,-3.197688,-11.5698185,-22.699682,17.276415,-5.6754036,9.647044,5.4594555,-11.732033,-5.478989,4.984877,-24.159094,-0.42433864,-5.451223,-8.92207
38.287445,-62.81107,-22.522766,30.212393,-0.2145909,-13.271403,-7.7061467,7.601615,-26.404184,9.167303,-6.8408594,-2.7262707,4.0365915,0.29209426,-24.849716,-2.8732631,0.8030057,-31.118273,-1.6826065,2.930665,-8.226458,-0.5844538,6.626751,-23.528196,-1.3464091,0.5207363,-25.330858,-5.695965,0.11284859,-6.2407446,-5.2579675,12.442521,-21.170492,-4.3812075,0.51315105,-26.769943,-1.5360996,-3.2597985,-11.563059,-23.24463,17.664148,-5.7977753,9.877049,6.1453466,-11.572002,-5.5110016,5.047074,-22.792713,-0.39271772,-5.5779915,-8.183523
36.4091,-60.27428,-20.20347,29.227562,0.7784845,-12.306579,-7.431231,7.330722,-25.643663,8.836065,-6.587427,-3.0269704,3.960462,0.7572587,-24.78056,-2.8051028,0.79373205,-30.064356,-1.6565225,2.8538208,-8.317695,-0.56223553,6.7484884,-24.0144,-1.3270799,0.5199649,-24.092232,-5.538871,0.14425707,-6.3448486,-5.0585146,12.4164715,-21.334318,-4.2266917,0.5130852,-25.875877,-1.5434272,-3.1386273,-11.827835,-22.384884,17.005722,-5.6072574,9.562876,6.623993,-10.374609,-5.296381,4.8732953,-21.031517,-0.40545854,-5.3854103,-7.8622756
33.57891,-57.311264,-15.061203,28.17275,1.895534,-11.236387,-7.2534084,7.1200695,-23.753874,8.578634,-6.323131,-2.5150332,3.8846328,1.5210129,-23.931007,-2.7424095,0.7816782,-28.446777,-1.6396966,2.7800312,-7.6923294,-0.5302315,7.10867,-24.10438,-1.3033683,0.5154984,-21.87597,-5.276971,0.13971442,-5.517666,-4.862278,12.567646,-21.225306,-4.066197,0.5119092,-24.2408,-1.5105369,-3.0361135,-11.861697,-21.452532,16.346722,-5.431013,9.35597,7.6251917,-7.4706326,-4.9882145,4.615087,-17.031494,-0.33614635,-5.242836,-6.29389
34.405926,-59.9851,-12.679783,29.293207,0.52052355,-12.498589,-7.8369603,7.576632,-21.665855,9.431867,-6.7049108,2.6780992,3.8339937,0.6878072,-19.377777,-2.8360355,0.8052968,-22.76403,-1.7716683,2.9115307,-2.5403132,-0.5679261,7.315253,-20.304796,-1.3182169,0.5059899,-16.489828,-5.158581,0.0015325397,-1.3482244,-5.109155,13.232145,-17.967846,-4.146721,0.4144721,-19.32737,-1.3121794,-3.2615845,-8.961739,-22.685064,17.241774,-5.6825395,9.890632,8.784924,-5.7754345,-5.1104107,4.7674046,-15.079634,-0.2656774,-5.5033865,-5.0044703
33.351665,-58.396774,-11.654497,28.479834,-0.49343014,-12.694324,-7.752799,7.445369,-20.04619,9.300516,-6.5659566,3.5287805,3.7087116,0.4371946,-17.519073,-2.785791,0.80055535,-21.492493,-1.752409,2.860069,-1.7441189,-0.57185036,7.169494,-18.522028,-1.3053977,0.5045628,-15.810708,-5.045677,-0.012137499,-1.0514288,-5.0055923,12.999202,-16.552505,-4.069826,0.42576337,-19.110456,-1.3263241,-3.1903777,-9.111074,-22.170403,16.850376,-5.562504,9.714761,8.936546,-4.8104205,-5.0192666,4.6839375,-15.122659,-0.27837428,-5.3858547,-5.139174
32.858196,-57.377296,-11.788416,27.691969,-2.4713166,-13.462771,-7.7050314,7.344146,-18.52308,9.183535,-6.4614635,4.169782,3.5447817,0.12879914,-14.61037,-2.740697,0.7971724,-20.0576,-1.7307706,2.810947,-1.2067732,-0.577477,7.1838098,-15.828446,-1.2914107,0.50120604,-14.77496,-4.907257,-0.034637645,-0.36176324,-4.9123797,12.968834,-14.747069,-3.992277,0.41471493,-18.07412,-1.2777463,-3.1538656,-8.575996,-21.825144,16.57249,-5.461975,9.500722,9.172932,-5.306642,-4.9233527,4.5994306,-14.755256,-0.26307282,-5.2935295,-4.9030194
32.076702,-56.089794,-11.466057,27.089128,-2.6627886,-13.302128,-7.5678344,7.2041273,-17.97337,9.012142,-6.333443,4.2025228,3.4827123,0.18896744,-14.166506,-2.6997063,0.7911159,-20.07468,-1.7039576,2.7621913,-1.4974455,-0.572717,7.115156,-15.467815,-1.2808363,0.5009158,-14.918453,-4.8204813,-0.02391117,-0.55456424,-4.816807,12.768676,-14.702662,-3.924789,0.42463458,-18.169884,-1.2741321,-3.0912051,-8.709037,-21.357468,16.22986,-5.3591104,9.288601,9.076772,-5.7531095,-4.833086,4.5215483,-14.764867,-0.26321587,-5.1920557,-4.9219475
31.478262,-55.44113,-10.545658,27.20116,0.17222527,-11.78512,-7.466689,7.134209,-18.170399,9.047662,-6.292593,5.4255743,3.5605059,0.6167325,-16.347195,-2.6930974,0.79164493,-18.904284,-1.7217795,2.7614558,-0.78241795,-0.55995977,6.972091,-18.56495,-1.2789629,0.49976104,-14.210586,-4.777178,-0.01177533,-0.82422423,-4.7645216,12.616786,-17.390835,-3.8795805,0.4151281,-17.540283,-1.2573408,-3.0667312,-8.574206,-21.10521,16.040245,-5.3184834,9.148867,8.841379,-7.294917,-4.785207,4.4953523,-14.73034,-0.2695041,-5.144722,-5.0971165
32.02373,-56.132107,-11.164486,27.463037,0.19289112,-11.880087,-7.5257063,7.198508,-18.548866,9.102667,-6.3559833,5.0661874,3.5884426,0.57248837,-16.707531,-2.713407,0.7947885,-19.086857,-1.732362,2.786717,-0.98097,-0.56049967,7.0572,-18.870815,-1.2843294,0.5000378,-14.437235,-4.832284,-0.015413094,-0.9635812,-4.807496,12.773919,-17.606041,-3.9150267,0.40505093,-17.534597,-1.2522091,-3.10203,-8.480177,-21.31284,16.210901,-5.3681145,9.212008,8.871495,-7.7095356,-4.832678,4.5298767,-14.84379,-0.26524,-5.1951957,-5.13367
32.168255,-55.944572,-12.30056,27.827343,3.2252052,-10.353848,-7.3991036,7.1490126,-19.800785,9.109629,-6.3647647,5.2319136,3.7365422,1.1859949,-19.964088,-2.7190146,0.7958315,-19.789654,-1.7431653,2.8138797,-1.0209785,-0.5431083,6.826963,-23.285627,-1.2915124,0.5026048,-17.209148,-4.968773,0.0026749074,-3.1644,-4.794422,12.434078,-21.531252,-3.9662166,0.4421581,-20.482006,-1.3642473,-3.0658128,-10.17952,-21.211191,16.125006,-5.36431,9.066604,7.7442384,-11.2857065,-4.9426622,4.6084394,-18.287355,-0.3392628,-5.165661,-7.0670195
33.821762,-59.21813,-12.161478,29.593534,4.1929083,-10.572036,-7.908572,7.5963497,-19.561726,9.809521,-6.7338614,7.628667,3.9350102,1.5981477,-20.963802,-2.8323894,0.81347144,-19.24178,-1.8278755,2.9447913,-0.1355825,-0.5316907,7.528745,-26.353683,-1.3183599,0.5020754,-18.024443,-5.269082,0.03154713,-4.1684685,-4.9915357,13.643265,-25.471508,-4.163221,0.46305507,-22.05044,-1.4661694,-3.1547728,-11.615965,-22.518353,17.085917,-5.650874,9.455901,8.698802,-15.082332,-5.207636,4.899638,-20.371046,-0.36812818,-5.4191813,-8.467989
32.67869,-57.165237,-11.787857,28.565971,3.6836286,-10.413025,-7.6928554,7.3684616,-18.492847,9.528899,-6.531715,7.7331066,3.798468,1.3865367,-19.814129,-2.7654257,0.8059114,-18.119518,-1.7951972,2.8728936,0.20452835,-0.5321765,7.2649703,-25.254572,-1.3015273,0.5010675,-17.425299,-5.129568,0.044016086,-4.175286,-4.8462143,13.217052,-24.638323,-4.048796,0.46535522,-21.62976,-1.4563509,-3.059269,-11.4759445,-21.760296,16.529987,-5.4816184,9.150216,8.495284,-14.796065,-5.0764494,4.7792115,-20.228674,-0.3812139,-5.247735,-8.572481
33.969997,-59.423336,-13.374977,29.527048,4.0690713,-10.631327,-7.9662347,7.6059737,-18.41225,9.866333,-6.7419224,8.497428,3.9251795,1.8909714,-20.676502,-2.8284988,0.81543386,-19.08828,-1.8212862,2.9393487,-0.543829,-0.50946826,7.8558617,-28.542898,-1.3214389,0.50589955,-20.868792,-5.498885,0.16703758,-7.0948963,-4.9184055,14.12052,-29.58997,-4.203444,0.5310314,-25.634077,-1.6451287,-3.0270982,-14.35745,-22.440914,17.054224,-5.6391816,9.1865015,8.947698,-21.103363,-5.323985,5.0558114,-24.704456,-0.4804136,-5.3410444,-11.528242
33.37756,-58.383175,-13.927458,28.860432,3.7261586,-10.56557,-7.8142877,7.443592,-17.882498,9.624602,-6.602702,7.8082,3.8635135,2.2445195,-20.249767,-2.7838426,0.8081527,-20.132341,-1.7739307,2.8825152,-1.8001333,-0.48843253,8.046967,-29.36144,-1.3144743,0.5100481,-23.480574,-5.5972414,0.2740371,-9.39101,-4.770628,14.266248,-31.711933,-4.1650486,0.5920055,-28.370518,-1.7743255,-2.878306,-16.543169,-21.985334,16.682775,-5.5231586,8.845058,9.0672245,-24.199965,-5.294494,5.0545807,-27.307678,-0.5550455,-5.188151,-13.404291
32.4504,-55.539314,-15.82822,27.177265,2.2509882,-10.658297,-7.244915,6.969007,-19.767382,8.620047,-6.1750154,1.1237929,3.7912729,2.884358,-21.446918,-2.67281,0.7787236,-28.968342,-1.5688899,2.690249,-9.5656595,-0.44527477,8.102353,-31.038609,-1.3022614,0.52876157,-32.965538,-6.0445747,0.6901284,-17.225172,-4.4959297,13.792152,-34.08797,-4.0967517,0.7542981,-36.861176,-2.1733143,-2.4397187,-23.031258,-20.768396,15.793817,-5.258074,8.221332,8.021983,-27.633808,-5.283527,5.113665,-34.45821,-0.81695676,-4.778966,-19.553864
34.784866,-59.10761,-17.761879,28.797884,2.222455,-11.341371,-7.6380463,7.3558393,-21.03192,9.090606,-6.526486,1.1605947,3.971413,2.7535467,-22.542057,-2.7801185,0.7920209,-30.489243,-1.6088645,2.8014257,-10.179702,-0.45073324,8.396339,-32.29902,-1.3325338,0.5330216,-34.539837,-6.3740244,0.7281386,-17.890799,-4.7347527,14.464184,-35.365543,-4.303422,0.7581657,-38.295002,-2.2270322,-2.5692358,-23.524456,-21.971924,16.72939,-5.5370016,8.649862,8.239948,-29.597479,-5.5831347,5.392382,-36.464844,-0.8560668,-5.0290136,-20.407185
36.142815,-61.00394,-19.330997,29.308496,0.43060422,-12.535952,-7.758178,7.4979286,-22.56055,9.167367,-6.6758842,-0.4722594,3.9863787,2.4228938,-21.675117,-2.8166509,0.79566455,-33.484158,-1.5969541,2.8343465,-11.827179,-0.4702798,8.35108,-31.212765,-1.3480304,0.5410816,-38.127872,-6.709016,0.83219963,-20.069025,-4.8725586,14.438032,-34.351604,-4.430938,0.80196977,-41.41767,-2.3942223,-2.5384796,-25.865034,-22.554817,17.19375,-5.659707,8.877284,7.8674827,-30.231789,-5.8247676,5.6397896,-40.753067,-0.9868895,-5.078765,-23.69717
38.18395,-64.35314,-19.807932,31.37847,2.0552347,-12.468179,-8.2273655,7.9650073,-23.472654,9.787389,-7.0782013,0.48840487,4.2591896,2.1716692,-25.381966,-2.9526143,0.81652725,-32.275322,-1.7120359,3.0117636,-9.585147,-0.48519725,8.465172,-33.312096,-1.3794074,0.53639936,-35.343834,-6.7223024,0.61679953,-16.857836,-5.177794,15.025125,-34.684963,-4.6389213,0.7525635,-39.437576,-2.2820432,-2.856654,-23.385448,-23.926292,18.205177,-5.981656,9.623168,8.440089,-26.245714,-5.9885416,5.699133,-36.529583,-0.83060396,-5.4989862,-19.516418
35.643177,-60.07691,-18.31968,29.436922,2.7307994,-11.2501955,-7.711842,7.479101,-21.987255,9.195944,-6.655364,0.78726137,4.0474477,2.1971483,-24.073292,-2.81911,0.80248606,-28.583958,-1.6735729,2.8876977,-7.6342287,-0.4806419,8.002939,-30.416756,-1.3390048,0.5251462,-30.284597,-6.081335,0.40708086,-13.011377,-4.8925767,14.0781145,-31.069218,-4.3479533,0.66543657,-33.706577,-1.9910077,-2.8620508,-19.106215,-22.347893,17.019114,-5.6293316,9.108335,8.065426,-22.278835,-5.5254993,5.179096,-30.13884,-0.65365064,-5.264978,-14.771283
34.103184,-57.16659,-17.866236,28.132977,2.9693844,-10.540359,-7.380741,7.1569023,-20.709503,8.831542,-6.3786626,1.6188076,3.8690164,2.018398,-22.758614,-2.7246296,0.7961445,-25.480045,-1.6700674,2.817449,-5.290069,-0.48578534,7.4527445,-28.857502,-1.3130188,0.5185025,-28.160776,-5.68799,0.2761828,-11.008173,-4.711466,13.106747,-29.109627,-4.174931,0.63707316,-31.499077,-1.8345835,-2.8459315,-16.92612,-21.30877,16.209671,-5.3833356,8.733746,7.210152,-20.573849,-5.265535,4.892153,-27.926365,-0.5618708,-5.085461,-12.626494
31.908817,-53.999146,-15.320766,26.8223,3.7598555,-9.562682,-7.043269,6.828439,-19.644917,8.474386,-6.0705767,1.9991808,3.7489276,1.7612185,-23.187557,-2.6365032,0.7816329,-23.54751,-1.6356258,2.7109008,-4.6579423,-0.49073243,6.9923477,-27.001316,-1.2811294,0.509619,-22.838661,-5.109107,0.11671867,-7.2303905,-4.525794,12.446381,-26.16492,-3.9271486,0.54809177,-25.737492,-1.5471708,-2.8658547,-13.051894,-20.239954,15.382305,-5.14524,8.456066,7.292223,-15.878823,-4.8530254,4.475661,-20.988531,-0.38172728,-4.949037,-7.954841
31.061455,-52.646214,-14.847069,26.177717,3.6707883,-9.328928,-6.9096937,6.6862216,-18.803888,8.334696,-5.944944,2.6175642,3.654347,1.5980636,-22.130856,-2.596232,0.77729976,-21.940372,-1.6283414,2.6718566,-3.7554343,-0.49420112,6.7362337,-26.059553,-1.2693546,0.5074096,-21.682104,-4.9623823,0.098864906,-6.6333394,-4.4512014,11.99935,-25.182016,-3.8433983,0.5348454,-24.773195,-1.5080802,-2.8214333,-12.499734,-19.75285,15.032954,-5.038007,8.266942,6.8864026,-15.601478,-4.7608013,4.396266,-20.792797,-0.37995434,-4.8421717,-7.8968077
30.63527,-51.831367,-14.634178,25.903727,3.5672398,-9.281412,-6.855238,6.627303,-18.533548,8.189598,-5.866363,1.5953945,3.658441,1.9821756,-22.507008,-2.5817356,0.77276367,-23.199602,-1.6017646,2.6476855,-4.676846,-0.4728449,6.911876,-27.72364,-1.2697525,0.5116997,-24.433226,-5.1566963,0.23292977,-9.294518,-4.3917418,12.060818,-27.293186,-3.8677762,0.61843246,-28.461079,-1.7231947,-2.6617043,-15.503378,-19.583834,14.8961,-4.997866,8.161644,6.682873,-16.767153,-4.8111286,4.481328,-23.55642,-0.48343718,-4.746157,-10.219861
31.53577,-53.96259,-14.206444,26.932634,3.6932337,-9.650967,-7.2064157,6.9202957,-17.908192,8.708713,-6.123475,4.1596255,3.7188685,1.9740314,-21.39199,-2.6526265,0.7868651,-21.087696,-1.6709092,2.7379563,-2.8766253,-0.47647023,7.2726927,-27.977812,-1.2855322,0.50934386,-23.47174,-5.284525,0.22536221,-8.925203,-4.5287633,12.781397,-28.25286,-3.9703572,0.599823,-27.873476,-1.7279099,-2.7490993,-15.45215,-20.398594,15.521242,-5.178676,8.407888,7.394467,-18.948591,-4.9792314,4.6680026,-24.72006,-0.5049621,-4.9017763,-11.023792
31.787374,-54.21717,-14.339806,27.089577,3.5632424,-9.780406,-7.221093,6.9547186,-18.448517,8.736238,-6.159943,3.8372483,3.7459784,1.7662824,-21.923878,-2.6646461,0.78715533,-21.656393,-1.6726356,2.7479465,-3.1603353,-0.48966816,7.0966268,-27.314074,-1.2871287,0.5084585,-22.664877,-5.2241964,0.1698226,-7.9718776,-4.583005,12.609369,-27.003159,-3.9799569,0.5729618,-26.760956,-1.662138,-2.8161657,-14.399134,-20.490538,15.610587,-5.2114735,8.528943,7.309348,-17.28496,-4.9736714,4.636317,-23.282768,-0.46247494,-4.960797,-10.015305
32.836845,-55.194176,-17.055536,27.35735,3.7961085,-9.800775,-7.227447,6.9828553,-19.145765,8.807823,-6.2333627,4.231603,3.756474,1.5863601,-22.070469,-2.676313,0.7929597,-21.34691,-1.6873305,2.7717507,-2.650932,-0.4964941,6.8739767,-28.17661,-1.2941289,0.50999564,-23.839718,-5.2954473,0.18164763,-8.330031,-4.6173906,12.401461,-28.255316,-4.0184174,0.5689364,-27.443712,-1.6221975,-2.8592088,-13.913199,-20.687397,15.72569,-5.241591,8.445988,6.615864,-20.581457,-5.0735035,4.7201314,-25.369164,-0.48036852,-4.976849,-10.634768
33.487324,-56.20256,-17.420078,28.0005,4.174022,-9.856883,-7.382027,7.1284943,-19.533255,8.951918,-6.3299217,3.8311706,3.8746142,1.637502,-24.02015,-2.7187636,0.7944413,-23.051165,-1.6882899,2.7980258,-3.8095975,-0.4911024,7.013784,-29.658691,-1.3048322,0.51103014,-24.439922,-5.369257,0.1962074,-8.51716,-4.698284,12.666962,-29.490522,-4.090948,0.58484703,-28.374245,-1.6328806,-2.8973618,-14.164173,-21.099375,16.03054,-5.343087,8.628887,6.6821327,-20.67536,-5.1331487,4.781627,-25.022976,-0.4522519,-5.0860515,-10.034937
33.137447,-55.698246,-17.000784,27.911049,4.9815836,-9.36995,-7.3153596,7.067893,-19.677507,8.770345,-6.238806,2.226481,3.9412117,2.187926,-26.164406,-2.707375,0.7866405,-25.586012,-1.6465878,2.762118,-6.214539,-0.46170673,7.327785,-32.095364,-1.3038715,0.51510173,-26.726074,-5.487317,0.29828012,-10.673291,-4.62204,12.96808,-32.074673,-4.092211,0.639863,-30.913282,-1.7524668,-2.791712,-16.17326,-20.893406,15.881345,-5.3062897,8.528986,6.869632,-21.57189,-5.101335,4.7729745,-25.6359,-0.47476783,-5.0354147,-10.632558
34.79177,-57.18494,-20.649689,28.299654,4.7311044,-9.728854,-7.3479953,7.1279926,-21.100685,8.745263,-6.337774,0.8087153,4.005683,2.390269,-26.818405,-2.7318416,0.7935122,-28.567421,-1.6355755,2.7984767,-7.58504,-0.4472178,7.3423734,-35.631966,-1.3263297,0.5272703,-34.59862,-6.0665417,0.5435714,-16.465347,-4.6627264,12.929198,-36.83262,-4.265128,0.7787552,-39.27267,-2.0948598,-2.6315873,-21.359526,-21.280188,16.14058,-5.3777914,8.4176445,5.8021436,-28.385702,-5.456769,5.157284,-35.41631,-0.7207353,-4.973555,-16.766111
34.54981,-57.023865,-19.835886,28.128666,3.6961644,-10.180715,-7.292222,7.096253,-21.936567,8.459437,-6.228279,-2.4017787,4.040525,2.7387428,-27.713146,-2.7226672,0.7833853,-32.403133,-1.5764558,2.7483985,-10.621556,-0.42084748,7.8065934,-35.16184,-1.3232238,0.5322498,-36.40169,-6.104686,0.62435424,-17.03688,-4.636199,13.239236,-36.00502,-4.257053,0.8077526,-39.971306,-2.1066573,-2.5925572,-21.870089,-21.245882,16.103077,-5.3695803,8.540935,6.2151847,-25.491209,-5.349726,5.0682244,-33.380554,-0.65810597,-4.9868884,-15.2179165
34.959637,-57.410248,-20.870903,28.236832,3.665243,-10.267175,-7.369479,7.1562757,-21.086004,8.793078,-6.3736787,1.1984448,3.9331694,2.2866788,-24.35254,-2.7334876,0.79571307,-27.181124,-1.6526897,2.81312,-6.386796,-0.45745036,7.3376484,-32.985302,-1.3242708,0.52496266,-33.297256,-5.989012,0.48279965,-15.010948,-4.7003994,12.792773,-34.260235,-4.2554383,0.7345817,-37.18474,-2.0038614,-2.7013376,-19.869854,-21.369562,16.207413,-5.3902445,8.470425,5.6320343,-27.478722,-5.452158,5.131165,-34.397453,-0.6892991,-4.9994526,-16.122316
36.966988,-59.81222,-23.778547,29.086826,2.511234,-11.273005,-7.538019,7.345609,-23.043024,8.900281,-6.5555263,-0.7537222,4.0386295,2.1185114,-25.341557,-2.7905784,0.8001228,-32.771515,-1.6279383,2.8543444,-9.351485,-0.45928836,7.1464787,-36.155163,-1.3546032,0.5420194,-42.89388,-6.7276936,0.83508825,-21.908163,-4.8557825,12.604715,-38.57423,-4.5022163,0.91827464,-47.467285,-2.4517236,-2.4827373,-26.795734,-22.137821,16.798687,-5.557131,8.590594,4.280879,-33.592884,-5.919261,5.6867986,-46.119007,-0.99593794,-4.979459,-23.999113
38.069416,-61.636303,-24.691574,29.649664,0.55596185,-12.561155,-7.698335,7.519711,-24.38304,8.983845,-6.6977563,-2.6070538,4.075586,1.8501539,-24.56977,-2.8334422,0.80121624,-36.174164,-1.6113822,2.8830168,-11.325417,-0.4767425,7.1729846,-34.675106,-1.3691013,0.5488768,-46.017944,-7.0301685,0.93960303,-23.67756,-5.0133986,12.598987,-37.051224,-4.6326957,0.96419144,-50.2322,-2.6047013,-2.4569607,-28.950218,-22.734324,17.288664,-5.6960897,8.909656,3.92283,-32.894627,-6.1378393,5.9194393,-49.377678,-1.0986137,-5.051198,-26.497505
37.244312,-60.338787,-23.949608,29.090303,0.7235785,-12.230057,-7.605402,7.412372,-23.462566,8.87217,-6.592778,-2.0777044,4.017589,2.0770984,-23.63887,-2.8039303,0.79988766,-34.215588,-1.6147983,2.8594606,-10.305678,-0.46572807,7.291077,-33.972534,-1.3589892,0.5450863,-44.148155,-6.8544683,0.8790874,-22.547716,-4.927708,12.578549,-36.274952,-4.5521016,0.93812346,-48.468266,-2.5344136,-2.4565902,-27.881092,-22.330976,16.981926,-5.608212,8.747839,4.0884123,-32.41927,-6.0096064,5.7850685,-47.438995,-1.0520908,-4.9921803,-25.39316
38.152557,-62.111183,-24.231552,29.728308,-0.084399626,-12.948454,-7.654262,7.5051584,-26.386084,8.589607,-6.581916,-8.316615,4.238943,3.1674633,-27.284817,-2.8460968,0.78586555,-46.111393,-1.4839685,2.8059564,-19.200499,-0.40052232,8.273018,-39.80154,-1.3848028,0.57080513,-57.191566,-7.779461,1.4866097,-32.819683,-4.9493923,13.5629635,-43.652122,-4.7626753,1.1953619,-61.707386,-3.1294265,-2.0451188,-37.82338,-22.838287,17.403101,-5.741131,8.816808,4.048704,-38.35699,-6.333474,6.2942896,-58.14961,-1.3677896,-4.901406,-33.459698
37.62005,-61.197483,-23.841223,29.534607,1.3428373,-12.105727,-7.6171083,7.4404707,-24.970081,8.770315,-6.584373,-4.6549497,4.1614075,2.9155788,-26.473663,-2.825273,0.79428107,-41.00923,-1.5490319,2.8293052,-15.159089,-0.4189614,7.7957797,-39.883358,-1.377285,0.5629783,-53.88105,-7.539113,1.3435719,-30.694136,-4.898467,13.159103,-43.75747,-4.6913767,1.1501014,-59.18731,-3.0230799,-2.0998468,-36.024536,-22.574654,17.169832,-5.6669884,8.640443,3.871758,-39.080765,-6.2716393,6.2183857,-57.47437,-1.3404261,-4.857983,-32.791046
36.82602,-60.071735,-22.88927,29.254591,2.3533943,-11.424279,-7.6002398,7.3973613,-23.221281,8.887852,-6.559143,-1.8034359,4.086887,2.720009,-25.498825,-2.807613,0.7995149,-34.941795,-1.6181228,2.8585505,-10.866437,-0.42967057,7.5900826,-38.285503,-1.3638628,0.549188,-47.09807,-7.058013,1.0380241,-25.70146,-4.8614607,12.942385,-41.4726,-4.579851,1.0219611,-52.596924,-2.7192726,-2.308009,-31.120846,-22.28706,16.93028,-5.598823,8.599694,4.211741,-36.08603,-6.062162,5.913641,-50.95533,-1.1438727,-4.921141,-27.840727
34.652836,-57.739136,-19.085371,28.597178,3.399111,-10.511111,-7.457914,7.235528,-21.43367,8.850943,-6.407377,0.4195593,3.9896016,2.6040752,-24.581638,-2.7583394,0.792969,-30.616646,-1.627836,2.8116238,-8.732586,-0.44123083,7.3945823,-35.737442,-1.3395338,0.5384121,-39.695232,-6.574067,0.84881276,-21.396576,-4.759942,12.724108,-37.771805,-4.3809767,0.89203715,-45.355705,-2.4899545,-2.3770545,-27.33852,-21.557652,16.455656,-5.4607706,8.535037,4.997472,-30.706156,-5.7590575,5.583593,-43.81322,-1.0139103,-4.864529,-24.152706
34.81026,-57.744366,-19.975754,28.587318,3.9167578,-10.213053,-7.446776,7.2259007,-20.992144,8.903633,-6.421404,1.48359,3.9729176,2.430972,-24.545967,-2.7531145,0.79605126,-27.625801,-1.6574854,2.8280056,-6.823811,-0.45387456,7.3708515,-34.231197,-1.3301686,0.5278713,-34.69348,-6.18762,0.5918248,-16.955357,-4.755397,12.757522,-35.590176,-4.3081164,0.7725028,-39.54671,-2.172582,-2.606458,-22.313322,-21.48403,16.389736,-5.4421234,8.532318,5.345152,-28.83819,-5.586003,5.3141427,-37.574883,-0.80546856,-4.9762845,-19.077524
33.969128,-56.812077,-17.975128,28.349821,3.5666783,-10.272582,-7.456798,7.2178173,-20.188211,8.915313,-6.388982,1.9732826,3.9364963,2.1176324,-23.951519,-2.7463388,0.7943789,-26.002367,-1.6700381,2.8250577,-5.6185226,-0.46763715,7.2932096,-32.09915,-1.3219553,0.5214256,-30.844748,-5.9326506,0.45570296,-14.104385,-4.764181,12.693748,-32.540462,-4.2507124,0.71545494,-36.027916,-2.050474,-2.687791,-20.068993,-21.321917,16.305311,-5.4230137,8.68007,5.865071,-23.971302,-5.450235,5.1455865,-33.041317,-0.7069142,-5.0219526,-16.289593
33.414734,-56.21068,-16.820345,28.235546,4.2293186,-9.845254,-7.468893,7.19931,-19.356031,8.933106,-6.34572,2.7010221,3.9552186,2.065778,-24.922768,-2.738751,0.7926997,-25.613678,-1.6683494,2.8098783,-5.5302076,-0.46363315,7.2879643,-32.734043,-1.3185129,0.5197206,-29.756378,-5.842148,0.43472946,-13.6082115,-4.726658,12.792199,-32.91239,-4.214294,0.7078853,-35.285675,-2.020501,-2.6824515,-19.72926,-21.135834,16.17945,-5.3955183,8.656626,6.2163196,-23.163088,-5.376294,5.0795317,-31.639473,-0.6724796,-5.0143113,-15.339101
33.3547,-55.588326,-17.647902,27.865553,4.0448027,-9.80519,-7.308448,7.0839114,-20.107416,8.6662445,-6.244413,0.87709385,3.9420133,2.1895325,-25.197803,-2.7129817,0.7859412,-26.847103,-1.6312513,2.772227,-6.76577,-0.45961666,7.23364,-31.969471,-1.311689,0.5203176,-29.812511,-5.767743,0.41851595,-13.208494,-4.6896367,12.506491,-31.698153,-4.1744657,0.69697106,-34.536076,-1.9631046,-2.6918561,-18.832796,-20.875914,15.978009,-5.334998,8.580746,5.8056817,-22.094925,-5.292103,4.9676657,-30.115734,-0.63242257,-4.9818807,-14.227559
33.00398,-55.66546,-15.639442,28.11966,4.0759244,-9.8377075,-7.3654985,7.1413965,-20.13217,8.700015,-6.2611194,0.38488957,3.9921854,2.4164453,-25.809849,-2.7265878,0.7846678,-27.669666,-1.629152,2.7777338,-7.5056705,-0.4566145,7.5558214,-31.380533,-1.3104419,0.5180926,-28.450329,-5.7138224,0.37250105,-12.3791895,-4.714882,12.898569,-30.537497,-4.170558,0.6772025,-33.04575,-1.950695,-2.7262888,-18.555214,-21.030094,16.096066,-5.3729,8.786817,6.610617,-18.912825,-5.218548,4.891211,-27.232693,-0.5753069,-5.0534396,-12.818469
33.136883,-55.892204,-15.448055,28.146746,3.5630035,-10.140012,-7.3765435,7.156439,-20.479168,8.65013,-6.258189,-0.47302228,3.9989958,2.5334678,-25.45996,-2.7318316,0.7826765,-28.5116,-1.6141545,2.7728045,-8.21276,-0.4485576,7.76826,-30.913809,-1.3121583,0.5193658,-28.829111,-5.7775316,0.41459224,-12.77699,-4.7222185,13.105863,-30.253416,-4.1772246,0.67891264,-33.10498,-1.9655877,-2.7168467,-18.781923,-21.127728,16.170952,-5.3909445,8.841672,6.8418765,-18.460651,-5.2255692,4.9095,-27.09102,-0.5863933,-5.060832,-12.87059
33.992558,-57.305798,-15.566364,28.850115,3.3721702,-10.526239,-7.5313606,7.321933,-21.368587,8.782745,-6.3891172,-1.3651874,4.089686,2.62488,-26.15974,-2.7784317,0.78572464,-30.092066,-1.6221112,2.815035,-9.102638,-0.4490606,8.004005,-30.985619,-1.3235776,0.5209982,-29.344357,-5.8883743,0.41284463,-12.712776,-4.836996,13.417754,-29.97672,-4.264814,0.6803616,-33.483173,-1.9852498,-2.7821236,-18.965815,-21.654999,16.588053,-5.5164685,9.124474,7.0553427,-17.346174,-5.3119497,4.9815197,-26.629236,-0.57064104,-5.1926556,-12.515749
33.7774,-57.029037,-16.029158,28.695509,3.6941109,-10.326896,-7.554359,7.3113213,-20.418657,8.90647,-6.407443,0.6448891,4.0324273,2.598955,-24.778439,-2.7725835,0.790842,-27.740013,-1.6513385,2.8283112,-7.1724057,-0.44831473,7.9040523,-31.573856,-1.3253853,0.52111924,-29.831472,-5.929077,0.4436925,-13.405399,-4.799541,13.3616495,-31.460787,-4.2659664,0.7014954,-34.647205,-2.0319822,-2.734657,-19.698252,-21.57635,16.504265,-5.4905424,8.949446,6.8107452,-20.457836,-5.384088,5.0739217,-29.649904,-0.644541,-5.123851,-14.356602
34.1823,-57.324963,-17.34169,28.570585,3.06277,-10.667813,-7.5826797,7.3143835,-20.066286,8.945719,-6.424501,1.3016064,3.9770641,2.45589,-23.53461,-2.7694345,0.79607856,-27.215168,-1.667947,2.8419857,-6.202472,-0.44804376,7.741803,-32.484802,-1.3314295,0.5252849,-32.891838,-6.131384,0.5465299,-15.654464,-4.7899027,13.167268,-33.456642,-4.318615,0.7709906,-38.417225,-2.1810615,-2.6371834,-22.08152,-21.637728,16.514128,-5.484492,8.818106,6.261329,-24.107145,-5.531111,5.252745,-34.72741,-0.76331794,-5.050262,-17.48753
33.56693,-56.284473,-17.299349,28.039633,3.551097,-10.18655,-7.4291363,7.1718946,-19.733747,8.819043,-6.3207335,1.7575135,3.924364,2.3606172,-23.633709,-2.731917,0.7933552,-26.193865,-1.6640643,2.8119147,-5.6030464,-0.45214164,7.4649696,-32.42528,-1.320843,0.5229824,-32.035038,-5.979474,0.4954235,-15.02671,-4.7075853,12.822781,-33.230087,-4.2431564,0.7524378,-37.36639,-2.1163094,-2.6296349,-21.228031,-21.188871,16.163818,-5.3844895,8.618618,6.0532784,-24.234407,-5.4301443,5.140838,-33.868332,-0.7346643,-4.973859,-16.866575
36.649296,-60.25605,-22.04875,29.44719,2.7711046,-11.247565,-7.708435,7.4651575,-21.916384,9.220034,-6.6599984,1.8849866,4.0329523,1.9088962,-24.306908,-2.813892,0.8083701,-30.027462,-1.684685,2.8997533,-7.0610905,-0.47791335,7.052175,-35.351753,-1.3569999,0.53806245,-40.540028,-6.6722345,0.7626063,-20.593397,-4.928933,12.640697,-37.59455,-4.516704,0.89313805,-46.035263,-2.4515154,-2.524698,-26.569683,-22.355095,17.009039,-5.616828,8.760108,4.61619,-32.70839,-5.9659233,5.7449813,-45.962875,-1.0074433,-5.0340066,-24.423214
37.31143,-59.99056,-26.437244,28.914139,3.4007874,-10.716775,-7.377068,7.2012486,-23.49381,8.758726,-6.4587064,-1.324968,4.1054883,0.98917025,-30.928219,-2.749383,0.78659856,-36.255627,-1.5522103,2.7712631,-12.341366,-0.4935014,6.1129346,-38.769672,-1.3445321,0.5437286,-43.180275,-6.6231756,0.8275142,-22.139942,-4.805881,11.810024,-40.731384,-4.4355016,0.907478,-47.361706,-2.3950734,-2.4473681,-26.40461,-21.78421,16.533546,-5.4674325,8.386572,3.4806914,-34.610626,-5.8479156,5.611669,-45.55161,-0.9594724,-4.916249,-22.671535
40.309685,-64.67136,-28.386198,30.672827,0.24438217,-13.214287,-7.880073,7.71602,-26.562021,9.175338,-6.922954,-4.6975727,4.273277,0.37519547,-31.176712,-2.8882465,0.79793835,-43.47563,-1.5661976,2.910364,-15.793423,-0.52206475,6.284413,-38.930325,-1.3940662,0.56333727,-52.1725,-7.480892,1.0750655,-27.5858,-5.1888556,12.352328,-41.14985,-4.832946,1.0631232,-56.720985,-2.8605635,-2.398735,-33.127865,-23.52188,17.863787,-5.865989,9.168961,3.3017802,-34.741234,-6.4772363,6.265796,-55.211983,-1.2443353,-5.1545506,-29.397717
36.133255,-57.60368,-26.423208,27.46572,1.4778996,-11.171133,-7.087682,6.9057107,-23.199154,8.191182,-6.175024,-4.1670947,3.960993,0.8288535,-30.070946,-2.6650662,0.7720767,-40.3007,-1.461666,2.66629,-15.17577,-0.47422233,5.8979077,-39.88366,-1.3368928,0.5574409,-51.588676,-7.0211782,1.1636746,-28.84894,-4.614356,11.31138,-43.042263,-4.4285703,1.1001464,-56.5457,-2.8227823,-2.0496209,-33.27217,-20.87751,15.892713,-5.271953,7.959993,2.663816,-37.42787,-5.9422116,5.81208,-54.72988,-1.2460728,-4.5678463,-29.252462
34.033287,-53.97691,-25.008,25.658403,1.0940464,-10.642043,-6.5778537,6.430753,-23.343782,7.389639,-5.68904,-7.9791265,3.8799903,1.8101045,-31.093533,-2.5433955,0.7438717,-46.54754,-1.3043189,2.4592326,-21.017197,-0.4059479,6.1961412,-43.44917,-1.312938,0.5716764,-59.818504,-7.2794743,1.6299914,-36.257607,-4.274159,11.089777,-48.183723,-4.287041,1.2909759,-64.814766,-3.16912,-1.5294945,-40.005123,-19.56737,14.88567,-4.972638,7.220016,1.9333107,-42.879597,-5.7910438,5.874815,-61.525,-1.4563013,-4.1070423,-34.882557
34.08745,-54.91633,-22.97965,26.30027,1.4331079,-10.700702,-6.7938995,6.6026015,-22.665846,7.675249,-5.8105707,-6.7243695,3.93712,2.5106266,-30.235779,-2.5858269,0.7513186,-45.7513,-1.3463088,2.5060878,-20.249588,-0.37793216,7.008496,-44.414127,-1.3218722,0.5731338,-60.19198,-7.4211206,1.6942732,-36.896557,-4.3012495,12.126421,-50.116013,-4.347323,1.3226242,-65.87199,-3.2587452,-1.5130715,-41.32196,-20.053404,15.240165,-5.0755677,7.360147,3.1767387,-44.171673,-5.8538127,5.9967594,-62.16649,-1.4829825,-4.181863,-35.759026
35.73547,-58.6057,-22.278042,28.46656,3.4071143,-10.498978,-7.2817135,7.091483,-23.584564,8.423304,-6.2302933,-4.702529,4.216689,2.5869412,-33.478256,-2.7198544,0.7666462,-44.678127,-1.4458356,2.6552675,-18.995724,-0.39220837,7.613737,-44.615967,-1.3419759,0.56188905,-53.34454,-7.126212,1.3504454,-30.184324,-4.5804253,13.374631,-48.969482,-4.459964,1.1561723,-57.953606,-2.8436816,-2.0003204,-34.62249,-21.426811,16.31164,-5.407781,8.106358,4.998204,-39.765415,-5.80794,5.822545,-51.470783,-1.1203835,-4.7161064,-27.295973
34.24843,-56.21136,-20.652168,27.299631,2.3358984,-10.697554,-7.0964556,6.900142,-21.816189,8.3501215,-6.1571474,-1.5475551,3.8416803,0.78032094,-27.029411,-2.6606183,0.7781435,-29.837849,-1.5672281,2.7000167,-8.585332,-0.51448745,6.499203,-29.409874,-1.3016901,0.5231707,-29.068434,-5.592372,0.31528082,-11.10681,-4.602047,12.340753,-28.863173,-4.088656,0.66495407,-32.421288,-1.8223846,-2.7642121,-16.644894,-20.812815,15.748927,-5.2320285,8.604247,6.528393,-17.23604,-5.1410613,4.7514243,-26.136713,-0.54401,-4.967019,-10.586543
39.786045,-65.23998,-23.279251,31.37692,-0.5362036,-13.967299,-8.11445,7.9355564,-26.124887,9.504529,-7.0737076,-2.841064,4.174439,0.22288646,-26.296814,-2.949319,0.8138288,-32.89738,-1.7205932,3.0208168,-8.195216,-0.5806389,7.0439844,-26.127174,-1.373288,0.52692616,-29.09667,-6.0809383,0.16835374,-8.326534,-5.390049,13.297386,-24.175613,-4.599324,0.6173228,-32.16745,-1.7774566,-3.2671695,-14.879898,-24.231632,18.342888,-5.998387,10.282039,6.860849,-11.977697,-5.7752423,5.292687,-26.072767,-0.46150833,-5.7562804,-9.7099285
40.265,-65.808876,-23.763613,31.535934,-1.4872663,-14.567485,-8.166672,8.011216,-26.87958,9.580037,-7.1607294,-3.2473001,4.1704383,-0.08287853,-25.414127,-2.9737678,0.8162028,-33.161293,-1.7302326,3.048341,-8.216039,-0.6003015,6.82967,-24.108225,-1.3789381,0.5266448,-28.417048,-6.065689,0.11873036,-7.4059663,-5.498563,12.995784,-21.70368,-4.6374016,0.5889798,-31.050577,-1.724177,-3.3451667,-13.830954,-24.464977,18.551382,-6.0665016,10.46667,6.4701095,-10.245363,-5.8369718,5.326418,-25.717257,-0.4482789,-5.8312044,-9.550232
43.133476,-69.83142,-26.78137,32.92824,-4.110459,-16.64923,-8.680974,8.488159,-27.708113,10.140748,-7.5944138,-3.2478566,4.259137,-0.747524,-23.687366,-3.094125,0.8328272,-34.171482,-1.783138,3.188742,-7.7890863,-0.63153666,6.955875,-21.91701,-1.4132917,0.53058386,-30.156107,-6.3948164,0.07977394,-7.373015,-5.830694,13.419039,-19.957842,-4.903418,0.59297293,-32.56327,-1.7925946,-3.5187352,-14.197798,-25.906584,19.667427,-6.397361,11.0443325,6.3554583,-10.825567,-6.2351317,5.6576214,-28.727001,-0.49673712,-6.134804,-10.9955635
44.29152,-71.09787,-29.671453,33.336357,-1.9978218,-15.692244,-8.721683,8.524694,-27.432268,10.296702,-7.640994,-1.3988026,4.342907,-0.53809917,-25.755093,-3.0994275,0.8363338,-33.24979,-1.7850994,3.185069,-7.8264112,-0.60293823,7.050308,-25.379414,-1.4129446,0.52796996,-30.388985,-6.3280344,0.086181216,-7.1200576,-5.7745833,13.688863,-24.68069,-4.8882604,0.5573484,-31.57203,-1.6036658,-3.5941286,-12.373316,-25.970299,19.696611,-6.403131,10.723477,5.999476,-18.28016,-6.2040043,5.6378317,-28.858028,-0.39986765,-6.166781,-9.360369
37.98421,-60.86049,-26.082628,29.647411,5.1664023,-10.115134,-7.674104,7.4322453,-21.38802,9.39032,-6.6845393,4.771187,4.089493,0.7331213,-28.304451,-2.7950625,0.8067831,-25.85567,-1.6944687,2.8783414,-4.60031,-0.5077501,6.499388,-34.73896,-1.3371968,0.5194302,-29.645359,-5.7637587,0.26858884,-10.814081,-4.874127,12.710464,-36.38446,-4.3173327,0.6119616,-32.66903,-1.5992659,-3.0407104,-14.203371,-22.332335,16.855446,-5.568513,8.616772,5.278441,-31.386047,-5.5396953,5.138058,-31.581497,-0.49308383,-5.2806892,-11.314908
38.106293,-62.00229,-25.04096,30.23514,4.727972,-10.556199,-7.8387375,7.5722866,-21.891006,9.490078,-6.7542076,3.5723915,4.1839347,1.3388717,-29.13556,-2.8358054,0.80736375,-30.60604,-1.6678472,2.8867974,-8.1134815,-0.47984436,7.1065216,-38.244408,-1.354708,0.53092855,-36.785122,-6.330904,0.6096444,-16.768757,-4.897109,13.462552,-41.005993,-4.4552717,0.7666799,-40.288326,-1.9909923,-2.8017433,-20.63725,-22.755571,17.19937,-5.6704125,8.680942,5.70747,-35.74901,-5.7523003,5.481348,-38.643578,-0.6920754,-5.2470336,-17.017385
35.724697,-57.382343,-24.680738,27.943892,4.6488986,-9.628562,-7.2554255,7.002188,-20.13618,8.811405,-6.292351,3.5152903,3.9231212,0.2968039,-28.734585,-2.6763763,0.7872744,-26.945862,-1.5956388,2.723323,-6.7181416,-0.5152681,5.9745393,-33.59774,-1.3076432,0.52035534,-29.381721,-5.5945425,0.34123385,-11.737211,-4.6097636,12.059859,-34.96291,-4.110598,0.639246,-32.510494,-1.683046,-2.8038175,-15.374539,-20.963882,15.873665,-5.2655654,8.156434,5.27907,-29.03309,-5.2764783,4.9135437,-30.837519,-0.5442214,-4.9664464,-11.725536
35.305702,-57.23524,-23.502151,26.758682,-3.355279,-13.640634,-7.242582,6.9968834,-21.189623,8.503815,-6.3141146,-0.43921286,3.537172,-1.2949394,-19.59925,-2.6586504,0.78611696,-27.226278,-1.5942786,2.7409017,-5.4260154,-0.61387235,5.360319,-20.221832,-1.3031564,0.5194633,-27.719616,-5.5097113,0.15219095,-8.65706,-4.808903,10.9681425,-20.013924,-4.1464977,0.61889887,-30.814209,-1.743909,-2.879389,-14.794223,-21.158953,16.01424,-5.283106,8.849041,5.1071954,-14.20499,-5.352486,4.888156,-29.660263,-0.6050782,-4.9961715,-12.384498
37.622055,-61.09136,-23.208164,28.526081,-6.0306115,-15.836392,-7.774471,7.524121,-22.886084,9.112144,-6.779341,-0.74984527,3.6293416,-1.7288696,-16.884426,-2.8008757,0.8033914,-27.492584,-1.6788056,2.9051838,-4.3731613,-0.6567053,5.7324533,-15.258614,-1.3347411,0.5182753,-25.127535,-5.60853,-0.0142970495,-5.4277887,-5.2299085,11.523578,-14.073216,-4.372583,0.5452629,-28.153038,-1.6551759,-3.1841967,-12.64231,-22.855377,17.333565,-5.6704783,9.807975,5.6913643,-8.352681,-5.620015,5.083038,-27.253536,-0.5297636,-5.4200363,-11.156849
41.86868,-68.040436,-25.658834,32.137184,-4.0830684,-16.28335,-8.480322,8.295422,-27.10981,9.953586,-7.4587955,-2.735128,4.1518106,-0.9854785,-22.71394,-3.0408058,0.8283261,-32.841167,-1.7751787,3.148239,-6.791804,-0.64144546,6.6202383,-20.87461,-1.3999537,0.52920085,-29.25674,-6.2574854,0.05246207,-7.067427,-5.7308345,12.964796,-18.635824,-4.808156,0.5816605,-31.94527,-1.790742,-3.4546907,-14.227396,-25.347008,19.224682,-6.263608,10.838923,6.178781,-9.740769,-6.1439657,5.5737176,-28.924868,-0.5346832,-5.992475,-11.606128
43.30025,-71.06218,-24.720118,33.823853,-2.883499,-16.348133,-8.795604,8.648663,-29.23472,10.309528,-7.7381215,-4.2497134,4.399927,-0.2495854,-25.396221,-3.1515698,0.8364845,-35.534813,-1.8189452,3.2499862,-8.5469055,-0.6211132,7.388441,-23.215122,-1.4242299,0.5309601,-29.736254,-6.4732494,0.075979985,-7.2007093,-5.946688,13.973567,-20.297262,-4.9673276,0.5708766,-32.090397,-1.7915043,-3.5979571,-14.295458,-26.480648,20.09582,-6.5383477,11.40348,7.0350943,-8.387781,-6.278126,5.713719,-26.781416,-0.47185218,-6.282709,-10.432851
40.20486,-65.94651,-22.554386,31.813246,-0.10671105,-13.9310465,-8.114256,8.031631,-28.22071,9.565914,-7.184656,-4.4241304,4.2742033,0.619076,-26.817005,-2.997801,0.8146481,-34.194984,-1.7364316,3.0619836,-9.393057,-0.57271624,7.1894803,-25.318735,-1.3792291,0.5253312,-27.620358,-5.9989157,0.12301587,-6.8685007,-5.5284452,13.230161,-22.212898,-4.618397,0.5335215,-28.927948,-1.5917219,-3.42077,-12.392626,-24.505125,18.622503,-6.111896,10.519443,6.5687256,-9.806175,-5.7575555,5.2630315,-22.49326,-0.36509943,-5.9010983,-7.8371377
38.44211,-63.844704,-19.17173,30.944569,-0.29318258,-13.596969,-7.9908786,7.8663373,-26.582058,9.126543,-6.8940444,-6.5363955,4.2481813,1.1856241,-27.770905,-2.936766,0.7986301,-36.31464,-1.6641966,2.9627197,-11.988176,-0.52630556,7.836979,-26.726896,-1.360768,0.5266339,-28.923357,-6.001848,0.24197012,-8.812709,-5.328184,13.789588,-23.319302,-4.522771,0.58181226,-30.541397,-1.7053545,-3.246917,-14.648717,-23.822422,18.122725,-5.962477,10.364991,7.7393236,-7.7559752,-5.522629,5.070201,-20.453619,-0.33929545,-5.7634387,-7.35343
38.975563,-64.706375,-19.602692,31.348803,0.092127025,-13.563565,-8.213365,8.018066,-24.921974,9.551781,-7.0434256,-2.7022052,4.228488,0.9287264,-25.786453,-2.9632576,0.8090172,-32.29618,-1.7165847,3.0079768,-8.997434,-0.53850746,7.802565,-25.740812,-1.3625944,0.5194701,-25.770313,-5.86493,0.14618436,-6.4905696,-5.3850594,13.945403,-23.276455,-4.5291104,0.52020955,-27.695543,-1.5567622,-3.3554294,-12.552694,-24.133837,18.350538,-6.029147,10.337428,7.780993,-10.708327,-5.564256,5.1079316,-19.988155,-0.29692188,-5.8398485,-6.5162144
40.1681,-65.35881,-23.673258,31.389513,0.08719811,-13.577707,-8.210257,8.005697,-24.732937,9.547663,-7.06733,-2.172265,4.226709,0.70237726,-26.372849,-2.9534087,0.811813,-32.32635,-1.7088505,3.0129921,-8.666084,-0.5352057,7.586014,-27.393835,-1.3681724,0.52246433,-28.834345,-5.98343,0.15745306,-7.947515,-5.3516183,13.750509,-26.190218,-4.584056,0.5644388,-30.56223,-1.5916321,-3.3463423,-13.141243,-24.138233,18.330437,-6.008045,10.078537,6.9062386,-16.181465,-5.683727,5.188466,-24.032227,-0.3315275,-5.8089795,-7.63517
40.36963,-65.0801,-26.080372,31.09297,-0.19791469,-13.612253,-8.107683,7.9141665,-25.030903,9.331773,-6.983567,-3.481154,4.2306895,1.0737218,-26.914986,-2.9328063,0.81006986,-34.523228,-1.6733859,2.9871118,-10.002758,-0.50614727,7.679579,-30.781939,-1.3753052,0.5321433,-35.50842,-6.3813953,0.40324327,-13.136375,-5.2760153,13.597139,-30.757298,-4.6523523,0.7047844,-37.69569,-1.8932,-3.117385,-17.814611,-23.945145,18.17333,-5.955924,9.773049,5.868396,-22.12674,-5.8599124,5.4218807,-31.807562,-0.524353,-5.642906,-12.343962
41.092335,-66.268684,-27.077072,31.666807,0.38764513,-13.554132,-8.209592,8.019363,-25.807205,9.466287,-7.083237,-3.685669,4.3253975,1.2354562,-28.64798,-2.9650476,0.81475884,-36.73949,-1.6816258,3.022437,-11.086513,-0.49479276,7.682198,-34.709236,-1.3913782,0.53877985,-40.588444,-6.77394,0.58545846,-17.265104,-5.323847,13.732797,-35.508026,-4.778648,0.80867374,-43.476456,-2.1375222,-2.998267,-21.842403,-24.34577,18.44399,-6.041337,9.774802,5.4773245,-26.801907,-6.0991845,5.717338,-38.23056,-0.6815554,-5.632658,-16.31766
41.30791,-66.42104,-27.89452,31.683321,0.40875334,-13.562801,-8.241926,8.034034,-25.463736,9.601181,-7.131114,-2.1995082,4.2936444,0.99988216,-27.847977,-2.9659884,0.81866854,-36.138462,-1.6945269,3.0347323,-10.3048525,-0.5093859,7.338997,-35.10552,-1.3950036,0.5396297,-42.04301,-6.86028,0.62578166,-18.393885,-5.3389444,13.390144,-36.51389,-4.8077893,0.83786213,-45.279926,-2.2045782,-2.9504554,-22.975395,-24.353323,18.457808,-6.043925,9.658142,4.819998,-29.884829,-6.2146297,5.8562417,-42.084377,-0.7699926,-5.5846853,-18.73435
40.811504,-66.10731,-26.10964,31.81794,1.1013749,-13.200039,-8.356361,8.097628,-23.903734,9.836848,-7.183948,0.40373102,4.2758756,0.8666215,-26.885029,-2.977367,0.82370126,-32.143776,-1.7404256,3.0646963,-7.676067,-0.5157975,7.4020233,-33.596745,-1.3914688,0.53190327,-36.795567,-6.603402,0.4563954,-15.05228,-5.3539934,13.625847,-34.54586,-4.7575336,0.74792206,-40.687286,-2.0459266,-3.0757775,-20.098873,-24.343498,18.489763,-6.0585003,9.738739,5.5761304,-27.709444,-6.1244874,5.7247972,-37.858746,-0.67578125,-5.6612263,-16.278017
39.416122,-63.869972,-25.023962,30.807297,1.3574853,-12.611801,-8.069827,7.8455977,-23.461792,9.539858,-6.987225,0.46406388,4.170698,0.83424413,-25.994675,-2.9120219,0.8162993,-30.261772,-1.7226701,3.0068247,-6.661044,-0.522219,7.0960355,-31.387655,-1.3712834,0.5275773,-33.710987,-6.2792225,0.3302995,-12.848476,-5.2293353,13.059793,-31.557673,-4.607986,0.6856686,-37.033775,-1.9061046,-3.091533,-17.745697,-23.533838,17.897232,-5.8869743,9.522104,5.4795074,-24.69929,-5.902011,5.460103,-34.27468,-0.6044797,-5.5461626,-14.36635
39.80056,-64.38719,-25.599178,31.23085,2.3382452,-12.216796,-8.129919,7.918844,-23.552248,9.727209,-7.0830755,1.6758736,4.217634,0.99143416,-26.032982,-2.9389977,0.8223541,-28.270262,-1.7585416,3.0448005,-5.4049816,-0.5234072,7.1849837,-30.96494,-1.3734298,0.5231935,-30.975239,-6.114723,0.21479687,-10.347086,-5.280066,13.195889,-30.982746,-4.606464,0.6223225,-33.882626,-1.7423551,-3.2278528,-15.080538,-23.676853,18.05037,-5.939593,9.558085,5.512318,-25.036749,-5.875614,5.400414,-31.576584,-0.51430035,-5.645285,-12.15468
38.149452,-62.119835,-23.556576,30.36289,3.2346764,-11.35047,-7.8466854,7.6660314,-23.219461,9.362452,-6.843606,0.5408989,4.1698575,1.9095216,-25.983826,-2.8799748,0.8118335,-27.76827,-1.7249484,2.9741848,-6.206121,-0.48317435,7.6688256,-31.82555,-1.3541875,0.5213396,-30.100473,-5.9923964,0.25433862,-10.898249,-5.082901,13.457113,-31.896847,-4.468701,0.6200116,-32.957695,-1.7570124,-3.113229,-15.421317,-22.90232,17.475325,-5.771933,9.225252,6.0673695,-25.013487,-5.656637,5.2192593,-29.370893,-0.50562656,-5.4817243,-11.732308
38.203487,-62.174736,-24.425436,30.342518,3.8223245,-11.052973,-7.8582516,7.640622,-22.657358,9.427641,-6.8353186,1.8628364,4.1598134,2.0838563,-26.228691,-2.873193,0.81724507,-27.453953,-1.7395332,2.9782636,-5.7903833,-0.46838728,7.6041074,-35.356304,-1.3618357,0.52694666,-34.35329,-6.299712,0.4386835,-14.938718,-5.02103,13.459396,-36.71083,-4.513457,0.72232115,-38.34732,-2.0069108,-2.9273434,-19.46579,-22.892778,17.408176,-5.7454643,8.970071,5.6516566,-31.013462,-5.827157,5.4692144,-36.55339,-0.69358146,-5.347076,-16.549862
38.75956,-62.65313,-25.059898,30.58482,3.6463766,-11.251886,-7.9386287,7.7068505,-22.621899,9.492077,-6.869314,1.904683,4.1810837,1.8409123,-26.645126,-2.8848042,0.8164147,-27.943987,-1.731456,2.9761567,-6.1459217,-0.47428197,7.549994,-34.828594,-1.3621156,0.52491355,-33.477455,-6.208209,0.40409994,-13.605344,-5.0629025,13.444651,-36.04729,-4.5170803,0.6942849,-36.971066,-1.869361,-3.0132842,-17.671648,-23.03619,17.538183,-5.7828164,9.062928,5.5278983,-30.36335,-5.7867785,5.4143205,-34.476173,-0.594066,-5.4281125,-14.293774
39.343994,-63.490013,-25.430134,30.969822,3.611313,-11.436315,-8.050164,7.810987,-22.875637,9.571092,-6.9470325,1.321397,4.2488165,1.8889565,-27.51033,-2.9137266,0.8186046,-29.081038,-1.7339485,3.0034037,-6.7587175,-0.46686482,7.7217565,-36.02262,-1.3721247,0.5282118,-34.947193,-6.376898,0.45385903,-14.731781,-5.115976,13.732609,-37.317448,-4.5933337,0.7261776,-38.778236,-1.9642779,-3.0017858,-18.961508,-23.35259,17.77891,-5.858359,9.180331,5.666034,-30.964935,-5.8879952,5.5160503,-35.713497,-0.6318412,-5.483472,-15.126216
40.414974,-65.14931,-26.321817,31.706022,3.7145545,-11.699969,-8.238614,7.991961,-23.233656,9.859863,-7.118515,2.3085065,4.3073263,1.6879879,-27.510387,-2.9603205,0.8259944,-28.505306,-1.7688482,3.0572147,-5.994168,-0.4807535,7.7296977,-35.58015,-1.3816514,0.5266875,-33.740536,-6.354434,0.384218,-13.165244,-5.2365246,13.905625,-36.85922,-4.652863,0.68291485,-37.13226,-1.8490528,-3.1404033,-17.28114,-23.91548,18.195,-5.9816957,9.389178,5.725791,-31.295826,-5.9573107,5.560633,-34.668865,-0.5692658,-5.6333385,-13.9108
42.382885,-67.87471,-28.315435,32.832726,2.789165,-12.652811,-8.54245,8.2925205,-24.21273,10.164147,-7.377123,1.6993679,4.4235163,1.2207885,-28.320774,-3.037538,0.83324593,-30.437668,-1.7858516,3.1305928,-6.802976,-0.5054103,7.702695,-34.531048,-1.4007251,0.52845156,-34.090057,-6.4529276,0.31944144,-11.958233,-5.460253,14.050079,-35.391865,-4.802029,0.6625345,-36.80517,-1.7833459,-3.3115814,-16.175793,-24.83696,18.899218,-6.1934237,9.827986,5.592537,-30.032486,-6.117639,5.6664205,-33.93396,-0.5030664,-5.877185,-12.591671
43.80737,-70.285866,-28.948473,33.99867,2.9841886,-13.032457,-8.817897,8.57376,-25.303963,10.495107,-7.6270537,1.4421406,4.5716496,1.2034817,-29.576221,-3.1169517,0.8419186,-31.891247,-1.8198502,3.2153175,-7.3174987,-0.51060545,7.8992515,-35.70822,-1.4220163,0.53180075,-35.218216,-6.6836157,0.33609283,-12.484989,-5.645583,14.471239,-36.25137,-4.954426,0.6683172,-37.973515,-1.8421954,-3.399711,-16.890638,-25.70363,19.565165,-6.4012494,10.193985,5.767614,-30.429482,-6.3272076,5.863784,-35.068123,-0.5294926,-6.0653505,-13.31696
42.162758,-67.529755,-28.397804,32.56562,2.719236,-12.610863,-8.385478,8.175812,-25.180704,9.904171,-7.26177,-0.36474454,4.428618,1.4856138,-29.069374,-3.011252,0.8230375,-32.711967,-1.7357917,3.0783372,-8.711018,-0.49065554,7.804097,-35.154198,-1.394621,0.532095,-35.49313,-6.5219707,0.42252707,-13.254679,-5.399618,13.987397,-36.032337,-4.762532,0.6846074,-37.68763,-1.8278412,-3.2244332,-17.087,-24.693493,18.73159,-6.1357136,9.743261,5.421911,-29.950375,-6.061465,5.6457653,-34.034966,-0.5267497,-5.7964354,-12.915182
42.169178,-67.543144,-28.4735,32.600193,2.0689437,-12.93258,-8.437791,8.20406,-24.706667,9.952645,-7.27579,0.1712638,4.399807,0.97196335,-28.665134,-3.0099044,0.8220875,-32.659187,-1.7330917,3.0766332,-8.1777725,-0.51454806,7.4642897,-33.75456,-1.3940171,0.53186214,-35.031143,-6.458213,0.3748763,-12.224252,-5.4410696,13.629912,-34.28634,-4.7736893,0.6882596,-37.54805,-1.8091271,-3.2463236,-16.747452,-24.762993,18.762175,-6.1409764,9.845076,5.135768,-28.127897,-6.0606556,5.6273913,-33.881794,-0.5010073,-5.81962,-12.280177
41.689514,-66.521935,-28.483824,31.865,1.1571946,-13.1703,-8.31561,8.068448,-24.090126,9.748247,-7.1509967,-0.3129502,4.294579,0.7794651,-27.556332,-2.966906,0.81641066,-32.143005,-1.7048215,3.0286145,-8.230965,-0.51303065,7.4526215,-32.3229,-1.3825533,0.52975065,-34.082226,-6.3468122,0.35417098,-11.870855,-5.338756,13.620923,-33.200443,-4.694995,0.67178535,-36.516495,-1.7692808,-3.2144637,-16.069452,-24.352692,18.443922,-6.037438,9.678728,5.3811655,-27.302925,-5.9523373,5.504708,-32.546234,-0.47940877,-5.7348027,-11.557435
41.335026,-66.35926,-27.408247,31.860039,1.1952138,-13.165267,-8.357721,8.088281,-23.51832,9.860414,-7.166335,0.92812574,4.258811,0.7120889,-26.569065,-2.969196,0.8188548,-30.470617,-1.7270045,3.0349767,-7.1232834,-0.52471095,7.4374514,-30.799023,-1.3779845,0.5247522,-31.37844,-6.1487913,0.25826937,-9.66353,-5.347835,13.6701765,-31.588776,-4.6537933,0.628097,-33.78921,-1.6474833,-3.2845805,-14.340976,-24.372787,18.447794,-6.0377994,9.731488,5.7371593,-25.819029,-5.8625727,5.40996,-29.955584,-0.40210277,-5.7757263,-9.8759
40.42915,-64.76054,-26.890305,31.048239,0.73814815,-13.048886,-8.165737,7.9057035,-23.110867,9.571884,-6.9941535,0.08813992,4.181702,0.5266507,-26.32386,-2.914807,0.8089349,-31.16037,-1.6795177,2.9688408,-7.9114375,-0.5301408,7.117555,-29.544798,-1.364414,0.52455854,-31.407673,-6.0524263,0.2576963,-9.833134,-5.259667,13.118354,-29.983297,-4.5731635,0.6300876,-33.642788,-1.6523849,-3.2136211,-14.447548,-23.762651,18.022768,-5.909898,9.578147,5.318092,-24.034037,-5.7563214,5.294532,-29.557137,-0.40672106,-5.6549335,-9.862658
41.106243,-65.97143,-27.20763,31.770437,1.6424785,-12.873118,-8.30586,8.045134,-23.534706,9.807092,-7.125788,0.863427,4.264173,0.9327708,-26.797688,-2.9605727,0.8172471,-30.361261,-1.7224874,3.0231378,-7.26134,-0.5161822,7.487682,-31.18842,-1.375207,0.52456784,-31.302149,-6.114439,0.26347217,-9.625483,-5.3176856,13.649691,-31.90019,-4.6294866,0.6271807,-33.58054,-1.6279286,-3.276413,-14.162157,-24.222328,18.350403,-6.0101514,9.666067,5.690356,-26.07225,-5.820624,5.3756003,-29.551155,-0.3901534,-5.7529855,-9.586833
41.63833,-67.46075,-26.074257,32.890465,2.9034076,-12.5815115,-8.485963,8.252448,-24.749475,10.035198,-7.28839,0.25876662,4.4494963,1.4341476,-29.012672,-3.026534,0.8215996,-32.329052,-1.7473981,3.0864897,-8.313387,-0.50993055,7.8008137,-33.082542,-1.3910072,0.52729636,-32.16537,-6.2879925,0.28472462,-10.15018,-5.4632225,14.01529,-32.845608,-4.7401233,0.64055836,-34.585335,-1.7024863,-3.3297517,-15.170528,-24.824106,18.852837,-6.173365,10.0307865,5.9337134,-24.888699,-5.935858,5.494565,-29.445978,-0.39608154,-5.9087234,-9.78155
41.864216,-66.9215,-29.018179,32.198586,1.6514733,-12.964898,-8.349097,8.119135,-24.322012,9.895522,-7.2365007,0.6699878,4.320429,0.6450494,-27.805473,-2.9862816,0.8223082,-31.324293,-1.7328705,3.0649707,-7.4354105,-0.53220016,7.1735835,-31.919928,-1.3868508,0.52803856,-33.386616,-6.284295,0.2686025,-10.8171425,-5.409897,13.311024,-32.29951,-4.7221785,0.64788926,-35.600277,-1.7137315,-3.2933662,-15.075123,-24.432417,18.559263,-6.078276,9.728331,4.935903,-27.535696,-5.9993153,5.5207314,-32.77295,-0.45744663,-5.7930355,-11.322436
42.457455,-67.80771,-29.377674,32.817936,2.8450549,-12.579438,-8.4974165,8.246322,-24.495577,10.05221,-7.3313427,0.9321155,4.4473863,0.92019314,-29.953743,-3.0260994,0.8283875,-32.815712,-1.749579,3.1083658,-7.982253,-0.5130698,7.3152895,-36.138798,-1.4058177,0.53416747,-37.484207,-6.6450033,0.42371053,-14.321124,-5.449931,13.637468,-36.967464,-4.848464,0.74726444,-40.824963,-1.9557359,-3.1921055,-18.662172,-24.76887,18.817432,-6.167052,9.771226,4.876603,-30.986269,-6.2121625,5.771062,-37.83317,-0.59561694,-5.8060055,-14.401643
41.91804,-67.06997,-29.213844,32.023712,1.1666048,-13.258236,-8.333012,8.110078,-25.610342,9.8362665,-7.251817,-0.74437475,4.365218,0.28077337,-29.93927,-2.9889286,0.8216685,-37.773537,-1.6970649,3.0588238,-10.876751,-0.5327665,6.4697504,-38.034424,-1.4107724,0.5494616,-46.430756,-7.2142143,0.7878475,-22.058317,-5.4162326,12.660678,-39.723972,-4.924163,0.93379915,-50.893017,-2.4888294,-2.7882917,-27.299557,-24.43814,18.592882,-6.098543,9.570936,3.5387373,-34.561935,-6.51553,6.209104,-50.081287,-0.9974464,-5.5142555,-24.420038
41.64808,-66.79254,-29.00512,31.653116,-0.23604634,-13.903713,-8.216718,8.015993,-26.72794,9.549023,-7.143797,-3.5481172,4.3332505,0.40078202,-29.788406,-2.9624677,0.8109568,-43.515774,-1.6139277,2.989825,-15.0967455,-0.5195733,6.4814525,-39.778778,-1.4153315,0.56431407,-54.630722,-7.740678,1.1793717,-28.904976,-5.360719,12.558183,-42.54257,-4.98783,1.1028603,-59.3598,-2.9075603,-2.43644,-34.275543,-24.340755,18.504343,-6.0579553,9.415457,2.8841338,-38.174088,-6.708971,6.5376167,-59.275852,-1.2877969,-5.289201,-31.542248
37.757427,-60.4284,-26.7835,28.270044,-1.6930108,-13.288191,-7.2458506,7.131064,-27.431126,8.082414,-6.291592,-10.607392,4.123976,1.2978089,-31.283863,-2.729803,0.7576125,-55.017445,-1.322284,2.6218204,-25.38252,-0.4393044,6.450149,-43.57412,-1.3708119,0.58947814,-68.39545,-8.16257,1.9118588,-41.077675,-4.782142,11.756367,-48.584927,-4.7315,1.4055018,-72.55433,-3.5143838,-1.5622461,-45.514915,-21.969648,16.678492,-5.50415,8.195241,1.5615518,-44.646515,-6.4685526,6.598218,-70.90763,-1.6800681,-4.4706807,-41.120697
38.237827,-61.639885,-26.3135,28.554874,-3.4688668,-14.406143,-7.270689,7.2022285,-29.989656,7.811468,-6.2601385,-16.721361,4.3208766,2.342841,-34.478382,-2.7520323,0.73546016,-67.186356,-1.1714487,2.5316174,-35.223465,-0.37362522,7.6442347,-47.327168,-1.3820627,0.6116348,-78.647285,-8.844112,2.4031658,-48.971565,-4.777959,12.942428,-53.82238,-4.8624754,1.5850716,-81.65804,-3.9342308,-1.2399333,-52.982796,-22.425636,17.011309,-5.611299,8.2403145,2.2762685,-48.845745,-6.6366796,6.9347334,-76.78743,-1.872484,-4.4209266,-46.247227
38.19824,-61.902126,-25.601963,28.913433,-2.5555956,-14.0387745,-7.434635,7.307651,-28.31116,8.143979,-6.3639154,-13.093565,4.297068,2.01854,-33.405266,-2.7726722,0.74782634,-61.483322,-1.2553989,2.5946734,-30.699154,-0.39547935,7.525931,-45.800808,-1.3805695,0.600103,-72.57443,-8.509287,2.1495354,-44.32689,-4.823299,13.034092,-51.801945,-4.827516,1.4849299,-76.27215,-3.6962225,-1.4526006,-48.799202,-22.574688,17.128891,-5.644311,8.376318,2.8702798,-46.644238,-6.544822,6.774069,-71.99468,-1.7235541,-4.553738,-42.54122
36.10625,-57.810806,-25.151907,27.36501,0.05740179,-11.906276,-6.8842125,6.802517,-27.47558,7.569393,-5.923504,-12.7883215,4.2060156,2.4070814,-35.56691,-2.6519182,0.7331959,-59.71914,-1.2024429,2.4528863,-30.783772,-0.36314452,7.1341743,-48.49089,-1.346117,0.5951444,-71.065,-8.1058855,2.1749818,-43.966316,-4.494172,12.266208,-54.179073,-4.554554,1.4606258,-74.281685,-3.5119307,-1.3265169,-46.869278,-20.95762,15.963447,-5.300407,7.629771,2.0944247,-48.7732,-6.1344266,6.412834,-69.04997,-1.6127114,-4.26001,-40.1642
37.03574,-59.247025,-26.048235,27.96105,0.12612733,-12.114374,-7.1074553,6.990456,-26.518318,8.047665,-6.163498,-8.861327,4.150633,1.7145756,-32.718643,-2.6892066,0.751725,-54.213875,-1.3041668,2.5580819,-25.667292,-0.41031983,6.5917296,-45.912384,-1.3552296,0.5870519,-67.278625,-8.003762,1.965672,-40.965973,-4.6405225,11.851569,-51.59078,-4.6068826,1.3776705,-70.88159,-3.3938744,-1.5160527,-44.35806,-21.400856,16.310217,-5.3957887,7.8194113,1.6779463,-48.374218,-6.291984,6.494637,-69.21798,-1.6225781,-4.372429,-40.00132
36.859886,-58.726715,-26.691856,27.785755,0.70829135,-11.710659,-7.1321263,6.977279,-24.609423,8.274826,-6.2105308,-4.647924,4.008507,1.0227723,-29.884125,-2.6773474,0.7650062,-46.24209,-1.3992155,2.6162362,-19.363955,-0.45745093,5.933896,-42.02532,-1.3450925,0.5696507,-59.294147,-7.4441767,1.5650489,-34.405495,-4.6585803,11.188367,-47.021446,-4.509088,1.2193607,-63.048912,-3.007994,-1.8089384,-37.903595,-21.186472,16.14118,-5.3399954,7.8139343,1.4143314,-45.33231,-6.1373553,6.198997,-63.284943,-1.4212372,-4.4607215,-35.03376
37.619774,-60.290836,-26.532425,28.704212,1.5889077,-11.630405,-7.3589907,7.1908774,-24.748997,8.598699,-6.4086914,-3.4981513,4.0886936,1.2744707,-29.812458,-2.7395496,0.77955675,-44.291336,-1.4689183,2.7125916,-17.272608,-0.45793164,6.17418,-42.780533,-1.3616523,0.5670382,-58.32371,-7.541541,1.4958881,-33.685593,-4.76958,11.675788,-47.624958,-4.6122255,1.2117082,-62.848568,-3.031021,-1.9189136,-37.668724,-21.843994,16.608044,-5.4820604,8.103164,1.9468143,-44.91178,-6.2634315,6.2835464,-63.142986,-1.4161084,-4.618026,-34.863686
38.871162,-61.940826,-28.392002,29.446417,1.9150491,-11.800785,-7.5873528,7.4016476,-24.279537,8.968002,-6.6350336,-1.2504026,4.0949316,0.8570694,-28.534286,-2.795763,0.79667675,-38.23195,-1.5751925,2.8314705,-12.354926,-0.4934429,6.0561123,-39.336826,-1.3665748,0.5508612,-50.04352,-7.0814114,1.0448194,-26.152185,-4.932636,11.690337,-42.991848,-4.6263947,1.032386,-54.159878,-2.604775,-2.359558,-30.11705,-22.4401,17.019241,-5.604919,8.46142,2.3297868,-40.411148,-6.1875353,6.014347,-54.52046,-1.1315464,-4.9328504,-27.698856
39.29394,-62.44392,-28.612665,29.700027,1.9962289,-11.858503,-7.722017,7.502748,-23.386827,9.151431,-6.714589,0.1285565,4.086772,1.1003358,-26.951763,-2.8195496,0.80411303,-34.315243,-1.6266577,2.8796172,-9.745613,-0.48394036,6.487565,-37.776424,-1.3660876,0.54342496,-45.717808,-6.8508396,0.8587023,-22.632256,-4.9695187,12.1186,-41.325775,-4.6073775,0.94113946,-49.521103,-2.3821814,-2.5516987,-26.41333,-22.688623,17.185995,-5.654778,8.551324,2.9056106,-39.437035,-6.1058016,5.8690715,-49.885227,-0.9776076,-5.0702157,-24.123827
41.45542,-65.908424,-30.002615,31.40343,2.0071695,-12.549751,-8.159472,7.9296517,-24.284481,9.732717,-7.1064057,1.2648152,4.2503595,0.8110827,-27.691917,-2.9382496,0.8236991,-33.039307,-1.7226988,3.032366,-7.7967205,-0.5055077,6.6755285,-37.63735,-1.3933811,0.5406104,-43.691406,-6.90213,0.69020975,-19.772957,-5.256882,12.643338,-40.374744,-4.7930913,0.8835652,-47.421535,-2.2596068,-2.8427038,-23.916088,-23.974241,18.154991,-5.952307,9.143659,3.3894286,-37.90681,-6.3015914,5.9843297,-47.490402,-0.8683078,-5.4329658,-21.636883
42.027615,-66.76998,-30.041977,31.233099,-0.37074077,-13.849284,-8.351957,8.052869,-22.778904,10.065094,-7.283349,4.1513834,4.056428,-1.1204774,-23.542694,-2.948845,0.83642066,-25.525745,-1.794112,3.0773504,-3.3671339,-0.5912378,6.431305,-26.597338,-1.3752393,0.51784146,-28.117218,-5.8870325,0.008413754,-6.7098885,-5.3650656,13.091427,-27.811596,-4.611409,0.52169836,-29.936533,-1.4605869,-3.4375505,-11.17384,-24.223722,18.36428,-5.9994664,9.574578,5.7615604,-26.793594,-5.93932,5.39582,-31.21673,-0.42559534,-5.7602854,-10.554147
34.405167,-55.910072,-21.629923,25.66497,-3.9328482,-13.545745,-7.195925,6.860524,-18.041677,8.489207,-6.159487,2.7894292,3.2871008,-1.2177337,-14.250285,-2.5973752,0.7894349,-19.41344,-1.6262097,2.6821845,-2.4788115,-0.5828322,6.1107674,-15.38537,-1.2676301,0.49966866,-18.160555,-4.7963552,-0.07852022,-2.5488243,-4.609828,11.754611,-16.510506,-3.858577,0.3924733,-19.631907,-1.18038,-3.0677698,-7.3854804,-20.500439,15.553702,-5.124789,8.444827,6.793858,-15.190283,-4.8956823,4.4393244,-20.262682,-0.31294683,-4.963475,-6.7218194
33.849995,-55.552315,-19.848251,25.32513,-7.2959933,-15.254069,-7.2547626,6.900173,-17.772778,8.339014,-6.140192,0.442022,3.2022142,-0.815438,-10.658622,-2.5988114,0.7839283,-21.110481,-1.5986557,2.6733732,-3.5028496,-0.5778549,6.8647623,-11.168036,-1.2659866,0.5010822,-18.435934,-4.8649035,-0.07158929,-2.5544672,-4.6342106,12.284192,-12.533004,-3.8854077,0.41972822,-20.08018,-1.28169,-3.0485077,-8.2184515,-20.613165,15.658664,-5.1498694,8.691039,7.7851653,-10.475195,-4.87954,4.413329,-18.561466,-0.3219642,-4.9934845,-6.55991
32.40597,-54.525475,-17.746248,25.375343,-4.4044533,-13.641525,-7.1944385,6.82155,-16.712553,8.361891,-6.035323,2.2813764,3.3002446,0.86801255,-12.085888,-2.5896268,0.7834839,-21.341944,-1.6060075,2.655229,-3.5925698,-0.51576394,7.4951034,-17.642641,-1.2696269,0.50673133,-23.396713,-5.1749315,0.20219252,-7.7112107,-4.484714,12.71664,-20.728043,-3.898695,0.5688486,-26.654348,-1.6079704,-2.7639318,-13.731653,-20.227108,15.402826,-5.0849323,8.290244,7.672483,-18.261108,-4.94869,4.636711,-25.322956,-0.4992551,-4.8060374,-11.470958
34.698017,-57.31279,-21.35915,26.442616,-4.713393,-14.2405615,-7.3410077,7.020152,-19.358767,8.458114,-6.2163963,-0.20408732,3.4975362,0.821706,-15.521775,-2.6458883,0.7821654,-29.244114,-1.5571721,2.6830554,-7.8109007,-0.51453775,7.2642665,-22.156391,-1.2990553,0.5234813,-33.639187,-5.8261137,0.5053779,-14.0332985,-4.651011,12.4434185,-26.051895,-4.1520314,0.74880195,-36.762108,-1.953915,-2.6069655,-19.604301,-21.045408,16.001701,-5.261815,8.40881,5.958503,-24.717535,-5.3627663,5.1189547,-35.60234,-0.7081531,-4.8436832,-17.179348
35.032852,-56.781284,-23.857805,26.110222,-3.8624864,-13.616193,-7.0330825,6.800965,-22.17448,7.9360285,-6.0134816,-5.254694,3.6686943,2.6761777,-19.317871,-2.6115775,0.7612841,-41.838604,-1.3930451,2.5653255,-16.787893,-0.41832098,7.6963043,-32.30401,-1.3176014,0.558325,-54.125984,-6.9868345,1.3310977,-29.984575,-4.472323,12.351946,-39.405476,-4.34013,1.1598588,-57.818535,-2.8367028,-1.8696989,-34.735756,-20.696878,15.701987,-5.1848106,7.652162,3.482983,-41.287937,-5.8116937,5.8517356,-57.060135,-1.2730402,-4.3960977,-32.01575
36.423267,-59.481037,-23.56446,27.668045,-3.52588,-14.061933,-7.4732413,7.1996717,-22.143312,8.62151,-6.3811226,-2.480188,3.791045,2.0772648,-19.902565,-2.709422,0.7756952,-40.716057,-1.4781156,2.6895201,-14.778468,-0.45689368,7.4373064,-32.497726,-1.3396646,0.5567274,-52.65629,-7.0824776,1.2415682,-28.371775,-4.7397585,12.470667,-39.166206,-4.502807,1.1346765,-57.052105,-2.8281763,-2.0319023,-34.34093,-21.8474,16.55561,-5.439525,8.163492,3.5286694,-40.516743,-6.0460978,6.0726547,-57.477646,-1.267348,-4.6509185,-31.942883
35.281307,-57.564247,-22.824177,26.18277,-8.258987,-16.099852,-7.260179,7.013211,-23.218483,7.981967,-6.1627984,-8.469814,3.6108344,1.0922453,-17.851181,-2.6577501,0.7543833,-46.107986,-1.3520343,2.5845435,-19.661991,-0.48614576,7.272469,-26.670425,-1.3272364,0.5625058,-53.802086,-7.103491,1.3089172,-29.109955,-4.699354,12.182924,-32.126938,-4.450065,1.1420316,-57.4009,-2.9176824,-1.9233484,-35.44442,-21.317099,16.183971,-5.340647,8.319504,3.9422774,-31.865608,-5.9367456,5.9123225,-55.141342,-1.3006345,-4.547833,-31.885172
33.471333,-54.594917,-21.8045,24.747274,-8.164419,-15.457422,-6.904036,6.6719813,-22.313505,7.4788275,-5.8418484,-9.564301,3.4577215,1.1696336,-16.84974,-2.5707045,0.7411558,-44.280815,-1.2924488,2.4778018,-20.051609,-0.46939287,7.32902,-24.48015,-1.2993186,0.55510074,-49.469067,-6.6998835,1.2126782,-26.770014,-4.4722743,12.055706,-29.481987,-4.219999,1.038953,-52.14593,-2.6810803,-1.9327619,-32.025402,-20.232008,15.375931,-5.1030684,7.94566,4.44263,-29.147938,-5.5752244,5.4973736,-49.07649,-1.1614366,-4.394883,-28.365974
32.193966,-52.38469,-21.070723,23.480585,-9.460147,-15.648694,-6.602393,6.4072037,-22.32355,7.041724,-5.6104436,-11.270219,3.2986407,0.85635716,-15.086682,-2.4974859,0.7293519,-44.204556,-1.2392503,2.393171,-20.8557,-0.4805057,7.093141,-20.829039,-1.2770219,0.55141,-47.12329,-6.427662,1.1432605,-25.20681,-4.3546495,11.52906,-25.190042,-4.0635653,0.9715791,-48.651134,-2.539888,-1.9273069,-29.982449,-19.458948,14.806099,-4.931601,7.775653,4.360614,-25.189465,-5.350366,5.236306,-45.463085,-1.0988897,-4.2665195,-26.589975
36.0434,-58.677494,-23.371895,25.88194,-12.457906,-18.337404,-7.1496396,7.029525,-27.747087,7.4299383,-6.1100106,-17.669905,3.6654868,1.3679795,-17.84317,-2.6712422,0.73280674,-59.656963,-1.1755296,2.495185,-30.74092,-0.46295384,8.060757,-24.976316,-1.3382165,0.5828397,-63.72737,-7.7438316,1.730413,-36.1647,-4.7763543,12.747099,-30.75696,-4.5708447,1.2390245,-63.90484,-3.212433,-1.7027566,-41.126568,-21.737991,16.521856,-5.4492583,8.554077,4.0758452,-31.574423,-6.1144867,6.152963,-60.139843,-1.4747796,-4.51417,-36.941284
36.90951,-60.074215,-24.137957,26.580511,-11.9086685,-18.323488,-7.266237,7.155336,-28.964666,7.4966125,-6.1927485,-19.12532,3.8173745,1.7140723,-20.507229,-2.7149367,0.7333605,-64.03477,-1.146627,2.505303,-33.82084,-0.4341663,8.300602,-29.505482,-1.3583587,0.59463143,-70.05531,-8.239386,2.0323837,-41.28417,-4.833496,13.087762,-36.050564,-4.709666,1.3658179,-70.728516,-3.501021,-1.522854,-46.02969,-22.177052,16.881962,-5.5621085,8.589558,3.685471,-36.56742,-6.358949,6.499438,-66.849625,-1.6495641,-4.5004926,-41.455204
37.18193,-60.535965,-24.34179,26.713367,-12.16249,-18.529215,-7.2699733,7.1735635,-29.66008,7.4868755,-6.2074475,-19.883455,3.839406,1.7464688,-20.945023,-2.7216034,0.73162884,-65.991356,-1.1366358,2.5013762,-34.9571,-0.43194675,8.237166,-30.520458,-1.3621645,0.59912467,-72.84002,-8.400688,2.1480944,-43.195538,-4.862753,12.941604,-37.393158,-4.758618,1.4284794,-73.83516,-3.6254315,-1.4291674,-48.147976,-22.303835,16.982079,-5.587931,8.597977,3.1602044,-38.093735,-6.450111,6.646747,-69.93827,-1.7236485,-4.4696665,-43.5068
37.29789,-61.29379,-22.988249,27.439411,-10.988048,-18.155659,-7.5313773,7.354476,-27.573147,8.021616,-6.3883586,-14.967029,3.8336327,1.5116984,-19.547241,-2.7598627,0.7465035,-59.27987,-1.2473726,2.5888152,-29.426086,-0.45508873,8.114817,-29.592577,-1.364305,0.58898586,-66.771385,-8.151015,1.9313842,-39.008926,-4.945882,13.08874,-36.311996,-4.7482486,1.3420419,-68.93353,-3.4580646,-1.6120818,-44.89941,-22.6788,17.263351,-5.66389,8.789402,3.8188114,-36.655106,-6.4371724,6.6111546,-66.603455,-1.6355218,-4.606069,-41.106945
36.649338,-59.807293,-23.273481,26.947773,-9.761592,-17.241108,-7.4447803,7.227417,-25.166637,8.115248,-6.3318276,-10.7692995,3.7020147,1.1787304,-17.586605,-2.7156825,0.75461966,-51.184013,-1.32493,2.609268,-23.284504,-0.48178238,7.6600776,-26.767683,-1.3460456,0.57310903,-58.79735,-7.546029,1.5418016,-32.743008,-4.859693,12.621018,-33.013638,-4.59479,1.1994596,-61.210766,-3.0894153,-1.8526244,-38.531174,-22.137314,16.834991,-5.5276136,8.602572,3.9137526,-34.212006,-6.194041,6.242391,-60.042736,-1.4310238,-4.6238728,-35.76147
34.180756,-55.406887,-22.237125,24.999977,-8.553725,-15.751176,-6.945516,6.7301035,-22.94986,7.647996,-5.9338884,-8.701042,3.4616134,0.7644444,-16.471361,-2.5758066,0.7428221,-45.60383,-1.3074417,2.488232,-20.067286,-0.49575752,6.785032,-24.355623,-1.3034056,0.560765,-52.43406,-6.8511972,1.3065931,-28.371202,-4.568078,11.401716,-29.874895,-4.2806783,1.0950047,-54.896908,-2.7774084,-1.8627648,-33.79277,-20.477371,15.593826,-5.1544304,8.005426,3.357152,-31.224741,-5.7482166,5.7464156,-54.02516,-1.275296,-4.364203,-31.542793
37.796246,-60.995743,-25.303078,27.75939,-7.4559937,-16.297674,-7.4562793,7.282758,-26.956333,8.104848,-6.367644,-12.47429,3.9409533,2.0899417,-22.789158,-2.7443132,0.752173,-57.782314,-1.2680417,2.5984004,-27.889296,-0.42301905,7.898513,-35.704533,-1.3691239,0.5909042,-69.70147,-8.268092,1.9817941,-41.330112,-4.8309007,12.965386,-43.30223,-4.77196,1.4114056,-72.612625,-3.546373,-1.5386255,-46.37225,-22.443863,17.052116,-5.597659,8.361121,2.9445124,-44.366234,-6.510837,6.684883,-71.11524,-1.6986306,-4.517789,-42.765903
37.082863,-59.277485,-25.76179,27.41858,-4.1576204,-14.289382,-7.292294,7.0864077,-24.601171,8.165964,-6.2599087,-7.408425,3.8499978,2.0221198,-22.618168,-2.6965256,0.76603633,-48.481964,-1.3715792,2.6311798,-20.518042,-0.42588434,7.22632,-37.58776,-1.3568537,0.57957065,-64.7689,-7.882017,1.7532884,-38.114285,-4.6793914,12.263244,-44.746597,-4.640983,1.3561664,-69.00489,-3.3714185,-1.6225073,-43.09848,-21.725595,16.464811,-5.4176407,7.9512777,2.379479,-46.0459,-6.3495936,6.4727755,-69.62807,-1.626711,-4.4143815,-40.589878
36.16598,-57.736935,-25.300776,26.903553,-2.4935155,-13.162745,-7.159395,6.9306793,-23.08988,8.086448,-6.1328025,-5.2600546,3.7814455,2.2828922,-21.880623,-2.658286,0.7708949,-43.313766,-1.4119005,2.6249857,-17.050316,-0.41282058,7.1587896,-38.121113,-1.3452432,0.5723873,-61.46211,-7.6584835,1.6574626,-36.495735,-4.5525136,12.066414,-45.005028,-4.523864,1.3063635,-66.159645,-3.2638981,-1.6456876,-41.228703,-21.140087,16.020157,-5.287574,7.687586,2.381536,-46.419075,-6.2008686,6.305746,-67.71094,-1.5862855,-4.321928,-39.33696
35.239986,-55.89832,-25.332375,26.297699,-0.7338535,-11.922608,-7.0256834,6.766829,-20.85261,8.118585,-6.0290194,-1.4837707,3.6764753,1.6734154,-21.484844,-2.6081333,0.77321756,-36.04287,-1.4576976,2.6122859,-12.537307,-0.44249198,6.5676866,-35.823833,-1.3216277,0.554092,-51.890186,-6.9701653,1.2726431,-29.747929,-4.450431,11.522532,-41.502472,-4.3139462,1.1067822,-56.27707,-2.804761,-1.9058213,-33.785366,-20.411276,15.498046,-5.1315856,7.468863,2.557571,-43.21458,-5.8723135,5.845697,-58.70885,-1.3320712,-4.3402824,-32.71028
38.044235,-61.768936,-24.801895,29.109987,-1.6156971,-13.617107,-7.874158,7.544138,-21.685896,9.221649,-6.705272,0.7290428,3.9138875,1.1424166,-21.2612,-2.8047013,0.7970922,-35.8608,-1.5739799,2.8245397,-11.42919,-0.49405652,7.1426077,-33.170406,-1.3623924,0.5494226,-47.1472,-7.0659504,1.0449685,-25.0755,-4.935483,12.9272,-38.14261,-4.5916777,0.9941217,-51.63556,-2.649373,-2.3239868,-30.707823,-22.696053,17.232798,-5.6528926,8.598838,4.3498545,-38.66586,-6.185862,6.0772896,-53.972847,-1.2012597,-4.92887,-29.574705
35.630783,-60.21845,-18.188885,28.432177,-3.1607618,-14.181555,-8.021534,7.558626,-17.270958,9.437394,-6.652268,4.8170586,3.6413975,0.8513446,-14.723769,-2.779737,0.80338794,-23.678614,-1.6872675,2.8461835,-4.3353267,-0.5182303,7.98859,-22.68416,-1.3236123,0.51819503,-27.733097,-5.9004173,0.38524047,-11.483099,-4.8797984,14.039641,-26.362242,-4.270032,0.63550365,-31.971098,-1.8924407,-2.8240352,-18.146246,-22.43942,17.038225,-5.5787563,8.96562,8.233538,-24.512684,-5.5454903,5.2948537,-33.0275,-0.68975556,-5.1665163,-16.80526
32.52732,-54.84225,-15.627861,25.350111,-7.6826363,-15.430152,-7.4255347,6.9974365,-16.026012,8.545197,-6.169484,2.0949578,3.1858437,-0.4520676,-8.768731,-2.6161897,0.78541625,-19.798466,-1.632261,2.6954777,-2.1749477,-0.57525337,7.213891,-10.677122,-1.268531,0.50297534,-18.0262,-4.959655,-0.018277977,-3.23712,-4.650939,12.681266,-12.037612,-3.906115,0.4666956,-21.060385,-1.4690435,-2.9486911,-10.699268,-20.714933,15.729586,-5.1833076,8.852342,8.777204,-8.209517,-4.918536,4.524205,-19.629322,-0.41852185,-4.9748144,-8.668539
32.57424,-55.51556,-14.618139,25.829603,-7.291833,-15.420669,-7.565218,7.109998,-15.638674,8.783926,-6.261915,3.540914,3.211851,0.33085877,-7.37836,-2.6477337,0.7936678,-18.634283,-1.6851313,2.7464242,-0.86669165,-0.5573431,7.703208,-11.855345,-1.276958,0.5043786,-19.858402,-5.1327677,0.053163864,-4.6749225,-4.6806135,13.1420965,-14.075478,-3.9731917,0.5258718,-23.594585,-1.6091361,-2.896242,-12.833561,-21.06619,15.977783,-5.2505827,8.891327,8.96057,-11.002429,-5.0299306,4.702448,-22.802765,-0.49222898,-4.989878,-11.00896
33.185825,-56.42073,-15.85977,26.174295,-7.075665,-15.406156,-7.475803,7.0836215,-18.328049,8.520238,-6.2249613,-0.58423525,3.3731446,1.8314472,-9.476688,-2.661202,0.7820908,-29.36496,-1.5637046,2.692292,-8.27557,-0.48836315,8.272753,-19.526007,-1.3048427,0.5343624,-37.0884,-6.319562,0.80703044,-18.838924,-4.631476,13.446819,-24.515806,-4.2087398,0.8749517,-41.7296,-2.457918,-2.2805967,-26.60255,-21.187624,16.113064,-5.298214,8.530275,7.4155264,-23.929932,-5.549703,5.4663644,-42.15129,-1.0489444,-4.6807194,-25.261864
37.49233,-62.239777,-22.061684,28.88664,-4.515265,-15.125019,-7.7924714,7.4926877,-23.786787,8.792968,-6.578403,-5.462017,3.9544187,3.5386274,-19.292011,-2.80121,0.7841,-46.809093,-1.4596251,2.742394,-19.339737,-0.39072385,9.038279,-37.04561,-1.3773252,0.5803132,-63.784298,-8.189542,1.8401716,-38.538277,-4.8136735,14.455058,-45.897327,-4.770257,1.3792076,-69.155365,-3.551119,-1.6401892,-45.110058,-22.91044,17.387907,-5.682879,8.400673,5.128077,-47.150135,-6.5334177,6.768202,-70.06004,-1.7170646,-4.609266,-42.805515
41.315548,-67.630615,-26.249353,31.20158,-3.753834,-15.708458,-8.1691065,7.9354515,-28.57112,9.013776,-6.9340644,-10.935375,4.4214325,4.9791775,-25.524902,-2.9499762,0.790985,-61.493702,-1.3927015,2.8206968,-28.79268,-0.30389994,9.952306,-50.170948,-1.4469676,0.622214,-86.9084,-9.952735,2.7820983,-56.19086,-5.040148,15.524508,-61.791622,-5.3052235,1.8231033,-93.45848,-4.6108146,-1.063699,-62.386044,-24.563066,18.666885,-6.0797496,8.534328,3.4830241,-64.39512,-7.4633875,7.986643,-94.49523,-2.3726447,-4.5709033,-59.818573
40.50559,-65.626816,-27.436174,30.324764,-2.8232858,-14.810295,-7.8563523,7.6719656,-28.657822,8.59335,-6.6998887,-12.443275,4.4122915,4.5557957,-28.675003,-2.8805306,0.7783367,-62.90242,-1.3323054,2.7373092,-30.331245,-0.30588037,9.361407,-51.35533,-1.4302558,0.6212367,-86.73524,-9.72805,2.7239847,-55.72436,-4.9016,14.753134,-61.996563,-5.1932945,1.8020346,-92.580154,-4.496862,-1.0535861,-60.94975,-23.736692,18.036556,-5.902532,8.251234,2.717228,-63.03599,-7.26235,7.725363,-91.94175,-2.2796478,-4.461947,-57.237606
38.25068,-61.49666,-26.725628,28.50844,-2.336081,-13.789422,-7.443413,7.2549453,-26.29275,8.228535,-6.385348,-9.888261,4.103741,3.8270402,-25.09914,-2.76787,0.7740729,-53.546635,-1.3565345,2.6767404,-24.59027,-0.35064474,8.507863,-44.79464,-1.3884304,0.5965251,-74.234856,-8.75019,2.2130065,-46.789173,-4.69444,13.6228895,-53.577496,-4.8520117,1.550001,-79.4311,-3.9286482,-1.3217409,-51.53222,-22.312698,16.961535,-5.577331,7.893958,2.6238055,-55.277588,-6.7329574,6.9986157,-79.817184,-1.9667091,-4.3617396,-48.870346
36.86457,-58.95709,-25.47467,27.663439,-1.872015,-13.165009,-7.495447,7.1919127,-21.211702,8.674496,-6.419245,-0.94990003,3.7552984,1.1274109,-20.290394,-2.719864,0.7876862,-34.12044,-1.5292356,2.7458377,-11.444493,-0.48870218,6.953015,-31.350914,-1.3412738,0.54703295,-45.26576,-6.8485785,0.97051686,-24.46112,-4.7326336,12.484673,-35.730247,-4.4308124,0.951578,-49.482395,-2.6007516,-2.2690814,-29.330235,-21.619087,16.447393,-5.4176164,8.198848,4.2100387,-36.7796,-5.9788065,5.801946,-51.667294,-1.1886622,-4.733011,-28.753937
41.231556,-65.85647,-28.891005,31.479712,2.1256096,-12.52078,-8.295388,8.000256,-22.853909,9.927841,-7.180164,3.1976738,4.2215977,1.0755098,-25.554756,-2.9513738,0.8293114,-29.49674,-1.7514919,3.061236,-6.250102,-0.5041182,7.344748,-35.44869,-1.3928506,0.535414,-39.028572,-6.756796,0.5334554,-17.580755,-5.2284794,13.712419,-38.388905,-4.7460938,0.77953124,-43.000713,-2.1649616,-2.9573665,-21.778345,-24.022137,18.26812,-5.978976,9.172103,5.133175,-37.313953,-6.273041,5.8974023,-44.523804,-0.8532119,-5.4902363,-20.915236
39.975327,-64.78588,-26.160511,31.52782,5.3160014,-10.79899,-8.189431,7.9104605,-22.168064,10.027629,-7.108047,5.7567625,4.267496,1.3992987,-27.490582,-2.9329543,0.8301914,-25.901863,-1.7880657,3.0453053,-4.275736,-0.4943992,7.348615,-37.131664,-1.3763545,0.5241221,-32.85687,-6.31645,0.3882683,-13.80796,-5.142877,13.862824,-39.305832,-4.5883965,0.6639617,-36.839977,-1.8542016,-3.083382,-17.626137,-23.705044,17.98881,-5.9106727,9.065463,5.9255595,-36.0637,-5.984286,5.618912,-37.62911,-0.66342527,-5.5154276,-16.280016
39.74168,-66.1146,-22.425123,31.904129,4.1886606,-11.624773,-8.436083,8.108004,-21.841137,10.288733,-7.229138,5.7095747,4.273797,1.0542998,-26.629639,-2.970859,0.83263063,-24.904951,-1.81577,3.0660732,-4.503596,-0.50893825,7.97842,-33.13434,-1.3685305,0.5143591,-25.871063,-6.001713,0.20385417,-8.74426,-5.221549,15.039777,-34.437653,-4.5268383,0.52841043,-29.015146,-1.5959764,-3.2870414,-13.819358,-24.312645,18.384298,-6.0272923,9.574715,8.594533,-28.273096,-5.7704086,5.3997326,-27.76908,-0.45449805,-5.7376394,-10.834622
37.13303,-62.807182,-18.936201,29.719128,-0.23756781,-13.250011,-8.177582,7.7910004,-19.931316,9.799352,-6.939659,4.441748,3.8744738,0.23559475,-19.6548,-2.8708968,0.82228863,-21.467865,-1.7889204,2.9682896,-2.9518971,-0.55182934,7.7376466,-24.350964,-1.3365334,0.5105865,-20.832998,-5.690448,0.14036638,-6.326261,-5.0770764,14.515104,-25.281864,-4.312778,0.4827641,-24.868376,-1.615801,-3.156266,-13.23111,-23.291538,17.64693,-5.792078,9.528091,9.481342,-18.934458,-5.5284786,5.181781,-24.106642,-0.5212381,-5.48845,-11.317834
36.889748,-64.1411,-14.161049,30.693062,-2.1832557,-14.700098,-8.6122055,8.148496,-18.983257,10.33156,-7.177677,6.6936774,3.866946,0.408329,-15.336347,-2.951403,0.8324917,-19.301579,-1.8620337,3.046779,-0.59964985,-0.56679195,8.417925,-20.229074,-1.3466952,0.5072931,-16.773026,-5.64577,0.10797643,-3.1640294,-5.281988,15.2603245,-20.870384,-4.372556,0.45176965,-21.217148,-1.5506188,-3.2812076,-12.03445,-24.265741,18.369913,-6.0036435,10.178716,11.047337,-13.114452,-5.5327425,5.267155,-20.416483,-0.46079528,-5.7062063,-9.719961
36.544804,-63.227345,-14.291914,30.163017,-3.940345,-15.425649,-8.54912,8.071239,-18.425053,10.184399,-7.098326,6.286597,3.7590258,0.26557922,-13.247292,-2.923059,0.8278959,-19.30809,-1.8416942,3.0157979,-0.39228654,-0.5733558,8.400749,-17.530302,-1.3387191,0.5058337,-16.625395,-5.522154,0.05771865,-2.202177,-5.2472363,15.026637,-18.408121,-4.3375854,0.4541231,-20.922153,-1.5059707,-3.2860293,-11.272036,-24.016584,18.182898,-5.938768,10.127014,10.9029875,-11.387923,-5.4607773,5.1767116,-19.656761,-0.41562307,-5.6711135,-8.744591
38.39566,-67.00412,-14.1834545,32.159687,-3.369686,-15.950901,-9.062516,8.550853,-18.86856,10.919871,-7.504013,8.640074,3.9356704,0.54727775,-13.345915,-3.0505183,0.8473442,-18.294086,-1.9443069,3.1643388,1.4875244,-0.5774301,8.910462,-18.799154,-1.3678367,0.5042349,-16.233192,-5.701271,0.024353407,-1.2443129,-5.521705,15.859962,-19.951172,-4.534116,0.44517994,-20.756138,-1.4792165,-3.4705696,-10.782012,-25.504793,19.27488,-6.2582703,10.683573,11.367372,-12.820348,-5.6964,5.427975,-20.176744,-0.36573398,-5.9921665,-8.314398
36.375877,-64.11728,-12.34371,31.27039,-1.7865796,-14.642742,-8.772805,8.272237,-17.636326,10.760923,-7.2645416,11.097738,3.814943,0.77319616,-12.448404,-2.9733248,0.8386469,-15.477711,-1.9391812,3.0916228,3.3724546,-0.5796776,8.41033,-18.290977,-1.3431801,0.49697062,-13.966091,-5.315384,-0.054991998,0.50832474,-5.3631845,14.94825,-19.23168,-4.3540545,0.41041237,-18.112543,-1.3056872,-3.4374413,-8.732925,-24.547186,18.567156,-6.0448956,10.290197,10.445722,-12.996389,-5.4404283,5.191298,-18.785666,-0.27541313,-5.822109,-6.7640676
36.813446,-64.75472,-13.940287,31.605835,-0.019354768,-13.770729,-8.789524,8.257858,-17.473845,10.766022,-7.25806,10.903781,3.9739826,1.7971791,-16.293404,-2.9746585,0.8385571,-21.396772,-1.9013283,3.0869796,-0.05377902,-0.52429503,8.617959,-28.404947,-1.368258,0.51972747,-28.922523,-6.336897,0.49422437,-12.274874,-5.2583904,15.241176,-32.426178,-4.5800934,0.7425436,-35.98933,-2.1714547,-2.8745291,-22.13016,-24.506014,18.56878,-6.041533,9.786288,9.234091,-27.354385,-5.961639,5.8880854,-37.621502,-0.7961767,-5.527229,-20.245201
37.78457,-65.66374,-15.601971,32.041885,0.006599784,-13.900761,-8.801057,8.296059,-19.154865,10.632098,-7.2712817,7.802981,4.117686,2.324247,-19.430145,-2.9919982,0.831098,-29.750849,-1.8170328,3.0631714,-5.3501973,-0.4787193,8.632139,-35.57772,-1.3944814,0.5440032,-43.082737,-7.3124914,1.0714958,-23.591547,-5.255993,15.181315,-41.384586,-4.813958,1.0441015,-51.650566,-2.887479,-2.389213,-33.568863,-24.753435,18.77533,-6.0996246,9.588006,7.680709,-36.628376,-6.4302387,6.5257163,-53.489902,-1.2395108,-5.312923,-31.190907
35.67136,-60.401024,-17.769772,28.822989,-2.7625606,-14.0741625,-7.9380465,7.530557,-20.032831,9.2041025,-6.59084,0.5297715,3.8576143,2.721027,-18.433815,-2.7921748,0.79400027,-37.849834,-1.5791214,2.794645,-12.332739,-0.4283366,8.266203,-35.775997,-1.3633265,0.5623307,-54.664394,-7.6563835,1.5260211,-32.700634,-4.8138456,13.882927,-43.239243,-4.655025,1.2701657,-62.4321,-3.3387268,-1.7888584,-41.249317,-22.600632,17.176365,-5.622122,8.540225,5.6112,-41.095726,-6.336685,6.528036,-63.722828,-1.5661979,-4.6568794,-38.767746
37.03806,-60.919727,-22.545656,28.281538,-4.646923,-14.946214,-7.561423,7.3307233,-25.612747,8.365318,-6.4020653,-9.348843,4.0234246,3.1831412,-23.418339,-2.7656615,0.7666179,-54.910515,-1.348171,2.650956,-25.113092,-0.377943,8.28303,-41.676098,-1.3814919,0.59673893,-73.42153,-8.659457,2.230918,-45.796394,-4.763319,13.455995,-50.313786,-4.8440905,1.5733448,-79.173035,-3.9552896,-1.2703856,-52.35008,-22.450354,17.06901,-5.609693,8.193999,3.2489486,-50.095406,-6.696531,7.0413823,-78.83082,-1.9598202,-4.3781962,-48.921913
36.17448,-59.42804,-23.119234,26.528896,-9.673769,-17.079134,-7.1571827,7.0253997,-28.57236,7.4490976,-6.100685,-18.157768,3.8466725,3.1396348,-20.730728,-2.6972241,0.7356692,-64.56254,-1.1427581,2.481148,-34.30605,-0.37866366,8.819503,-35.18555,-1.3650959,0.606864,-77.16745,-8.743035,2.4132771,-48.158806,-4.6530743,13.615656,-43.833588,-4.744513,1.5708431,-79.76006,-3.980046,-1.1286428,-53.359398,-21.807236,16.60739,-5.4799776,8.105247,3.6679816,-45.4152,-6.526663,6.8601894,-77.19151,-1.9780082,-4.222801,-49.479843
35.07135,-57.188118,-22.808462,25.136786,-11.897481,-17.746511,-6.9906325,6.8382435,-26.462671,7.2971525,-5.9899273,-16.318068,3.5614727,1.6164842,-16.144932,-2.627366,0.736319,-55.815956,-1.1934216,2.4776828,-28.225742,-0.46120372,8.19707,-23.779774,-1.3269756,0.57812613,-61.066303,-7.5675497,1.6360404,-34.838795,-4.6174583,12.987483,-29.864872,-4.468902,1.2286307,-62.363308,-3.2122924,-1.6776049,-40.195347,-21.062813,16.052366,-5.309252,8.274603,4.886424,-31.209492,-5.9886017,6.0088167,-58.707672,-1.4941252,-4.399381,-36.566864
33.71612,-55.335686,-20.239231,24.779028,-10.976862,-17.042656,-7.1697326,6.865591,-20.516298,7.89141,-6.0716014,-6.3571734,3.2646294,-0.28553027,-10.919039,-2.6007173,0.76455665,-34.10742,-1.4487869,2.6084907,-12.112234,-0.56283325,7.3371,-12.714205,-1.2871269,0.529388,-33.809284,-5.8255196,0.4645908,-13.777486,-4.643654,12.517345,-15.351911,-4.1165876,0.7353044,-35.78592,-2.0695608,-2.5486157,-20.432806,-20.657322,15.723607,-5.1928043,8.678128,7.145221,-13.719711,-5.2878504,4.949463,-32.648865,-0.7718686,-4.779126,-17.344723
36.209614,-59.33462,-21.475002,26.658451,-11.594914,-18.161934,-7.613926,7.315289,-22.360407,8.437504,-6.4691153,-6.5714674,3.4723182,-0.48699433,-12.674264,-2.7159657,0.7778227,-37.825024,-1.4899588,2.7249315,-13.537015,-0.58149284,7.5180917,-14.371665,-1.3193662,0.5353667,-37.352287,-6.2375107,0.53113586,-15.38725,-4.941548,13.078962,-17.112408,-4.377311,0.7879294,-39.354385,-2.2154763,-2.6423001,-22.597492,-22.155943,16.851501,-5.5203056,9.276785,7.311754,-14.992761,-5.640678,5.3110805,-36.08462,-0.8265896,-5.063819,-19.27358
36.871296,-60.572845,-21.421326,27.58729,-9.751305,-17.506792,-7.755376,7.453909,-22.74239,8.6945715,-6.5812936,-5.3498273,3.6130106,-0.010117097,-14.728259,-2.7587023,0.7846691,-38.800503,-1.5186007,2.7655048,-13.327967,-0.5600908,7.516163,-19.201628,-1.3373594,0.54334915,-41.694942,-6.613325,0.7540005,-18.998657,-5.002503,13.124178,-22.713615,-4.4899793,0.89107347,-44.52439,-2.4370446,-2.5116992,-26.285192,-22.604824,17.177109,-5.619208,9.311859,6.7274704,-19.72374,-5.8674808,5.6428857,-42.26653,-0.9813801,-5.052633,-23.142408
34.794487,-57.491528,-19.284266,26.509464,-8.08791,-16.102385,-7.58595,7.2129474,-19.53323,8.554246,-6.3640285,-2.3774972,3.470522,-0.52682084,-14.280057,-2.6866612,0.78273386,-32.042076,-1.5307069,2.7175162,-9.521099,-0.5642616,7.05543,-18.227703,-1.3151476,0.5317905,-34.620834,-6.1846666,0.5657447,-15.520896,-4.8044505,12.797589,-20.69287,-4.277989,0.7809993,-38.400276,-2.2600336,-2.5449512,-22.91019,-21.544308,16.428492,-5.3996873,9.016924,7.3722854,-16.025244,-5.591795,5.30153,-37.015,-0.9090507,-4.911774,-20.129221
33.94492,-56.775818,-18.046484,26.185383,-7.772438,-15.798612,-7.434101,7.0945916,-19.868135,8.527545,-6.276696,-1.3242332,3.4099135,-0.15999727,-13.212982,-2.6520915,0.7746224,-33.506172,-1.5208638,2.6707282,-9.94022,-0.57081604,6.519981,-18.942627,-1.305457,0.5353584,-37.94116,-6.2077847,0.7183333,-17.742226,-4.7865705,11.724125,-22.391489,-4.2513914,0.8646257,-42.203857,-2.366591,-2.3520017,-25.86578,-21.232906,16.188906,-5.32319,8.760821,5.5329776,-20.295542,-5.6200004,5.4734287,-42.389454,-1.0086145,-4.7369313,-24.052849
31.507349,-53.79538,-13.974514,25.287786,-5.8867707,-14.391523,-7.3222117,6.905978,-16.270311,8.491162,-6.060391,2.4292092,3.2669568,0.07512309,-11.176973,-2.5968475,0.7742337,-23.608906,-1.5712893,2.6327229,-4.7829404,-0.55158037,6.9827685,-15.760982,-1.2703134,0.5119698,-24.062778,-5.330923,0.33037338,-8.9935255,-4.573129,12.332766,-17.940147,-3.9236372,0.6045175,-28.00034,-1.7890079,-2.628118,-16.667212,-20.387405,15.52258,-5.130723,8.577783,7.77591,-13.842377,-5.028595,4.789349,-27.144587,-0.63468814,-4.768067,-14.425113
29.497843,-49.57789,-13.99349,22.815878,-8.707231,-14.91557,-6.7272224,6.3860393,-16.537786,7.593565,-5.603681,-1.6756309,2.9928606,-0.5694195,-9.245979,-2.4557323,0.7525506,-24.43336,-1.4685036,2.4733884,-6.776163,-0.566965,6.6135526,-9.21677,-1.2279385,0.503616,-19.928345,-4.6699095,0.08623218,-4.8516555,-4.331064,11.462736,-10.02736,-3.6423132,0.48998016,-21.718193,-1.4349287,-2.6950746,-11.49939,-18.881105,14.388148,-4.7941113,8.227742,7.7903576,-5.8677506,-4.528439,4.1633463,-18.20696,-0.3928289,-4.5923357,-8.129895
30.966217,-52.79821,-13.405457,24.97958,-5.427178,-13.998322,-7.189635,6.7948136,-15.648881,8.5212555,-5.9988527,4.9021177,3.1187186,-0.4091771,-8.875125,-2.5677073,0.7797489,-16.21977,-1.6458699,2.635163,0.17974295,-0.58207726,6.706826,-10.373041,-1.2444303,0.49257582,-12.454778,-4.419171,-0.1178415,1.061516,-4.554492,11.923891,-10.96428,-3.6959028,0.3650486,-14.825508,-1.0950074,-3.022017,-6.021149,-20.099646,15.239989,-5.0364957,8.608681,8.193189,-7.1841874,-4.575447,4.231585,-14.014938,-0.2146249,-4.9031844,-4.029374
31.732433,-55.07883,-12.185209,26.890532,-2.0848577,-12.890615,-7.665141,7.192097,-14.682173,9.202532,-6.2999115,7.883812,3.4264781,0.83866584,-12.612654,-2.6774511,0.7954302,-16.7815,-1.7277908,2.7651432,0.906917,-0.5306634,7.559174,-19.282919,-1.2812945,0.5011964,-18.626747,-5.0813723,0.12960127,-4.8410764,-4.6635485,13.238458,-21.418034,-3.955627,0.5361783,-23.608515,-1.5603532,-2.8675761,-12.988252,-21.153812,16.029938,-5.2841287,8.792316,8.778268,-15.199221,-4.982487,4.743335,-22.725159,-0.44209653,-5.014977,-9.95319
34.23998,-59.411285,-13.608112,29.189919,-0.37710932,-12.900044,-8.15906,7.6625094,-16.305134,9.875545,-6.7071753,8.698358,3.7561622,1.4566793,-16.810867,-2.8118753,0.81097984,-21.936623,-1.7765088,2.8980026,-1.202989,-0.49982423,7.9006205,-28.517942,-1.3311881,0.5197091,-29.906128,-6.065832,0.5580123,-13.687644,-4.899624,13.977332,-32.34404,-4.332214,0.77968574,-36.96153,-2.156763,-2.6322956,-22.48296,-22.669905,17.169832,-5.625453,9.049953,8.078095,-26.155195,-5.62279,5.544864,-37.28581,-0.7936889,-5.124886,-19.387585
36.521538,-62.35309,-16.696386,30.35816,-0.41357845,-13.391309,-8.351943,7.873139,-18.40014,10.066356,-6.9162107,7.1029487,3.9392743,1.9786941,-19.087547,-2.8735013,0.8141845,-29.44963,-1.7411289,2.9372025,-5.525784,-0.46810564,8.019931,-35.59517,-1.3682039,0.5447516,-44.25324,-7.134124,1.1089913,-24.810478,-5.0083566,14.163182,-41.72958,-4.6363144,1.0540547,-52.21415,-2.839332,-2.2404704,-33.496853,-23.530176,17.811611,-5.8052855,8.952049,6.511036,-38.588017,-6.2428255,6.343918,-54.97663,-1.258922,-5.0135107,-31.481674
39.77773,-64.4573,-25.880796,30.131191,-3.384869,-14.979571,-7.808726,7.646912,-28.862728,8.631581,-6.684,-11.716694,4.3533716,3.3847013,-28.865623,-2.8704653,0.7697748,-61.607582,-1.3206797,2.713823,-29.831635,-0.35384762,8.549968,-47.94525,-1.4183264,0.6140035,-80.714714,-9.339365,2.5420506,-51.280586,-4.9781437,13.9501295,-56.49026,-5.0847735,1.6523477,-85.30969,-4.183211,-1.2309787,-56.385056,-23.59802,17.953188,-5.8861027,8.458543,2.5524664,-56.320446,-7.0900645,7.4916277,-85.4334,-2.1205733,-4.533106,-52.917606
36.503918,-58.475376,-25.270668,26.990974,-4.4325705,-14.27399,-6.977049,6.878036,-28.48057,7.4524126,-5.9786615,-15.7703495,4.0629745,3.188055,-28.490734,-2.6691198,0.73213243,-64.22286,-1.1312342,2.4365635,-34.35513,-0.336614,7.952329,-45.785355,-1.3666897,0.6162282,-80.992355,-8.992107,2.6809542,-52.809444,-4.534459,12.71763,-53.89444,-4.7100134,1.6365813,-83.78878,-4.116449,-0.9188471,-56.29354,-21.320528,16.249098,-5.378299,7.5719724,1.7342812,-54.443806,-6.6027446,7.0410438,-83.2466,-2.1225424,-4.0198674,-52.54117
33.918613,-54.143646,-23.88298,24.804007,-4.6428547,-13.504659,-6.497187,6.383471,-26.429077,6.8685226,-5.5356374,-15.479682,3.8060555,3.1309893,-26.293663,-2.528399,0.7133523,-61.288887,-1.0612478,2.2795823,-33.69599,-0.33169305,7.685664,-42.443157,-1.3236393,0.6066957,-76.16531,-8.397804,2.5367312,-49.7559,-4.2104073,12.122844,-50.62751,-4.395165,1.5511982,-78.35582,-3.8544402,-0.865364,-52.682716,-19.773903,15.055146,-5.014687,6.95594,1.8648787,-52.153233,-6.137387,6.550829,-77.49856,-1.9764898,-3.7477427,-48.894447
34.238586,-54.52837,-24.45453,25.262775,-3.026303,-12.75211,-6.557216,6.4172773,-25.76085,7.06019,-5.5788326,-13.086746,3.8428895,2.880716,-27.837872,-2.5376596,0.72293526,-59.5933,-1.1090798,2.3116515,-31.809246,-0.33450836,7.2410693,-46.113728,-1.3309045,0.6075191,-78.08095,-8.537655,2.6275215,-51.691452,-4.2152443,11.781683,-54.630203,-4.434709,1.60785,-81.481125,-3.9576287,-0.7859721,-54.546986,-19.861595,15.103986,-5.0211434,6.844559,1.0980797,-56.327515,-6.252728,6.727055,-82.10533,-2.0627058,-3.6964736,-51.436928
35.861706,-57.889885,-23.69903,27.166386,-2.4565449,-13.18132,-7.075174,6.8871346,-25.476269,7.906906,-6.0224423,-9.018214,3.978568,2.334898,-28.06129,-2.6482396,0.7430121,-57.123943,-1.23663,2.474703,-28.157701,-0.37441513,7.0042405,-46.668865,-1.3561926,0.6036057,-76.446945,-8.6475935,2.4982626,-49.901016,-4.517705,11.970178,-55.074398,-4.635883,1.5946894,-81.187225,-3.9642491,-0.9826305,-54.150085,-21.194328,16.101099,-5.3140798,7.4288373,1.235662,-56.017197,-6.5437737,7.00844,-83.31069,-2.0621057,-3.9930677,-51.639492
35.942272,-59.248608,-21.365465,28.198467,-0.21154869,-12.364503,-7.4911976,7.1530557,-21.660902,8.686314,-6.276121,-1.3224231,3.9373624,2.9111674,-24.291409,-2.7072883,0.77877724,-45.222855,-1.4535311,2.6479769,-18.186996,-0.365874,7.5550237,-47.324352,-1.3666624,0.588891,-70.36736,-8.488592,2.2586532,-46.278805,-4.553339,12.900639,-56.807354,-4.667981,1.5477966,-77.895905,-3.8965724,-1.1584533,-52.032726,-21.764093,16.501886,-5.4102163,7.5558434,2.6773305,-57.835075,-6.598429,7.057818,-82.33984,-2.0166674,-4.1357193,-50.8123
37.698814,-60.945816,-24.752716,28.83188,-0.057989657,-12.553616,-7.5419254,7.2824593,-23.793264,8.626356,-6.4164085,-4.279853,4.084715,3.2577305,-25.971348,-2.7581718,0.786216,-47.808525,-1.455597,2.712253,-19.649748,-0.3542139,7.874595,-48.274242,-1.3860517,0.5937222,-72.971504,-8.696491,2.232351,-46.95873,-4.6630054,13.169845,-57.218693,-4.807397,1.5524622,-79.39133,-3.9144955,-1.2836983,-51.801777,-22.216005,16.868742,-5.5393147,7.765573,2.356614,-58.035114,-6.7496543,7.105044,-82.41512,-2.0038815,-4.2917013,-50.240788
37.178226,-60.186928,-24.327063,28.197863,-1.8427422,-13.296335,-7.444525,7.1971517,-23.88724,8.4059515,-6.3314004,-5.8163266,3.9940286,3.2524695,-23.855045,-2.7289386,0.7757665,-48.424843,-1.4118581,2.66564,-20.497572,-0.3645891,8.067553,-43.68654,-1.3725083,0.5900215,-69.956436,-8.410549,2.0846283,-43.786697,-4.6377087,13.224022,-52.48788,-4.73205,1.4891456,-75.493576,-3.7347462,-1.3823283,-48.810093,-21.99795,16.698366,-5.4866548,7.810531,2.909957,-53.60814,-6.577605,6.868859,-77.24354,-1.8751286,-4.3206205,-46.743076
33.340042,-54.12932,-21.678104,24.76037,-5.95108,-14.192397,-6.8481345,6.5842447,-21.156591,7.629262,-5.8147817,-6.055565,3.44583,0.6637489,-18.366703,-2.5401068,0.75177515,-40.469677,-1.3584872,2.4878817,-16.58848,-0.48190242,6.6034718,-27.406311,-1.2968154,0.5566468,-50.11186,-6.7345743,1.2552578,-27.715311,-4.406423,11.5181675,-32.432274,-4.1824136,1.0862224,-53.457268,-2.7698214,-1.8356848,-33.052628,-19.966454,15.1710825,-5.0237985,7.7540674,4.0728183,-31.340836,-5.6277285,5.6201916,-53.133198,-1.2764927,-4.2634497,-30.459785
30.921331,-51.906628,-14.759527,24.156162,-7.1172576,-14.561555,-6.935005,6.5921736,-17.686804,7.8734627,-5.822,-1.6317303,3.1768715,-0.8667061,-12.687586,-2.5212066,0.76274323,-25.11357,-1.5252287,2.56839,-5.9639883,-0.586257,6.363362,-11.990006,-1.2528514,0.51198375,-21.54366,-4.983329,0.08185821,-5.9221373,-4.4836135,11.635207,-11.697428,-3.8075945,0.55381113,-25.092667,-1.6617554,-2.72099,-13.616384,-19.660362,14.962389,-4.9561286,8.652168,8.049314,-3.9416282,-4.7930784,4.398613,-20.976791,-0.51402986,-4.7267528,-9.903297
30.084225,-51.854748,-12.308586,25.86835,0.7663528,-10.841773,-6.99972,6.6809144,-18.140158,7.9256973,-5.7666736,-2.6739488,3.6904504,1.9106007,-24.851261,-2.5850947,0.75848514,-30.376022,-1.5056345,2.5741022,-10.392034,-0.47326654,7.5350146,-26.845522,-1.2696466,0.51629007,-26.54952,-5.26038,0.3235055,-10.440201,-4.3466144,13.145826,-26.441128,-3.909267,0.7504798,-32.41759,-1.9633476,-2.5206482,-18.768393,-19.816883,15.016829,-5.016555,8.561736,8.889138,-9.501592,-4.6756654,4.390512,-20.083181,-0.43717214,-4.805881,-8.706331
29.50842,-51.579815,-10.324234,26.479279,2.7057567,-9.968742,-7.1050897,6.779909,-17.698706,8.112535,-5.807551,-1.3262397,3.793004,2.4353926,-26.841766,-2.6159797,0.7602093,-29.743782,-1.5434153,2.614496,-9.455255,-0.46669516,7.6474714,-28.428219,-1.2744184,0.5120312,-25.086796,-5.1094055,0.19717503,-8.957516,-4.392454,13.264046,-27.386726,-3.9398894,0.75492024,-31.778017,-1.9227055,-2.5953977,-18.204752,-20.065462,15.155264,-5.0652127,8.743298,8.962973,-7.5665674,-4.6055098,4.2830095,-17.76051,-0.31491095,-4.924959,-6.3553843
32.852734,-57.585464,-11.073736,29.526241,2.9517224,-11.107454,-7.9432907,7.5556216,-18.701357,9.086038,-6.4467177,-0.40229368,4.1391845,2.8441741,-28.935959,-2.8211408,0.7871215,-31.55623,-1.6584119,2.84384,-9.392988,-0.46015716,8.7850895,-31.725449,-1.3269191,0.5150852,-27.176188,-5.613776,0.1904886,-9.7404175,-4.802131,15.157657,-31.187872,-4.326168,0.79742885,-34.91427,-2.0751545,-2.8183725,-20.083496,-22.432081,16.914131,-5.5906787,9.638795,10.425293,-9.785838,-5.0587926,4.7153397,-19.53416,-0.31177786,-5.4385214,-7.015963
29.50374,-51.110046,-10.892075,26.115194,2.6673746,-9.870639,-7.164933,6.7650685,-15.55098,8.27488,-5.801565,1.6906765,3.6989143,2.5336828,-24.247883,-2.5925765,0.7664025,-25.58169,-1.5783012,2.6191368,-6.6816273,-0.447527,7.861372,-28.928679,-1.2674162,0.5077274,-24.715897,-5.0612373,0.19026968,-9.244444,-4.3099575,13.506006,-29.39433,-3.9089522,0.75565076,-31.960873,-1.9117311,-2.5529263,-18.400871,-19.95962,15.033629,-5.015571,8.403581,8.901724,-13.456292,-4.6260805,4.3366294,-20.643944,-0.34808087,-4.8457055,-7.9530396
28.013672,-48.57533,-10.530752,24.575684,2.226934,-9.476811,-6.764851,6.4058948,-14.912123,7.9360533,-5.5439105,3.1417675,3.4457815,1.783287,-20.399826,-2.4906015,0.7585789,-21.374882,-1.5494671,2.5166981,-4.5495653,-0.475851,6.9727235,-24.3856,-1.2363514,0.5001393,-19.700436,-4.6628895,0.1337511,-6.475552,-4.170767,12.128758,-24.578331,-3.6565976,0.6169025,-25.640587,-1.6266105,-2.5564148,-14.414852,-18.757555,14.232665,-4.770966,7.982376,7.8707495,-12.293073,-4.401209,4.1139736,-18.23198,-0.3350773,-4.6006556,-7.1471477
38.55834,-64.51532,-21.769995,30.455494,-3.069404,-14.986771,-8.057277,7.825475,-26.152723,8.966094,-6.810183,-9.487053,4.302882,2.5222478,-27.93591,-2.9111636,0.7794651,-48.71286,-1.4764924,2.827149,-21.94829,-0.44943538,9.131487,-33.509647,-1.377603,0.55772275,-48.071774,-7.170478,1.0436807,-24.123552,-5.1189075,15.193384,-36.66367,-4.747362,1.039823,-52.17686,-2.7088335,-2.44546,-31.160988,-23.825182,18.098755,-5.9434137,9.579933,7.6871614,-27.064077,-6.025109,5.886776,-42.523045,-0.9369346,-5.3536525,-22.783976
41.006706,-68.17992,-23.77058,31.887215,-4.86791,-16.587013,-8.461166,8.224277,-28.042557,9.345063,-7.1477084,-10.974735,4.4596424,2.478495,-28.175526,-3.0126626,0.78837335,-54.680058,-1.4752023,2.9158106,-24.850807,-0.4460911,9.418521,-35.958954,-1.4166217,0.5742944,-57.49764,-7.973441,1.3735877,-30.51511,-5.3687153,15.677698,-40.393475,-5.064005,1.2053463,-61.712593,-3.1310644,-2.3120267,-37.851624,-25.174377,19.10894,-6.239818,9.964977,7.0919476,-32.497692,-6.5600715,6.5065527,-53.447872,-1.2131119,-5.4706264,-29.934818
41.28173,-68.45345,-24.09821,31.926825,-5.5447044,-16.966288,-8.451418,8.225778,-28.950752,9.294375,-7.143707,-12.076128,4.4810295,2.9164822,-28.074162,-3.012847,0.78538036,-59.881615,-1.423956,2.8873236,-28.157864,-0.41643748,9.479298,-40.04592,-1.4322337,0.59260577,-68.33119,-8.700388,1.8570753,-39.385654,-5.349351,15.606788,-46.34656,-5.199458,1.4193649,-72.93725,-3.6450098,-1.9166775,-46.564957,-25.297722,19.200705,-6.26079,9.721687,5.9747305,-40.88614,-6.9143662,7.043924,-67.08152,-1.5911663,-5.24538,-39.761112
40.246258,-67.48025,-21.75778,31.729794,-5.1026106,-16.624666,-8.484193,8.205822,-26.933758,9.487236,-7.1393704,-8.560159,4.35744,2.3059905,-25.944805,-2.9968216,0.7915603,-53.08991,-1.4939442,2.9078038,-23.352598,-0.45321095,9.09678,-36.343494,-1.4164724,0.5773282,-59.364693,-8.1753025,1.5567645,-33.26257,-5.3462844,15.339327,-41.583965,-5.060547,1.26931,-64.75209,-3.3384926,-2.1160338,-41.27017,-25.060486,19.046118,-6.204779,9.839814,6.6825886,-35.112198,-6.691071,6.7553573,-59.57589,-1.4170744,-5.3054605,-35.10419
35.20097,-60.750217,-15.099693,29.091871,-3.7567468,-14.730971,-8.107747,7.652363,-19.21221,9.410351,-6.6793127,1.4648294,3.8066247,2.4378352,-16.3562,-2.8204222,0.7960034,-34.608215,-1.608635,2.8189723,-10.994226,-0.458521,8.753508,-30.19681,-1.354351,0.5499805,-45.179848,-7.153803,1.2051013,-25.761566,-4.884831,14.714013,-36.47244,-4.556971,1.083677,-52.60994,-2.964757,-2.088387,-35.07702,-22.874363,17.399212,-5.6910896,8.941599,7.808123,-33.025738,-6.0787525,6.183443,-52.578896,-1.3044478,-4.8825436,-32.163258
33.0274,-57.391663,-12.81645,27.558382,-3.74308,-14.109173,-7.8590803,7.3706555,-16.220106,9.245808,-6.4593673,4.778841,3.5464592,1.2821534,-13.155343,-2.7295504,0.7949227,-24.103222,-1.6623988,2.7758174,-4.6355815,-0.51389647,8.122459,-21.949076,-1.3096408,0.5232201,-28.44783,-5.969207,0.5650373,-13.345672,-4.740036,14.111228,-25.718132,-4.1896453,0.74693245,-34.749355,-2.2039657,-2.5247772,-22.44842,-21.779356,16.567844,-5.4450517,8.896776,9.280152,-20.665838,-5.447175,5.3398285,-34.33856,-0.8622476,-4.9376693,-20.138426
29.501339,-49.670727,-14.170731,23.273378,-6.024298,-13.624413,-6.6856914,6.34823,-16.8255,7.6206455,-5.6157637,-1.1753196,3.0877593,0.1259092,-11.353812,-2.469798,0.75819546,-22.547775,-1.509882,2.5065544,-5.38031,-0.5506086,6.7366405,-12.54276,-1.2342248,0.50748754,-19.774755,-4.753824,0.105640285,-5.250471,-4.282643,11.745826,-13.119251,-3.6556711,0.5361982,-23.08389,-1.5668626,-2.6435866,-12.628972,-18.821985,14.34349,-4.786138,8.166391,8.1685295,-6.8514853,-4.5624003,4.2194386,-18.98028,-0.46722728,-4.564667,-9.087223
32.818714,-54.970634,-16.520092,25.743275,-6.321353,-14.816302,-7.17069,6.903219,-21.01199,8.125175,-6.108756,-4.6536436,3.4611962,0.30873126,-15.834051,-2.63161,0.76775694,-31.76198,-1.5139122,2.6481535,-10.717212,-0.5544808,7.168166,-16.578423,-1.2852619,0.52263016,-28.176512,-5.524768,0.31454775,-10.112627,-4.6749496,12.553574,-16.854353,-4.047941,0.65373933,-30.864647,-1.8793013,-2.6954193,-17.44994,-20.726154,15.781605,-5.2325583,8.940632,7.9904633,-8.857174,-5.0955234,4.760068,-25.271685,-0.6069262,-4.91546,-12.824981
33.007736,-55.542805,-16.256266,25.803762,-7.3425317,-15.426554,-7.1312585,6.909289,-23.001978,7.8454504,-6.045536,-9.364095,3.5939648,1.1581224,-18.27282,-2.6410851,0.75273395,-41.17183,-1.3992013,2.58138,-17.851664,-0.5081428,7.927142,-20.01582,-1.2952025,0.5385262,-37.16003,-6.063072,0.6928307,-16.804564,-4.641614,13.311201,-21.474157,-4.1584506,0.82237387,-39.326637,-2.2442846,-2.4191687,-23.822456,-20.929571,15.939454,-5.2825623,8.914659,8.373616,-12.589994,-5.22119,4.9952884,-30.961823,-0.76200986,-4.846798,-17.331694
33.4808,-56.278473,-16.83542,26.023417,-7.8248305,-15.782592,-7.187234,6.9687696,-23.37624,7.890398,-6.093582,-9.734144,3.617804,1.3299403,-17.936497,-2.6562958,0.75406677,-42.62444,-1.3911695,2.5881305,-18.639069,-0.5003591,8.082277,-20.421848,-1.302346,0.54261005,-39.602657,-6.2325163,0.7879412,-18.388052,-4.6732864,13.435033,-22.581942,-4.2194467,0.8725611,-41.77733,-2.3435905,-2.3607736,-25.442167,-21.146908,16.103153,-5.3283343,8.919441,8.126412,-14.799439,-5.3256955,5.133298,-33.82482,-0.82604265,-4.844212,-19.10911
33.57433,-57.097042,-15.0858345,26.749943,-6.711448,-15.462362,-7.593004,7.2423525,-19.80472,8.60467,-6.35353,-2.755443,3.5415096,0.5656691,-14.334312,-2.70963,0.7807307,-29.979197,-1.5619533,2.7275984,-9.489138,-0.5381202,8.071287,-16.148552,-1.3007076,0.5205137,-26.007895,-5.664136,0.3099981,-9.047115,-4.789383,13.89676,-17.131535,-4.140168,0.61198103,-28.738918,-1.8646363,-2.814963,-16.906157,-21.603428,16.458303,-5.4324574,9.272895,9.894145,-9.388389,-5.188169,4.8520083,-23.375536,-0.5751729,-5.126209,-12.216703
35.56356,-60.87048,-15.82794,28.561083,-6.0743303,-15.916774,-8.133124,7.715688,-19.27584,9.415682,-6.780541,1.0919495,3.6768675,0.48700604,-13.641712,-2.82541,0.80310816,-26.418926,-1.6744062,2.8700936,-6.662831,-0.5506905,8.486898,-16.871733,-1.323591,0.5153594,-22.849728,-5.74535,0.22720441,-6.810294,-5.0308166,14.768544,-18.327356,-4.284865,0.5437286,-25.780567,-1.7477428,-3.0420818,-15.01304,-22.958755,17.435228,-5.722445,9.668085,10.647081,-12.320296,-5.4021707,5.079971,-22.630331,-0.5408585,-5.4148617,-11.49962
36.65068,-63.288673,-15.533903,29.94412,-4.6883492,-15.717162,-8.462114,8.013221,-19.046679,9.991031,-7.057745,4.411813,3.7706823,0.67631567,-13.213648,-2.9034748,0.8204995,-22.562143,-1.7873596,2.9882848,-2.9402065,-0.5607439,8.646448,-17.648296,-1.338895,0.5114398,-20.28056,-5.723377,0.11819043,-4.565105,-5.205488,15.117322,-19.004992,-4.3776937,0.5044742,-23.798355,-1.6507052,-3.2164395,-13.317988,-23.853964,18.081448,-5.9090075,9.99141,10.803418,-13.242322,-5.5275383,5.21327,-22.135689,-0.490741,-5.6180673,-10.525808
38.269066,-65.73072,-18.031929,31.137775,-2.5466304,-15.03982,-8.643244,8.200685,-19.689491,10.343985,-7.256871,6.009889,3.9325986,0.9524895,-16.011831,-2.9599934,0.8336634,-22.769196,-1.8363383,3.062002,-2.7333145,-0.55192846,8.6972685,-22.321814,-1.3579497,0.51289487,-22.725025,-5.9412546,0.1604839,-6.3330126,-5.291934,15.405596,-24.468462,-4.4969196,0.52823514,-26.251183,-1.6907558,-3.26283,-14.206838,-24.48856,18.533253,-6.04227,9.980909,10.334056,-19.971909,-5.731262,5.4235883,-25.984632,-0.5205884,-5.7255406,-12.150674
38.56034,-64.69569,-21.670588,30.681314,-0.9067065,-13.8858,-8.271896,7.9034753,-21.53686,9.933219,-7.0573955,4.146313,4.008583,1.3418609,-20.252312,-2.8996801,0.819749,-31.2607,-1.7130878,2.964938,-7.5186043,-0.5212661,7.7304416,-31.240726,-1.3727069,0.5401607,-40.000294,-6.8547287,0.78517675,-19.508263,-5.1372,14.086182,-35.523754,-4.6404486,0.87325025,-44.92276,-2.4482892,-2.6307893,-26.790209,-23.785738,18.06719,-5.892345,9.22869,6.815324,-34.01911,-6.172992,6.0443034,-46.89985,-1.0449505,-5.2654934,-25.742538
37.09072,-59.29303,-26.082787,28.13081,0.8508084,-11.794885,-7.303494,7.079923,-23.178335,8.443344,-6.3144283,-3.7564573,4.0056295,1.8792644,-27.939087,-2.709742,0.7799398,-42.004246,-1.4697444,2.7009802,-16.058369,-0.43899423,6.797942,-41.249325,-1.3533679,0.5653184,-56.50178,-7.445554,1.3961806,-32.823597,-4.6476183,12.282404,-46.577923,-4.5557556,1.2201197,-62.086124,-3.1115177,-1.876681,-37.836445,-21.556059,16.345005,-5.3907533,7.9581027,3.1135879,-43.40208,-6.160317,6.150748,-61.289062,-1.4170747,-4.5594897,-34.325256
37.505722,-60.21686,-25.54334,28.798014,1.6726117,-11.624481,-7.4303164,7.190637,-23.802027,8.50608,-6.351333,-5.0381365,4.168853,2.7847497,-30.57138,-2.746635,0.77866095,-46.592358,-1.440451,2.6962655,-19.405329,-0.38679424,7.5352707,-46.864258,-1.3697436,0.5780072,-63.581223,-7.9583483,1.7500651,-38.838005,-4.638101,13.164774,-53.595707,-4.679422,1.3845851,-70.21509,-3.4595528,-1.6280497,-43.915466,-21.96813,16.639359,-5.4826283,7.924565,3.3731565,-49.435917,-6.3496737,6.492964,-68.15142,-1.5941057,-4.5138144,-39.243122
37.986485,-60.509113,-26.898127,28.870985,1.479851,-11.777036,-7.3562803,7.1730566,-25.324907,8.351541,-6.3417315,-7.2381487,4.2187333,2.8352513,-31.917442,-2.7538652,0.77528656,-49.096268,-1.4140234,2.688971,-21.40747,-0.3924544,7.36536,-47.01177,-1.3726286,0.5804412,-64.63885,-7.996624,1.7547437,-39.129913,-4.684397,12.790017,-52.8343,-4.703527,1.3873774,-70.62917,-3.462636,-1.6414807,-43.919613,-22.03627,16.664894,-5.4985437,7.9946637,2.7260447,-48.26774,-6.3593144,6.475162,-67.647156,-1.5755599,-4.5394034,-38.95831
33.44167,-54.019344,-21.889944,25.853989,0.47052932,-11.068517,-6.938666,6.63471,-19.064926,8.026552,-5.911681,-1.3043091,3.6662755,0.78717726,-25.169071,-2.5748186,0.77080643,-31.391464,-1.4906921,2.5992768,-10.300655,-0.48472965,6.514667,-32.121735,-1.2945001,0.53446114,-37.800667,-6.0350456,0.68187857,-19.298813,-4.351239,12.216197,-34.76648,-4.0814285,0.8834219,-43.09279,-2.3246102,-2.2722435,-24.772259,-19.910767,15.092723,-5.0188713,7.8172565,5.8679266,-27.264187,-5.3063436,5.07055,-39.38095,-0.89143825,-4.5491705,-19.680887
31.422655,-53.825825,-12.713808,25.626755,-4.21761,-13.637316,-7.3399,6.9459176,-17.301184,8.448418,-6.099961,0.43913817,3.426328,0.09094186,-15.256438,-2.6303325,0.7789772,-23.748096,-1.595501,2.6717496,-5.3850455,-0.54942477,7.2765512,-17.13181,-1.2760421,0.5105531,-20.2181,-5.212373,0.18309096,-6.445104,-4.5865564,13.167384,-17.253435,-3.921828,0.5552565,-24.778488,-1.7269814,-2.7669797,-14.700602,-20.527178,15.626248,-5.19198,8.908557,9.793738,-7.199523,-4.9179087,4.600304,-19.809263,-0.53536236,-4.9247165,-10.293002
33.255856,-56.350037,-14.875868,26.404604,-5.6037927,-14.764599,-7.507002,7.140922,-19.14277,8.59805,-6.3065543,-1.1407068,3.4564207,-0.4157657,-14.545022,-2.6854324,0.78524387,-24.991121,-1.6209702,2.74189,-5.9070835,-0.57935095,7.155622,-14.953963,-1.290675,0.5125421,-20.351082,-5.316044,0.10258443,-5.5119605,-4.77867,13.098159,-14.316761,-4.0328627,0.51706594,-24.172277,-1.6889727,-2.91632,-13.841579,-21.332716,16.193735,-5.349503,9.304774,9.525692,-4.97801,-5.07808,4.6975265,-19.840673,-0.52725524,-5.0947833,-10.15871
33.340843,-57.125267,-13.746559,27.066154,-5.2679033,-14.812412,-7.7412953,7.3273335,-17.941236,9.015894,-6.456478,2.218597,3.481762,-0.12794684,-12.944589,-2.7245555,0.79551876,-21.846176,-1.684258,2.7935405,-3.0498986,-0.57424694,7.5372133,-14.686213,-1.2947829,0.5083947,-17.933224,-5.2045765,0.044304356,-3.2965696,-4.8477445,13.528418,-14.821687,-4.0582824,0.49268913,-22.137228,-1.5623701,-3.0240006,-12.120355,-21.746151,16.502134,-5.4445577,9.395213,10.05419,-6.634404,-5.082287,4.7374463,-18.508677,-0.44947034,-5.2104034,-8.606735
32.83564,-56.529972,-15.005127,26.94656,-1.9752319,-12.971205,-7.4820967,7.1020384,-18.037188,8.905951,-6.304225,3.6571016,3.5443466,1.3701185,-15.209062,-2.6804795,0.7933576,-23.608902,-1.6483204,2.732715,-4.5783267,-0.51744616,7.7097936,-22.548111,-1.2956218,0.5180016,-26.203363,-5.6401024,0.43014598,-10.827898,-4.6288776,13.532507,-25.39262,-4.056992,0.6695041,-30.86489,-1.9312547,-2.6425488,-18.464476,-21.178465,16.083271,-5.3086143,8.635657,8.769546,-20.241749,-5.2176356,5.04234,-29.77295,-0.7123958,-4.9007483,-16.136156
38.000587,-64.002655,-20.933662,30.887209,2.869468,-11.861054,-8.2090845,7.7981606,-20.406769,9.939188,-6.929931,5.704345,4.125238,2.714408,-23.422417,-2.8845391,0.819288,-32.367317,-1.6967976,2.9227715,-9.135076,-0.4364027,8.334421,-41.26104,-1.380714,0.55169,-48.08631,-7.4534445,1.2965281,-28.692137,-4.9136777,14.835183,-48.302025,-4.662403,1.0745922,-55.188633,-2.9300427,-2.16413,-35.11461,-23.504637,17.825947,-5.8104196,8.579872,6.513688,-47.33964,-6.3555284,6.4692082,-58.803062,-1.3799741,-4.9504576,-34.287384
38.415775,-63.29413,-23.17462,30.153755,0.8261238,-12.660446,-7.9734664,7.6158423,-22.288544,9.360759,-6.740213,0.38026375,4.1218467,3.5306165,-23.519562,-2.845038,0.8058263,-41.55949,-1.5711305,2.8382626,-15.087449,-0.3778672,8.539077,-45.96157,-1.3960483,0.57932454,-64.65962,-8.437859,1.9434526,-41.404186,-4.8035545,14.47762,-55.192146,-4.831588,1.4115559,-72.33155,-3.689262,-1.573566,-47.436142,-23.195595,17.585863,-5.7344794,8.145022,4.4658985,-56.56782,-6.7510815,7.052762,-76.40744,-1.8664083,-4.5747347,-46.61588
36.86245,-59.748245,-24.372213,28.306267,0.23830971,-12.210463,-7.40966,7.1475224,-23.332106,8.468549,-6.312643,-4.393866,4.037194,3.1990552,-25.91732,-2.7269573,0.7805349,-46.69646,-1.4269284,2.6729898,-19.47165,-0.3678854,7.8700466,-46.14012,-1.3725622,0.58589864,-68.33304,-8.345148,2.050047,-43.516426,-4.5718136,13.302869,-54.588104,-4.6934223,1.470991,-74.89312,-3.726298,-1.3814764,-48.5136,-21.801067,16.545427,-5.4460363,7.6822014,3.1593294,-54.62327,-6.5252576,6.8027744,-76.46653,-1.8714197,-4.2971816,-46.325127
36.27618,-58.350895,-24.522598,27.179478,-2.3206017,-13.187616,-7.169191,6.9468837,-24.304474,7.993038,-6.12056,-7.835592,3.91123,3.1712887,-23.920048,-2.671539,0.7658955,-50.799946,-1.3346417,2.5804386,-22.752796,-0.36570948,7.849493,-43.436646,-1.3627692,0.592544,-71.926926,-8.446881,2.1949303,-45.768898,-4.494404,12.91925,-52.29039,-4.653632,1.5277288,-77.37436,-3.8353853,-1.2198949,-50.432877,-21.2891,16.197437,-5.336191,7.5259786,2.6463065,-53.65759,-6.498577,6.8046465,-78.779655,-1.9545403,-4.1328444,-48.386818
36.326496,-58.52338,-24.529037,27.169899,-2.4362144,-13.275058,-7.1658206,6.9531965,-24.624088,7.949939,-6.1124763,-8.72817,3.9551902,3.664233,-24.152008,-2.6732,0.76245195,-52.318283,-1.3135893,2.5644932,-24.143494,-0.3443834,8.305895,-43.780216,-1.3620615,0.5949474,-72.715805,-8.484532,2.232248,-46.274353,-4.474077,13.348174,-53.150352,-4.656222,1.5363172,-77.74554,-3.843496,-1.2055295,-50.763897,-21.35993,16.229694,-5.350857,7.5025744,3.0562496,-54.66974,-6.481825,6.804164,-78.30651,-1.9439257,-4.1442413,-48.27851
37.726444,-61.636703,-24.098503,28.919987,-0.9780493,-13.187031,-7.6600513,7.366567,-23.525063,8.727875,-6.490299,-4.569654,4.0892334,3.9439418,-23.646221,-2.7801557,0.7831958,-47.425423,-1.4355621,2.713505,-20.195547,-0.35129046,8.94424,-43.901604,-1.3809985,0.586251,-67.25988,-8.404809,2.013825,-42.3601,-4.665435,14.534422,-53.45773,-4.7592254,1.435298,-73.1413,-3.6801925,-1.4890618,-47.584,-22.522137,17.087889,-5.60123,7.9126544,4.5120325,-55.21803,-6.5896883,6.860126,-74.50633,-1.8260052,-4.4649334,-45.40744
36.214928,-60.340256,-20.827524,28.33313,-2.4601018,-13.762379,-7.681763,7.3388586,-21.706387,8.790131,-6.4523377,-2.7422605,3.9046726,3.9385235,-18.954868,-2.763996,0.7838769,-41.368107,-1.4871285,2.7197652,-16.532286,-0.37245032,9.331193,-36.953075,-1.3594525,0.5707418,-57.427876,-7.7566576,1.6473686,-34.910866,-4.6446843,14.889575,-45.768944,-4.590903,1.2566705,-62.8642,-3.2846124,-1.7482902,-41.087223,-22.267387,16.895084,-5.547818,8.082912,6.2213893,-47.240128,-6.2489223,6.437992,-63.763348,-1.5595089,-4.5729175,-38.85999
33.457,-57.439247,-14.579666,27.151777,-5.5877943,-15.0235195,-7.823747,7.370176,-17.106915,8.997361,-6.452408,1.6665739,3.5323908,1.2245386,-12.209314,-2.7386932,0.79534864,-24.300789,-1.6453187,2.7868292,-5.1281524,-0.5125873,8.613162,-17.819555,-1.3075289,0.51624036,-24.513533,-5.665038,0.31851813,-8.879986,-4.7663174,14.520805,-20.603483,-4.1624584,0.6342807,-29.056976,-1.892925,-2.798448,-17.114424,-21.760773,16.566942,-5.468153,9.099736,10.163395,-14.850785,-5.2674756,4.997417,-25.84455,-0.61745137,-5.1217446,-13.495876
34.58283,-58.6842,-15.581827,27.398394,-8.293347,-16.622967,-7.9254627,7.49906,-18.496628,8.988184,-6.5573044,-0.73353326,3.5131645,0.93798834,-10.372691,-2.767098,0.7940886,-27.052603,-1.6211951,2.802663,-7.165042,-0.5263928,8.804344,-14.424975,-1.3135164,0.5187694,-25.612768,-5.7761602,0.31350496,-8.776999,-4.8965306,14.643091,-16.896912,-4.237794,0.6170249,-28.833035,-1.8795415,-2.8743303,-16.940525,-22.327509,16.970407,-5.57585,9.417135,10.225951,-12.142972,-5.341143,5.0339837,-25.305721,-0.59863937,-5.235494,-13.359399
33.84168,-57.383015,-13.710424,26.897953,-8.516352,-16.477304,-7.875019,7.4337807,-17.134472,9.006334,-6.483003,1.347455,3.3800132,0.002227679,-9.011114,-2.7353768,0.7966751,-21.951134,-1.670428,2.7982223,-3.2547948,-0.5564834,8.191266,-10.653452,-1.2937081,0.5035678,-17.705503,-5.1538544,0.009659797,-2.3142977,-4.898262,13.952679,-11.7062845,-4.080813,0.45835236,-20.581184,-1.4381444,-3.1138618,-10.4547,-22.008238,16.73155,-5.4961476,9.507883,10.292,-5.8670454,-5.042688,4.6659575,-16.694668,-0.32520598,-5.309238,-6.742692
33.958515,-57.906883,-12.788239,27.3297,-7.4024954,-16.046694,-7.9768076,7.5185747,-16.884035,9.224459,-6.554802,3.0533824,3.4218218,-0.09763753,-9.590273,-2.757526,0.8022755,-20.065401,-1.7093828,2.8260024,-1.853234,-0.56091654,8.093502,-11.527592,-1.2958721,0.50051206,-15.555563,-5.0822353,-0.016370479,-1.066406,-4.942453,14.006454,-12.132414,-4.071544,0.42295283,-18.655855,-1.3540533,-3.1702306,-9.358971,-22.220745,16.886402,-5.544505,9.606289,10.467502,-5.6634746,-5.0291753,4.681809,-15.350155,-0.29343903,-5.3629646,-5.888765
32.443542,-55.742756,-11.601376,26.61542,-5.3623624,-14.609799,-7.695902,7.254893,-16.139866,9.055777,-6.345962,4.986905,3.3388608,-0.027258743,-9.793084,-2.6912942,0.79615474,-17.052752,-1.7112005,2.7629528,0.029382214,-0.56446767,7.5576086,-12.065863,-1.2752694,0.49597597,-12.946735,-4.7687664,-0.05235409,0.35733867,-4.796588,13.227606,-12.268588,-3.9005363,0.3855131,-16.081156,-1.2155315,-3.1196516,-7.644168,-21.366924,16.26024,-5.3564696,9.248863,9.700399,-5.999205,-4.8170156,4.5067625,-13.993443,-0.2524602,-5.189544,-4.8260508
31.11796,-53.767136,-10.670307,25.767977,-5.529885,-14.333746,-7.5337453,7.069154,-14.764918,8.896165,-6.1796966,6.062749,3.2193248,-0.09143011,-8.413568,-2.6347036,0.79062665,-15.449381,-1.6978476,2.7097478,1.1272595,-0.5680912,7.299466,-10.995003,-1.2610669,0.49399492,-12.353177,-4.6196423,-0.07165309,0.5678857,-4.673147,12.779493,-11.448552,-3.804086,0.39768332,-15.901297,-1.2264596,-3.0343387,-7.7330866,-20.733946,15.770979,-5.206362,8.996714,9.442967,-5.583133,-4.708301,4.4103045,-14.49552,-0.27022865,-5.038568,-5.188186
29.203226,-50.53931,-10.19029,24.302332,-5.188354,-13.511283,-7.1282463,6.6808877,-13.82609,8.433104,-5.8517895,6.05487,3.057765,-0.1694533,-7.937476,-2.5308723,0.77683836,-14.618944,-1.6446183,2.5969996,1.1341884,-0.5695847,6.7695727,-10.1847105,-1.2346916,0.49201974,-11.879128,-4.354974,-0.07962708,0.7055885,-4.4484777,11.894662,-10.597381,-3.6192725,0.39755803,-15.257712,-1.1782058,-2.906157,-7.278642,-19.503471,14.855634,-4.9324913,8.500879,8.707507,-5.2626667,-4.4746733,4.183498,-14.061485,-0.26313674,-4.7784634,-4.89112
30.246628,-52.21987,-11.195433,24.924227,-6.2178254,-14.352457,-7.3295956,6.870324,-14.265886,8.639005,-6.0220656,5.7861204,3.0967913,-0.26966697,-7.3343415,-2.5797017,0.7838124,-15.506038,-1.672491,2.6602907,1.2514195,-0.5799222,6.95173,-9.496256,-1.2495261,0.4941143,-13.371138,-4.5146646,-0.09931177,0.38925856,-4.5705214,12.189024,-10.18097,-3.7418315,0.42411804,-16.89765,-1.2531654,-2.9632127,-8.023009,-20.130245,15.313203,-5.0622063,8.754621,8.795369,-5.233162,-4.634944,4.314533,-15.633438,-0.2816622,-4.9039197,-5.56355
40.880302,-64.93088,-30.28913,30.13573,-3.0851068,-14.853547,-7.508071,7.508834,-33.281002,8.068341,-6.5538373,-18.826992,4.5402517,2.1775405,-37.459682,-2.8565342,0.7425163,-73.472664,-1.1451933,2.5996237,-39.718834,-0.3849463,7.371139,-51.091858,-1.42065,0.6240274,-85.77125,-9.50217,2.7011123,-54.378513,-5.039074,12.722638,-57.43482,-5.112476,1.6586131,-88.22476,-4.1806254,-1.1761616,-57.222694,-23.463816,17.863493,-5.8750286,8.512036,0.4581731,-54.760868,-7.0985126,7.437798,-85.35408,-2.0843883,-4.5293903,-52.217934
39.247925,-62.44339,-28.480568,29.366655,-1.5518248,-13.651242,-7.34621,7.3042426,-30.689821,8.0994005,-6.4151287,-14.437848,4.378183,1.4482552,-36.40118,-2.792644,0.7465904,-64.97974,-1.2214209,2.5963361,-33.371887,-0.4201644,6.573086,-49.097084,-1.3952284,0.6078768,-77.06657,-8.842472,2.3510535,-48.257477,-4.918078,11.94629,-54.09352,-4.9019227,1.5189646,-80.19581,-3.8312645,-1.3514271,-51.524826,-22.659582,17.222448,-5.6826057,8.317252,0.6576916,-50.19679,-6.7759213,7.0370774,-78.31611,-1.8935525,-4.477686,-46.889854
39.55836,-62.992207,-28.50598,29.485245,-2.1284251,-14.008091,-7.299561,7.298688,-32.452644,7.878977,-6.364102,-18.31588,4.509924,2.4679754,-38.545765,-2.7994308,0.7333674,-72.589645,-1.1279671,2.5374856,-39.38773,-0.36589307,7.4344115,-52.58103,-1.4023621,0.62363243,-84.85718,-9.321378,2.7045348,-54.1012,-4.8728743,12.75307,-58.873173,-4.9855633,1.6654922,-87.35922,-4.1423345,-1.101414,-56.952988,-22.812916,17.364262,-5.724095,8.214087,0.97213924,-54.855247,-6.8864436,7.2737746,-83.397705,-2.0355146,-4.4054875,-50.794914
42.032284,-66.78796,-30.332962,30.961424,-3.9507413,-15.645987,-7.568413,7.6345377,-36.67385,7.890004,-6.5803127,-24.860601,4.8363557,3.5880492,-42.43979,-2.9046087,0.7244303,-86.75834,-1.0156956,2.5418456,-49.559402,-0.30473557,8.67414,-58.16114,-1.4418398,0.65100086,-99.210724,-10.349715,3.2867332,-64.09499,-5.062159,14.046553,-66.13915,-5.319959,1.9189954,-100.91365,-4.7003446,-0.80657893,-66.47486,-24.170948,18.391462,-6.0360765,8.539754,0.8920707,-62.232037,-7.3444266,7.9095273,-94.207375,-2.3014667,-4.504449,-58.48294
42.93814,-68.687065,-30.30864,31.670914,-4.8502827,-16.447147,-7.8722186,7.891539,-35.96772,8.259263,-6.8144894,-23.3899,4.8431277,3.4224865,-40.04882,-2.9602175,0.73814476,-84.185646,-1.0794637,2.636088,-47.085754,-0.3234642,8.943038,-55.379948,-1.4545922,0.6457982,-96.51309,-10.353873,3.1214433,-61.75971,-5.2076426,14.543241,-63.395367,-5.4142175,1.8647825,-98.47928,-4.6522818,-0.9861481,-64.84645,-24.8586,18.90458,-6.187267,8.9052515,1.6745671,-59.95359,-7.4711576,7.952947,-92.53097,-2.2777205,-4.6930323,-57.48619
43.96774,-70.20024,-31.67516,32.110073,-5.7014537,-17.147017,-8.006789,8.04309,-37.156593,8.323732,-6.9378066,-25.097155,4.9118667,3.4974318,-40.147648,-3.0029004,0.74103105,-87.249344,-1.068883,2.6678562,-49.126453,-0.32387125,9.108008,-55.29384,-1.4695203,0.6503488,-99.5105,-10.594708,3.1879754,-63.398857,-5.321438,14.689746,-63.49659,-5.534019,1.8994182,-101.13482,-4.751785,-0.99183553,-66.37635,-25.355963,19.296213,-6.310049,9.118692,1.3554173,-60.61853,-7.6496944,8.116569,-94.977905,-2.3320322,-4.7800827,-59.205433
42.33567,-67.931786,-30.024939,31.495398,-3.6076715,-15.696552,-7.9372115,7.8977437,-33.3519,8.613137,-6.8823886,-17.504515,4.665971,2.760683,-35.94949,-2.9520879,0.757468,-73.359924,-1.2165797,2.7151399,-38.703766,-0.37687868,8.214452,-50.68752,-1.4429762,0.6244192,-86.28363,-9.687417,2.665752,-53.776978,-5.237479,13.768198,-57.876915,-5.28796,1.6692585,-88.774796,-4.2017546,-1.3196695,-57.291714,-24.58213,18.719206,-6.131158,8.934989,1.388791,-55.98088,-7.302045,7.6411147,-85.732765,-2.0642776,-4.7870407,-52.174156
39.00854,-62.174885,-28.733913,28.933691,-2.164473,-13.828115,-7.342763,7.278956,-29.550827,8.129425,-6.3902698,-13.110327,4.2927012,2.0187967,-32.818985,-2.7726326,0.74693394,-63.036766,-1.2201056,2.5749848,-32.590317,-0.4075994,7.0975585,-45.762794,-1.3840948,0.6006735,-74.45952,-8.611509,2.2423468,-45.92287,-4.859559,12.270962,-52.124035,-4.828476,1.4446425,-76.49187,-3.6340778,-1.4444245,-48.675396,-22.441242,17.108288,-5.64137,8.149666,0.96054935,-51.67215,-6.6601815,6.8878803,-75.27526,-1.7869873,-4.487996,-44.89371
39.21062,-62.30022,-29.308695,29.104599,-1.315337,-13.418449,-7.317277,7.2681746,-29.656687,8.173235,-6.4057946,-12.443482,4.311394,2.063815,-33.41403,-2.7750907,0.74954575,-61.99338,-1.2351971,2.586356,-31.7752,-0.40925744,7.024706,-46.190052,-1.3828845,0.59751785,-73.128975,-8.502071,2.1727376,-44.659187,-4.8521247,12.25878,-52.49116,-4.8095756,1.4123774,-74.97444,-3.5330946,-1.5170016,-47.069477,-22.43187,17.093363,-5.6361213,8.108357,0.9705806,-52.11845,-6.613002,6.8146386,-73.69556,-1.7222435,-4.523362,-43.353725
38.540974,-61.63703,-27.77438,29.143848,0.4275952,-12.438,-7.328584,7.2414856,-27.97728,8.372976,-6.413711,-8.706844,4.252816,2.0734205,-32.013474,-2.7677293,0.7613571,-55.35617,-1.3211803,2.6309261,-26.522055,-0.4149672,6.8576894,-45.865658,-1.3770854,0.588221,-68.1825,-8.238348,2.0131435,-41.545185,-4.810382,12.193219,-51.925117,-4.7334304,1.3475997,-71.0266,-3.3918555,-1.6113961,-44.379124,-22.226732,16.935717,-5.588182,8.052741,1.3716025,-51.132317,-6.515365,6.697419,-71.12061,-1.6665155,-4.5220094,-41.51705
39.055977,-62.305756,-28.304226,29.458519,0.3183483,-12.634316,-7.3707247,7.297197,-28.723652,8.368149,-6.436496,-9.989903,4.3350034,2.4114892,-33.35358,-2.7851791,0.757918,-58.239983,-1.2942467,2.619067,-28.804142,-0.39698103,7.2386103,-47.166077,-1.3807092,0.592166,-70.16868,-8.328297,2.0914838,-42.545815,-4.826004,12.609495,-53.520844,-4.770409,1.3775595,-72.51993,-3.4035287,-1.5992348,-44.99554,-22.487047,17.101599,-5.6402564,8.091996,1.5746748,-52.588432,-6.51735,6.7306223,-71.11264,-1.6368189,-4.571432,-41.257202
40.336514,-64.13921,-28.998734,30.524714,0.8006836,-12.82372,-7.4935274,7.4630084,-31.465273,8.389784,-6.544098,-13.425561,4.562971,2.6772175,-37.985817,-2.8512049,0.75225055,-66.476395,-1.22223,2.6124244,-35.15025,-0.3725327,7.4689593,-52.790195,-1.4065088,0.6095606,-78.47435,-9.003086,2.51915,-49.435516,-4.935683,13.0584345,-59.22993,-4.9504595,1.5311464,-81.046875,-3.792389,-1.3569336,-51.568356,-23.213762,17.662842,-5.811795,8.270851,1.1806073,-56.92192,-6.8068695,7.158749,-78.68707,-1.8545749,-4.5804124,-46.982468
41.071312,-65.579185,-28.807655,31.278131,0.87122434,-13.101344,-7.6367307,7.621755,-32.979916,8.426822,-6.6357627,-15.94611,4.7375216,3.2843862,-40.519707,-2.9053717,0.7513062,-71.56234,-1.1953962,2.63113,-38.833874,-0.3353391,8.089209,-56.73051,-1.4267633,0.62230504,-84.53437,-9.507932,2.808287,-54.273365,-5.0067315,13.785978,-63.598263,-5.1015463,1.6590466,-87.469505,-4.1039653,-1.1921201,-56.56105,-23.775703,18.108751,-5.9529305,8.434921,1.4214256,-59.81414,-7.0181313,7.4700346,-83.69881,-2.0076272,-4.611163,-50.888454
41.311783,-66.18024,-28.574951,31.3848,-0.28410655,-13.771543,-7.6404395,7.6600747,-34.488457,8.23377,-6.625543,-19.63272,4.8229814,3.9566052,-41.566883,-2.9224427,0.7450026,-77.286125,-1.1467795,2.6202984,-42.75789,-0.29845184,8.659188,-58.842922,-1.4387045,0.63567096,-91.587906,-9.962463,3.0674658,-59.276505,-5.0223837,14.200721,-66.316826,-5.222591,1.8035612,-94.47098,-4.435724,-0.9935036,-61.813572,-24.024637,18.284521,-6.012121,8.51079,1.4069486,-61.42543,-7.1763997,7.704966,-88.95827,-2.156721,-4.5730205,-54.832417
40.278076,-64.569374,-27.857098,30.6739,0.025312707,-13.2899685,-7.4825597,7.4917226,-33.336014,8.06706,-6.4872336,-18.740826,4.7159524,3.7911432,-40.61966,-2.8747957,0.74411064,-73.830925,-1.1622639,2.5981863,-40.371395,-0.30593282,8.3796425,-57.439285,-1.4239624,0.6293169,-88.272194,-9.679492,2.926683,-57.006344,-4.92413,13.7830925,-64.30484,-5.109129,1.7518878,-91.38355,-4.314181,-1.0334077,-59.644165,-23.424646,17.834354,-5.877609,8.3590765,1.4047344,-58.821556,-7.0049863,7.488407,-85.94105,-2.0873249,-4.498456,-52.766132
40.614365,-64.94071,-28.593498,30.567616,-1.2014887,-13.965309,-7.4804864,7.5104637,-34.215805,7.944399,-6.4804115,-21.069923,4.764619,3.8588295,-41.60813,-2.875279,0.7355276,-77.81257,-1.1069821,2.5664508,-43.555214,-0.30426663,8.651298,-56.53186,-1.4225445,0.6309582,-89.24711,-9.654688,2.8964624,-56.751408,-4.941582,14.061063,-63.352444,-5.12974,1.7528594,-91.40201,-4.2740803,-1.0758958,-59.18845,-23.526587,17.91807,-5.9058805,8.448264,1.7846526,-57.486877,-6.9645057,7.4122314,-83.7656,-2.011833,-4.5703607,-51.07239
39.4918,-62.980854,-28.27583,29.74536,-0.23811308,-13.067159,-7.3814263,7.3501544,-30.903807,8.136967,-6.43073,-14.803902,4.512111,2.6861267,-37.661335,-2.8123147,0.7470275,-66.31977,-1.2089553,2.5930986,-34.86456,-0.37032363,7.5499253,-51.127804,-1.3969777,0.6081636,-77.59292,-8.861225,2.3843424,-48.244213,-4.8682623,12.986809,-56.97166,-4.9107504,1.5265274,-80.0704,-3.7895553,-1.3837793,-50.91902,-22.754461,17.35315,-5.7252855,8.260885,1.6675436,-52.842102,-6.6956034,6.974062,-75.87977,-1.8016455,-4.560422,-45.18445
40.593136,-64.46348,-30.21461,29.754736,-3.3260677,-14.845501,-7.461978,7.4554234,-32.62434,8.037458,-6.510487,-18.49396,4.5217047,2.4426124,-37.019176,-2.831606,0.7374905,-73.47133,-1.1276647,2.5692601,-40.129986,-0.37813008,7.6418734,-49.831707,-1.4090624,0.61998737,-84.07561,-9.288292,2.5869157,-52.627266,-4.9733543,12.981193,-56.71565,-5.0504975,1.6162487,-85.75213,-4.0449505,-1.2437719,-55.270794,-23.229967,17.697313,-5.823646,8.378702,0.98267174,-54.823185,-6.9626775,7.269681,-81.959526,-1.975821,-4.545507,-49.749523
40.392704,-63.870655,-30.443468,29.419855,-3.9290988,-15.061762,-7.3064556,7.3443875,-34.16783,7.7437363,-6.385545,-21.473288,4.540778,2.5482101,-38.513733,-2.8109388,0.7222078,-79.66481,-1.0223598,2.4811556,-45.334675,-0.36224452,7.5698833,-51.86964,-1.4098369,0.63130367,-90.033615,-9.630297,2.9130614,-57.748096,-4.9190617,12.804156,-59.291603,-5.0639954,1.7168615,-91.27146,-4.2823157,-0.97994685,-59.817814,-23.067749,17.5665,-5.78409,8.200992,0.25191534,-58.018814,-7.039043,7.4517117,-87.44067,-2.1368277,-4.381441,-54.12274
42.130764,-66.343216,-31.912228,30.553284,-4.6127543,-15.895173,-7.514667,7.593433,-36.374714,7.900673,-6.6165075,-23.83974,4.6925907,2.3944993,-40.26593,-2.8918958,0.72993636,-83.2298,-1.0391417,2.5626493,-47.087406,-0.37076032,7.6400785,-53.09047,-1.4374005,0.64107865,-93.7383,-10.024152,3.011983,-59.884506,-5.1287026,12.978668,-59.746265,-5.2625303,1.7817792,-95.28689,-4.4789104,-0.9932561,-62.325634,-23.981846,18.245556,-5.9950414,8.640179,-0.0020780563,-57.08895,-7.3236237,7.7357106,-90.74548,-2.241259,-4.534422,-56.398926
42.530434,-66.89839,-32.488426,30.936176,-4.1878757,-15.790929,-7.6466637,7.6938887,-35.366116,8.241867,-6.7671514,-20.37118,4.62598,1.2913183,-39.106056,-2.9139237,0.743797,-77.11737,-1.1338718,2.6455567,-41.96297,-0.42991245,6.800132,-50.523415,-1.4385706,0.6300632,-87.41195,-9.698382,2.716083,-55.000328,-5.2509913,12.26149,-55.89308,-5.2395535,1.6515838,-89.39087,-4.2301445,-1.2391583,-57.97144,-24.167534,18.393036,-6.0341864,8.8465605,-0.41321278,-53.434254,-7.3201356,7.635898,-87.18273,-2.1404831,-4.655773,-53.481583
40.51597,-63.6088,-30.911783,29.610466,-3.0960846,-14.65462,-7.2992277,7.341508,-33.754852,7.831978,-6.4436455,-20.022043,4.521924,1.0556606,-40.60777,-2.8198402,0.7326528,-73.58727,-1.1139114,2.5527177,-40.361736,-0.42525494,6.5221467,-49.906677,-1.4053901,0.61886364,-81.122696,-9.094731,2.4848776,-50.623802,-5.0118327,11.954396,-53.88266,-4.986268,1.5529331,-83.05282,-3.9321175,-1.3171127,-53.190186,-23.017784,17.490723,-5.7716002,8.548334,0.35658914,-48.003986,-6.8539543,7.1082754,-78.22482,-1.9077717,-4.553918,-47.149628
40.289074,-63.297165,-30.686722,29.293514,-3.7801063,-14.90778,-7.202115,7.2702055,-34.517437,7.5468006,-6.338912,-22.804354,4.5332613,1.5530121,-40.883305,-2.802886,0.7253486,-76.837364,-1.0650079,2.5137725,-42.848164,-0.39361024,6.926068,-51.10007,-1.4057956,0.6264346,-85.33724,-9.339534,2.6650136,-53.901638,-4.9502134,12.210739,-55.53112,-5.0140867,1.6405889,-87.0648,-4.1190324,-1.1622386,-56.197887,-22.880978,17.379442,-5.7423825,8.474825,0.42891994,-49.03909,-6.8883715,7.1871667,-81.0653,-2.0004103,-4.4639463,-49.34616
38.405178,-60.55289,-28.88203,28.188816,-2.4994006,-13.716964,-7.0305853,7.036238,-30.964512,7.558118,-6.1749907,-17.568714,4.292463,1.379841,-36.746254,-2.7253315,0.7351593,-66.00996,-1.162009,2.518191,-34.818974,-0.41318187,6.514042,-47.36145,-1.3770349,0.6065989,-76.11339,-8.643102,2.278967,-47.295326,-4.775652,11.663154,-51.51647,-4.786934,1.4955308,-78.459496,-3.7588515,-1.3444325,-49.936054,-21.881536,16.64309,-5.5143337,8.162089,0.8079907,-45.757767,-6.5541906,6.752502,-74.21582,-1.8142169,-4.381111,-44.33043
37.898632,-59.28468,-28.940828,27.645329,-2.2843618,-13.385016,-6.7985783,6.8637376,-32.18467,7.2288704,-6.010174,-19.950094,4.336765,1.836582,-38.845898,-2.690886,0.7222632,-70.36942,-1.0847368,2.4364784,-38.545116,-0.3930131,6.578928,-48.694466,-1.3679593,0.6099317,-78.57333,-8.62442,2.3777966,-48.698887,-4.679557,11.527781,-52.6776,-4.7340536,1.5365373,-80.130585,-3.774038,-1.2450321,-50.77331,-21.445286,16.321062,-5.42811,7.975892,0.51155996,-46.31199,-6.41952,6.6555796,-73.49718,-1.7780082,-4.300895,-43.94695
38.90749,-61.647156,-28.701006,28.728357,-2.1896083,-13.741644,-7.2375836,7.2096095,-30.02933,8.014885,-6.3763213,-13.540265,4.243429,1.5661322,-32.68403,-2.7646668,0.75357604,-61.625904,-1.2486879,2.6085186,-30.60898,-0.43046933,6.5186357,-45.182465,-1.3872669,0.5996924,-74.41325,-8.620265,2.1753418,-45.61587,-4.871495,11.708315,-50.39564,-4.846664,1.4589616,-76.92164,-3.6965487,-1.4580675,-48.743736,-22.283514,16.980913,-5.606652,8.233708,0.66046715,-48.320656,-6.688322,6.8585963,-75.8362,-1.8313468,-4.465417,-45.334976
36.1136,-57.618324,-25.78945,27.583876,1.604495,-11.149526,-6.973626,6.859103,-25.695255,7.9097395,-6.008751,-8.564615,4.1753564,2.2260215,-34.453693,-2.660035,0.7384636,-53.05887,-1.2545633,2.4757252,-27.207365,-0.39963645,7.1810613,-43.77818,-1.3263171,0.5697787,-57.75425,-7.154498,1.6032295,-32.991753,-4.5017033,12.533115,-48.36193,-4.3643217,1.1498682,-59.353233,-2.7312958,-1.8597413,-34.962822,-20.85301,15.905479,-5.2894416,7.6657243,3.140984,-44.730465,-5.7055364,5.7871094,-53.296352,-1.1171108,-4.539573,-28.768696
36.142307,-58.72381,-23.79336,28.373156,3.0105624,-10.70586,-7.3495755,7.114904,-22.640537,8.657406,-6.254107,-1.8502585,4.1558814,2.0663047,-31.818657,-2.7096825,0.7581915,-44.144688,-1.392843,2.5829427,-20.66032,-0.418812,7.468789,-41.599976,-1.3250604,0.552231,-48.221943,-6.7003803,1.260212,-26.326498,-4.5760384,13.339412,-46.693523,-4.316075,0.98187053,-50.51049,-2.3714426,-2.1724446,-29.044975,-21.330696,16.284937,-5.3955264,7.8298936,4.817943,-44.171085,-5.610235,5.6368985,-46.425392,-0.91613984,-4.764472,-23.819765
35.734085,-59.105602,-21.588179,28.816875,4.4149346,-10.105753,-7.536685,7.2307153,-20.344046,9.046118,-6.352594,2.3568969,4.115829,2.3032544,-29.647366,-2.7360826,0.77669036,-35.964645,-1.5205473,2.6725242,-14.384727,-0.4116236,7.8284082,-40.78708,-1.3236547,0.5401713,-41.55542,-6.4132977,1.0409,-21.936499,-4.5848417,13.901242,-45.765488,-4.264529,0.8836745,-44.60847,-2.176724,-2.3569415,-25.2849,-21.530142,16.41037,-5.426842,7.9539447,6.0898356,-42.185177,-5.500192,5.493723,-41.45012,-0.78953445,-4.8787513,-20.36701
36.47035,-59.905178,-23.144657,28.754717,1.8856449,-11.455832,-7.3465447,7.176599,-25.374432,8.3965025,-6.235999,-7.322456,4.3062057,3.3323631,-33.696285,-2.7443442,0.7503761,-53.62925,-1.3232213,2.5668447,-27.171917,-0.3511291,8.389881,-46.585052,-1.34797,0.5765009,-61.236458,-7.559203,1.7971222,-36.101875,-4.6018972,13.972272,-52.869095,-4.5185027,1.2406391,-63.48106,-2.9697082,-1.777116,-38.9888,-21.767614,16.602112,-5.500076,7.8892956,4.4543357,-49.28244,-5.9206605,6.128756,-57.4762,-1.2256016,-4.652544,-32.13847
36.707058,-60.08932,-23.778563,28.725586,1.17872,-11.818178,-7.311255,7.1684146,-26.217066,8.235885,-6.1966834,-9.480452,4.330833,3.4264288,-34.432953,-2.7437344,0.7439144,-56.150158,-1.2849648,2.5422416,-29.430355,-0.3410647,8.571991,-46.384914,-1.3480402,0.5796928,-62.265747,-7.5841208,1.8211228,-36.426598,-4.6095123,14.046621,-52.364857,-4.5222516,1.235879,-63.506294,-2.9397254,-1.7914677,-38.79103,-21.860086,16.623285,-5.509434,7.9423566,4.4719563,-48.347595,-5.8909845,6.0822954,-56.519157,-1.1816854,-4.6787634,-31.171324
41.399384,-66.22468,-28.775555,31.548565,0.6864246,-13.294425,-7.7969027,7.743624,-31.653845,8.737139,-6.742985,-13.606551,4.7521515,3.091596,-40.387318,-2.9139748,0.749828,-69.63615,-1.2263646,2.6527941,-37.099712,-0.35645324,8.285418,-53.561577,-1.4148831,0.60979205,-78.07738,-8.901125,2.4006166,-47.370472,-5.056757,14.149442,-60.543777,-5.0437264,1.5148373,-79.90496,-3.633855,-1.5466595,-49.678566,-24.023424,18.269613,-5.995537,8.570278,2.2985039,-57.068207,-6.7809296,7.1155415,-74.309326,-1.6453363,-4.8638816,-42.67273
39.4077,-63.0724,-27.954193,29.594797,-1.5141165,-13.70614,-7.3798156,7.3427954,-30.915611,8.174126,-6.4344826,-14.655309,4.459117,2.767225,-35.81745,-2.8004394,0.7397807,-68.30162,-1.1778016,2.55708,-36.211597,-0.37283355,7.6539545,-49.884083,-1.3926048,0.61257786,-79.59241,-8.922245,2.4936223,-49.562275,-4.86214,13.0134325,-57.223938,-4.9085236,1.565176,-81.8143,-3.841436,-1.284015,-52.474854,-22.814877,17.365936,-5.721282,8.139217,1.4486437,-55.703903,-6.7434225,7.108813,-78.81404,-1.8739514,-4.486965,-47.231266
36.545677,-57.93881,-26.886074,27.353125,-0.597063,-12.217774,-7.028721,6.8953185,-24.532623,8.171879,-6.211464,-4.432997,3.8487923,0.34611624,-26.989658,-2.6598682,0.773306,-42.5906,-1.4448279,2.660679,-15.705622,-0.4994479,5.241178,-38.605804,-1.3446944,0.56636965,-57.23585,-7.382021,1.4152989,-32.756207,-4.6906557,10.323512,-42.372627,-4.5048485,1.1923285,-61.73861,-3.040203,-1.8655901,-37.130974,-20.998554,15.974639,-5.28437,7.910781,1.0238832,-40.38686,-6.181394,6.148833,-63.42332,-1.4736431,-4.423699,-35.4181
38.4926,-60.500534,-28.791832,28.539837,-1.086978,-13.001517,-7.4283876,7.2855735,-24.582226,8.807161,-6.632915,-1.4704137,3.8997912,-0.85130066,-25.826,-2.768654,0.8036112,-35.43405,-1.6164403,2.867374,-8.871173,-0.5729544,4.804778,-33.44457,-1.3629417,0.54850435,-47.11079,-6.853304,0.787197,-22.804264,-5.0265675,10.197635,-34.72214,-4.603274,0.9655347,-51.265526,-2.5367055,-2.492241,-27.833101,-22.030962,16.762564,-5.541662,8.672797,1.7309675,-31.450098,-6.1933103,5.8885603,-52.697716,-1.1316504,-4.927935,-26.788893
41.78494,-66.1801,-30.536375,31.218699,-1.3150911,-14.274577,-8.157938,7.986454,-26.33477,9.548359,-7.1982555,-2.7956004,4.236813,-0.70916027,-28.352325,-2.9583378,0.8216766,-38.160423,-1.6875696,3.0589392,-10.224454,-0.57960635,5.718736,-33.750446,-1.4073093,0.5487105,-46.306057,-7.1257305,0.6502105,-20.655275,-5.4502115,11.704666,-34.15618,-4.9251766,0.92306817,-50.240337,-2.4895418,-2.8450468,-26.278316,-24.114214,18.356697,-6.0330915,9.691742,2.914238,-28.433033,-6.5170755,6.1022463,-49.11762,-1.0059785,-5.4904733,-23.604055
41.103493,-65.36176,-30.331627,30.81875,-0.50054485,-13.637711,-7.955573,7.795666,-26.905874,9.117194,-6.9560103,-5.799765,4.3017898,-0.02980443,-31.525063,-2.9094539,0.7999188,-45.56761,-1.5457764,2.923103,-17.037304,-0.5237918,5.992236,-39.66262,-1.4065759,0.56622267,-55.68451,-7.7091417,1.1773367,-29.678967,-5.2673855,11.8782015,-41.587006,-4.927122,1.1038525,-59.807125,-2.9300559,-2.381247,-34.26434,-23.619377,18.004196,-5.9192357,9.208505,2.2250242,-36.402332,-6.6335254,6.406065,-58.925762,-1.3072928,-5.167538,-31.210573
40.008648,-63.629494,-29.235365,30.670115,3.8910944,-11.1206,-7.7480154,7.584613,-25.07588,9.14459,-6.768107,-1.683012,4.3059034,1.0623826,-32.667763,-2.8562598,0.79912215,-38.98773,-1.587152,2.877012,-13.554585,-0.47479963,6.394631,-42.691933,-1.3782732,0.5508318,-48.494984,-7.0923996,1.006728,-25.08332,-5.0307803,12.232702,-45.089737,-4.6752477,0.96267545,-51.85015,-2.4507132,-2.5321043,-27.809193,-22.959593,17.431185,-5.743082,8.66938,2.8376331,-40.4546,-6.1872716,5.9762626,-50.799644,-1.0080155,-5.132427,-24.486212
41.553318,-66.19342,-29.848825,32.125984,5.193582,-11.025328,-8.121052,7.9134502,-24.785793,9.735846,-7.0524244,1.1347218,4.4547877,1.1567338,-33.7,-2.9397404,0.8131306,-36.94207,-1.6610419,2.9696233,-11.909203,-0.47459126,6.7657366,-44.17555,-1.392674,0.5458011,-45.654644,-7.0421,0.9046776,-22.70936,-5.182803,13.017587,-46.685123,-4.756987,0.8951168,-48.92216,-2.2658436,-2.748145,-25.165377,-23.9491,18.111656,-5.948364,8.95539,3.5333319,-42.515995,-6.247118,6.0259805,-48.061283,-0.8778088,-5.391912,-21.893173
38.90825,-62.90613,-26.571466,30.745667,6.2952156,-9.854167,-7.860621,7.6021895,-21.678347,9.588292,-6.7833385,4.5684304,4.238072,1.386741,-30.410133,-2.8454216,0.80821115,-28.839218,-1.6861067,2.8978438,-7.3594418,-0.4723102,6.9687576,-39.472935,-1.3523654,0.52666664,-34.52755,-6.180914,0.5405257,-15.084425,-4.930068,13.19549,-41.86403,-4.428242,0.6965719,-37.476707,-1.7913117,-2.9155169,-17.796976,-22.840874,17.2511,-5.684963,8.597557,4.927016,-37.89852,-5.7077026,5.4156637,-36.547684,-0.5885934,-5.303722,-14.565248
37.05955,-58.898342,-26.772314,28.816992,5.615231,-9.426104,-7.3495445,7.1308975,-21.483679,8.907624,-6.3884845,2.4939003,4.081947,0.76213115,-31.055592,-2.7216878,0.7840113,-31.045252,-1.5599251,2.729959,-9.828676,-0.48826647,6.0740166,-38.023262,-1.3249432,0.53038895,-35.040115,-6.015937,0.6101066,-16.187237,-4.6948495,12.020852,-39.99716,-4.2350693,0.71570027,-37.79692,-1.8383137,-2.7012432,-18.482708,-21.407076,16.229599,-5.378855,8.097733,4.036666,-35.9306,-5.5056396,5.2178154,-36.866882,-0.6637645,-4.9759645,-15.474823
38.669933,-61.272457,-28.747812,28.934517,0.15677646,-12.496497,-7.394705,7.2647586,-26.183918,8.577355,-6.5217485,-5.6852436,4.1242247,0.26596442,-30.993729,-2.7622306,0.77355874,-46.86742,-1.4270597,2.7213619,-19.35448,-0.5009792,5.6912217,-40.536495,-1.3684171,0.57119566,-57.45372,-7.591552,1.4259396,-32.641327,-4.904147,11.32145,-44.0537,-4.663555,1.1522567,-61.09189,-2.9935513,-2.030272,-36.436428,-22.088278,16.854773,-5.5622334,8.347239,1.6514832,-41.273674,-6.3719997,6.3068895,-61.584557,-1.4292467,-4.7153153,-33.98111
38.89025,-61.69503,-28.448406,29.003,-1.5361524,-13.468196,-7.412919,7.3055415,-27.579216,8.459397,-6.5361967,-8.501703,4.1497154,0.27031034,-31.339043,-2.7771955,0.7682096,-51.907906,-1.3764839,2.7044623,-22.807398,-0.49723157,5.7785254,-41.016777,-1.3793229,0.5822919,-62.8309,-7.9728193,1.651398,-36.712463,-4.957426,11.3412895,-44.662163,-4.760213,1.2610499,-66.647194,-3.2814448,-1.8475391,-41.048897,-22.385748,17.039598,-5.618098,8.483204,1.4002893,-41.229237,-6.5404296,6.5457425,-66.66238,-1.5944471,-4.6653795,-38.175755
37.580303,-58.99214,-28.639307,27.737848,-1.41401,-12.86711,-7.2218413,7.0932446,-24.575277,8.460697,-6.4495807,-3.635037,3.867038,-0.80185986,-26.55275,-2.7127438,0.7851891,-37.69916,-1.5231885,2.7670915,-11.944088,-0.56930935,4.8445005,-32.043938,-1.3453851,0.54890597,-46.054615,-6.7509174,0.7956278,-22.748652,-4.897448,10.207524,-32.84285,-4.4929256,0.9402163,-49.63118,-2.5288436,-2.423828,-27.375639,-21.426483,16.33481,-5.4130883,8.504441,1.9499364,-29.152632,-6.0395837,5.7177243,-49.887966,-1.1270181,-4.816533,-25.802
39.19621,-61.298683,-30.786585,28.91031,0.6199227,-12.245442,-7.4605308,7.3272405,-24.976042,8.705384,-6.627123,-3.8825731,4.0870705,-0.03822647,-29.637444,-2.7860692,0.7947666,-38.23585,-1.5573621,2.8448904,-12.476207,-0.5304772,5.5327415,-36.14885,-1.3649443,0.5489132,-46.80431,-6.887039,0.78071314,-22.951607,-4.980828,11.100198,-37.492836,-4.612644,0.93695486,-50.13542,-2.4849372,-2.5507567,-26.748404,-22.090591,16.838924,-5.576485,8.622516,2.2977114,-33.00151,-6.1366177,5.7748656,-48.876053,-1.0485958,-5.0165634,-23.977634
39.36224,-62.49099,-29.480358,29.600706,1.1526415,-12.240611,-7.6749763,7.4757366,-23.96032,9.00619,-6.6973524,-1.5084611,4.09037,0.7891265,-27.703556,-2.8174908,0.8013324,-36.98357,-1.593655,2.8654583,-11.897232,-0.49718353,6.2977877,-37.925182,-1.3692491,0.54705834,-48.095478,-7.002825,0.93535846,-24.45002,-4.979069,11.915028,-41.0991,-4.6376605,0.97252774,-51.692554,-2.4957826,-2.4886672,-28.040745,-22.562479,17.139942,-5.6481595,8.547188,2.6777358,-39.133327,-6.170628,5.9341006,-51.750298,-1.0577043,-5.028236,-25.714302
38.561977,-60.955067,-29.40787,28.974497,2.2023275,-11.403959,-7.5872746,7.3380246,-21.319283,9.047614,-6.5844088,2.0948377,3.959359,0.26155767,-26.22329,-2.7636495,0.7992622,-28.808548,-1.6240942,2.8315296,-7.1712537,-0.5200908,6.2109466,-32.13568,-1.3367324,0.5244758,-33.98694,-5.946267,0.36302525,-13.137492,-4.8628974,12.010848,-34.3674,-4.355929,0.6757127,-35.98623,-1.7235653,-2.937272,-15.772478,-21.961794,16.683275,-5.500113,8.440483,3.91645,-32.83545,-5.623691,5.187308,-35.548492,-0.5656073,-5.178575,-13.456749
40.34118,-64.323586,-29.655064,30.931385,4.5234075,-10.960208,-8.018906,7.745582,-21.684994,9.756698,-6.9456573,5.143202,4.1849647,0.45288977,-28.502151,-2.8742154,0.8173838,-26.772161,-1.7225499,2.9594598,-5.191156,-0.5187124,6.6118617,-34.794212,-1.3577478,0.519054,-30.93961,-5.914418,0.24564624,-10.386898,-5.0702214,12.951086,-37.0175,-4.4785104,0.603197,-32.91654,-1.5192757,-3.2003064,-12.895567,-23.22906,17.572302,-5.7728453,8.847759,4.7591,-34.95397,-5.7251244,5.2735715,-32.57805,-0.41463202,-5.5110354,-10.401638
42.351654,-67.83981,-30.442417,32.6441,5.097703,-11.400289,-8.454929,8.157491,-22.55208,10.32859,-7.2991323,5.989118,4.377647,0.5286028,-29.85104,-2.9866471,0.8299593,-27.130774,-1.7770748,3.0671418,-5.4079947,-0.5173167,7.154635,-36.185898,-1.3821616,0.5190221,-29.865383,-6.072872,0.22915837,-9.443162,-5.2922482,13.998507,-38.58953,-4.635185,0.5652891,-31.741686,-1.4580014,-3.3736706,-11.947458,-24.537941,18.520178,-6.059475,9.290079,5.645686,-36.533314,-5.91223,5.4613543,-31.564575,-0.3661809,-5.7999773,-9.413057
45.045486,-71.89406,-32.22766,34.5684,4.9727187,-12.28828,-8.930355,8.628972,-24.156252,10.8948345,-7.7136283,5.968491,4.5898657,0.58707464,-30.963585,-3.1180048,0.84633684,-28.50642,-1.8409258,3.2083547,-5.566167,-0.5192955,7.621189,-37.49814,-1.416153,0.52239984,-31.275208,-6.3805513,0.22910267,-9.475215,-5.587145,14.826698,-39.886517,-4.878186,0.5703822,-32.99302,-1.4752988,-3.5601814,-12.02145,-26.03003,19.641924,-6.400024,9.861109,5.977957,-37.872864,-6.2177033,5.744851,-32.697075,-0.35110074,-6.134389,-9.418337
45.870598,-72.78589,-33.162098,34.77673,3.803542,-13.03532,-9.014149,8.725768,-25.035715,10.884713,-7.7987723,4.323657,4.6155176,0.59633636,-30.393291,-3.148428,0.8488463,-29.910973,-1.8378713,3.2433684,-6.090253,-0.51860726,7.778044,-36.7482,-1.4285265,0.526405,-33.18406,-6.5714254,0.25574523,-10.339315,-5.675188,14.945815,-39.012672,-4.9760423,0.60290474,-34.86409,-1.5782341,-3.56992,-13.087537,-26.33065,19.927614,-6.4842386,10.048964,5.854317,-36.946526,-6.3579726,5.8549666,-34.20353,-0.40296286,-6.1990623,-10.399018
43.16125,-68.17024,-31.054602,32.517742,2.229851,-12.919277,-8.5117035,8.219952,-23.574535,10.10804,-7.3083353,2.2729044,4.343466,0.9879394,-27.273155,-3.0072765,0.8279975,-29.463257,-1.7492622,3.077185,-6.811867,-0.49380893,7.7567706,-34.286083,-1.3919907,0.5272195,-33.576466,-6.359029,0.35854506,-11.335211,-5.3661675,14.1955,-36.641624,-4.732796,0.64302063,-35.409412,-1.6307031,-3.3081706,-14.394544,-24.779127,18.756521,-6.126175,9.504972,5.405095,-34.472515,-6.03193,5.6045566,-33.701145,-0.4392978,-5.819697,-11.083704
45.00011,-71.11236,-32.48324,34.053352,2.9541314,-13.129558,-8.823308,8.541161,-24.818993,10.503888,-7.5997066,2.2722583,4.542288,1.2547761,-29.40665,-3.1035664,0.84222364,-30.924417,-1.8049328,3.1886714,-6.9922457,-0.48422307,8.09113,-37.660896,-1.4211857,0.53298515,-36.745155,-6.7308187,0.43369278,-13.228039,-5.5579576,14.762391,-40.066982,-4.938497,0.6975517,-38.958595,-1.7770913,-3.3662078,-16.448992,-25.83385,19.52717,-6.363361,9.845986,5.4421315,-37.224476,-6.3155894,5.897526,-37.018402,-0.503157,-6.015724,-12.853185
43.238914,-68.20185,-31.113546,32.642025,2.079131,-12.994901,-8.523503,8.243622,-23.801468,10.062846,-7.3318844,1.3852481,4.3763943,1.3979193,-27.405666,-3.0230806,0.8340024,-29.798841,-1.7706087,3.1136587,-6.6134787,-0.47405598,8.048201,-35.87703,-1.4025226,0.5321272,-36.486702,-6.596264,0.43326235,-13.637287,-5.375451,14.386606,-38.231327,-4.810157,0.71517193,-39.082928,-1.8334681,-3.2347589,-17.051805,-24.85637,18.823355,-6.1527104,9.52988,5.4227715,-35.26702,-6.155941,5.7386603,-36.860428,-0.5451095,-5.8004813,-13.483718
39.69579,-62.532864,-29.026075,29.959267,2.1329074,-11.822479,-7.8482876,7.577236,-21.737106,9.253815,-6.7456446,1.3024042,4.080435,1.3908701,-25.793053,-2.8386846,0.81009257,-28.29385,-1.6722673,2.9102037,-6.718141,-0.46045822,7.379458,-35.09388,-1.3563399,0.52977026,-36.339066,-6.289199,0.5261403,-15.150452,-4.957697,13.140332,-37.78021,-4.4891315,0.7433007,-39.078785,-1.8737191,-2.9100072,-18.204304,-22.809336,17.247475,-5.676979,8.65045,4.620366,-35.46911,-5.7802725,5.4347525,-37.66039,-0.62117606,-5.290802,-14.908558
41.45347,-65.37057,-30.512995,31.243685,2.1956291,-12.348677,-8.135719,7.8716617,-23.135233,9.589765,-7.002208,0.7807854,4.241809,1.4083836,-27.387123,-2.9211543,0.81757003,-30.769192,-1.6933674,2.9869857,-7.8917155,-0.4654691,7.583297,-36.633816,-1.3792711,0.5340917,-38.50146,-6.5613594,0.5776905,-16.114204,-5.1490283,13.567326,-39.366714,-4.6576333,0.7697131,-41.07104,-1.9395883,-2.9846334,-19.207775,-23.799837,17.978577,-5.8952928,9.00449,4.5645976,-36.9894,-6.003311,5.657247,-39.49366,-0.6404948,-5.4850864,-15.654124
40.742218,-64.259674,-29.83004,30.69324,2.1371984,-12.169214,-8.017766,7.756247,-22.87312,9.468757,-6.9095025,1.0276937,4.181201,1.3786542,-26.65266,-2.888372,0.8145858,-30.71224,-1.6825671,2.9582312,-7.7141476,-0.46623093,7.3420687,-36.763733,-1.3738408,0.53558576,-39.839718,-6.6146727,0.64698994,-17.631948,-5.086648,13.185997,-39.703465,-4.626177,0.8064498,-42.771255,-2.043551,-2.8683228,-20.883207,-23.446669,17.71839,-5.8162227,8.844149,4.154069,-37.81935,-6.0143356,5.7025347,-42.125523,-0.733076,-5.357202,-17.890184
40.92722,-64.77846,-29.682632,31.103878,3.255481,-11.718672,-8.072636,7.808484,-22.712202,9.655729,-6.9714646,2.6882534,4.2170353,1.1489909,-27.545952,-2.9015126,0.81819606,-29.089876,-1.7094406,2.9758532,-6.5889945,-0.47853225,7.1827774,-36.728573,-1.3720759,0.5303186,-36.738758,-6.4187727,0.53647083,-15.111523,-5.11548,13.237878,-39.355366,-4.596279,0.7367536,-39.38151,-1.8583163,-2.9981127,-18.144638,-23.585161,17.819305,-5.845567,8.914859,4.4159136,-37.23597,-5.940756,5.6030555,-38.890224,-0.62141806,-5.4471254,-15.248876
44.5563,-70.432556,-32.554,33.67506,2.9865582,-12.963411,-8.743148,8.459444,-24.394218,10.442805,-7.544744,2.867899,4.493073,0.8601035,-29.277794,-3.0794678,0.8396265,-30.08484,-1.789305,3.16149,-6.774843,-0.4979584,7.828253,-36.30479,-1.4136405,0.52861035,-34.49935,-6.5553913,0.35484716,-11.824939,-5.5089493,14.605882,-38.606422,-4.873144,0.6500488,-36.436577,-1.6700929,-3.4009798,-14.526003,-25.533566,19.323288,-6.30053,9.731124,5.5604544,-36.495533,-6.229915,5.7728233,-35.20789,-0.45884854,-5.9853225,-11.47415
43.022743,-67.99153,-31.737938,32.466736,2.8952758,-12.501676,-8.426949,8.168891,-24.056608,10.012634,-7.292562,1.5436397,4.399867,0.65728843,-29.813,-2.9989717,0.82502115,-31.699415,-1.7196443,3.0684695,-8.304096,-0.5030926,7.358621,-35.831047,-1.3972032,0.53043896,-35.49816,-6.5027475,0.38509813,-13.316921,-5.348486,13.932603,-37.791424,-4.7671037,0.6725484,-37.536774,-1.7714232,-3.2461975,-15.913574,-24.59454,18.652527,-6.102061,9.436843,5.1041565,-34.82341,-6.126173,5.654019,-36.070354,-0.5352315,-5.769272,-12.790221
43.27409,-68.849724,-30.643621,32.16997,-0.5814274,-14.371741,-8.629291,8.325293,-23.581623,10.246145,-7.483778,2.1849515,4.2273664,-0.5980633,-24.99585,-3.0269809,0.8412579,-28.854261,-1.7918402,3.1430826,-5.865837,-0.5695209,7.1302176,-28.572325,-1.3991599,0.5245378,-31.283903,-6.2941074,0.12596825,-9.4648285,-5.500176,13.987828,-29.834044,-4.786208,0.5671305,-33.335815,-1.6552639,-3.4387999,-13.812017,-24.98209,18.967607,-6.1978383,9.867798,6.2574263,-28.045053,-6.182556,5.632875,-33.344307,-0.5175019,-5.9060516,-12.498987
44.4107,-71.051,-30.525354,33.271732,-1.9299006,-15.55771,-8.892909,8.621934,-25.507778,10.540806,-7.76751,0.7015277,4.3526387,-0.9332284,-25.474514,-3.115488,0.8517626,-32.04057,-1.8273617,3.2479563,-6.6711016,-0.60690844,6.9515696,-27.681221,-1.4278724,0.5318971,-33.974365,-6.6633797,0.14597592,-10.759763,-5.778137,13.878953,-27.603823,-5.005849,0.62490624,-36.67839,-1.9126385,-3.4702451,-16.7795,-25.962698,19.72779,-6.4355164,10.526015,6.0443673,-23.652868,-6.5005407,5.9173746,-36.27965,-0.64764726,-6.091581,-15.411264
42.606915,-68.35698,-28.885637,32.04136,-2.4931622,-15.332985,-8.570288,8.323982,-24.928724,10.169676,-7.508632,0.7917514,4.177204,-1.1796957,-23.420757,-3.0305805,0.84010756,-30.92031,-1.7892199,3.1587467,-5.762013,-0.6274409,6.356312,-24.242342,-1.4035196,0.52725685,-31.763527,-6.329115,0.072055005,-8.782994,-5.6520457,12.836465,-23.440788,-4.837924,0.59269047,-34.07975,-1.788913,-3.4317906,-15.028443,-25.06222,19.045925,-6.225503,10.337974,5.3340816,-19.349358,-6.2564874,5.6659794,-33.82046,-0.591773,-5.9222865,-13.849948
44.316654,-71.04434,-30.857904,33.47359,-0.035517097,-14.555001,-8.873486,8.584497,-24.752281,10.630878,-7.728877,3.0233154,4.369614,-0.8477096,-26.520615,-3.1041543,0.8515371,-30.331285,-1.8403988,3.235889,-5.3138103,-0.6010246,6.7524147,-29.973528,-1.4229939,0.5289135,-33.32487,-6.544379,0.1530965,-10.117334,-5.7246904,13.698108,-30.501839,-4.959463,0.61483324,-35.977184,-1.787811,-3.4871929,-15.456614,-25.797184,19.60367,-6.3933964,10.295865,5.627664,-27.590595,-6.4309626,5.87726,-36.281143,-0.580737,-6.068371,-14.152716
43.0147,-67.914665,-32.56308,32.105854,0.37446815,-13.653172,-8.3149185,8.104856,-26.17562,9.731757,-7.2661047,-2.3743052,4.389929,-0.4315281,-31.47271,-2.9836373,0.81073457,-42.202976,-1.6009309,3.0068219,-15.058883,-0.54841834,6.148426,-37.941776,-1.416737,0.5579133,-49.14411,-7.4369164,0.8979623,-24.41307,-5.423948,12.516672,-39.79067,-4.959293,0.9290688,-52.35412,-2.5550988,-2.7374182,-28.085009,-24.445608,18.652906,-6.1025615,9.429306,2.9010725,-37.45157,-6.64323,6.2957177,-52.856735,-1.0864666,-5.4742174,-26.430294
39.669823,-62.709072,-29.519735,29.857025,1.8513258,-11.917173,-7.775608,7.5366297,-23.074888,9.140043,-6.730257,-0.55169964,4.132172,0.073003784,-29.616192,-2.8240561,0.7943419,-35.50187,-1.5705872,2.8432846,-12.035664,-0.51115465,6.246073,-35.879448,-1.3623776,0.54233295,-40.946377,-6.587249,0.69200736,-19.270233,-4.999861,12.262289,-37.894672,-4.543566,0.801543,-43.812027,-2.1241627,-2.7329645,-22.144598,-22.593761,17.218794,-5.6702127,8.679417,3.653182,-35.11012,-5.9775496,5.6295447,-43.132732,-0.8160175,-5.1906524,-19.63533
40.31136,-64.07412,-29.52992,30.414505,0.65271837,-12.817024,-7.9290867,7.6955605,-24.3719,9.187646,-6.846684,-2.8576264,4.2142763,0.31863046,-29.862133,-2.872733,0.79533195,-40.188465,-1.5446866,2.8685696,-15.214309,-0.50824106,6.5415964,-37.056656,-1.3816402,0.5522118,-46.468266,-7.0774145,0.9249415,-23.612373,-5.1092033,12.570792,-39.250072,-4.6988025,0.91499436,-49.918934,-2.4589643,-2.5783908,-27.210348,-23.160774,17.647675,-5.802741,8.917566,3.580637,-36.049572,-6.234874,5.9537907,-48.842323,-1.0096087,-5.2042236,-24.42719
39.996674,-63.820496,-28.894222,30.019928,-1.4088042,-13.8240595,-7.866426,7.6596694,-25.429731,8.991551,-6.797074,-5.1990204,4.1621957,0.3757858,-28.296558,-2.8633769,0.79100806,-43.829243,-1.509747,2.8445313,-17.263947,-0.51078904,6.4767947,-36.14902,-1.3853531,0.5607482,-51.6872,-7.3763466,1.1282688,-27.196339,-5.1358533,12.199994,-38.735283,-4.7628284,1.0306113,-55.292553,-2.7338815,-2.3772378,-31.757402,-23.17026,17.636902,-5.8003597,8.98529,2.8409672,-35.70904,-6.368424,6.1682005,-54.317898,-1.1853546,-5.0905914,-28.869486
40.302376,-64.13341,-29.818005,30.264088,0.09820242,-13.057538,-7.898226,7.6810474,-24.061272,9.279194,-6.881598,-0.9155922,4.0989375,0.5713635,-25.900513,-2.8671477,0.80835927,-35.624184,-1.6277826,2.922766,-10.833131,-0.516119,6.483383,-34.637444,-1.3761342,0.5435089,-44.836987,-6.888563,0.7901096,-21.198862,-5.128862,12.171928,-37.303978,-4.6815605,0.88871,-47.862007,-2.3295422,-2.6804624,-25.17323,-23.176916,17.604229,-5.78295,8.88391,3.030322,-36.470047,-6.198505,5.9091716,-48.359184,-0.9537678,-5.2155232,-23.35881
39.04057,-61.84169,-29.3036,29.244951,1.127537,-12.064687,-7.624704,7.410166,-22.858204,9.02818,-6.650515,0.3578168,3.988739,0.85858643,-25.00589,-2.7936506,0.8024395,-31.930498,-1.6225486,2.8574436,-8.801186,-0.49719203,6.4230094,-34.005295,-1.3521968,0.5361369,-41.309223,-6.507514,0.6833675,-18.81316,-4.94033,11.888069,-36.86679,-4.497168,0.8262032,-43.749847,-2.1174061,-2.695667,-22.11815,-22.335064,16.955156,-5.583847,8.474693,2.9647298,-36.926994,-5.9214725,5.6230507,-44.650803,-0.83671844,-5.08391,-20.42072
40.01496,-63.58667,-29.696712,30.353363,2.4127963,-11.837144,-7.8583436,7.6417694,-23.425343,9.316305,-6.831757,0.5141696,4.161549,1.3026874,-27.039928,-2.8632221,0.8099029,-32.234425,-1.6593306,2.9260364,-9.018297,-0.47892275,6.905817,-36.4655,-1.3686919,0.5367196,-41.06599,-6.6284494,0.686915,-18.659294,-5.050332,12.589294,-39.12011,-4.595884,0.8183855,-43.630806,-2.0961542,-2.7996457,-21.705202,-23.042673,17.453053,-5.74718,8.732568,3.4871407,-37.79228,-6.009055,5.7005944,-43.441975,-0.79067886,-5.2630057,-19.29336
41.252388,-65.751595,-30.04981,31.6984,4.2731047,-11.405692,-8.180812,7.918514,-22.905191,9.812065,-7.0558352,2.9302115,4.3195014,1.4645947,-29.02309,-2.933319,0.8205123,-30.14353,-1.721323,3.0017073,-7.5328913,-0.47064146,7.355905,-38.47528,-1.3795967,0.531465,-37.46577,-6.498294,0.55856293,-15.700626,-5.153432,13.505774,-41.261314,-4.6463656,0.7436528,-40.045017,-1.8714782,-3.0238895,-18.480034,-23.895235,18.011217,-5.915008,8.976061,4.484024,-39.02567,-5.9909186,5.655371,-39.072342,-0.6147865,-5.5141454,-15.381145
39.52001,-62.79599,-28.693707,30.21654,3.5012734,-11.194028,-7.864009,7.5946965,-21.860273,9.335745,-6.753018,1.8454924,4.149156,1.746736,-27.044117,-2.8449554,0.8090017,-29.476696,-1.6717497,2.9080536,-7.765474,-0.45050117,7.4352674,-37.341858,-1.3591168,0.5321741,-38.072247,-6.4111195,0.6194489,-17.001343,-4.9399004,13.253223,-40.442825,-4.504293,0.7752808,-40.888245,-1.9481812,-2.8432975,-19.761581,-22.901848,17.26624,-5.6875186,8.563589,4.4626713,-38.629517,-5.827719,5.5267477,-39.956394,-0.6779741,-5.258551,-16.667868
40.054535,-63.60952,-29.035395,30.64656,3.4959342,-11.373075,-7.973086,7.6999555,-21.88001,9.512534,-6.863188,2.6472511,4.1697397,1.4097657,-27.147148,-2.873251,0.8153199,-28.179401,-1.7053868,2.95237,-6.447627,-0.47029242,7.335614,-36.175507,-1.363287,0.52751154,-35.529427,-6.2684555,0.47628343,-14.397707,-5.0223484,13.33357,-38.904785,-4.5296416,0.72308517,-38.27299,-1.8142507,-2.9948473,-17.353172,-23.184643,17.511116,-5.757594,8.765501,4.7610955,-36.484314,-5.8160715,5.4547176,-36.94377,-0.57665575,-5.3953104,-14.100807
42.68015,-67.501526,-31.104294,32.321365,2.586002,-12.58928,-8.422337,8.138479,-23.262589,10.00897,-7.251753,2.2560024,4.3294897,1.1687214,-27.579082,-2.9936347,0.8295149,-29.017021,-1.7588782,3.0814888,-6.3458166,-0.48345953,7.7716775,-35.53548,-1.3929791,0.52893597,-35.038918,-6.435425,0.38764134,-12.702085,-5.3057337,14.182215,-38.111656,-4.738359,0.6887065,-37.395535,-1.7494324,-3.2351835,-15.813651,-24.5522,18.571932,-6.0720606,9.354884,5.3613243,-35.70132,-6.051733,5.621564,-35.6033,-0.50077796,-5.7472897,-12.400669
44.750618,-70.60289,-32.500736,33.91991,2.8210227,-13.102661,-8.786094,8.520504,-25.01539,10.405668,-7.59413,1.3990271,4.5577083,1.4047523,-29.744328,-3.108358,0.8459574,-31.826515,-1.8158454,3.2166288,-7.0917983,-0.47552145,8.057493,-39.34207,-1.4318249,0.53898984,-40.453434,-7.007449,0.5256928,-16.38279,-5.5575185,14.629644,-41.746967,-5.0223336,0.790485,-43.736122,-2.0454378,-3.2446537,-19.944422,-25.71324,19.476479,-6.3619223,9.809468,5.1612062,-38.15422,-6.477492,6.0581427,-41.668537,-0.6627356,-5.948496,-16.40521
42.747204,-67.68326,-30.54105,32.650536,3.331002,-12.303493,-8.471492,8.206801,-23.85689,10.064399,-7.3152366,1.8253162,4.4186025,1.446625,-29.03798,-3.0203152,0.8348838,-30.166502,-1.7815224,3.122411,-6.6174808,-0.4719474,7.843067,-38.163574,-1.4057178,0.53421813,-37.976677,-6.6901827,0.4742446,-15.236418,-5.34914,14.261816,-40.48423,-4.8311586,0.7582558,-41.31902,-1.952085,-3.1678593,-18.799473,-24.715408,18.713686,-6.133136,9.455621,5.311073,-36.36916,-6.2064357,5.795023,-38.92501,-0.6159339,-5.754864,-15.051513
43.48683,-68.92866,-31.234476,33.189037,3.6357198,-12.3411255,-8.585692,8.318355,-24.081488,10.240214,-7.419811,2.354075,4.4715586,1.4222952,-29.36755,-3.0500274,0.8395525,-30.003084,-1.8026848,3.1576474,-6.3298655,-0.47351277,7.906769,-38.573982,-1.4125222,0.5343672,-37.955925,-6.732973,0.45988548,-14.8874235,-5.415872,14.4252205,-40.94755,-4.87689,0.74047095,-40.92514,-1.9126192,-3.2339973,-18.259674,-25.059372,18.971478,-6.2101073,9.551666,5.2983484,-37.531963,-6.267856,5.846702,-38.95975,-0.5933554,-5.837639,-14.748145
43.45982,-68.97455,-31.492666,33.13611,3.76794,-12.255663,-8.571585,8.304742,-24.03139,10.253128,-7.415946,2.7426424,4.469108,1.3555325,-29.539349,-3.0445504,0.8412396,-30.427565,-1.807702,3.1580768,-6.3591285,-0.47589123,7.722526,-39.48538,-1.4138374,0.53579473,-39.724876,-6.8254986,0.5149894,-16.272146,-5.4070773,14.189202,-42.126286,-4.8938923,0.77368736,-42.817947,-1.9894933,-3.175816,-19.62197,-25.01391,18.923647,-6.1974974,9.481933,4.905144,-39.23555,-6.3223443,5.923948,-41.443672,-0.6504208,-5.791546,-16.390522
42.249718,-67.10372,-30.568056,32.278034,3.8889124,-11.824593,-8.357778,8.094291,-23.378641,9.985292,-7.225555,2.5420146,4.3823233,1.4191393,-29.127922,-2.9863768,0.833138,-29.891626,-1.7759179,3.093406,-6.423089,-0.47002846,7.589898,-38.946884,-1.3983963,0.5344408,-39.07918,-6.6849136,0.5131763,-16.234028,-5.2717633,13.889878,-41.524197,-4.784582,0.7703971,-42.204247,-1.9733051,-3.0985513,-19.502203,-24.343672,18.417736,-6.0471354,9.235543,4.829818,-38.43563,-6.1760473,5.7847567,-40.624252,-0.646603,-5.649296,-16.14057
44.737434,-70.816475,-32.630863,33.99545,3.7457664,-12.629871,-8.781877,8.507289,-24.647423,10.4768305,-7.5856786,2.4949913,4.5753193,1.3362463,-30.587006,-3.0994062,0.84620595,-31.397312,-1.8200971,3.2066114,-6.861292,-0.47438216,7.942382,-40.375862,-1.428227,0.5378298,-40.22877,-6.960086,0.52354985,-16.260519,-5.526454,14.587278,-42.975906,-4.9949503,0.7757522,-43.273926,-1.9927107,-3.2521899,-19.536655,-25.663572,19.411348,-6.341894,9.719313,5.067184,-39.856358,-6.4439726,6.035595,-41.629837,-0.6347132,-5.9371424,-16.080284
45.20466,-71.342804,-33.20146,34.20822,3.3318088,-12.93918,-8.829787,8.563022,-25.174257,10.495952,-7.6364613,1.827913,4.603008,1.3409605,-30.70956,-3.11767,0.84830976,-32.543774,-1.8205134,3.2258852,-7.371244,-0.47402918,7.947068,-41.000404,-1.4365356,0.5412287,-42.30483,-7.1385756,0.5936929,-17.733807,-5.5771055,14.54048,-43.59668,-5.059797,0.81685865,-45.505146,-2.1022112,-3.2138216,-21.08627,-25.859928,19.573307,-6.3901267,9.790896,4.7873654,-40.466488,-6.556113,6.162725,-44.028057,-0.7037933,-5.9462333,-17.657934
43.47853,-68.47482,-31.92161,32.838337,2.8787956,-12.60419,-8.496076,8.242202,-24.399223,10.0512295,-7.3503056,1.0253788,4.4493403,1.4140195,-29.374958,-3.0307164,0.83654934,-31.658365,-1.7728851,3.132032,-7.3280506,-0.46695486,7.774297,-39.358223,-1.4136273,0.5394046,-41.242733,-6.9319315,0.58671016,-17.490028,-5.3870883,14.062672,-41.78468,-4.899798,0.8125336,-44.434124,-2.0874715,-3.0987368,-20.85499,-24.87565,18.832802,-6.1669517,9.455981,4.6631436,-38.396328,-6.341857,5.9557114,-42.632095,-0.7064047,-5.7327247,-17.295452
43.661728,-68.649445,-32.2072,32.86206,2.4114528,-12.867527,-8.510908,8.257932,-24.583113,10.048476,-7.3662543,0.7552136,4.4419217,1.3361399,-29.086288,-3.036129,0.83774185,-32.042633,-1.7730148,3.137409,-7.4886956,-0.46899757,7.7279634,-39.395794,-1.4166327,0.5408451,-42.23089,-7.016262,0.6312101,-18.231583,-5.4078255,13.976205,-41.877167,-4.924455,0.83373666,-45.501465,-2.1434922,-3.0676434,-21.639633,-24.928474,18.889503,-6.181596,9.472092,4.4888697,-38.75026,-6.394648,6.0247703,-44.003735,-0.747869,-5.7213774,-18.261364
43.44477,-68.38196,-31.940935,32.69111,2.0530968,-12.986709,-8.480738,8.236723,-24.803577,9.946099,-7.33416,-0.23153573,4.436241,1.5105686,-28.718369,-3.032567,0.8354492,-32.949383,-1.7585379,3.1282873,-8.268507,-0.46285814,7.8323197,-39.145065,-1.4173359,0.5429382,-43.247753,-7.0843096,0.6741346,-19.095491,-5.401882,13.951147,-41.525566,-4.933319,0.85394585,-46.597992,-2.2044713,-3.0251367,-22.529202,-24.82393,18.83886,-6.173084,9.470666,4.3940816,-38.365475,-6.415794,6.051651,-44.80033,-0.78643,-5.691172,-19.15737
45.76099,-72.11872,-33.204594,34.60045,2.6698182,-13.458088,-8.926586,8.678143,-26.196743,10.494784,-7.721667,-0.15941659,4.6741805,1.6680954,-30.876595,-3.1555598,0.84926665,-34.5208,-1.8168353,3.2616642,-8.494567,-0.46390513,8.288269,-41.325134,-1.4493814,0.5465597,-44.32942,-7.3677645,0.6524836,-19.116722,-5.6678505,14.81313,-43.523193,-5.1608353,0.8600794,-47.883778,-2.2501662,-3.1963117,-22.975,-26.235472,19.879053,-6.490122,10.029906,4.880683,-39.10339,-6.6913424,6.29508,-45.377457,-0.77247965,-6.012307,-18.942963
48.354004,-76.235756,-34.839058,36.657555,3.3483005,-13.942147,-9.401364,9.152683,-27.82395,11.02785,-8.1205635,-0.7084042,4.948743,1.9365592,-33.466118,-3.288444,0.8614721,-37.051277,-1.8589567,3.3885252,-9.909649,-0.45664096,8.911101,-43.55975,-1.4833965,0.5505085,-45.546875,-7.67898,0.6618383,-19.296368,-5.946225,15.840945,-45.578632,-5.395641,0.8548814,-48.833508,-2.265068,-3.3823018,-23.003958,-27.68275,20.992691,-6.831724,10.5996065,5.373212,-40.38193,-6.9689846,6.543013,-45.48287,-0.74267817,-6.3570027,-18.425982
47.679695,-75.03625,-34.623955,36.003365,2.935372,-13.890594,-9.270556,9.018567,-27.133743,10.884194,-8.010001,-0.34081054,4.8543644,1.6899357,-32.34062,-3.2476056,0.8572818,-35.71836,-1.8455443,3.3489375,-9.161453,-0.46540567,8.696635,-41.612854,-1.4705294,0.5472988,-43.588642,-7.4597483,0.58129764,-17.67505,-5.8709893,15.530911,-43.563908,-5.3067193,0.81841004,-46.63176,-2.156509,-3.3984506,-21.32937,-27.241083,20.6636,-6.729688,10.453386,5.3263006,-39.01727,-6.8358116,6.385239,-43.43367,-0.6844495,-6.2935305,-17.023447
45.321396,-71.437836,-32.99992,34.338398,3.4344094,-12.926299,-8.867679,8.602469,-25.304974,10.462126,-7.648176,0.7718986,4.657845,1.6051221,-31.471058,-3.1311026,0.8457488,-33.247044,-1.806874,3.2287076,-8.278876,-0.45914996,8.28428,-41.13213,-1.4388299,0.54213965,-41.772034,-7.131562,0.56744945,-17.3339,-5.5842657,14.940353,-43.442196,-5.076059,0.80885744,-44.983253,-2.0927553,-3.2486155,-20.707478,-25.924202,19.646265,-6.420833,9.872088,5.2644844,-39.25295,-6.5337424,6.1139874,-42.178757,-0.6657139,-6.0032334,-16.540674
41.651524,-65.61792,-30.304848,31.382545,1.7487295,-12.6176195,-8.227702,7.956677,-23.11958,9.626817,-7.065797,0.16436325,4.2710695,1.36068,-27.26799,-2.9458885,0.82156026,-31.032557,-1.7074463,3.0211098,-8.19338,-0.46379054,7.726238,-36.08616,-1.3873655,0.5355202,-38.715202,-6.6238747,0.5461118,-16.162212,-5.2014747,13.736537,-38.319187,-4.7177615,0.7752348,-41.619423,-1.9865491,-3.0239143,-19.37681,-23.840267,18.119175,-5.95287,9.150789,4.858504,-35.450745,-6.0725026,5.6859026,-39.32585,-0.64999914,-5.552234,-15.791295
39.740337,-62.522316,-28.90405,29.79452,0.86162937,-12.443405,-7.862609,7.607359,-22.525444,9.139374,-6.7514772,-0.7875898,4.08991,1.3456675,-25.45811,-2.8490717,0.8084199,-31.524511,-1.6489646,2.9116073,-8.912661,-0.4623815,7.360616,-34.63761,-1.3651556,0.53698736,-40.18348,-6.556552,0.64507735,-18.002598,-5.0062985,12.944035,-36.980244,-4.572927,0.8176911,-43.079784,-2.0898104,-2.8025966,-21.249945,-22.758364,17.322468,-5.711846,8.75705,4.211749,-34.719593,-5.928004,5.592125,-41.291676,-0.7443489,-5.2603374,-18.065512
40.864338,-64.49125,-29.391077,30.937403,2.0470386,-12.276321,-8.088774,7.838668,-23.195139,9.497486,-6.968441,0.17384969,4.2369566,1.3749768,-27.321724,-2.914779,0.8182745,-31.467937,-1.6969335,2.9918635,-8.212162,-0.46945956,7.4030232,-36.43251,-1.3812236,0.53614944,-39.800716,-6.6428375,0.5956463,-17.315191,-5.153614,13.238454,-38.509956,-4.6825366,0.8038753,-42.97255,-2.0644906,-2.9290607,-20.72184,-23.484299,17.858677,-5.877463,9.053757,4.3626404,-35.092842,-6.0564384,5.69415,-40.85867,-0.7116103,-5.4461207,-17.310297
42.695675,-67.35546,-30.862728,32.301636,2.3947248,-12.656123,-8.395451,8.141251,-24.169788,9.905147,-7.244848,0.65875995,4.3848495,1.4196901,-28.415806,-2.9996111,0.83002937,-31.984484,-1.74704,3.0869925,-7.826345,-0.47011352,7.651514,-38.245354,-1.4037962,0.53934926,-41.016853,-6.8672304,0.61717653,-17.569593,-5.3400207,13.732906,-40.49409,-4.8382525,0.8121568,-44.188656,-2.0857198,-3.0366902,-21.119139,-24.517834,18.589575,-6.0955195,9.3827915,4.4499235,-37.15618,-6.267868,5.909956,-42.342564,-0.71724117,-5.6477833,-17.66145
44.64937,-70.51904,-32.703667,33.773415,2.9992754,-12.950928,-8.716717,8.466124,-25.361958,10.311997,-7.5458345,0.7872401,4.569678,1.6304616,-30.19577,-3.0933733,0.84385586,-33.433125,-1.7980123,3.198241,-8.03695,-0.46353638,7.9838033,-41.222755,-1.4326323,0.54386866,-44.056396,-7.2271595,0.67007565,-19.378145,-5.525574,14.347887,-43.84353,-5.0429654,0.85722363,-47.431873,-2.2183383,-3.1061633,-22.975431,-25.612907,19.35845,-6.3306184,9.693261,4.507265,-40.505543,-6.55821,6.194273,-45.864735,-0.7818248,-5.844841,-19.379097
45.08141,-71.10754,-33.66901,34.031406,3.1311338,-13.012855,-8.752231,8.503688,-25.47963,10.394074,-7.5803604,1.1467429,4.5889645,1.0289441,-31.365013,-3.0976372,0.8371507,-33.657726,-1.768332,3.1742678,-8.627783,-0.4951264,7.7030826,-38.693634,-1.4253237,0.5368771,-39.129025,-6.855468,0.4703985,-14.798896,-5.56319,14.340847,-40.904728,-4.982548,0.74365765,-41.345493,-1.8922527,-3.3119662,-17.826935,-25.742445,19.472849,-6.348974,9.816194,4.781754,-37.46859,-6.3846364,5.935092,-39.00087,-0.55672824,-5.988028,-13.910746
46.449852,-73.60602,-33.283234,34.345135,-0.662662,-15.347046,-9.18705,8.83337,-24.005886,11.008445,-7.906106,4.726282,4.3691525,-0.5712107,-24.738495,-3.149622,0.8585409,-26.897488,-1.879089,3.271979,-4.2287564,-0.567642,7.8209257,-28.419527,-1.4193827,0.51715875,-28.564817,-6.2220173,-0.017204758,-5.646017,-5.7611504,15.109817,-30.84017,-4.9345407,0.47752258,-29.246199,-1.312964,-3.792004,-9.237822,-26.632305,20.136887,-6.5224743,10.34146,6.843722,-31.226295,-6.276318,5.7049155,-29.79947,-0.255671,-6.326593,-7.602304
42.155544,-67.37651,-29.88343,31.722168,0.7124374,-13.47471,-8.488391,8.148911,-21.868559,10.259102,-7.320102,5.6393714,4.1226325,-0.66210455,-24.503826,-2.9641573,0.8356427,-25.005348,-1.7973789,3.0781183,-3.3834472,-0.5726443,6.8521485,-28.197681,-1.3741162,0.5139963,-26.996016,-5.8365192,0.0007788092,-6.269331,-5.344319,13.694162,-30.223457,-4.6078916,0.5056345,-28.94272,-1.3891369,-3.4723604,-10.434101,-24.486208,18.490612,-6.036182,9.548306,6.2372365,-29.213306,-5.8919597,5.359302,-29.66523,-0.34357584,-5.8226757,-8.84611
39.818832,-64.13835,-26.547146,29.849672,-3.347637,-14.925574,-8.138884,7.82243,-21.919662,9.65865,-7.0449576,2.3902307,3.8282123,-1.3678854,-19.559132,-2.8756347,0.8229171,-25.583315,-1.7444069,2.9938467,-3.5212226,-0.61851007,6.3093286,-20.70329,-1.3542507,0.51712507,-26.221516,-5.749278,-0.010505535,-5.970751,-5.2728305,12.640359,-21.05418,-4.4876,0.5288261,-28.749636,-1.5700244,-3.3070614,-12.015235,-23.535812,17.86061,-5.835816,9.666332,6.2118936,-18.179255,-5.7760415,5.2345843,-29.083544,-0.48357671,-5.58963,-10.930574
37.32946,-60.83888,-23.42808,28.333664,-4.1008735,-14.699546,-7.7754655,7.471981,-21.032785,9.171459,-6.7146964,1.5036597,3.6375098,-1.1350121,-17.113106,-2.7781124,0.80762315,-24.72809,-1.6882432,2.8802688,-3.681397,-0.6144447,6.268965,-17.788857,-1.3255231,0.5140681,-24.15935,-5.517271,0.009143688,-5.4609704,-5.065127,12.217794,-17.744019,-4.2868323,0.5148233,-26.671776,-1.5610143,-3.1649215,-11.819532,-22.454185,17.05395,-5.5903764,9.393123,6.4513855,-14.0472145,-5.4955797,4.9888015,-26.42193,-0.48944598,-5.346994,-10.493587
39.757183,-63.859703,-26.759665,29.868132,-3.2732697,-14.834482,-7.9891214,7.7629533,-23.743109,9.406074,-7.012306,-0.5266037,3.9056995,-0.8864313,-20.859646,-2.8732057,0.81652224,-29.727913,-1.6990051,2.9855258,-5.967063,-0.6141753,6.211726,-21.901798,-1.3623736,0.52698654,-30.793272,-6.084716,0.13008937,-9.431363,-5.3021636,12.194314,-21.201948,-4.560823,0.60392666,-33.044605,-1.8235408,-3.1880133,-15.426622,-23.459269,17.820627,-5.8363543,9.7281275,5.3389664,-17.120928,-5.9141555,5.36668,-32.65809,-0.64258814,-5.520203,-14.231614
38.12032,-61.410614,-25.00981,28.971298,-2.8786066,-14.19551,-7.6235647,7.476077,-24.64325,8.919067,-6.7487674,-3.2753177,3.8825824,-0.43409833,-22.099194,-2.8177857,0.79927397,-31.581284,-1.6357088,2.8929162,-8.365913,-0.6012492,6.1906495,-21.01573,-1.3425373,0.5256856,-28.791588,-5.7912855,0.11562256,-8.253699,-5.1794953,11.758818,-19.290768,-4.4005384,0.56628287,-30.333292,-1.6948435,-3.1478837,-13.803724,-22.595825,17.21272,-5.675415,9.562039,5.1418767,-13.097099,-5.6266093,5.0970807,-27.61023,-0.5432161,-5.405832,-11.45021
33.97573,-56.915916,-17.5253,26.39586,-7.1500196,-15.528803,-7.571852,7.1885777,-17.855318,8.787101,-6.383824,1.7545745,3.3294516,-0.63669586,-10.679709,-2.6735353,0.7911837,-22.849379,-1.633642,2.7495644,-3.8402708,-0.5971669,6.9634604,-11.959426,-1.2889726,0.5095415,-20.907509,-5.239725,0.04841823,-4.6077833,-4.820242,12.553025,-12.866467,-4.0518384,0.49659586,-23.377127,-1.5684093,-2.9784853,-12.180462,-21.342201,16.241022,-5.3408413,9.0833025,8.092493,-9.824439,-5.150712,4.7449675,-22.753447,-0.49769524,-5.084404,-10.586846
33.333355,-56.542126,-15.324926,26.317785,-7.618115,-15.751538,-7.653012,7.227684,-16.812944,8.866128,-6.3733582,2.4426908,3.2886183,-0.5380941,-9.208979,-2.678989,0.7902246,-20.990797,-1.6568125,2.7521613,-2.6612234,-0.59068865,7.315207,-10.445495,-1.2831092,0.5063188,-17.99625,-5.0708942,-0.0053338706,-2.5575716,-4.8158965,12.931922,-11.344204,-4.005428,0.46056136,-20.738255,-1.4667125,-3.026761,-10.665599,-21.36884,16.256859,-5.3466654,9.169548,8.961879,-7.411345,-5.04029,4.6575665,-19.361904,-0.41500866,-5.1245337,-8.425925
33.046646,-56.62314,-13.319166,26.729176,-6.558417,-15.319257,-7.7453938,7.30451,-16.294085,9.083159,-6.4112616,4.522578,3.301532,-0.47890946,-9.053684,-2.7004504,0.796035,-17.910366,-1.7093586,2.779271,-0.16946805,-0.58740425,7.3911123,-10.342892,-1.2800658,0.49791196,-13.784904,-4.799094,-0.10247512,0.68232524,-4.8559804,13.048533,-10.783507,-3.9539819,0.39031124,-16.64968,-1.2260514,-3.1625931,-7.3887405,-21.57401,16.396767,-5.3860598,9.308264,9.315239,-5.7503715,-4.902407,4.540786,-15.035861,-0.25430334,-5.230041,-4.8328834
34.28503,-58.938404,-13.645359,27.89941,-6.222671,-15.639486,-8.03618,7.579197,-16.840103,9.466651,-6.6474004,5.270692,3.4294841,-0.25144088,-9.646515,-2.7753928,0.8064853,-18.07729,-1.7558942,2.859077,0.083186254,-0.5835098,7.7867985,-11.691852,-1.297873,0.49884304,-14.12474,-4.975342,-0.08482046,0.5983912,-5.0026813,13.696365,-12.341482,-4.076877,0.39431372,-17.16468,-1.2523787,-3.2483995,-7.726407,-22.45103,17.033407,-5.57668,9.608398,9.821319,-7.1902385,-5.06058,4.714773,-15.671272,-0.25742927,-5.4071107,-5.1314406
31.888597,-54.684513,-14.045586,25.841923,-5.0775003,-14.139777,-7.342612,6.977592,-17.278194,8.595273,-6.162268,2.1663837,3.343651,0.94455355,-11.006236,-2.6243618,0.7818592,-23.08427,-1.6173044,2.6872633,-4.424665,-0.53726614,7.637359,-15.441468,-1.2737434,0.5100526,-22.641745,-5.2289085,0.1902442,-7.0302625,-4.604947,13.000288,-17.617332,-3.9532144,0.5710514,-25.772915,-1.6750492,-2.7844665,-14.610263,-20.689793,15.722337,-5.1967893,8.673919,8.662276,-13.674139,-4.988845,4.697292,-23.89377,-0.5331654,-4.9011593,-11.916961
33.17492,-56.83382,-14.553684,26.750795,-6.1103735,-15.091177,-7.6240897,7.247212,-17.822187,8.893415,-6.377162,1.9918945,3.4217885,0.6205408,-10.975705,-2.6912344,0.78751266,-23.857529,-1.6436533,2.7489183,-4.693064,-0.5491198,7.880236,-14.216938,-1.2874079,0.50995094,-21.610985,-5.2655115,0.1385723,-5.4886823,-4.785139,13.413065,-16.078587,-4.052256,0.5318227,-24.223265,-1.58055,-2.9389167,-13.097629,-21.522558,16.348557,-5.380667,9.066092,9.03362,-12.017177,-5.081499,4.763801,-21.877443,-0.45533592,-5.1150084,-10.091024
35.445576,-60.29512,-17.12049,28.214725,-5.9248004,-15.596749,-7.894915,7.551433,-20.3384,9.182755,-6.6564236,0.24702713,3.6583083,1.3013861,-13.351302,-2.7802868,0.791685,-31.709148,-1.6162584,2.8115919,-9.358701,-0.5303438,8.16678,-19.521008,-1.3248296,0.52885514,-33.24898,-6.1384344,0.5321526,-13.819332,-4.9692574,13.791044,-23.185614,-4.360533,0.73329866,-35.92422,-2.086516,-2.7161374,-21.358225,-22.589901,17.16924,-5.63142,9.21503,7.8919806,-21.343676,-5.617853,5.407977,-34.822193,-0.7714113,-5.161031,-19.02637
36.986874,-61.209602,-21.475937,28.707163,-3.6683931,-14.543388,-7.8990846,7.5828314,-20.550386,9.38691,-6.7776003,2.9850225,3.7038305,-0.005007402,-16.11249,-2.793081,0.8063246,-27.3416,-1.677825,2.8787968,-5.438801,-0.5796201,6.8589964,-20.694334,-1.3301995,0.5187549,-29.20067,-5.854004,0.24386504,-9.76344,-5.0606174,12.641748,-22.449394,-4.3600173,0.60461235,-31.404112,-1.7636539,-3.0062015,-16.110813,-22.653557,17.218391,-5.6458864,9.214082,6.402912,-21.495722,-5.63444,5.2589827,-32.236156,-0.62272805,-5.2932725,-15.24521
38.214252,-61.90897,-24.294476,28.8222,-3.6413472,-14.591745,-7.868023,7.5949507,-21.517456,9.336049,-6.8252764,2.1469688,3.7160857,-1.0599648,-17.54741,-2.8008199,0.80893445,-27.22016,-1.6732986,2.895756,-4.8846707,-0.6121528,6.0242863,-19.69604,-1.3363218,0.51859933,-28.151905,-5.7709427,0.13588497,-8.116136,-5.1594,11.776653,-19.958874,-4.3835907,0.5446937,-29.65806,-1.6266481,-3.1332529,-13.711413,-22.756414,17.312368,-5.6718073,9.363428,5.133343,-18.913193,-5.6785855,5.1999965,-31.265932,-0.565446,-5.3631277,-13.623189
36.88688,-59.845592,-23.10508,28.713436,0.24826372,-12.335721,-7.7064457,7.4443293,-20.502995,9.331681,-6.6818485,4.70972,3.7944508,-0.58674324,-20.553185,-2.7785776,0.8074775,-22.950499,-1.7166955,2.8849597,-1.7031953,-0.5899344,5.8176646,-22.621,-1.3223431,0.51013595,-23.515196,-5.2995615,-0.024976451,-4.416848,-5.0490584,11.456285,-22.220713,-4.2473707,0.48258173,-25.74323,-1.3465643,-3.2341454,-9.852383,-22.112942,16.836983,-5.559841,9.119296,4.911968,-18.792192,-5.405659,4.9130754,-25.86919,-0.36284202,-5.355779,-8.431151
36.183445,-58.63298,-22.531713,28.315386,-0.10021578,-12.306069,-7.567208,7.3213143,-20.98431,8.925605,-6.4927993,1.0293298,3.854029,0.17077483,-22.476654,-2.7472925,0.7906039,-29.09138,-1.6160858,2.79871,-7.0325494,-0.5434341,6.2438326,-25.742573,-1.3227413,0.52182406,-30.33986,-5.708659,0.303922,-10.365312,-4.9465976,11.554462,-25.856256,-4.2816367,0.6386448,-33.055695,-1.7107483,-2.9199033,-15.693884,-21.744047,16.581005,-5.4891186,8.938625,4.3832655,-20.880404,-5.472738,5.081709,-31.105495,-0.54572743,-5.1692944,-12.624252
37.171585,-60.17554,-23.233816,29.075268,-0.2289577,-12.6685915,-7.7487383,7.5001025,-21.423832,9.171275,-6.662604,1.3251601,3.9320831,-0.08375018,-23.337265,-2.7936897,0.79563326,-29.763176,-1.6371182,2.8465135,-7.0656896,-0.5639248,6.2305336,-25.184948,-1.3330009,0.5221479,-29.394968,-5.6840944,0.21266735,-8.81276,-5.078272,11.706694,-24.939117,-4.3536277,0.6091641,-31.950232,-1.6352482,-3.051011,-14.430165,-22.314816,17.005732,-5.6142,9.207001,4.5303283,-19.714462,-5.5408278,5.113683,-29.661032,-0.47997838,-5.3317657,-11.223866
36.731495,-61.21191,-19.970049,29.318684,-1.2200718,-13.382389,-7.9838014,7.6810584,-20.39281,9.621922,-6.840725,4.6259103,3.8516111,-0.14509661,-19.243885,-2.83207,0.8069027,-25.45147,-1.7176989,2.9057615,-3.9002938,-0.5822785,6.6940317,-21.365067,-1.3295193,0.5123863,-23.519533,-5.437709,0.065039136,-4.79618,-5.1515574,12.525,-21.862915,-4.310473,0.4957158,-25.626804,-1.4237597,-3.2166278,-11.334788,-22.750624,17.336338,-5.714217,9.42089,6.4776816,-17.992958,-5.4636297,5.065718,-24.936691,-0.38797814,-5.467916,-9.163126
34.983727,-59.600143,-16.221655,28.34102,-4.242535,-14.679818,-7.9463058,7.5706186,-18.80457,9.386597,-6.654822,3.5473957,3.6494863,0.6997214,-13.998928,-2.7828913,0.7960403,-26.025011,-1.670783,2.828733,-5.380745,-0.5478075,7.711816,-18.270227,-1.3134664,0.5135097,-24.73431,-5.551777,0.23920298,-7.164336,-4.9907427,13.411389,-20.555094,-4.2300844,0.5608033,-27.125881,-1.6228077,-2.9891078,-14.534635,-22.461834,17.060041,-5.609062,9.286701,8.0114565,-17.436228,-5.3587217,5.07222,-26.063837,-0.4907176,-5.2900825,-11.88146
38.340496,-64.77189,-19.73344,30.050747,-7.4810457,-17.250603,-8.288853,7.980702,-24.001453,9.487691,-7.0017533,-3.6886501,3.932177,1.7560337,-15.866203,-2.9071436,0.7929114,-42.27202,-1.5541849,2.8696375,-16.515667,-0.5127739,8.854119,-23.36034,-1.3680146,0.5481288,-43.940823,-7.004669,0.94994813,-21.047836,-5.2454233,14.688561,-28.23645,-4.6895323,0.89743793,-45.85535,-2.4820828,-2.5740051,-28.379957,-24.166143,18.336443,-5.9874625,9.634298,7.471099,-27.976688,-6.125544,6.033539,-44.521133,-1.0058272,-5.3319573,-25.498966
33.646267,-57.17187,-15.677313,26.799194,-6.752817,-15.492882,-7.468519,7.1575723,-21.123278,8.442672,-6.228237,-4.2447486,3.62351,1.987027,-15.372887,-2.6842766,0.76052105,-39.864265,-1.4251459,2.606425,-16.533216,-0.4629102,8.515463,-23.474525,-1.3095944,0.5449814,-41.923477,-6.555977,1.0727711,-22.057026,-4.673859,13.870249,-28.59108,-4.256785,0.915269,-44.51093,-2.4826024,-2.1916766,-28.88583,-21.622665,16.403671,-5.3997746,8.623245,7.5935307,-26.155815,-5.537836,5.5357347,-41.866207,-1.0179183,-4.7467527,-24.910374
32.242935,-54.505196,-14.934692,25.310034,-8.5961895,-15.810066,-7.1657743,6.869816,-20.296486,7.8785133,-5.9408092,-6.566369,3.4367392,1.6012473,-13.702955,-2.5984216,0.7504628,-39.423187,-1.3834143,2.5325575,-16.408453,-0.46027142,8.2544,-20.255447,-1.2892886,0.54324746,-41.753906,-6.365305,1.0045795,-21.62277,-4.527603,13.234279,-24.798836,-4.151004,0.9275874,-44.346916,-2.4896922,-2.1167035,-28.589972,-20.699991,15.732832,-5.1924753,8.457448,7.2909594,-21.139196,-5.352988,5.2906666,-40.304955,-0.9862503,-4.583543,-23.704702
32.322155,-54.710464,-15.1593895,25.638657,-7.09529,-15.118594,-7.1773195,6.873979,-20.393942,7.968149,-5.965573,-5.8185515,3.5068028,2.1598556,-15.110236,-2.6062155,0.7522667,-40.902905,-1.385707,2.5403678,-16.863806,-0.43916094,8.18776,-25.083166,-1.3012965,0.55298823,-47.81871,-6.799176,1.27497,-26.885815,-4.498848,13.157169,-30.830109,-4.2491827,1.090965,-52.19245,-2.8713782,-1.8499142,-34.46861,-20.716064,15.760024,-5.1993732,8.247914,6.3905697,-27.461695,-5.5956345,5.6562085,-49.17163,-1.2433614,-4.4366903,-29.87297
32.726456,-55.6233,-14.610001,26.306044,-6.0008345,-14.776871,-7.3297396,7.023258,-20.539824,8.076557,-6.0564675,-6.4124417,3.6386378,2.443354,-17.304192,-2.6499615,0.75822634,-41.03525,-1.4104223,2.5927048,-16.9128,-0.4218673,8.54555,-26.938547,-1.31218,0.5517095,-47.26312,-6.860835,1.2257283,-26.446945,-4.5634756,13.700641,-31.90695,-4.323682,1.0881689,-52.078846,-2.886151,-1.9338846,-34.265793,-21.107134,16.066256,-5.301425,8.516953,7.0983343,-25.535894,-5.620201,5.6274805,-46.99131,-1.1826541,-4.5853243,-28.219652
35.28436,-58.94084,-18.407103,27.561104,-6.1904697,-15.443215,-7.48474,7.2438593,-24.429365,8.136526,-6.250006,-10.649454,3.9043903,3.3971257,-20.736965,-2.7310925,0.75578934,-52.90486,-1.3211126,2.5999777,-25.252285,-0.36842647,9.020519,-35.5898,-1.3564655,0.5842669,-65.097664,-8.151493,1.9862442,-40.23133,-4.6895485,14.132553,-43.10687,-4.6631556,1.4040288,-69.79996,-3.6428094,-1.4463508,-47.085804,-22.077711,16.806602,-5.530142,8.394315,5.271788,-40.301815,-6.2988505,6.5514407,-66.662994,-1.7067837,-4.4534907,-42.05336
35.30782,-59.72963,-16.49558,28.257584,-5.6334524,-15.424945,-7.7404914,7.4329166,-23.256748,8.593442,-6.418215,-7.372813,3.9226162,2.9459782,-20.416965,-2.7710013,0.7647858,-50.04123,-1.3865962,2.6601655,-22.592772,-0.3963287,8.766685,-35.397293,-1.3628085,0.57938576,-62.11373,-8.099481,1.911062,-38.650845,-4.798648,14.18732,-42.769676,-4.6984777,1.3806636,-68.36437,-3.6378899,-1.5026128,-46.789707,-22.545221,17.166721,-5.629402,8.648998,5.6729255,-39.04238,-6.3758326,6.6523027,-66.387436,-1.7173443,-4.5462456,-42.237286
35.596302,-59.967934,-17.180906,28.206242,-6.3417754,-15.806668,-7.721926,7.438154,-24.05074,8.529993,-6.4266367,-8.5309515,3.928179,2.7590382,-20.578037,-2.771978,0.76252913,-52.254627,-1.3645902,2.6538403,-23.963663,-0.4050583,8.584899,-35.200764,-1.3659909,0.5823892,-64.27521,-8.19427,1.9544928,-39.784306,-4.8319936,13.927757,-42.47067,-4.737589,1.4101393,-70.193275,-3.690249,-1.4751784,-47.82385,-22.597967,17.204706,-5.6455455,8.684116,5.173151,-39.145996,-6.4415846,6.71907,-68.178955,-1.7563063,-4.538601,-43.29713
38.231834,-63.722874,-20.810658,29.717411,-6.4847994,-16.563324,-7.9375505,7.7119303,-27.922304,8.650528,-6.658788,-12.952567,4.231993,3.4295006,-25.419369,-2.864726,0.75760615,-64.655464,-1.2689403,2.6668785,-32.66537,-0.3689921,9.004714,-43.29031,-1.4087939,0.6110828,-79.79078,-9.328806,2.5857272,-51.45213,-4.9942684,14.503981,-52.50931,-5.0746202,1.6852057,-85.776825,-4.3409553,-1.0998335,-58.86946,-23.740599,18.062885,-5.90651,8.742126,3.925384,-50.852955,-7.037419,7.501833,-83.907326,-2.1594944,-4.5192904,-54.101772
40.241314,-66.66351,-23.238234,30.897253,-6.441128,-17.061907,-8.140167,7.949092,-30.334393,8.781208,-6.85577,-15.584123,4.4494467,4.2169347,-27.80273,-2.9432907,0.76148546,-70.90249,-1.2451574,2.7159722,-36.657993,-0.33296925,9.653982,-47.932144,-1.4398823,0.6270057,-88.444275,-9.982976,2.894339,-57.36797,-5.1228676,15.222236,-58.250168,-5.308138,1.8351836,-94.216675,-4.6694727,-0.9700158,-64.33008,-24.653563,18.733023,-6.1141825,8.876396,3.5479527,-57.55567,-7.3940544,7.9385023,-91.96799,-2.3435297,-4.596716,-59.181286
40.663055,-66.37057,-26.203709,30.428455,-6.314103,-16.830196,-7.830348,7.741433,-33.10727,8.233942,-6.671875,-20.754654,4.551151,5.085282,-31.051731,-2.911262,0.7442324,-79.69432,-1.1125809,2.614403,-43.69902,-0.28102422,9.939159,-52.841583,-1.4447368,0.6461336,-99.004524,-10.511321,3.3193061,-65.08499,-4.997756,15.1803875,-64.28775,-5.3597264,2.0043387,-103.39507,-4.9959245,-0.64558023,-70.35056,-24.272709,18.447348,-6.040039,8.433274,2.2992208,-65.20386,-7.5161343,8.168484,-100.17196,-2.5470998,-4.3774037,-64.65468
40.56353,-65.753456,-26.883636,30.15979,-6.0249214,-16.52942,-7.777997,7.6812353,-32.28764,8.219666,-6.639708,-19.56112,4.507607,4.6196456,-30.982872,-2.890154,0.7459448,-76.9414,-1.1324128,2.614894,-41.702534,-0.29606396,9.607496,-51.586,-1.4369438,0.6404141,-95.71286,-10.251515,3.1528482,-62.337986,-4.973633,14.851813,-62.555237,-5.292105,1.9272344,-99.65832,-4.805551,-0.7700457,-67.15917,-24.00438,18.261333,-5.983928,8.3782015,2.2289343,-63.492577,-7.412238,7.9942155,-96.92227,-2.4454832,-4.397044,-61.828285
37.863007,-61.92295,-23.9914,28.562035,-4.8968782,-15.222979,-7.4024315,7.288297,-30.123833,7.799797,-6.271917,-18.46671,4.3394227,5.012104,-29.725193,-2.782395,0.73531747,-73.06661,-1.1073762,2.5063646,-40.17661,-0.27047038,9.564685,-50.934254,-1.404292,0.6335713,-92.038826,-9.883815,3.1134813,-61.08293,-4.6859837,14.527025,-61.81946,-5.0387535,1.8803188,-96.17094,-4.7054935,-0.6569751,-65.81148,-22.650637,17.25296,-5.6872463,7.8737683,2.5913734,-62.043682,-7.0602264,7.666558,-93.345985,-2.3978772,-4.1350937,-60.371384
34.153507,-56.612503,-20.130646,26.494707,-3.5343454,-13.586756,-6.9884534,6.7894044,-25.438728,7.474291,-5.8246064,-13.708068,4.0203495,4.5163116,-27.252586,-2.6323786,0.7277359,-62.546623,-1.134952,2.3910422,-33.582787,-0.2820196,8.9736395,-47.504448,-1.352077,0.6119266,-80.29543,-8.955213,2.7689269,-54.026054,-4.3211107,13.831563,-57.61947,-4.6298327,1.7221391,-85.829,-4.3172383,-0.7022768,-59.291714,-20.894966,15.9015255,-5.2639146,7.3087173,3.5142531,-56.08696,-6.436773,6.992092,-82.858185,-2.1575873,-3.8817778,-53.691257
35.41455,-58.939754,-20.1728,27.554155,-4.427976,-14.531297,-7.282037,7.0755863,-26.477343,7.8171396,-6.072554,-13.853719,4.1095963,4.456365,-26.691467,-2.7093568,0.73651874,-64.17448,-1.1618795,2.4649048,-34.31692,-0.29816353,9.204878,-46.995422,-1.3724742,0.6149083,-81.48701,-9.220346,2.8285866,-54.864655,-4.521515,14.2253,-57.01765,-4.7739816,1.734535,-87.09355,-4.4176507,-0.7441393,-60.676105,-21.809744,16.616089,-5.473813,7.7193084,3.7309418,-55.983788,-6.6627235,7.237829,-84.838715,-2.2296844,-4.0370374,-55.6235
34.646446,-57.129314,-20.959772,26.578318,-5.0281353,-14.449073,-6.903752,6.7861223,-28.417053,7.1909304,-5.79213,-18.664925,4.121228,4.625562,-29.532566,-2.6460514,0.7122983,-71.76995,-1.0133996,2.322418,-41.172485,-0.27963498,9.086022,-48.557453,-1.360874,0.62489474,-86.75041,-9.367034,3.0772088,-59.008602,-4.3780594,13.811564,-58.364456,-4.702239,1.8050308,-90.84173,-4.5437326,-0.51019555,-63.580303,-21.09056,16.083384,-5.324584,7.3901186,2.9398127,-57.183365,-6.557685,7.192225,-86.83185,-2.2938912,-3.8301744,-57.44829
34.672775,-56.216167,-22.256836,25.956697,-6.1970634,-14.812986,-6.59499,6.573518,-30.93208,6.479289,-5.5180564,-25.757122,4.254587,4.8570037,-35.075405,-2.6002183,0.6803098,-82.76561,-0.8221135,2.1628191,-50.45981,-0.22998914,9.399094,-51.890408,-1.3528912,0.6393523,-93.637726,-9.606484,3.3878367,-63.7591,-4.261656,13.926098,-61.660473,-4.6924434,1.9186006,-96.299965,-4.692034,-0.28190094,-66.72888,-20.670898,15.786197,-5.241837,7.193516,2.611144,-58.174046,-6.4434147,7.1447077,-87.36729,-2.2905297,-3.7200923,-57.547546
33.692463,-54.420174,-22.182325,25.114067,-5.87712,-14.268985,-6.349874,6.3573084,-30.78241,6.145834,-5.3245435,-26.732803,4.203806,5.0931296,-35.0472,-2.5479398,0.6716848,-82.659904,-0.78065443,2.0976162,-51.14424,-0.21738106,9.468223,-50.923767,-1.337558,0.63677,-92.108955,-9.383657,3.3334448,-62.551968,-4.1285076,13.798751,-60.38493,-4.570246,1.8720021,-93.83781,-4.560406,-0.29225242,-64.79133,-19.971298,15.286028,-5.100803,6.951474,2.652088,-56.973137,-6.238123,6.902188,-84.08484,-2.2066965,-3.6338515,-55.288754
35.23719,-56.231117,-24.567507,25.56866,-7.7058992,-15.505309,-6.3673406,6.4641223,-34.471024,5.937484,-5.390221,-32.482975,4.361531,5.2371683,-37.92187,-2.5870922,0.6594042,-93.64832,-0.66903913,2.0635781,-59.083977,-0.20092487,9.644321,-53.690056,-1.3587766,0.65643567,-102.697624,-10.031391,3.7199924,-69.52844,-4.2431283,13.872808,-63.634094,-4.7649317,2.0357635,-103.11517,-4.9045563,-0.07780439,-71.00897,-20.593567,15.728184,-5.241944,7.1050277,1.645817,-60.519886,-6.533108,7.2868896,-92.05728,-2.3980222,-3.6292262,-60.63383
34.289604,-54.8019,-24.033869,25.169046,-5.532788,-14.171286,-6.3614326,6.3859434,-31.487326,6.171112,-5.3799086,-27.226496,4.2172847,4.9328804,-35.47089,-2.5566955,0.67015624,-84.019005,-0.7537218,2.1045973,-52.179157,-0.2373176,9.145959,-50.55208,-1.3425505,0.63607717,-92.83395,-9.395467,3.2634509,-62.386692,-4.1589627,13.580022,-59.6934,-4.604439,1.8429437,-93.740776,-4.5002737,-0.37684125,-63.994637,-20.067652,15.328659,-5.123667,6.9750276,2.143216,-57.0511,-6.2967634,6.872492,-84.43849,-2.1795104,-3.688033,-54.976807
34.32226,-54.782486,-24.159592,25.42535,-3.1935356,-12.963576,-6.6323056,6.5079103,-25.880495,7.081744,-5.66734,-14.326812,3.8840432,3.18172,-27.402534,-2.563006,0.72137374,-60.29252,-1.0801405,2.3361626,-32.79118,-0.34438866,7.6843576,-43.085278,-1.3334277,0.59961134,-74.21238,-8.42178,2.4178545,-48.758686,-4.2484584,12.456492,-50.94508,-4.4569426,1.5114673,-77.339066,-3.858147,-0.982551,-51.690502,-20.003801,15.257717,-5.0777125,7.096939,2.244474,-51.170788,-6.1891985,6.4930525,-75.64617,-1.9401793,-3.871162,-47.929794
32.90784,-52.692036,-22.967026,24.25624,-4.5731697,-13.252421,-6.434343,6.311045,-24.79463,6.85165,-5.511046,-14.031957,3.68282,2.3443437,-25.02806,-2.4993057,0.71530795,-56.591133,-1.0778066,2.2886293,-30.851845,-0.38774994,7.2073493,-36.788795,-1.3052772,0.58526945,-66.00731,-7.7608786,2.0589154,-42.085995,-4.172139,11.902108,-43.163372,-4.2580714,1.3433486,-68.11651,-3.4708605,-1.1966305,-45.29681,-19.300705,14.72854,-4.919911,7.107788,2.871118,-42.531616,-5.823739,5.9966908,-65.53637,-1.6919901,-3.885487,-41.3077
35.973053,-58.079273,-23.666815,26.67983,-6.422837,-15.31054,-7.1855583,7.020644,-25.872953,7.725539,-6.141469,-13.259582,3.859785,1.6558152,-23.65105,-2.6834047,0.7422227,-54.725414,-1.2034409,2.518826,-28.496138,-0.44516516,7.749364,-31.916357,-1.343267,0.57586694,-59.287086,-7.729392,1.675991,-35.66694,-4.655711,13.0938,-36.646255,-4.514566,1.1732591,-61.02964,-3.2177024,-1.7331045,-40.0424,-21.404999,16.34094,-5.4041524,8.287517,4.6742024,-34.70209,-6.0738955,6.053444,-57.88883,-1.4907992,-4.5081377,-36.080265
37.262283,-60.66087,-23.846674,27.221987,-10.018533,-17.538763,-7.239304,7.183888,-30.511591,7.531888,-6.2289906,-20.610147,4.0483837,2.0917573,-25.733685,-2.7276335,0.7205794,-71.21288,-1.0471108,2.448158,-40.251472,-0.42669562,8.145494,-33.99018,-1.3672025,0.6064738,-74.54241,-8.699323,2.3010864,-46.420895,-4.8432527,13.169595,-40.202168,-4.773496,1.4315574,-74.88115,-3.8275003,-1.3121498,-50.848145,-22.271585,17.037138,-5.611128,8.571805,3.6043196,-39.323326,-6.529559,6.7315936,-70.691986,-1.8615159,-4.436523,-46.29557
36.94184,-60.67694,-22.906935,27.185823,-10.03785,-17.557022,-7.200837,7.1595445,-31.358667,7.389677,-6.1643934,-22.647116,4.104268,2.873194,-26.563484,-2.727271,0.7129988,-75.094666,-0.997566,2.4064977,-43.81545,-0.39373097,8.724982,-35.655468,-1.3675194,0.6121368,-77.99974,-8.883393,2.4780958,-49.27829,-4.7952914,13.688088,-42.46901,-4.7840624,1.4965056,-77.98295,-3.9620662,-1.1725501,-53.653732,-22.280052,17.032797,-5.61539,8.508966,3.9736362,-41.376297,-6.5272512,6.8097734,-72.55186,-1.9167206,-4.38394,-48.141243
36.331272,-59.646862,-22.712334,26.902895,-9.24164,-16.9826,-7.0922494,7.0248446,-30.968758,7.1485195,-5.978796,-23.69453,4.152358,3.379096,-29.14608,-2.6945534,0.7014382,-78.96842,-0.92008966,2.3173997,-47.094154,-0.34002674,8.939939,-41.47814,-1.3690585,0.62547255,-85.31001,-9.337526,2.9127984,-56.235012,-4.638344,13.822085,-49.760685,-4.7968087,1.6794096,-86.63708,-4.35072,-0.7732394,-60.393475,-21.919146,16.741787,-5.522962,8.097265,3.3534794,-48.413147,-6.622199,7.0869346,-80.93508,-2.1529536,-4.122144,-53.989723
38.104637,-62.080894,-24.727814,28.127369,-8.758701,-17.23679,-7.2784057,7.253559,-33.346535,7.3290157,-6.17985,-25.86919,4.369056,3.4988244,-32.91779,-2.770786,0.7020211,-84.689766,-0.89523065,2.361242,-51.028004,-0.3331151,9.038121,-45.580593,-1.3952079,0.6370867,-91.014595,-9.818048,3.124881,-60.28066,-4.7993245,14.121206,-53.844086,-4.9859734,1.7631608,-92.05179,-4.5647154,-0.7152538,-63.9843,-22.766712,17.369297,-5.721169,8.327584,2.8438516,-51.967735,-6.9079304,7.413724,-85.85632,-2.2682652,-4.234704,-57.13061
39.517963,-63.861973,-26.866514,29.047987,-7.437401,-16.853598,-7.498305,7.46143,-32.892097,7.745016,-6.414702,-22.726135,4.4231825,3.1866853,-32.57686,-2.8243332,0.7229519,-79.743515,-1.0122405,2.4867613,-46.007015,-0.35118324,8.742708,-46.092438,-1.4107728,0.6318382,-89.04492,-9.762007,2.9419315,-57.789814,-4.9420795,13.909388,-54.211105,-5.084633,1.7199816,-90.37349,-4.430631,-0.93554986,-61.29045,-23.276155,17.771576,-5.8430333,8.497596,2.2303798,-53.270863,-7.057367,7.482267,-86.02792,-2.213151,-4.40498,-55.620888
41.959515,-67.446526,-29.490583,30.724867,-7.2225165,-17.437536,-7.7118635,7.778968,-37.1417,7.9014025,-6.686222,-27.277039,4.7599363,3.5413413,-38.327145,-2.931246,0.7181597,-89.82475,-0.9579014,2.5329869,-53.125076,-0.34386325,9.024492,-50.08683,-1.4415287,0.64518607,-95.78068,-10.224327,3.1235387,-61.388992,-5.2024336,14.265575,-57.606842,-5.3270097,1.7959919,-95.87974,-4.576445,-0.96028423,-64.331924,-24.471403,18.683392,-6.132951,8.945823,1.483228,-55.481495,-7.339709,7.792636,-88.97738,-2.2375429,-4.6467485,-56.990005
42.403225,-67.7673,-30.98718,31.073938,-5.198228,-16.439592,-7.747348,7.7914023,-35.985004,8.078299,-6.728505,-24.529196,4.7961874,3.6746595,-39.35972,-2.935311,0.7296593,-84.866,-1.0351634,2.5864027,-48.91699,-0.32739502,9.093842,-52.36699,-1.4409842,0.6391217,-93.36023,-10.023962,2.9601834,-58.883625,-5.1547585,14.514083,-60.267933,-5.3147306,1.7661858,-93.94133,-4.4192443,-1.1000714,-61.484837,-24.467976,18.640007,-6.1164894,8.795282,1.7305928,-57.90761,-7.279179,7.6794453,-86.98193,-2.1213987,-4.712477,-53.887756
43.4664,-69.15075,-32.355995,31.630636,-5.82202,-17.012737,-7.85087,7.912106,-37.179707,8.165266,-6.8385415,-25.566124,4.8570576,3.8575792,-39.41797,-2.973806,0.73418057,-87.48262,-1.0308394,2.616288,-50.30814,-0.321394,9.269949,-53.65405,-1.4562359,0.6459992,-97.68016,-10.350289,3.11878,-61.645416,-5.234322,14.708469,-62.131947,-5.433618,1.8417975,-98.12852,-4.5820932,-1.0338002,-64.10551,-24.972374,18.99188,-6.220426,8.894292,1.3661284,-60.810856,-7.4680576,7.9112597,-91.43608,-2.2214084,-4.7444115,-56.732635
41.680977,-66.6299,-30.60705,30.71624,-4.101185,-15.642661,-7.651387,7.6638074,-34.16779,8.15315,-6.6564612,-20.755878,4.657967,3.8432498,-36.383724,-2.898747,0.7408172,-77.91081,-1.1112568,2.6037488,-43.318153,-0.33042008,8.9281025,-51.283363,-1.4279513,0.62931615,-89.48459,-9.703143,2.8133466,-55.905285,-5.048827,14.238157,-59.694817,-5.2022085,1.7161254,-90.580986,-4.2372384,-1.1708281,-58.539074,-24.03781,18.269754,-5.9969935,8.538162,1.6613877,-59.011036,-7.1262183,7.5160246,-85.355835,-2.0419781,-4.644449,-52.093086
39.797024,-63.67166,-28.931307,29.740717,-1.5754142,-13.794447,-7.479386,7.4215117,-29.891193,8.277061,-6.5198803,-13.361776,4.384425,3.098926,-32.37061,-2.8229222,0.75948685,-61.990128,-1.2761405,2.6549568,-31.104702,-0.37364882,7.9818106,-46.906982,-1.3969536,0.6017208,-75.36288,-8.726618,2.2210567,-45.698853,-4.89411,13.2477455,-53.885902,-4.9246416,1.483672,-77.63878,-3.6804006,-1.5145061,-48.73573,-22.961637,17.452694,-5.7473893,8.29498,1.8935149,-52.79758,-6.709269,6.924752,-74.846466,-1.7526797,-4.6188436,-44.12468
38.82642,-61.925648,-28.622093,29.171112,0.40622562,-12.474643,-7.3380127,7.247938,-27.47349,8.311863,-6.4171453,-8.767995,4.195141,2.5394967,-29.832146,-2.776154,0.7728724,-51.024902,-1.3858652,2.6895132,-22.83561,-0.3995219,7.1896825,-44.649845,-1.3783727,0.58280087,-66.0325,-8.116222,1.8735104,-39.364048,-4.8008842,12.366138,-50.586803,-4.739615,1.3269397,-69.19081,-3.3024445,-1.7266107,-42.204464,-22.34439,16.921177,-5.5810385,8.101563,1.5210307,-49.646843,-6.455703,6.56529,-68.87949,-1.5789007,-4.579883,-39.266907
39.679188,-63.285763,-29.112984,30.11912,1.7311285,-12.157685,-7.776069,7.5804214,-24.270536,9.172209,-6.7831593,-0.9293747,4.136375,1.4081657,-26.948765,-2.8465734,0.80644876,-36.1846,-1.6199305,2.8956208,-11.238411,-0.47932228,6.8143826,-38.02627,-1.3737109,0.54623944,-47.418365,-7.0071583,0.9357752,-23.754787,-5.00918,12.477314,-41.671352,-4.6606374,0.95597136,-50.76289,-2.4382975,-2.5450087,-27.370483,-22.988314,17.38267,-5.7212124,8.646517,3.0916338,-40.208286,-6.1747713,5.9526353,-50.8411,-1.014785,-5.106465,-25.110723
39.782024,-63.28781,-29.630981,29.898071,0.58168465,-12.694349,-7.771463,7.571811,-24.378365,9.06928,-6.7641625,-2.1313686,4.1054363,1.1236533,-26.401344,-2.8441794,0.803103,-36.739525,-1.5973659,2.884949,-11.967066,-0.48918408,6.788091,-36.012657,-1.372755,0.54575974,-46.547104,-6.960353,0.885767,-22.86248,-5.0320325,12.411753,-39.20318,-4.6539965,0.9306358,-49.43878,-2.403569,-2.5810673,-26.423967,-22.92746,17.383223,-5.719714,8.71955,3.1362514,-37.817467,-6.156651,5.891388,-49.282356,-0.98954654,-5.128454,-24.100315
38.94801,-61.838417,-28.225956,29.116096,-1.1907647,-13.380603,-7.7309566,7.4951563,-23.46415,8.898125,-6.681338,-3.265657,4.003895,0.5236903,-25.271671,-2.8172452,0.79350686,-36.798397,-1.546037,2.8338926,-12.990703,-0.5085562,6.815533,-32.19015,-1.3620844,0.54376924,-42.730194,-6.757663,0.77501494,-20.707035,-4.98214,12.635277,-34.624237,-4.5680356,0.86046207,-45.946136,-2.341657,-2.611698,-24.781343,-22.54704,17.164528,-5.656775,8.790467,4.2866406,-31.815083,-6.0140934,5.6872396,-44.46041,-0.9451368,-5.11803,-22.312826
38.48262,-62.127876,-25.524866,28.846575,-3.0256872,-14.329722,-7.7270975,7.4944124,-23.468292,9.028625,-6.7550325,-2.2109933,3.8319533,-0.547347,-21.557571,-2.7989492,0.7988427,-33.366234,-1.5852687,2.8448865,-11.029777,-0.5824798,6.4618454,-24.466679,-1.344434,0.5327696,-34.211967,-6.2920427,0.4372418,-14.387446,-5.060483,12.521469,-24.844154,-4.429766,0.6524788,-35.927517,-2.0212917,-2.8686152,-19.459879,-22.708176,17.25557,-5.6557283,9.18205,5.8640366,-22.150478,-5.816738,5.402568,-36.23415,-0.80741286,-5.2252774,-18.901846
35.92438,-59.54361,-20.802618,27.60962,-4.7349567,-14.73321,-7.576478,7.3079386,-21.654581,8.787449,-6.5360084,-1.8569235,3.6367147,0.29024675,-16.465744,-2.7348683,0.7904712,-31.443966,-1.5686903,2.7781594,-10.033484,-0.55711275,7.1636143,-20.676756,-1.3217411,0.52884257,-32.413887,-6.1428022,0.47114575,-14.012181,-4.8900084,12.900863,-22.107111,-4.292232,0.66267985,-34.480522,-2.0666232,-2.736487,-20.218616,-21.986757,16.736193,-5.49924,9.003552,7.0181904,-19.676567,-5.5996394,5.2520704,-34.178776,-0.81560576,-5.058244,-19.045921
37.449146,-62.072533,-21.586433,28.534939,-6.925868,-16.325022,-7.834062,7.575529,-23.3888,8.981145,-6.744859,-4.0871577,3.7526116,0.7637981,-16.123158,-2.8001764,0.7881342,-38.371445,-1.525889,2.8038845,-14.544867,-0.54176676,7.8687997,-21.240507,-1.3435475,0.54106593,-39.555485,-6.671855,0.72087336,-18.550772,-5.041172,13.671513,-24.571678,-4.503397,0.78945434,-41.1509,-2.3505375,-2.6273503,-25.001041,-22.93967,17.460524,-5.7088304,9.250067,7.10824,-23.91734,-5.907092,5.640451,-40.44168,-0.9611187,-5.1576843,-23.314053
37.54861,-62.102936,-22.238352,28.51921,-6.7036867,-16.18521,-7.8327584,7.5629086,-23.082119,8.946996,-6.7224545,-3.9022045,3.7464793,1.2370499,-15.387163,-2.798863,0.78974974,-38.091915,-1.5298302,2.8070536,-14.0964155,-0.5202107,8.09416,-22.392138,-1.347131,0.54369575,-41.85098,-6.7880354,0.80662435,-20.19099,-5.003181,13.78789,-26.686224,-4.529928,0.8442037,-43.73192,-2.4259121,-2.557622,-26.319801,-22.877125,17.413881,-5.696007,9.097527,6.767647,-27.33499,-5.9674435,5.733423,-43.555244,-1.0176058,-5.102036,-24.889278
38.164978,-62.712276,-23.690304,28.63127,-7.157749,-16.467886,-7.7507486,7.5396404,-25.460403,8.67243,-6.6554317,-8.160187,3.8998759,2.374266,-17.76007,-2.8032181,0.77415824,-48.459644,-1.4051481,2.731381,-21.75818,-0.4591536,8.700557,-27.750113,-1.3629662,0.5664859,-54.97458,-7.541746,1.3502544,-29.979792,-4.96313,14.117359,-34.27835,-4.6794896,1.081796,-56.28489,-2.9125633,-2.148497,-35.214344,-23.026493,17.511757,-5.7342925,8.810314,5.59222,-37.131855,-6.2593737,6.210121,-55.712246,-1.3200499,-4.914666,-33.18498
39.26907,-63.88218,-25.412785,29.212063,-6.8967323,-16.579723,-7.9236283,7.709271,-25.375341,9.018229,-6.8454766,-5.878899,3.898338,0.93966013,-18.278828,-2.8420486,0.78647536,-44.443058,-1.4884388,2.8171453,-17.883064,-0.5297324,7.6318398,-24.99665,-1.3665745,0.5533953,-48.531555,-7.1112833,0.9796502,-23.639458,-5.167948,13.155285,-29.472963,-4.691573,0.93141603,-49.52052,-2.5276353,-2.5063841,-28.946491,-23.463364,17.83464,-5.8328114,9.215321,4.7550645,-31.416643,-6.230083,6.0305576,-49.612965,-1.0922278,-5.1594343,-27.465471
38.386456,-61.457745,-27.40461,28.149227,-5.111722,-15.157851,-7.5407777,7.3460307,-24.86987,8.559979,-6.5489793,-6.1723046,3.8197212,0.585637,-20.798782,-2.7597537,0.7803942,-43.33313,-1.4517524,2.7391212,-17.470333,-0.5240651,6.7762628,-28.537392,-1.3535054,0.55402094,-50.43649,-7.065878,1.0615796,-25.727375,-4.947749,12.140145,-32.61321,-4.5780973,0.98535764,-52.196236,-2.599864,-2.3286977,-30.17138,-22.342764,16.994743,-5.583087,8.65749,3.363903,-33.962635,-6.118318,5.921914,-52.442116,-1.1528646,-4.8914804,-28.579231
37.02647,-59.648712,-25.661623,27.724136,-3.3020344,-13.9762125,-7.4476824,7.2198043,-23.046352,8.522296,-6.4301944,-4.170212,3.781595,0.43881214,-21.58043,-2.729086,0.7790277,-38.2219,-1.4719871,2.7168674,-14.979326,-0.5263152,6.681385,-27.819807,-1.3355684,0.54136795,-42.48188,-6.583893,0.8234007,-20.971615,-4.836442,12.201476,-30.501324,-4.403038,0.8429301,-44.656857,-2.3173575,-2.4776978,-25.264362,-21.737783,16.569912,-5.466368,8.562405,4.361251,-29.653416,-5.8097672,5.536193,-43.994164,-0.9664632,-4.9044905,-23.42431
37.82854,-60.847553,-26.370092,28.336657,-3.0883965,-14.121577,-7.5456343,7.3320756,-24.18575,8.60598,-6.53194,-5.464494,3.9020665,0.38712803,-24.132484,-2.765245,0.7785801,-42.221394,-1.4480405,2.7336829,-17.596428,-0.5245991,6.6191792,-30.768265,-1.3521512,0.5512069,-47.15259,-6.9785986,1.0080732,-24.687119,-4.9086494,12.327158,-33.57642,-4.5286345,0.9344517,-49.77361,-2.5762687,-2.3574374,-29.221523,-22.158358,16.885876,-5.56291,8.676285,4.1191444,-31.699314,-6.0271397,5.7963777,-48.829605,-1.1168402,-4.915238,-26.983015
38.671696,-62.577595,-26.681957,29.408865,-1.1138079,-13.48821,-7.676694,7.4847646,-25.474035,8.821863,-6.6696906,-5.5938773,4.105958,1.0940679,-27.570908,-2.818478,0.7839258,-45.240505,-1.4629546,2.7811792,-19.086786,-0.49455512,6.957429,-36.517117,-1.3724196,0.5600331,-52.563374,-7.407057,1.2201244,-28.85595,-4.9631743,12.894019,-40.095203,-4.6752534,1.0518429,-55.758423,-2.8296568,-2.2476077,-33.357315,-22.727036,17.305244,-5.692657,8.733672,4.1412115,-37.02463,-6.2484727,6.0996227,-54.377705,-1.2489641,-4.95761,-30.39815
41.2672,-66.3819,-28.912806,30.671593,-4.490114,-15.874459,-7.977833,7.8497443,-29.445858,8.873088,-6.9419603,-11.784353,4.328082,1.578819,-28.702007,-2.9211147,0.78002936,-57.42217,-1.3828324,2.8200283,-27.044342,-0.47251523,7.7461066,-38.159805,-1.4130017,0.58536386,-65.35819,-8.348192,1.6630803,-37.081707,-5.237558,13.575515,-42.885567,-5.0266533,1.267901,-67.73795,-3.3464463,-2.0358434,-41.76781,-24.118256,18.369537,-6.0150537,9.232534,3.4974341,-40.761753,-6.7829204,6.7403717,-65.18622,-1.5361168,-5.075259,-37.99602
40.10166,-64.02216,-29.652685,29.387974,-4.1952276,-15.169648,-7.549095,7.4759336,-30.151466,8.2169075,-6.5822515,-15.194722,4.3040185,2.1654358,-30.91217,-2.827858,0.7563483,-63.782566,-1.2422601,2.6605844,-32.661053,-0.42427436,7.659783,-42.091576,-1.4000044,0.5994034,-73.78071,-8.669573,2.05623,-44.151875,-4.9898543,13.057711,-48.183094,-4.9577394,1.4290625,-75.67048,-3.6614141,-1.6181425,-47.73896,-23.08768,17.59293,-5.786163,8.571282,2.121152,-47.184544,-6.7663336,6.8568053,-72.876884,-1.7467184,-4.701106,-43.42978
39.312374,-62.294674,-29.828379,28.86903,-2.0948837,-13.782213,-7.425514,7.314521,-27.866802,8.289108,-6.483758,-10.96309,4.200661,1.4207689,-31.000084,-2.7794237,0.7600595,-56.052944,-1.2974925,2.651475,-27.639523,-0.4541521,6.939223,-40.583572,-1.3770535,0.5814298,-64.30836,-7.975066,1.6835729,-37.44679,-4.883699,12.457292,-45.585335,-4.748633,1.2403744,-66.281105,-3.200715,-1.8668766,-40.45693,-22.38284,17.082617,-5.6295166,8.331205,2.1939745,-44.701973,-6.4417048,6.418307,-64.40865,-1.4907396,-4.714166,-36.89719
36.834084,-58.216187,-27.269474,27.365997,-1.5584955,-12.893667,-6.956153,6.8913646,-28.190395,7.567786,-6.0119414,-15.235507,4.246715,2.117085,-35.9775,-2.6747859,0.7176233,-63.235207,-1.0926474,2.4075906,-35.850784,-0.40434024,7.3537807,-42.243244,-1.3386496,0.5831863,-63.335102,-7.6310205,1.8047582,-37.654266,-4.5739126,12.713426,-46.556286,-4.476394,1.2182398,-63.984673,-3.068661,-1.6885078,-39.709274,-21.189377,16.126188,-5.3626013,7.900467,3.09697,-41.733135,-5.9085,5.9576783,-56.428364,-1.2970663,-4.5256453,-32.390755
35.23525,-56.04528,-24.89876,26.670803,-0.36655086,-11.873513,-6.7457166,6.656668,-27.208858,7.397811,-5.7823687,-13.455196,4.1407094,1.9693831,-36.23022,-2.6096742,0.71230185,-63.352272,-1.0749999,2.3313005,-35.506,-0.38266003,6.7084126,-47.36095,-1.3315539,0.5938949,-70.2918,-8.016702,2.2595274,-44.817875,-4.4019923,11.928515,-53.20778,-4.437101,1.4072719,-72.76491,-3.4653175,-1.2192988,-47.059994,-20.430807,15.604255,-5.193708,7.356206,1.765658,-49.595467,-6.023544,6.317208,-68.24955,-1.6200413,-4.13034,-40.791462
34.79358,-55.75,-23.619534,26.317072,-1.9136033,-12.546764,-6.695796,6.6021547,-27.146412,7.3389397,-5.7453394,-13.474548,4.041401,2.1469743,-33.33371,-2.5891151,0.7147199,-64.04661,-1.0843843,2.3270588,-34.755913,-0.36835295,6.6486354,-48.22411,-1.3374026,0.605911,-77.019455,-8.490688,2.5801885,-50.53626,-4.37731,11.599445,-55.57267,-4.5129833,1.588408,-80.82676,-3.9094534,-0.87891674,-53.919613,-20.38261,15.544268,-5.1620617,7.2119236,0.97911656,-53.450302,-6.2748194,6.7340755,-78.82558,-1.957565,-3.8915668,-48.81316
33.72059,-54.67402,-21.505035,25.758492,-2.9319825,-12.853324,-6.6364393,6.521037,-26.201,7.237364,-5.663572,-13.1559,3.9295583,2.4575326,-30.370453,-2.5609207,0.7145982,-62.514473,-1.0933672,2.3126564,-33.35004,-0.35500768,6.9099746,-46.68459,-1.3311628,0.6068234,-77.35161,-8.523614,2.6344032,-51.187275,-4.304139,11.703122,-54.659317,-4.482044,1.6318166,-81.86915,-4.0262384,-0.77239585,-55.369137,-20.08809,15.321774,-5.093155,7.128505,1.4162894,-52.633316,-6.2531385,6.7602897,-80.22899,-2.0421877,-3.7808528,-50.542973
34.230946,-55.08693,-22.836706,26.020462,-1.9231102,-12.407283,-6.6192007,6.5401745,-26.853498,7.279397,-5.703374,-12.812515,3.9886563,2.2749126,-31.86494,-2.5730643,0.71829665,-61.803867,-1.1152351,2.3363094,-32.557217,-0.36764595,6.64958,-46.799168,-1.3319601,0.60204846,-75.194695,-8.316698,2.4857872,-48.616543,-4.351194,11.432554,-53.951946,-4.47378,1.5680243,-79.057495,-3.8176527,-0.94043034,-52.17973,-20.140852,15.370657,-5.116515,7.201932,1.0535028,-51.60032,-6.1844425,6.621331,-76.776794,-1.9019635,-3.8884506,-47.25723
32.502842,-52.93798,-20.900045,25.29151,-0.1784339,-11.138446,-6.5790224,6.4128294,-22.737062,7.4721527,-5.6100597,-6.3796153,3.7738726,1.920595,-28.181633,-2.523427,0.73378444,-48.148514,-1.2608367,2.3801012,-22.793892,-0.3986877,6.441661,-41.227,-1.2993779,0.57053316,-59.651226,-7.166212,1.7947869,-36.340996,-4.2269735,11.278543,-47.10604,-4.1912384,1.2785213,-63.547318,-3.0675457,-1.4293119,-40.10257,-19.43242,14.782661,-4.94188,7.1309323,2.4135542,-44.038097,-5.6347494,5.8626866,-61.07686,-1.4159586,-4.0311856,-35.385178
34.63906,-56.152218,-22.987,26.726393,-0.02814003,-11.641153,-6.8817635,6.7387834,-24.261738,7.857733,-5.9147277,-6.64691,3.9474943,1.9724195,-29.32471,-2.6154861,0.74601287,-49.559723,-1.3055384,2.4836152,-23.153854,-0.4049848,6.7277474,-41.864258,-1.3235239,0.5724171,-60.464558,-7.3534784,1.7507548,-35.84763,-4.4462175,11.77278,-47.614376,-4.3607693,1.2555592,-63.50024,-3.0215623,-1.6161706,-39.19394,-20.476124,15.574543,-5.184194,7.5332837,2.50777,-44.91474,-5.8458,6.0226274,-61.005844,-1.377226,-4.291924,-34.5643
35.513115,-57.7686,-23.113388,27.780767,1.8407354,-11.049781,-7.1761537,6.974423,-22.922382,8.474933,-6.1784244,-1.8499259,4.0056915,1.5163032,-29.139118,-2.6726592,0.7616993,-43.420086,-1.4148607,2.5866225,-18.317204,-0.44139388,6.545854,-40.736423,-1.3292259,0.5610004,-52.84271,-7.0193443,1.440593,-30.144718,-4.582843,12.006371,-45.97158,-4.3621273,1.1093132,-56.48433,-2.7287157,-1.9164438,-33.9768,-21.020176,16.016645,-5.3109884,7.7715025,3.1140447,-43.68866,-5.847427,5.9448586,-55.609337,-1.2300248,-4.5175033,-30.560776
34.28133,-55.49399,-22.84089,26.710426,2.4297163,-10.270853,-6.9105535,6.714334,-21.414148,8.253146,-5.969761,-0.33973777,3.862656,1.1701939,-28.34206,-2.5921888,0.7546023,-38.722904,-1.4156089,2.5238757,-15.734186,-0.4537628,6.202178,-37.76957,-1.2981218,0.5473472,-45.38064,-6.3686094,1.1290816,-24.407068,-4.426015,11.490006,-42.064728,-4.1270223,0.94278467,-47.81209,-2.3009293,-2.1103337,-27.348703,-20.110653,15.343324,-5.1032934,7.501326,3.3278742,-39.682114,-5.4608216,5.454272,-46.666237,-0.9701613,-4.476949,-23.914963
31.687483,-50.56607,-22.258375,24.578411,3.3741214,-8.882873,-6.376218,6.1979923,-19.386997,7.673585,-5.566401,0.7878785,3.5881007,0.1720019,-26.977219,-2.4565558,0.74487317,-30.890133,-1.3909793,2.420985,-11.356902,-0.4967672,5.0828753,-32.103786,-1.2548394,0.52597857,-33.201263,-5.4284067,0.65906906,-16.105097,-4.162487,10.21361,-33.95571,-3.7569563,0.69812715,-34.983055,-1.7831844,-2.3293104,-18.437334,-18.386732,14.059649,-4.72533,7.1310673,3.4120827,-29.889961,-4.9021177,4.6780806,-34.14164,-0.6982908,-4.3209095,-15.594083
35.47948,-56.840008,-25.4536,26.93281,0.50036067,-11.51747,-7.0821247,6.8762746,-21.546402,8.439734,-6.1908736,0.30073506,3.7499716,-0.10583769,-25.102444,-2.6319911,0.7727102,-33.693832,-1.4989316,2.6463356,-10.724233,-0.5369259,5.4074597,-31.203964,-1.3079288,0.5343574,-39.047142,-6.0652084,0.6760141,-18.137318,-4.6334023,10.811947,-33.7091,-4.193882,0.8064009,-41.627735,-2.0657082,-2.4834607,-22.101742,-20.651327,15.68699,-5.2044506,8.023728,3.098228,-31.278334,-5.5294843,5.274529,-41.73246,-0.8456024,-4.71953,-19.842438
37.730354,-60.446426,-26.626776,28.73293,0.6159403,-12.245532,-7.5705304,7.345814,-22.276344,9.077378,-6.6233964,1.921279,3.8776035,-0.26425835,-24.49427,-2.765808,0.8020017,-29.718618,-1.6489251,2.850962,-6.2314997,-0.56517184,5.6414614,-29.867651,-1.3375347,0.52533567,-35.074184,-6.004404,0.3782296,-13.479054,-4.9512897,11.372504,-31.26468,-4.3893275,0.72259504,-37.95598,-1.8746583,-2.874221,-18.190964,-22.127476,16.739792,-5.5240564,8.763248,3.7688537,-27.50449,-5.698502,5.3091683,-37.6673,-0.6706705,-5.1542535,-15.866885
39.397358,-62.5909,-28.310001,29.510942,-0.92871916,-13.385174,-7.827663,7.6066985,-23.05828,9.288081,-6.861306,0.78161645,3.948313,-0.6116728,-23.958988,-2.8416424,0.8140994,-29.695454,-1.6907355,2.9476767,-5.6952024,-0.58066726,5.855594,-27.522097,-1.3575537,0.52605563,-33.88281,-6.057226,0.24342108,-11.450784,-5.1591473,11.678203,-28.059692,-4.5247707,0.6762806,-36.38019,-1.810153,-3.0783556,-16.30031,-22.86618,17.35232,-5.7163115,9.205495,4.0715685,-24.241344,-5.8418045,5.352508,-35.423203,-0.60515845,-5.3961797,-14.018246
39.49374,-63.313385,-27.987898,30.061268,0.389979,-12.863415,-7.884551,7.6551104,-23.39105,9.294035,-6.843787,-0.006547481,4.058986,0.64665973,-25.499737,-2.8549266,0.8097074,-33.4057,-1.6581948,2.9275353,-8.971983,-0.51893187,6.576501,-33.777733,-1.3672904,0.5363762,-41.693546,-6.6183815,0.64366037,-18.65834,-5.094781,12.314425,-36.17517,-4.619108,0.8438735,-45.006397,-2.1876485,-2.7715201,-23.167395,-23.098349,17.482876,-5.7488165,8.959261,3.7324343,-33.23963,-6.0406823,5.7243676,-44.39415,-0.833475,-5.256818,-20.473675
37.997414,-60.709675,-27.332167,28.965508,2.166429,-11.405033,-7.382983,7.236516,-24.630077,8.544332,-6.4093237,-4.2677197,4.1292624,1.8810939,-29.914463,-2.7553658,0.78174484,-40.502773,-1.5030539,2.7422667,-15.483022,-0.4398089,6.977327,-39.83483,-1.3496324,0.55068433,-49.095947,-6.8553057,1.0477661,-25.202503,-4.782216,12.377394,-43.07187,-4.494572,0.9850453,-51.447243,-2.4017923,-2.387642,-27.855885,-22.040394,16.646452,-5.506718,8.318683,3.281272,-38.66624,-5.8704066,5.703538,-48.521564,-0.94453657,-4.9160995,-23.40447
37.815327,-60.67938,-26.347496,29.600542,5.4914184,-9.843758,-7.598948,7.363234,-21.584875,9.1448965,-6.567096,2.6938963,4.1338305,1.3472204,-29.9505,-2.78054,0.79858977,-29.22979,-1.6407955,2.8312488,-7.7761,-0.4717463,6.8278174,-37.73489,-1.3373699,0.52553934,-34.119034,-6.003621,0.47434342,-14.490623,-4.8019276,12.785599,-39.64445,-4.3326626,0.6966275,-37.023537,-1.767764,-2.8753018,-17.25503,-22.098745,16.696177,-5.5237412,8.435691,4.836759,-34.31938,-5.549101,5.211297,-34.668114,-0.5583353,-5.182573,-13.330152
39.74718,-64.78992,-26.167402,31.394064,4.7072473,-11.021846,-8.039192,7.8101463,-23.619194,9.610942,-6.908477,0.6725075,4.396553,2.0003667,-32.206627,-2.9014568,0.80252904,-35.517242,-1.6510086,2.9146335,-11.978705,-0.4499965,7.950423,-39.711178,-1.365654,0.5350736,-38.07512,-6.3786745,0.59383917,-16.08138,-5.0374727,14.318015,-42.136448,-4.5591807,0.75766784,-39.97656,-1.873953,-2.949483,-19.276337,-23.62234,17.788666,-5.8552656,9.012126,6.151649,-35.375496,-5.751521,5.4693923,-34.738575,-0.52013946,-5.4976153,-13.207193
40.025314,-65.86033,-25.327328,32.189747,6.729366,-10.2713785,-8.284402,7.998586,-22.210304,10.137439,-7.1129227,5.4138737,4.3949966,1.7471712,-30.763786,-2.954967,0.8248579,-27.49612,-1.7873453,3.0328858,-5.9472146,-0.47274727,7.801753,-38.762863,-1.3708007,0.5208821,-30.869202,-6.070224,0.32575172,-11.0776005,-5.1362534,14.496486,-40.72221,-4.5447116,0.61928594,-33.354263,-1.5972867,-3.2201457,-14.75746,-23.981155,18.082024,-5.9513025,9.213106,6.7542996,-34.25855,-5.720894,5.371094,-30.232645,-0.38277394,-5.6822605,-9.945684
39.265167,-62.33544,-28.23837,30.23253,5.1232457,-10.321344,-7.7626176,7.5223413,-21.802666,9.46801,-6.749639,4.473037,4.140225,0.47364122,-29.356636,-2.8186243,0.80547357,-26.699802,-1.6786063,2.8780572,-5.8192763,-0.51029253,6.458025,-34.543953,-1.3391593,0.51810646,-28.956133,-5.6885614,0.2512405,-9.383648,-4.9455686,12.688054,-36.15699,-4.3283763,0.56272364,-30.468882,-1.4006149,-3.1597219,-11.600148,-22.593536,17.089409,-5.63189,8.663795,4.8524733,-32.706017,-5.503688,5.089194,-29.48606,-0.35929194,-5.392013,-8.604967
41.76829,-66.26199,-30.442738,31.753258,3.3119147,-11.956694,-8.235966,7.9827595,-23.197632,9.922308,-7.158795,3.5057364,4.2792435,0.5270234,-28.485619,-2.9451094,0.824828,-28.905588,-1.7426293,3.037259,-5.8310723,-0.51909894,6.8914657,-34.88357,-1.3800831,0.5259668,-33.8445,-6.234125,0.30301505,-11.799461,-5.2532544,13.246759,-36.844856,-4.6508336,0.6483447,-35.966995,-1.6734654,-3.2359753,-14.975292,-23.984755,18.186329,-5.961792,9.234353,4.732169,-34.139713,-5.9692693,5.512258,-35.17621,-0.49064428,-5.658502,-12.201418
43.172997,-68.098114,-32.154064,32.39716,2.080424,-12.879086,-8.425034,8.17345,-24.240229,9.960276,-7.3044105,0.76426286,4.3888087,0.69338626,-29.56326,-3.0036228,0.82936203,-32.35786,-1.734781,3.0912719,-8.243428,-0.50709075,7.3249063,-35.952988,-1.4020483,0.5340793,-37.829082,-6.6111183,0.39205873,-14.456234,-5.3709006,13.757905,-37.817722,-4.8209023,0.7229587,-40.110023,-1.896252,-3.2110465,-17.721375,-24.576385,18.6562,-6.109808,9.478375,4.9012866,-34.52013,-6.197189,5.717957,-38.07572,-0.5818682,-5.764112,-14.220345
40.846054,-64.50451,-30.327133,30.35055,-0.56271505,-13.459687,-7.969323,7.7597246,-23.823254,9.333343,-6.962259,-1.2503737,4.0974126,0.2673864,-25.592869,-2.891005,0.8151853,-31.29967,-1.6804469,2.9785712,-8.083015,-0.53555506,6.814524,-29.46529,-1.3680044,0.52973956,-34.771027,-6.1990395,0.26651087,-11.997047,-5.2013025,12.687533,-30.316399,-4.6022196,0.6688124,-36.419247,-1.7971501,-3.1452994,-16.011143,-23.329416,17.728683,-5.8325553,9.246749,4.6630177,-27.287373,-5.8875885,5.3777094,-34.02403,-0.5423554,-5.531436,-12.892944
39.500084,-63.911415,-25.725372,30.136866,-1.3832073,-13.874962,-8.02311,7.800147,-23.166916,9.616781,-7.040866,1.9167668,3.9202914,-0.34017822,-20.447365,-2.8878016,0.8229766,-25.912926,-1.7505835,3.0016906,-4.2637973,-0.5894493,6.6181345,-22.196417,-1.3527148,0.5158354,-25.771845,-5.6778173,0.002182722,-5.5605493,-5.2881093,12.543559,-21.656368,-4.452714,0.47084683,-26.654987,-1.4227074,-3.3747737,-10.590858,-23.406424,17.811132,-5.846533,9.59171,5.655722,-19.392992,-5.6866975,5.163182,-26.98831,-0.40552998,-5.6155133,-9.78359
37.62595,-62.837585,-21.089993,29.52503,-2.7095687,-14.362714,-8.039354,7.737564,-21.04642,9.569566,-6.922143,2.7757912,3.7955256,0.61407936,-16.450829,-2.844676,0.81535673,-24.628874,-1.7343405,2.9458022,-4.33823,-0.5563871,7.783073,-20.279171,-1.334078,0.5134316,-24.199892,-5.693817,0.0814166,-6.2007256,-5.125048,13.769407,-21.369154,-4.353833,0.4903916,-25.64804,-1.54657,-3.2316318,-12.273641,-23.174025,17.591389,-5.7615128,9.465527,8.029434,-19.035732,-5.540905,5.1123486,-25.48979,-0.46105883,-5.4973145,-10.885334
34.462646,-59.349953,-15.05632,28.705093,-1.0565526,-13.07867,-7.992945,7.579736,-17.077526,9.652374,-6.677227,7.295988,3.6839647,0.92764527,-15.227797,-2.7884166,0.8090801,-18.75617,-1.7698808,2.8804932,-0.47438395,-0.5399794,7.84464,-19.79804,-1.3049176,0.49965948,-17.344006,-5.1109753,-0.03911577,-2.189989,-4.9326115,13.827624,-20.99346,-4.1278424,0.4459337,-20.688717,-1.3479862,-3.1894794,-9.774844,-22.399454,16.955006,-5.5788336,9.252302,9.045744,-16.008244,-5.142138,4.7954717,-19.302708,-0.29447457,-5.387752,-6.8515196
36.62644,-63.96499,-14.505459,31.398457,0.38944185,-13.378669,-8.598405,8.133162,-18.653463,10.367077,-7.1201677,7.227171,4.058491,2.399031,-19.154087,-2.9472616,0.8259796,-26.247992,-1.8083266,3.0262024,-3.947294,-0.48197785,8.911494,-30.42529,-1.3666501,0.52505034,-32.46582,-6.467499,0.58764726,-14.623217,-5.161351,15.431786,-34.55551,-4.6015673,0.81639266,-39.38872,-2.299727,-2.7613223,-24.212708,-24.194403,18.336031,-5.9805374,9.654421,9.170431,-27.699305,-5.91312,5.802289,-37.835537,-0.79970896,-5.471382,-20.091747
39.69114,-67.61782,-19.818909,32.802418,0.6273171,-13.880616,-8.796973,8.37843,-22.05614,10.475699,-7.3597035,3.5149589,4.3470826,2.8184319,-24.24517,-3.0304904,0.82648575,-37.835594,-1.7374073,3.0661058,-10.897651,-0.44115624,8.888497,-41.2027,-1.4186003,0.5598187,-52.372585,-7.8922186,1.3427649,-29.68916,-5.2967906,15.542853,-48.012024,-5.0157137,1.1954347,-60.480167,-3.1858613,-2.2487073,-38.631493,-25.215166,19.092094,-6.2107844,9.519124,6.87711,-43.33478,-6.7185144,6.820049,-60.517906,-1.3947772,-5.330312,-34.970383
38.91205,-65.99597,-20.05676,31.977669,0.8124071,-13.410785,-8.522561,8.131363,-22.301743,10.098464,-7.141334,2.1394086,4.305295,3.035559,-25.12381,-2.96716,0.8149703,-41.20023,-1.6622527,2.9778247,-13.435592,-0.41552272,8.589046,-44.298695,-1.413885,0.57060546,-59.27441,-8.237445,1.654304,-35.794495,-5.1386156,14.971737,-52.148308,-4.999702,1.3403889,-67.81209,-3.5178757,-1.9047139,-44.298992,-24.537863,18.582651,-6.055532,9.057846,5.656575,-48.62536,-6.8088284,7.020266,-68.95066,-1.6387392,-5.0285892,-41.07778
37.671265,-62.418407,-21.670712,29.73689,-1.6471336,-13.846462,-7.828541,7.5683537,-25.200289,8.87889,-6.60773,-6.3580456,4.220828,3.584922,-26.736649,-2.833037,0.7769117,-54.02674,-1.4068768,2.7271564,-24.05527,-0.35720178,8.439154,-47.52775,-1.4006913,0.5995818,-74.711815,-8.949941,2.3555562,-48.227703,-4.8412623,13.998052,-56.664883,-4.954888,1.6178654,-81.959816,-4.12141,-1.2231433,-55.07975,-23.125946,17.544117,-5.754111,8.277828,3.4049168,-55.10014,-6.8934913,7.309808,-82.490715,-2.0610235,-4.451421,-51.58586
38.69674,-63.45635,-23.898708,29.97926,-1.9186547,-14.107287,-7.8323207,7.6153007,-26.433647,8.841827,-6.667586,-7.6954703,4.277463,3.566549,-27.330494,-2.850295,0.7786867,-55.32651,-1.400697,2.74505,-24.78723,-0.35865575,8.561298,-47.08907,-1.4061309,0.6009057,-75.11208,-8.941954,2.2987645,-47.391586,-4.895594,14.093464,-55.971905,-4.991347,1.5849463,-81.0263,-4.0008926,-1.3497684,-53.244114,-23.376497,17.716047,-5.810617,8.366596,3.2652273,-55.1456,-6.9096055,7.266248,-81.11285,-1.9836315,-4.552894,-49.801815
36.52318,-59.523476,-22.792204,27.781666,-4.5074706,-14.555695,-7.423264,7.2205863,-24.51847,8.298163,-6.356339,-7.9587836,3.9012623,2.8451765,-21.052399,-2.7322152,0.7682792,-47.83276,-1.3964248,2.6671755,-20.804562,-0.4156887,8.200985,-33.802532,-1.3543305,0.5744355,-59.93776,-7.669588,1.5797262,-34.271294,-4.750526,13.183509,-39.987823,-4.617822,1.2522904,-63.18213,-3.2168405,-1.7996056,-40.217796,-21.929483,16.69231,-5.5058365,8.289588,3.9526143,-40.03103,-6.2211213,6.3023887,-61.93248,-1.4943064,-4.5823116,-36.6544
37.6876,-61.008892,-24.927156,27.968418,-6.419386,-15.745457,-7.392557,7.25918,-27.756258,7.961359,-6.338015,-14.318151,4.034309,3.62468,-23.01653,-2.7566495,0.7527518,-59.411427,-1.2555501,2.60013,-29.905136,-0.3674339,8.882235,-37.720646,-1.373997,0.59798074,-72.70696,-8.511011,2.1345885,-43.92128,-4.7704964,13.717301,-45.544415,-4.7992196,1.4671624,-74.92321,-3.721366,-1.4265723,-48.97521,-22.340042,17.002447,-5.6020603,8.212734,3.2747784,-47.13864,-6.539414,6.7715545,-72.60373,-1.7937267,-4.461339,-44.66398
37.97024,-62.271484,-23.581747,29.070536,-3.7064967,-14.68381,-7.627416,7.438986,-26.89567,8.381172,-6.4834137,-11.255925,4.180481,4.395418,-24.658272,-2.8093843,0.76560175,-57.565342,-1.3240161,2.6698184,-27.93894,-0.32937232,9.352818,-43.31648,-1.3919009,0.6017415,-75.052956,-8.832953,2.3011062,-46.878487,-4.789674,14.482614,-52.414474,-4.90216,1.5594146,-79.33453,-3.9446502,-1.3198606,-52.460556,-22.832237,17.367971,-5.709517,8.201972,3.735641,-53.176323,-6.7313986,7.0707617,-77.93136,-1.9298153,-4.477681,-48.259167
37.14145,-61.394577,-21.906183,28.830564,-3.6814523,-14.564519,-7.6262875,7.414678,-25.966925,8.392132,-6.4469967,-10.521447,4.129234,4.043922,-24.410591,-2.7968154,0.76463705,-54.994453,-1.3451117,2.6713715,-26.332933,-0.35048723,9.250986,-40.821983,-1.3805966,0.59177953,-69.37396,-8.437135,2.0551367,-42.499615,-4.778721,14.493443,-48.734295,-4.8136063,1.4612023,-73.74646,-3.7160747,-1.4852064,-48.588318,-22.665989,17.236158,-5.6714873,8.350846,4.5732074,-47.263638,-6.5208054,6.776813,-71.017876,-1.748217,-4.562476,-43.46714
36.652054,-61.892426,-18.567503,29.410467,-3.121545,-14.524892,-7.9281874,7.6093087,-23.784168,8.882685,-6.586101,-6.3548207,4.1151614,3.7301927,-23.13972,-2.8307757,0.776186,-50.794067,-1.4227192,2.7322006,-22.603222,-0.36424989,9.149087,-41.556843,-1.3871806,0.5871641,-67.068954,-8.5269985,2.0738997,-42.500835,-4.841633,14.778909,-49.861122,-4.8534226,1.4744897,-74.00893,-3.8461733,-1.4447854,-50.207176,-23.08824,17.558958,-5.7551494,8.57479,5.4236193,-46.885582,-6.639074,6.953563,-72.827156,-1.8416402,-4.594682,-45.666634
35.04855,-59.954712,-15.907034,28.816084,-2.1113713,-13.699499,-7.9259195,7.5104084,-19.836872,9.147114,-6.5368395,0.046869665,3.912008,3.0766106,-19.413395,-2.7884583,0.7874203,-38.340576,-1.5453329,2.7625813,-13.702447,-0.4060047,8.888045,-35.602253,-1.3567197,0.5604601,-51.68607,-7.5180006,1.4848546,-31.22778,-4.744691,14.754375,-42.893364,-4.5846066,1.2057655,-59.10055,-3.219439,-1.8492793,-39.51059,-22.462767,17.10384,-5.6112504,8.547738,7.160004,-39.44035,-6.1647773,6.3338943,-58.506035,-1.46378,-4.706236,-35.93809
31.434248,-54.06337,-12.793575,25.540615,-5.921005,-14.461262,-7.333044,6.932725,-16.96355,8.481661,-6.085638,1.2408214,3.334463,0.9424858,-11.217953,-2.6077914,0.7736396,-26.812386,-1.553928,2.632476,-6.936773,-0.52157646,7.6476135,-16.956144,-1.2781302,0.5212112,-28.395025,-5.629987,0.49631995,-12.157079,-4.545339,13.068444,-20.23378,-4.0018973,0.717457,-32.636005,-2.0511813,-2.4761465,-20.471815,-20.501127,15.635576,-5.166453,8.55312,8.507303,-16.137981,-5.1421247,4.9756136,-30.963343,-0.7776965,-4.7239065,-17.643204
31.471478,-55.289276,-10.63418,26.863302,-2.5745227,-13.152136,-7.6972256,7.2260165,-15.006192,9.109815,-6.3124914,5.9458637,3.4883833,0.9987672,-13.522776,-2.6851354,0.7931864,-20.098837,-1.694885,2.75999,-1.4494468,-0.52137184,7.7903776,-19.587883,-1.2889917,0.50836533,-21.56756,-5.3698044,0.24073243,-7.5600696,-4.6699467,13.640012,-21.710327,-4.0409837,0.63164663,-27.741959,-1.8706545,-2.7198944,-16.898022,-21.189854,16.134338,-5.319813,8.948629,9.523184,-13.390621,-5.107321,4.8845525,-25.22956,-0.6030848,-4.9854083,-13.1126
33.147614,-58.025227,-11.6597,28.76708,0.49178928,-12.227366,-8.004234,7.5328116,-16.51748,9.468667,-6.5467286,5.076268,3.8592293,2.1939824,-20.267353,-2.7862663,0.8011336,-25.524025,-1.7117399,2.8469875,-4.511205,-0.4642935,8.519251,-29.68051,-1.3259122,0.52203786,-30.19841,-6.0412493,0.5257119,-14.151827,-4.7736483,14.736991,-32.87817,-4.319774,0.8417827,-38.43871,-2.333852,-2.5364907,-24.225101,-22.24186,16.881308,-5.5539365,9.104812,9.529638,-21.329689,-5.464336,5.331367,-33.414345,-0.7655493,-5.109195,-17.937199
33.58321,-58.797894,-11.457699,29.474245,1.1291265,-12.13528,-8.171078,7.6722856,-16.42584,9.607699,-6.6225553,4.75413,3.9853082,2.7168415,-22.607635,-2.82688,0.80443144,-27.531862,-1.7228827,2.8879848,-5.2994757,-0.43846762,8.963682,-33.35319,-1.340484,0.5258394,-33.799614,-6.287876,0.60779846,-16.728699,-4.8025255,15.355677,-37.06362,-4.4432964,0.9476111,-43.413685,-2.5535288,-2.4567857,-27.576546,-22.726612,17.186602,-5.642833,9.228714,9.828636,-23.180574,-5.5735517,5.461637,-36.211807,-0.79476655,-5.179225,-19.216269
33.22677,-57.829277,-12.159391,28.859964,1.0312164,-11.924046,-7.904858,7.4521585,-17.522537,9.151876,-6.414954,1.5467321,4.0009985,3.2220583,-24.53746,-2.7765286,0.7899959,-33.009148,-1.623693,2.7917762,-9.729956,-0.4025249,8.930271,-36.57594,-1.3371515,0.53766346,-40.961594,-6.636799,0.92421633,-22.51284,-4.668762,14.99539,-41.070854,-4.4470434,1.1000769,-50.809227,-2.8637881,-2.1400735,-32.94559,-22.161642,16.78944,-5.5229125,8.866017,8.83335,-27.38592,-5.627986,5.6245046,-42.721664,-0.9802747,-4.9392323,-23.878489
33.14589,-57.81533,-11.97912,28.902262,1.1631231,-11.860906,-7.906766,7.462264,-17.706032,9.135361,-6.423771,1.1902616,4.014336,3.450136,-24.345448,-2.7816408,0.78964704,-32.88414,-1.6196666,2.7973647,-9.804559,-0.40012473,9.18142,-35.64622,-1.3362458,0.53522885,-39.428585,-6.541418,0.8476522,-21.115295,-4.66693,15.301948,-39.968113,-4.4318027,1.0580771,-48.76468,-2.7684207,-2.224401,-31.421144,-22.180704,16.806637,-5.5339556,8.919905,9.344906,-26.02368,-5.563103,5.513494,-39.99061,-0.90655017,-4.998649,-21.919977
35.62258,-61.938602,-13.554928,30.544487,0.01935479,-13.177804,-8.385241,7.9177384,-18.702436,9.682209,-6.826152,1.6100323,4.1350994,3.2515543,-22.859798,-2.89743,0.80676746,-32.85046,-1.6782387,2.926634,-9.333247,-0.4183647,9.641953,-33.99086,-1.3650994,0.5359293,-38.79012,-6.799323,0.8142237,-20.13299,-4.963124,16.063612,-38.32063,-4.6303153,1.002193,-47.595608,-2.7241023,-2.4424639,-30.39279,-23.549519,17.885197,-5.852292,9.483068,9.845276,-26.477844,-5.866856,5.770195,-40.41987,-0.9136076,-5.301917,-22.095068
38.352314,-65.37649,-18.309967,31.148651,-3.7614207,-15.581299,-8.418958,8.073718,-24.172453,9.311468,-6.9398303,-7.4884677,4.307618,4.0865602,-23.70168,-2.960304,0.7912377,-48.825268,-1.4963391,2.876104,-21.63759,-0.37470764,10.554957,-36.42463,-1.4005787,0.5680505,-55.789772,-7.9749336,1.5028995,-32.139343,-5.105366,16.735485,-42.911106,-4.9263935,1.2356002,-61.810547,-3.2887557,-2.0874527,-40.279343,-24.456074,18.595383,-6.0732007,9.539022,8.705253,-35.69341,-6.4047093,6.456883,-54.796875,-1.3088442,-5.2397833,-32.678257
36.183422,-62.16463,-15.917698,30.032455,-2.4568887,-14.341251,-8.217805,7.827019,-20.479301,9.336645,-6.754397,-1.6506345,4.0287647,3.2912312,-19.652546,-2.881778,0.7975895,-34.90954,-1.6041613,2.8678033,-12.4177685,-0.41551664,9.982071,-29.204502,-1.3574839,0.5363946,-37.88473,-6.7080336,0.8414807,-18.94678,-4.9650416,16.0632,-33.68072,-4.54713,0.880602,-43.01356,-2.441523,-2.5560725,-26.702446,-23.436419,17.817951,-5.8306212,9.384248,9.607369,-26.380812,-5.7666616,5.6324162,-37.398476,-0.8228935,-5.2993355,-20.20005
39.254272,-65.902405,-21.738226,30.89022,-4.87467,-16.08306,-8.242118,7.986668,-26.1805,9.114713,-6.9225473,-9.398929,4.2567472,3.863592,-22.221733,-2.9470696,0.7831369,-50.08583,-1.4497161,2.8343058,-23.706657,-0.39481136,10.472345,-32.17978,-1.390816,0.56688213,-53.23537,-7.6824846,1.38569,-28.767292,-5.140594,16.353037,-38.128155,-4.834141,1.0915574,-55.705845,-2.91078,-2.2778223,-35.078476,-24.385794,18.526737,-6.052061,9.423364,7.871394,-35.60723,-6.2747216,6.2703156,-50.31542,-1.1583002,-5.2776647,-28.88481
40.20717,-66.98022,-23.345055,31.180359,-5.372196,-16.511154,-8.250469,8.042696,-28.23396,9.033483,-6.967961,-12.141687,4.375632,3.890117,-24.679409,-2.9668713,0.7775506,-56.97914,-1.3920996,2.8235655,-27.96154,-0.38167328,10.286089,-36.401363,-1.409643,0.5846385,-63.04933,-8.323984,1.7518348,-35.99027,-5.201114,16.086782,-43.08353,-5.0068955,1.27441,-65.66091,-3.3322086,-2.0120413,-42.107235,-24.684946,18.761425,-6.1303,9.405921,6.6259828,-40.92796,-6.610089,6.7085624,-60.47578,-1.435128,-5.183297,-35.87774
38.07484,-63.262024,-22.726183,29.180178,-5.848033,-15.929766,-7.746619,7.5666857,-27.130398,8.3827505,-6.5597186,-12.985217,4.1445227,4.1810684,-21.981407,-2.8378735,0.76297545,-54.788006,-1.3273494,2.6883373,-27.655571,-0.36594504,10.206918,-33.129604,-1.3736266,0.578795,-60.302147,-7.927082,1.6785835,-34.44939,-4.9075074,15.536992,-39.955738,-4.745718,1.2131925,-61.781105,-3.1691656,-1.9344845,-39.621944,-23.220503,17.679087,-5.800907,8.830222,6.521945,-39.567398,-6.251238,6.324113,-56.852657,-1.3674574,-4.905381,-34.061638
42.224922,-69.02244,-27.8904,31.582167,-6.347851,-17.279133,-8.313414,8.130954,-29.834713,9.060143,-7.1012335,-13.574808,4.4463477,3.8656774,-25.47718,-2.9924421,0.7840037,-61.8846,-1.3679504,2.8533888,-30.268204,-0.37567768,10.08174,-40.3656,-1.4367874,0.60201603,-74.087006,-9.085726,2.091273,-43.933727,-5.2626686,15.874275,-49.007965,-5.2342887,1.4734663,-76.95483,-3.8089638,-1.7637061,-49.331253,-25.14735,19.101652,-6.221318,9.261676,5.088938,-50.13708,-7.09224,7.2539973,-74.15768,-1.777826,-5.083689,-44.81995
40.976215,-67.81236,-25.193542,30.937735,-7.781455,-17.807564,-8.284823,8.07524,-28.744675,9.023441,-7.0435553,-12.929044,4.287184,3.7232633,-21.713646,-2.9681253,0.7823211,-58.985565,-1.3812506,2.8388112,-28.729433,-0.3983659,10.22398,-34.66961,-1.4200686,0.59117097,-67.94157,-8.664957,1.8662131,-39.391167,-5.2398767,15.956989,-42.79431,-5.109216,1.3532495,-70.46657,-3.5647154,-1.9071252,-45.471085,-24.854338,18.899149,-6.1624236,9.375201,6.0790195,-43.941135,-6.86404,6.970356,-67.37416,-1.6289815,-5.119358,-41.09082
36.82258,-60.28569,-23.127686,27.34431,-7.8079343,-16.334114,-7.449521,7.241744,-25.450296,8.20507,-6.4008226,-10.121023,3.7821386,2.60199,-17.09061,-2.7350264,0.7651305,-50.485332,-1.330626,2.6409276,-23.986847,-0.4436623,8.609036,-28.811754,-1.3563406,0.5760788,-59.820362,-7.8383045,1.617065,-35.235104,-4.7731924,13.842545,-35.77305,-4.6195183,1.1973943,-61.86264,-3.2672222,-1.8022913,-40.689342,-22.14154,16.882887,-5.5497866,8.39994,5.269652,-39.078213,-6.2911024,6.3263364,-62.20467,-1.5760694,-4.593679,-39.187897
34.96817,-58.50905,-18.630278,27.319887,-4.951926,-14.697921,-7.704606,7.3008456,-18.534088,8.964457,-6.4797564,1.8721857,3.5386553,0.32699826,-14.256906,-2.7179668,0.7968485,-26.823477,-1.615637,2.7721658,-6.438329,-0.54612017,7.537345,-20.181765,-1.3154687,0.5252858,-30.002962,-5.9737062,0.45423394,-12.687141,-4.7866764,13.498599,-23.078346,-4.224601,0.6930687,-33.862988,-2.0575037,-2.6817741,-19.972147,-21.746807,16.571968,-5.439263,8.865549,8.174649,-20.59526,-5.5007267,5.2343616,-34.027958,-0.80058444,-4.9988203,-18.375278
32.265274,-54.99215,-14.00057,26.004509,-5.6255836,-14.51066,-7.497021,7.072575,-16.336056,8.805851,-6.2476034,4.052924,3.2737882,-0.66894096,-10.72452,-2.6450548,0.79057324,-18.605679,-1.6708231,2.7207093,-1.0116167,-0.59383404,6.895418,-11.887898,-1.273169,0.50226337,-15.392287,-4.8527565,-0.040284023,-1.3220676,-4.7214737,12.550079,-12.119698,-3.8905885,0.43636996,-18.913006,-1.3797312,-3.0039902,-9.500616,-20.914696,15.894802,-5.23937,9.022621,8.915185,-6.4605255,-4.892641,4.5381002,-17.840689,-0.38620985,-5.0353317,-7.330288
33.162937,-56.453953,-14.834,26.82225,-4.75316,-14.346728,-7.622487,7.2119603,-17.172726,9.019353,-6.3819785,4.5099506,3.3930635,-0.43667373,-12.273671,-2.6857812,0.79672647,-19.68139,-1.6891131,2.7644744,-1.31581,-0.58834505,7.024549,-14.020278,-1.2855289,0.50363755,-16.89404,-4.9950113,-0.015675783,-2.0105243,-4.7975354,12.811361,-14.338319,-3.9785783,0.45902127,-20.32815,-1.4095918,-3.0455801,-10.032067,-21.3779,16.238644,-5.3446493,9.134413,8.902175,-8.703468,-5.00258,4.649744,-19.137743,-0.3882699,-5.1345773,-7.6278105
32.085587,-55.29471,-13.197926,26.513294,-3.616891,-13.578998,-7.517957,7.1090636,-16.525457,8.977756,-6.281362,5.668171,3.381808,0.16730897,-12.128692,-2.6594286,0.79450715,-18.868328,-1.6959064,2.7432287,-0.44235718,-0.5696854,7.0620317,-15.403793,-1.2778907,0.5020834,-17.695656,-4.9553585,0.024110876,-2.827316,-4.709708,12.666325,-16.203815,-3.9346411,0.49716336,-21.576899,-1.4552501,-2.9605916,-11.022051,-20.99722,15.965195,-5.2674046,8.947557,8.696109,-10.416222,-4.938194,4.63341,-20.304571,-0.4025277,-5.043709,-8.433185
34.60613,-58.783394,-16.173584,28.049522,-2.9807692,-13.917084,-7.772033,7.4073243,-19.406246,9.183536,-6.5260324,2.6729822,3.703824,0.5563229,-18.002914,-2.747448,0.79589,-28.513344,-1.6591625,2.8019638,-5.7578025,-0.5361732,7.2279253,-24.113722,-1.3185742,0.5244567,-31.50537,-5.9135466,0.4698817,-12.4451885,-4.877139,13.096585,-26.33121,-4.284476,0.7611276,-36.10246,-2.0279639,-2.698484,-20.465631,-22.14522,16.793493,-5.5206428,9.133611,7.64734,-19.281713,-5.476881,5.276297,-33.497303,-0.6975094,-5.105945,-16.34563
41.237015,-68.90249,-22.856056,32.440464,-3.5896308,-16.119911,-8.725128,8.393836,-25.190002,10.13591,-7.3893027,-1.7106317,4.3089156,1.4883385,-23.558922,-3.0321312,0.81833106,-43.759285,-1.6546382,3.0383894,-14.905297,-0.49686196,8.398623,-35.500957,-1.4222798,0.56522894,-53.642666,-7.926612,1.2791687,-28.669985,-5.4601254,14.923841,-40.764175,-5.065375,1.1345863,-58.879932,-3.046009,-2.4102666,-36.400738,-25.505829,19.35784,-6.2866592,9.934687,6.5289264,-36.680016,-6.77182,6.752349,-58.31739,-1.3310924,-5.4561048,-33.073605
36.500404,-62.22512,-17.03538,29.862617,-2.1814556,-14.232921,-8.207044,7.806703,-20.262959,9.728996,-6.877424,3.3645077,3.9041505,1.1528913,-18.967571,-2.8626266,0.81066585,-31.007164,-1.7030308,2.9186969,-6.9263825,-0.52076864,7.71121,-29.239162,-1.359558,0.5380037,-38.606888,-6.730831,0.81273246,-19.10552,-5.078089,13.90228,-32.969044,-4.568676,0.9104191,-44.874374,-2.5128858,-2.5234985,-27.700596,-23.361372,17.750484,-5.8033705,9.385899,7.4561496,-26.938915,-6.0152035,5.92724,-44.507782,-1.0283978,-5.1822376,-24.696634
31.301216,-54.920162,-10.873037,26.784485,-1.6651092,-12.638788,-7.564219,7.137967,-15.931494,9.062539,-6.2655625,6.1719904,3.486074,1.0890688,-13.887399,-2.6738577,0.792529,-19.526945,-1.6985779,2.7482305,-0.98089147,-0.52993613,7.5313606,-19.584833,-1.2831931,0.50623924,-19.974993,-5.1782026,0.18461525,-5.9055037,-4.655234,13.252569,-21.233963,-3.970482,0.57427704,-25.153194,-1.6719553,-2.8070593,-14.585368,-21.006536,15.976002,-5.2832065,8.87861,9.218825,-13.234641,-4.9886703,4.7519746,-22.821419,-0.4973389,-4.996843,-10.9250965
30.468824,-53.24561,-11.629755,25.734085,-2.3582,-12.572733,-7.1871724,6.842405,-17.141373,8.565869,-6.0354576,3.7854571,3.3670936,1.149193,-12.8594675,-2.6010346,0.77999717,-20.750128,-1.6352472,2.659091,-2.681985,-0.53433377,7.253979,-17.207655,-1.2631439,0.5061731,-19.797985,-4.995759,0.17140356,-5.342254,-4.536955,12.537323,-18.210896,-3.8354924,0.5360624,-23.209375,-1.5481904,-2.7842972,-13.026143,-20.23572,15.398251,-5.111247,8.61471,8.558667,-11.629427,-4.803437,4.546315,-21.055815,-0.4561451,-4.848482,-9.823433
29.425764,-51.551147,-10.732002,25.040821,-2.140622,-12.147391,-7.023891,6.674681,-16.37796,8.399356,-5.8829994,4.3838573,3.2843714,0.8710314,-12.63601,-2.5545344,0.7740275,-19.075586,-1.6242604,2.6076474,-1.7680004,-0.5411747,6.945902,-15.999602,-1.2470202,0.5014221,-16.889053,-4.692647,0.08860574,-3.1625319,-4.4444304,12.107062,-16.450432,-3.7072818,0.4879225,-20.196814,-1.3925285,-2.7992241,-10.76062,-19.662216,14.9750595,-4.9849596,8.457377,8.470948,-9.407967,-4.602629,4.3428135,-17.710506,-0.36868218,-4.771712,-7.473599
31.262093,-53.88742,-13.360254,25.880653,-2.6024294,-12.787602,-7.087323,6.8193016,-19.718195,8.324002,-6.020899,-0.08821741,3.4898858,1.0222144,-16.631695,-2.6096668,0.7715495,-27.330786,-1.572782,2.6364331,-6.992955,-0.5292033,7.098158,-19.923294,-1.27359,0.5170812,-25.666325,-5.2910814,0.32945597,-8.849594,-4.5717783,12.382842,-20.505314,-3.929189,0.6303862,-28.618475,-1.7237167,-2.6865478,-15.941111,-20.386898,15.503076,-5.1510596,8.696801,7.9667034,-12.027526,-4.919421,4.6743965,-24.300865,-0.52809,-4.8469625,-11.60957
33.826557,-56.364063,-18.285074,26.740383,-2.8294544,-13.304319,-7.1974483,6.984198,-22.242348,8.503205,-6.2618685,-1.1142898,3.6070552,-0.25470924,-19.977806,-2.6601276,0.7811198,-32.35533,-1.5718498,2.708474,-8.821327,-0.58398277,5.72279,-23.523687,-1.306472,0.5300994,-34.481907,-5.9058266,0.5124332,-14.622134,-4.784837,11.178323,-23.929018,-4.188525,0.7720229,-37.96989,-2.093125,-2.5682178,-21.535492,-21.070276,16.007307,-5.302404,8.844912,5.4487557,-16.685001,-5.446966,5.194299,-36.332153,-0.8225211,-4.850378,-18.814325
35.124172,-60.065926,-15.589291,29.705372,1.8206348,-11.930489,-8.051556,7.6673737,-19.558699,9.593113,-6.724116,3.7349954,4.0447626,1.4873003,-24.93842,-2.8446555,0.8086527,-29.962908,-1.7226455,2.914736,-6.2019196,-0.48595828,7.488557,-35.19621,-1.3552088,0.53386474,-37.69511,-6.530239,0.72670686,-18.73064,-4.9445167,13.776131,-37.61089,-4.519377,0.939054,-45.528015,-2.5138228,-2.5001025,-27.70097,-22.759357,17.26987,-5.697598,9.216283,7.443021,-25.779284,-5.826031,5.699323,-41.420433,-0.9207852,-5.1594443,-21.782701
36.171345,-61.704628,-17.003572,30.31851,1.7494459,-12.222801,-8.173737,7.7907443,-20.40917,9.619226,-6.808201,1.9329203,4.175518,2.2367277,-26.59111,-2.8798285,0.80905265,-34.2791,-1.6959034,2.93319,-9.0353985,-0.44379073,8.165569,-39.032116,-1.3734841,0.54538286,-44.611652,-7.0264473,0.96295625,-23.743559,-4.9614215,14.531452,-42.93801,-4.678289,1.0803372,-52.919342,-2.8257995,-2.3471947,-32.598072,-23.235132,17.617601,-5.7966986,9.195579,7.5003757,-31.475883,-6.060156,5.991353,-47.807907,-1.066547,-5.1670284,-25.795807
36.409027,-60.90831,-20.646101,29.330019,0.6424238,-12.445741,-7.831894,7.5003586,-21.516336,9.157813,-6.599236,-0.39304084,4.1069603,2.4553308,-26.63279,-2.8024254,0.79225993,-40.507286,-1.5683405,2.8036883,-13.89664,-0.41586974,7.8244843,-42.544342,-1.3703215,0.5657375,-56.206066,-7.6391373,1.4677535,-33.10231,-4.787673,13.7785635,-49.123547,-4.6975474,1.2861997,-63.88804,-3.2866294,-1.8651915,-40.69095,-22.631544,17.119595,-5.630748,8.44399,5.314285,-43.321064,-6.307002,6.4180245,-62.1469,-1.4593341,-4.7479105,-35.919724
35.162514,-58.823032,-20.17792,28.43289,1.6514864,-11.493432,-7.5776215,7.2501607,-20.485628,8.9253,-6.3874736,0.5177295,4.026394,2.3159344,-27.11401,-2.7335892,0.78233355,-38.777714,-1.5406965,2.7235138,-13.612343,-0.41830242,7.515416,-41.964485,-1.3464837,0.55974627,-52.692337,-7.2520714,1.3683357,-30.795195,-4.6321692,13.314608,-48.177917,-4.514931,1.209153,-59.85017,-3.0667083,-1.8851359,-37.705677,-21.73591,16.499159,-5.445686,8.085371,5.1230597,-42.914978,-6.034651,6.1360116,-57.894104,-1.3387663,-4.631078,-33.005123
42.14349,-67.332535,-30.820126,31.052376,-3.8532033,-15.6501665,-7.7170286,7.7269483,-34.44463,8.311124,-6.777076,-19.656845,4.666386,3.3385177,-36.472515,-2.9183831,0.7469236,-76.962585,-1.1459492,2.656873,-41.243877,-0.3630194,8.329465,-51.468395,-1.44024,0.6322329,-89.997765,-9.820537,2.7875001,-56.327587,-5.1553135,13.641989,-59.621216,-5.278713,1.7467769,-92.517715,-4.3584585,-1.166095,-59.849033,-24.234245,18.477644,-6.053918,8.674144,0.9439603,-58.554092,-7.3340144,7.7260475,-89.28333,-2.1809952,-4.647326,-54.751446
41.3008,-65.94781,-29.843624,30.308887,-4.6869044,-15.811546,-7.6246686,7.6271377,-32.63402,8.491848,-6.8109455,-14.929133,4.372977,1.8569081,-30.803963,-2.881105,0.7622111,-64.47258,-1.289583,2.731035,-31.412718,-0.46783337,7.2193594,-40.49953,-1.4104983,0.601413,-72.8636,-8.638095,1.974247,-42.041595,-5.2216644,12.487064,-45.830086,-5.0343895,1.3995337,-74.52865,-3.571572,-1.7630335,-46.35938,-23.818768,18.154196,-5.947008,8.976037,1.5159056,-44.85454,-6.8935556,7.0135937,-72.78096,-1.7348806,-4.8584056,-43.12245
34.807606,-57.441605,-21.357925,27.13135,-1.6087873,-12.740684,-7.0377975,6.9230165,-24.288494,8.261488,-6.232885,-4.1872034,3.761365,1.2196665,-22.169777,-2.6681921,0.76730245,-36.24517,-1.4858978,2.6563528,-13.632148,-0.5305441,6.812117,-24.784904,-1.3020676,0.5313685,-34.283726,-5.8405533,0.53429013,-14.216984,-4.738571,11.977703,-26.035643,-4.1430354,0.6980997,-35.294483,-1.8976213,-2.6531749,-18.99508,-21.04723,16.063978,-5.313853,8.563991,5.361212,-21.890348,-5.3236127,5.0640235,-32.414448,-0.68912214,-4.9060893,-15.973987
35.42335,-58.514614,-21.75655,28.004065,-0.06844513,-12.227549,-7.2492785,7.075017,-23.781431,8.397447,-6.2884054,-4.3591695,3.9308863,2.6296432,-24.048515,-2.718279,0.772585,-38.923317,-1.483995,2.6835697,-15.083999,-0.4455082,7.7194104,-32.83002,-1.329895,0.5478957,-44.316986,-6.620867,1.0255464,-22.776981,-4.7084694,12.827693,-36.555176,-4.3470693,0.9657562,-47.948788,-2.4823983,-2.2586432,-28.177822,-21.47287,16.377087,-5.4075184,8.371715,4.7760625,-32.258015,-5.6813636,5.61777,-45.02729,-1.010092,-4.7776895,-24.190022
36.970387,-63.520653,-17.268631,30.917175,0.2260938,-13.310003,-8.361881,7.9554543,-20.417269,10.038746,-7.0241,4.7536535,4.06189,2.4803138,-20.676975,-2.9171689,0.8189335,-32.27614,-1.741797,2.9852407,-7.511153,-0.47048038,8.135633,-36.86353,-1.3838501,0.5492065,-46.67941,-7.3958282,1.1576923,-26.73372,-5.1047363,14.26232,-42.452034,-4.755463,1.1011362,-55.174667,-3.0428345,-2.2108438,-36.027203,-23.876244,18.102774,-5.9074206,9.172067,6.359217,-38.136936,-6.4075685,6.478577,-56.980404,-1.3636608,-5.0733023,-34.02009
37.60005,-64.20555,-18.276457,31.127028,0.3384054,-13.347842,-8.372113,7.9638968,-21.32621,9.932407,-7.0044675,2.6294503,4.17407,3.0400593,-23.054039,-2.9234416,0.8116636,-38.546284,-1.6672921,2.942928,-12.029893,-0.42640492,8.466984,-42.27129,-1.3989434,0.5672105,-56.369038,-8.060434,1.600652,-34.742916,-5.0562215,14.645059,-49.604527,-4.8837576,1.3048797,-65.64346,-3.5185056,-1.849432,-43.929,-23.998682,18.204863,-5.9347763,8.932359,5.8167086,-46.117268,-6.6865945,6.9144425,-67.455475,-1.6637976,-4.905516,-41.537273
35.69268,-58.869553,-22.116589,27.962984,-0.42385852,-12.462738,-7.2941847,7.062305,-24.389969,8.189424,-6.1701317,-7.8952765,4.107105,3.9340825,-28.097431,-2.7108707,0.75908864,-53.87617,-1.3247423,2.5779753,-25.44019,-0.3323861,8.213475,-48.762383,-1.3683383,0.59809244,-74.00272,-8.649515,2.377593,-48.548798,-4.5154037,13.386544,-57.86462,-4.713211,1.61457,-81.31189,-4.060651,-1.0570829,-54.529377,-21.556652,16.388773,-5.4149756,7.56142,2.9295354,-56.427555,-6.5548954,6.9920073,-80.393555,-2.0276291,-4.14057,-50.50875
38.83277,-62.122105,-27.418362,28.957098,-2.317865,-13.923883,-7.3988457,7.2881017,-28.847775,8.138529,-6.4041567,-13.113001,4.284988,3.1233745,-31.095978,-2.7821398,0.758126,-62.579243,-1.255857,2.6215575,-31.088078,-0.36847073,7.8273606,-48.264275,-1.3976982,0.60924834,-80.095535,-9.058929,2.4394462,-50.731464,-4.78471,13.068468,-56.18113,-4.9410152,1.6347752,-84.427536,-4.0926585,-1.1933352,-54.903652,-22.543621,17.15568,-5.6463747,8.043275,1.6868175,-55.356735,-6.858374,7.179712,-83.1135,-2.039884,-4.3696666,-50.79817
38.803593,-62.664097,-26.777859,29.532522,-0.16652319,-12.999202,-7.6211133,7.436745,-26.36845,8.617257,-6.5682945,-7.929321,4.260044,3.246874,-28.692566,-2.8190293,0.7769797,-51.602657,-1.3916706,2.7277563,-23.51343,-0.38302386,8.270486,-44.545055,-1.3899112,0.5857077,-66.33534,-8.3288355,1.8943079,-40.560776,-4.816554,13.881251,-51.655098,-4.81919,1.3641107,-70.867836,-3.507105,-1.6884465,-44.779522,-22.761665,17.305197,-5.695786,8.234544,3.519153,-50.817375,-6.584862,6.7176733,-69.94197,-1.6781905,-4.656461,-41.42136
40.08631,-65.01086,-26.925423,30.925852,0.9523793,-12.935253,-7.8655643,7.697646,-27.99604,8.885783,-6.7669773,-9.065048,4.5073013,3.4256923,-33.186157,-2.8977942,0.78052926,-56.511505,-1.3880138,2.778166,-26.60892,-0.3677982,8.517094,-49.606556,-1.4152212,0.59628534,-71.4416,-8.786084,2.108206,-44.282852,-4.9602327,14.473756,-56.555874,-5.001425,1.4603026,-76.28165,-3.7380443,-1.6263101,-48.57121,-23.607464,17.972775,-5.9006853,8.551587,3.74535,-53.19341,-6.8189955,7.0171366,-73.79879,-1.7681051,-4.793527,-43.94673
40.086567,-64.8693,-26.801594,30.655327,-0.80289334,-13.7553625,-7.651717,7.592088,-31.543749,8.321067,-6.5758023,-16.574612,4.6688147,4.142988,-37.48731,-2.8816946,0.7489047,-71.10062,-1.1893926,2.6200624,-38.559162,-0.3061672,9.031992,-54.18053,-1.4195015,0.6221739,-84.335464,-9.482985,2.753896,-53.989796,-4.9207807,14.605164,-62.095013,-5.084639,1.684625,-87.409874,-4.1877604,-1.1597484,-57.27821,-23.548458,17.95853,-5.9089484,8.395747,2.8101087,-58.18783,-6.953159,7.3922954,-82.229576,-2.0112257,-4.5854707,-50.61022
37.20681,-61.834225,-21.939558,29.663738,0.5335201,-12.60207,-7.675922,7.4507933,-25.434235,8.726022,-6.498953,-6.898693,4.3066845,3.8848085,-29.857437,-2.8179984,0.7728683,-53.144127,-1.3908519,2.6935728,-24.77007,-0.3378594,8.805853,-48.783535,-1.3893307,0.5933986,-69.96197,-8.622845,2.2205083,-44.898827,-4.736471,14.519059,-56.70425,-4.817785,1.4927144,-75.821144,-3.8138456,-1.3941337,-50.21914,-22.737724,17.293407,-5.688157,8.17256,4.4502892,-53.169865,-6.5963373,6.944638,-74.06572,-1.8311043,-4.5208845,-45.570293
34.462578,-59.156845,-16.723816,28.769444,0.8819222,-11.999933,-7.6761074,7.316102,-20.7626,8.900741,-6.3663397,-1.0629057,4.038641,3.7508438,-24.688198,-2.7572472,0.7782856,-42.592075,-1.4856038,2.6982102,-17.010717,-0.35582057,8.634506,-44.48982,-1.3622653,0.574956,-60.49915,-8.028546,1.9057748,-39.2591,-4.593436,14.334524,-52.50103,-4.6194415,1.397684,-68.88341,-3.6507754,-1.446619,-46.943012,-22.039497,16.726616,-5.50332,8.037917,5.569911,-48.152138,-6.3093286,6.630533,-68.64908,-1.7285146,-4.423577,-42.649742
35.749187,-61.729515,-15.835711,30.15607,0.69314855,-12.692475,-8.127433,7.714332,-20.417446,9.561622,-6.7336507,1.830483,4.0978074,3.7146766,-22.511189,-2.8569336,0.7993085,-38.732235,-1.60633,2.848332,-13.215385,-0.38208798,8.944395,-42.42968,-1.3821259,0.5687325,-56.81032,-8.015499,1.7119863,-36.113167,-4.84074,14.94755,-50.235134,-4.7544622,1.3302099,-65.888985,-3.5692015,-1.6874995,-44.994156,-23.17294,17.592978,-5.757453,8.613732,6.433039,-45.74181,-6.4853835,6.7542586,-66.78935,-1.6728933,-4.715609,-41.48543
36.311657,-61.212845,-19.442192,29.438128,-0.28134888,-12.962391,-7.722407,7.451467,-24.476877,8.516718,-6.409786,-9.26477,4.3342752,5.3859277,-29.221546,-2.8185668,0.76827705,-54.884647,-1.3707061,2.6832747,-26.429813,-0.2809638,10.112935,-49.00566,-1.3878882,0.5950976,-71.68248,-8.716291,2.2465274,-46.37689,-4.6479874,15.682406,-57.926544,-4.85457,1.5911922,-78.997055,-4.0483284,-1.2702547,-53.333786,-22.691195,17.245247,-5.6778035,8.229705,6.001066,-51.47486,-6.5182056,6.8761654,-72.9283,-1.8226347,-4.5266514,-45.704765
34.14393,-58.167084,-16.36195,28.455908,0.6446154,-12.021189,-7.495029,7.217013,-22.620546,8.318205,-6.198576,-7.8653016,4.2095127,4.6493216,-29.806438,-2.751989,0.76034546,-48.36363,-1.3982301,2.6466656,-22.487968,-0.3225366,9.750113,-43.38874,-1.3492191,0.5691716,-56.740383,-7.5735674,1.5912902,-34.622925,-4.5241013,15.505121,-49.44875,-4.5508986,1.3088876,-63.455517,-3.3531208,-1.7113063,-41.825726,-21.8716,16.583935,-5.485101,8.36014,7.9306707,-37.628845,-5.8477125,5.9677753,-53.315697,-1.287683,-4.692338,-31.817795
36.098534,-61.003414,-18.08688,29.908085,1.2384558,-12.320304,-7.725199,7.510234,-25.334812,8.416523,-6.3954635,-11.985741,4.5503855,4.5028443,-37.029587,-2.8477516,0.75691915,-54.51995,-1.3673217,2.6928616,-27.297483,-0.31752816,10.192645,-45.851776,-1.3680274,0.5702013,-55.68403,-7.5778666,1.4794614,-32.406364,-4.726121,16.391727,-49.726757,-4.682809,1.2527397,-61.10324,-3.1771317,-1.9869144,-38.730457,-22.825914,17.34723,-5.7304373,8.988842,9.059915,-32.47245,-5.8105216,5.813852,-44.905426,-1.0195844,-5.0918274,-25.158672
36.006855,-61.07373,-17.51035,29.808119,0.15005702,-12.901128,-7.774739,7.5601544,-25.2577,8.46227,-6.4474344,-11.745241,4.482718,4.0159354,-34.922173,-2.8557549,0.7619746,-52.25321,-1.4038665,2.7260876,-25.132961,-0.34853414,10.0120945,-41.77585,-1.3654821,0.5634448,-51.600155,-7.3179874,1.2692305,-28.450455,-4.798935,16.196836,-44.536648,-4.660872,1.1701732,-56.621883,-2.9828846,-2.173963,-35.25504,-22.927229,17.418243,-5.757205,9.281265,9.445196,-26.425514,-5.728753,5.6490297,-40.143356,-0.9045322,-5.202421,-21.828564
33.8237,-57.872852,-15.653505,28.064896,-0.64892673,-12.613763,-7.494665,7.2402143,-22.288975,8.345649,-6.241843,-7.2469234,4.1032586,2.981122,-28.05751,-2.7471018,0.7646173,-42.195736,-1.4603965,2.6824598,-17.951962,-0.40588874,9.038554,-33.866795,-1.3286458,0.5462803,-41.586617,-6.579671,0.9125036,-21.441553,-4.6504583,14.937093,-35.951008,-4.3703537,0.9724288,-46.23653,-2.5667834,-2.3347535,-28.493473,-21.72531,16.536087,-5.4847255,8.970224,9.24159,-20.997538,-5.4135876,5.251063,-33.991104,-0.7993945,-5.023099,-18.284395
35.3368,-60.794834,-15.561867,29.357327,-1.7200572,-13.755142,-7.875812,7.6003256,-23.027712,8.899239,-6.597795,-5.455653,4.110991,3.473729,-23.276478,-2.8436077,0.7833341,-40.429596,-1.5377316,2.8043718,-16.128279,-0.41618708,9.686013,-31.282463,-1.3522983,0.5463351,-41.639835,-6.8336353,0.9489265,-21.481428,-4.8830633,15.664675,-34.722706,-4.527337,0.95443654,-46.267906,-2.6113193,-2.4250734,-29.111807,-22.883602,17.424917,-5.742241,9.335473,9.525468,-23.739004,-5.7149577,5.5899534,-37.682434,-0.90420747,-5.1924534,-21.423174
35.026627,-60.550602,-14.700716,29.338951,-1.4124577,-13.563779,-7.861593,7.6,-22.754414,8.9815645,-6.623903,-4.2316704,4.0519,3.3607376,-21.644337,-2.8413234,0.78613263,-36.57625,-1.5815383,2.8297055,-13.643013,-0.4438684,9.556467,-27.37912,-1.3403975,0.5338645,-34.523315,-6.3385286,0.6283212,-15.553728,-4.9235163,15.464249,-29.50589,-4.4246335,0.79227304,-37.996883,-2.2286856,-2.699563,-23.057646,-22.842882,17.396044,-5.732744,9.495266,9.913946,-18.548512,-5.498025,5.2700133,-29.612484,-0.67462754,-5.323198,-15.896013
34.29102,-59.19353,-14.705605,28.606548,-1.1086006,-13.081955,-7.716299,7.440821,-21.219648,9.001008,-6.5402126,-1.1168501,3.9007392,2.7572994,-19.566433,-2.7861314,0.78866327,-31.39339,-1.6180393,2.8108618,-10.032241,-0.4729623,8.875665,-25.143875,-1.3215086,0.52485055,-29.963612,-5.975857,0.45116115,-12.497047,-4.849751,14.645335,-26.931236,-4.2810135,0.692635,-33.148865,-2.0173311,-2.7748046,-19.815035,-22.265553,16.950409,-5.591813,9.223018,9.384802,-18.316626,-5.361128,5.1050644,-27.46192,-0.62427473,-5.224157,-14.4917555
35.211815,-60.722466,-14.684244,29.511925,-0.83244723,-13.267731,-7.9934893,7.6862097,-20.768482,9.379445,-6.746537,0.6127447,3.950252,2.1855738,-19.668255,-2.844766,0.80038404,-28.005877,-1.6945603,2.9001052,-7.366447,-0.4988091,8.805017,-23.601015,-1.3287215,0.51574117,-24.54794,-5.75663,0.21319774,-8.062549,-5.009663,14.843794,-24.133274,-4.3149395,0.5739956,-27.521627,-1.7667001,-3.0513113,-15.532465,-22.923958,17.425896,-5.733112,9.619746,9.938915,-14.419842,-5.3456044,5.0003605,-21.850313,-0.45300263,-5.4698415,-10.1125765
32.683086,-55.920425,-14.289164,27.62179,1.1829419,-11.287256,-7.3996744,7.1214285,-19.316029,8.595456,-6.2171726,-0.7814809,3.901472,2.6018515,-23.69881,-2.6992707,0.7773018,-30.031576,-1.5814648,2.726751,-9.398535,-0.44981736,8.290836,-28.579514,-1.3011031,0.5201174,-28.82496,-5.7208033,0.38244364,-12.473223,-4.6163044,13.8959255,-29.258682,-4.1400867,0.71141595,-33.15905,-2.011675,-2.6774895,-19.403843,-21.068281,16.053642,-5.335259,8.791092,8.720351,-17.149042,-5.107457,4.8052316,-25.038479,-0.55007946,-5.0413284,-12.04066
34.935944,-60.23591,-15.096458,29.804829,2.1322727,-11.71424,-7.96974,7.629107,-19.898869,9.362213,-6.6609483,1.2262144,4.1367216,3.208925,-25.113049,-2.8378634,0.7992088,-31.491526,-1.6668093,2.8793488,-9.308172,-0.43223086,9.027923,-34.040386,-1.3437217,0.52951604,-34.582123,-6.3735123,0.6030478,-16.953514,-4.85058,15.163138,-36.561226,-4.447709,0.8490844,-40.746513,-2.3761215,-2.61569,-25.054926,-22.680874,17.2312,-5.6809998,9.156758,9.1977005,-24.942312,-5.5857887,5.384528,-33.680473,-0.74460304,-5.250948,-17.823187
34.486393,-59.885487,-13.417173,29.914402,1.8965366,-11.834656,-7.9844437,7.6342573,-20.262255,9.103447,-6.557346,-2.336615,4.2516756,4.0533233,-27.93747,-2.846161,0.78629863,-37.5457,-1.5893494,2.8349133,-13.765204,-0.37737042,9.839036,-37.181873,-1.3514693,0.539178,-40.317738,-6.707835,0.8418813,-21.344828,-4.789177,15.977527,-40.54883,-4.5351706,1.0126247,-47.782784,-2.7031145,-2.390173,-30.111864,-22.723455,17.284681,-5.697259,9.233625,9.807053,-24.811354,-5.601929,5.464741,-36.17155,-0.80078065,-5.225837,-19.448275
33.783302,-59.03583,-13.018995,29.563429,2.611267,-11.30873,-7.8880424,7.533024,-19.614277,9.104471,-6.493978,-0.77885306,4.1902046,3.8849826,-27.612629,-2.81849,0.78653646,-35.278816,-1.60937,2.8225653,-12.114751,-0.39032027,9.513117,-36.941586,-1.341842,0.53476346,-38.3628,-6.517028,0.76738095,-20.07998,-4.7303705,15.62821,-40.285156,-4.455367,0.97650146,-45.857674,-2.608811,-2.4077256,-28.826265,-22.389433,17.020641,-5.616222,9.076795,9.644615,-24.943401,-5.508696,5.3697133,-35.18582,-0.76625323,-5.168111,-18.71274
33.943485,-58.772884,-13.990866,29.34091,2.2090983,-11.468018,-7.768466,7.463508,-21.104391,8.757287,-6.395072,-4.94946,4.2897577,4.224664,-30.738716,-2.813118,0.77496564,-40.68468,-1.5244299,2.7694526,-16.902159,-0.36759079,9.881681,-38.278126,-1.3416392,0.53900325,-40.863167,-6.6110353,0.8376327,-21.582344,-4.6806126,16.034252,-41.039932,-4.463678,1.0071026,-47.249653,-2.6462119,-2.378649,-29.460213,-22.273317,16.938745,-5.603879,9.093706,10.125245,-23.584965,-5.420341,5.2506404,-32.959602,-0.7047584,-5.194666,-17.25225
29.22952,-50.14763,-12.620703,24.912374,0.70071095,-10.474012,-6.687463,6.4344144,-18.957037,7.3588076,-5.498537,-6.9732027,3.8025475,3.6797986,-27.473701,-2.5326674,0.7363479,-38.77152,-1.3465343,2.4479048,-17.763746,-0.3590014,8.841179,-33.73383,-1.2690274,0.53373086,-38.32459,-5.9627476,0.8655721,-21.166117,-4.0778694,14.136376,-36.309986,-3.9433649,0.9548305,-43.162624,-2.46355,-2.059886,-27.333752,-19.112316,14.563251,-4.8915772,7.852247,9.070173,-20.789566,-4.75964,4.6062856,-29.546484,-0.6872426,-4.5120716,-15.951734
28.619263,-48.884487,-12.775446,23.647005,-1.7894177,-11.357827,-6.3165016,6.1614156,-21.059023,6.762397,-5.2817354,-11.459415,3.6592848,3.2064545,-25.70248,-2.4610178,0.7183315,-42.659164,-1.2477378,2.339719,-21.343065,-0.38391995,8.441832,-28.466375,-1.249527,0.5383751,-38.30382,-5.815379,0.8609478,-20.283436,-4.0243874,13.3523,-29.764336,-3.8145103,0.8904296,-40.480663,-2.3252797,-2.0640635,-25.518038,-18.481695,14.1071205,-4.7574563,7.83381,8.780844,-14.986797,-4.5955753,4.4063616,-26.612259,-0.66412365,-4.3960614,-14.875409
31.776745,-53.34592,-16.148575,25.573608,-2.6296127,-12.648362,-6.7450957,6.6013627,-24.012175,7.1332216,-5.6687074,-14.264392,3.9148033,3.4296496,-28.001041,-2.594527,0.7299813,-49.819347,-1.2423954,2.4490619,-25.386898,-0.36798614,8.917336,-33.651604,-1.3012173,0.56060475,-49.40008,-6.803544,1.2790154,-28.247988,-4.3004427,14.147684,-35.989292,-4.191831,1.0935403,-52.352886,-2.8563406,-1.8848553,-33.68274,-20.056961,15.263391,-5.110303,8.232798,8.151062,-21.973791,-5.2329144,5.141974,-39.40921,-1.0063168,-4.527586,-23.219685
34.46785,-57.772614,-17.881279,27.804958,-2.331338,-13.376191,-7.123056,7.039857,-27.929274,7.4468,-5.995087,-18.1759,4.301085,4.8271213,-32.32533,-2.728311,0.72938967,-61.890053,-1.1849109,2.507635,-33.65308,-0.3094266,9.956292,-41.584816,-1.3496277,0.58697826,-64.17068,-7.932189,1.8900344,-39.112823,-4.5499697,15.209434,-45.85074,-4.5753794,1.3568139,-66.951385,-3.4625242,-1.5819714,-44.182167,-21.639156,16.484299,-5.47931,8.540678,7.281077,-32.886963,-5.830109,5.9453425,-53.494724,-1.3467964,-4.63156,-32.972904
34.720604,-58.13597,-17.998995,27.920403,-2.2188113,-13.356479,-7.247663,7.1290274,-26.196627,7.858984,-6.1593666,-13.647079,4.177939,3.5466332,-29.48101,-2.7352004,0.7440768,-53.06559,-1.294429,2.5867186,-27.326117,-0.3904624,9.176556,-34.62165,-1.3354434,0.5638241,-50.865837,-7.13278,1.2872196,-28.641516,-4.6664453,14.66728,-36.961372,-4.4454,1.0707812,-53.08727,-2.8731022,-2.0655866,-34.13709,-21.686844,16.544546,-5.4930043,8.810328,7.8165836,-25.144045,-5.610052,5.5173798,-41.40937,-1.0345263,-4.86485,-24.741184
37.38397,-62.03851,-20.84771,29.534565,-2.903081,-14.476635,-7.6641636,7.543979,-27.95451,8.430506,-6.5744324,-13.25168,4.313822,3.0885448,-29.694962,-2.8495383,0.7600974,-55.456497,-1.3458726,2.7149498,-27.952892,-0.42024568,8.928536,-36.436375,-1.3738147,0.5738649,-56.02267,-7.726795,1.4584509,-32.31307,-4.9678574,14.695409,-39.32496,-4.723058,1.1440914,-58.62362,-3.1410031,-2.0564158,-38.122467,-23.062025,17.57111,-5.7972603,9.205298,6.802566,-29.894022,-6.132724,6.075976,-49.922607,-1.2628561,-5.025906,-30.640116
36.504948,-60.512863,-20.411728,28.557877,-4.275339,-14.836359,-7.5306277,7.3908978,-26.798676,8.2430315,-6.4357142,-12.854768,4.1565027,2.5910213,-27.203732,-2.7939029,0.7528271,-54.165737,-1.3082802,2.6486306,-27.724642,-0.43752444,8.640146,-32.73518,-1.355594,0.5682362,-53.154346,-7.459363,1.3736498,-30.300783,-4.8848815,14.259962,-35.640972,-4.5992045,1.0760924,-55.14531,-2.9885721,-2.0755138,-35.877567,-22.497492,17.169413,-5.671892,9.036216,6.740503,-27.917364,-5.971866,5.8887167,-47.270874,-1.2076317,-4.9377747,-29.295616
38.339,-63.454544,-22.267515,30.14842,-2.3995736,-14.464159,-7.9592357,7.754144,-25.900501,8.872336,-6.7687354,-9.327322,4.292772,2.621318,-27.691967,-2.893316,0.77613103,-49.1953,-1.4233887,2.7967572,-23.657917,-0.43506825,8.934112,-35.203976,-1.3808591,0.5633402,-50.477337,-7.559248,1.2627745,-28.63666,-5.0524077,14.967597,-38.31755,-4.736361,1.01624,-53.3986,-2.9101686,-2.2910917,-34.075397,-23.448597,17.893661,-5.890052,9.275088,7.127644,-31.327902,-6.1818423,6.0367913,-47.229076,-1.1708744,-5.182529,-28.366129
35.314655,-56.7915,-24.73268,27.036211,-0.8077918,-12.249514,-6.790971,6.780489,-27.991478,7.4717236,-5.9638653,-14.1925955,4.113792,2.2396724,-32.492832,-2.666296,0.7327337,-54.42719,-1.2237853,2.4877815,-29.210587,-0.4322638,7.1945987,-37.01214,-1.326776,0.5692984,-53.554337,-7.0770674,1.4205817,-30.48427,-4.607905,12.114255,-38.651814,-4.3357086,1.0421313,-54.108803,-2.752341,-1.9568624,-33.534546,-20.751852,15.844101,-5.2928414,8.139545,3.5188727,-31.753258,-5.6593943,5.5829196,-46.976933,-1.1309824,-4.5851884,-27.060492
36.54413,-58.837723,-25.548855,27.99715,-0.5809236,-12.479013,-7.0514126,7.0103283,-27.76683,7.790416,-6.156203,-12.936337,4.206807,2.2726057,-32.645905,-2.7194438,0.743226,-53.77007,-1.2681868,2.5601068,-27.996197,-0.42627394,7.491675,-38.095127,-1.3422498,0.57041967,-54.353752,-7.238755,1.4101975,-30.678064,-4.7182994,12.610032,-40.227882,-4.4534955,1.0522544,-55.205944,-2.7734253,-2.0447817,-33.627205,-21.414936,16.355066,-5.438446,8.3371935,3.8439298,-34.00434,-5.8219585,5.727851,-48.59585,-1.1348529,-4.72924,-27.477293
36.755928,-59.174713,-25.27701,28.2774,0.15883487,-12.166557,-7.183552,7.098014,-25.682558,8.193465,-6.30672,-8.021588,4.096307,1.6641911,-29.58216,-2.7314734,0.76386607,-43.260517,-1.4142747,2.670887,-19.495188,-0.4739471,7.0933294,-33.36269,-1.3337085,0.54984987,-43.069313,-6.5841722,0.86994904,-21.649551,-4.7902794,12.404597,-34.32324,-4.369141,0.84616613,-44.342293,-2.3245275,-2.4586027,-25.350302,-21.564943,16.430105,-5.4487185,8.562936,4.603958,-27.9993,-5.644188,5.366988,-39.10573,-0.8674005,-4.9382415,-20.433125
35.649582,-57.82065,-22.886974,27.606981,-0.46491173,-12.212709,-7.1308823,7.011254,-23.900784,8.305127,-6.2881,-4.3930435,3.8758354,1.3672583,-24.10487,-2.6934931,0.7734534,-35.68724,-1.4996479,2.7035933,-13.136216,-0.50671935,6.892168,-27.741392,-1.3164891,0.53731716,-36.18735,-6.116909,0.57028604,-16.238094,-4.745682,12.160511,-28.32833,-4.239466,0.72934544,-37.578056,-2.0668643,-2.6323824,-20.811628,-21.181719,16.143372,-5.353341,8.555657,5.2905,-23.408709,-5.4657125,5.1262608,-34.32661,-0.76564515,-4.929266,-17.352242
36.601425,-60.629498,-20.842876,28.783512,-2.5947435,-13.890362,-7.6241775,7.4382744,-23.86378,8.744794,-6.589712,-5.150002,3.9928784,1.4773698,-23.30651,-2.794333,0.78201294,-38.056416,-1.536026,2.798004,-14.125484,-0.51088023,7.8361325,-25.377144,-1.3367355,0.535609,-35.476555,-6.2081556,0.48664147,-14.438985,-4.973895,13.478719,-25.971485,-4.4114556,0.73582387,-37.22206,-2.0734475,-2.8014543,-20.485771,-22.369183,17.064287,-5.633674,9.282244,7.1349597,-18.383778,-5.5697565,5.212006,-30.86343,-0.6639558,-5.2631507,-14.922944
31.758917,-54.70248,-13.538088,26.483986,-1.1853826,-12.164856,-7.2306643,6.933897,-18.6786,8.424183,-6.093796,-0.024357498,3.6425393,2.0689363,-18.25317,-2.63738,0.7743847,-27.572372,-1.5668933,2.668066,-7.843126,-0.4851306,7.9338584,-22.500917,-1.2825077,0.5173419,-26.18961,-5.486616,0.33412042,-10.333933,-4.550446,13.324048,-23.522303,-3.9996533,0.6489755,-29.773312,-1.8826101,-2.664153,-17.592003,-20.53534,15.673845,-5.2040615,8.645419,8.689222,-14.801471,-4.998376,4.7172427,-24.432472,-0.57636666,-4.893033,-12.406695
29.546368,-52.07176,-10.134016,25.535854,0.12289795,-11.067393,-7.119697,6.7498565,-15.537388,8.436486,-5.9033194,4.002871,3.48763,2.0854034,-16.217789,-2.5733314,0.7732519,-21.180555,-1.6072367,2.6257463,-3.7001328,-0.47719797,7.807765,-22.149704,-1.2586727,0.50612706,-21.17898,-5.1210375,0.24878126,-8.25954,-4.3709984,13.160056,-23.6951,-3.814307,0.5971371,-25.848886,-1.7622076,-2.6170096,-15.834402,-19.764647,15.0905485,-5.0216165,8.323438,9.111976,-14.693032,-4.7567396,4.515723,-21.966158,-0.5247395,-4.7380686,-11.239733
35.2327,-60.079655,-16.605215,28.88461,-1.3215461,-13.279674,-7.859733,7.5189037,-19.980358,9.193432,-6.6088233,0.8486574,3.9046738,2.1349204,-19.933441,-2.7931092,0.79718447,-30.812115,-1.6396706,2.834552,-8.49823,-0.47748628,8.393791,-27.902843,-1.3342962,0.5310848,-34.217678,-6.3198767,0.61763054,-15.92406,-4.874888,14.251412,-30.623781,-4.3867435,0.8059125,-39.122597,-2.2856326,-2.6148045,-23.677347,-22.432722,17.076538,-5.613569,9.103118,8.318666,-23.389006,-5.6247497,5.429308,-35.310894,-0.82083213,-5.137751,-19.138449
42.828808,-70.56909,-26.062082,33.23126,-2.2801588,-15.698936,-8.751711,8.497724,-26.950197,10.110701,-7.520857,-4.258298,4.5059934,2.5610294,-25.798561,-3.083148,0.81965685,-46.19941,-1.6251776,3.0781057,-17.856295,-0.46144697,9.194118,-37.32868,-1.4375098,0.5691622,-54.306324,-8.116247,1.2554674,-29.33215,-5.513276,15.691393,-42.308083,-5.1511664,1.0838995,-58.155067,-3.0414047,-2.5263133,-35.671333,-25.88427,19.660595,-6.395272,9.930035,6.6360364,-39.597267,-6.8622274,6.7414565,-56.604244,-1.3090304,-5.5935106,-32.56949
41.81992,-68.68209,-25.921616,32.585075,-0.97331154,-14.678492,-8.471132,8.263457,-27.331434,9.686971,-7.298604,-5.9061747,4.4556146,3.219595,-25.876026,-3.0378442,0.81531227,-46.016766,-1.6047559,3.0393646,-17.824137,-0.42065704,9.177785,-40.017414,-1.4346143,0.5744684,-58.338078,-8.327186,1.4665536,-33.205124,-5.3631,15.292303,-45.21179,-5.1216216,1.1821263,-62.73746,-3.2569082,-2.2953873,-39.043243,-25.194153,19.151491,-6.2502584,9.598261,5.551776,-41.907364,-6.8768883,6.809145,-61.637062,-1.464093,-5.3554087,-35.89785
39.25568,-63.880367,-25.174725,30.228996,-1.4207816,-13.918644,-7.8038692,7.6706843,-27.473269,8.690856,-6.725435,-9.9475565,4.291882,3.2138865,-27.290268,-2.8835726,0.7847551,-49.817093,-1.4581956,2.8303177,-21.744007,-0.39001143,8.672831,-40.506477,-1.3987087,0.5788182,-61.485695,-8.153615,1.631488,-35.846523,-5.025086,14.1657715,-45.29771,-4.8849125,1.2392685,-64.7551,-3.2804081,-2.0127625,-40.397167,-23.472923,17.83251,-5.8641543,8.94955,4.429963,-40.626602,-6.5296674,6.507126,-61.69914,-1.4634367,-4.9635835,-35.822937
39.344654,-65.147964,-22.888197,31.026405,-1.8200443,-14.444941,-8.087688,7.923174,-27.032898,8.956934,-6.88603,-10.123279,4.3863053,3.3693106,-27.361671,-2.9452217,0.78867567,-48.944614,-1.4949939,2.8909867,-21.59616,-0.39184374,9.348943,-38.153584,-1.4037402,0.5711316,-55.883457,-7.9673595,1.4276402,-31.835215,-5.164036,15.071349,-41.92125,-4.915315,1.1348287,-59.313988,-3.1206977,-2.2352986,-37.233242,-24.087133,18.344715,-6.0219975,9.472466,6.1384816,-34.3152,-6.459629,6.3592205,-53.849636,-1.2926599,-5.224423,-31.26986
36.303394,-60.97675,-18.769218,29.624006,-0.08331148,-12.862415,-7.801129,7.57198,-23.44092,8.852413,-6.5903244,-5.1349845,4.150618,3.1426618,-24.981998,-2.840763,0.78755486,-40.42811,-1.544259,2.8261063,-15.711511,-0.40271324,8.662265,-36.97484,-1.3701904,0.5582565,-49.14452,-7.4443855,1.281862,-28.754183,-4.9173875,14.217975,-40.431664,-4.6459575,1.0720073,-54.476105,-2.9941924,-2.1515734,-35.101143,-22.792791,17.365572,-5.7214675,9.020857,6.19511,-31.95116,-6.1312666,6.070011,-50.82794,-1.2650511,-4.9563456,-30.194405
36.216267,-59.622425,-21.190403,28.676207,-0.39035034,-12.666589,-7.525631,7.3282557,-23.83561,8.560547,-6.4327593,-5.1496696,4.0133586,2.5883894,-24.025982,-2.780448,0.78504044,-40.228104,-1.519444,2.775016,-15.147811,-0.4166772,7.8095093,-37.214783,-1.3630838,0.562148,-52.47077,-7.4757338,1.3809485,-30.78568,-4.8189764,13.071735,-41.06285,-4.5938425,1.1196979,-57.39292,-3.032308,-2.0209916,-36.313625,-22.150984,16.864927,-5.5678816,8.60259,4.3978214,-35.679752,-6.1594963,6.1283607,-56.277405,-1.3705266,-4.7396245,-33.003574
36.990376,-61.47801,-21.080664,29.648844,0.14016631,-12.788976,-7.7870617,7.5567083,-23.72145,8.994594,-6.6559596,-3.2056518,4.0893483,2.8790321,-23.485668,-2.8410277,0.7959261,-39.36446,-1.5711861,2.8477118,-14.168894,-0.42010373,8.150282,-37.88096,-1.3771604,0.56180215,-52.36732,-7.5987635,1.383196,-30.678417,-4.9249854,13.683354,-42.431244,-4.687782,1.1256758,-57.792347,-3.0693483,-2.0754597,-36.76674,-22.818106,17.361008,-5.7155986,8.770119,4.9025154,-38.113174,-6.3054223,6.3006406,-57.548183,-1.4024156,-4.860904,-34.011795
37.3064,-61.487606,-22.37204,29.561682,0.21776095,-12.7416,-7.765902,7.5325637,-23.58452,9.086626,-6.699276,-1.779121,4.037275,2.6254213,-22.50861,-2.8355575,0.80061984,-37.692265,-1.5949063,2.8670979,-12.586678,-0.44049892,7.781022,-37.463776,-1.377737,0.5608254,-52.32811,-7.582946,1.334083,-30.48701,-4.9253006,13.355252,-42.280025,-4.693143,1.125369,-57.917572,-3.077569,-2.0829961,-36.675842,-22.798937,17.318386,-5.6955023,8.645183,4.4049726,-40.049007,-6.3643456,6.34313,-59.432568,-1.4449602,-4.829469,-35.143116
38.06117,-62.059692,-24.046358,29.88071,1.6207209,-12.116095,-7.7969093,7.5625367,-23.251665,9.244283,-6.767437,0.110685125,4.065013,2.4470146,-23.435722,-2.8436003,0.808041,-34.62391,-1.6368837,2.9030957,-10.378852,-0.44788224,7.6245694,-38.183895,-1.376993,0.553994,-48.98088,-7.3523293,1.145392,-27.648605,-4.9316278,13.353735,-42.744442,-4.665214,1.0361847,-54.283268,-2.8435905,-2.2725203,-33.059647,-22.899927,17.36102,-5.704744,8.591257,4.483927,-41.026115,-6.2998896,6.199814,-56.179527,-1.3089988,-4.9284678,-31.927069
38.602806,-62.720665,-25.340483,30.193832,2.6945875,-11.669535,-7.8176975,7.576733,-23.488512,9.295658,-6.7843447,0.1793957,4.1589875,2.235895,-26.354862,-2.8488665,0.80544543,-36.684944,-1.6071031,2.8821356,-12.214467,-0.45308498,7.462341,-40.553425,-1.3793943,0.55579954,-49.832985,-7.399248,1.192682,-28.43126,-4.925141,13.42738,-45.225967,-4.6731606,1.0426751,-55.110844,-2.8393373,-2.2596922,-33.236404,-22.931746,17.41112,-5.719832,8.5214815,4.4200263,-43.348953,-6.3163114,6.2279773,-56.604286,-1.304474,-4.942352,-31.895624
37.90152,-60.44138,-27.181084,28.871202,2.0795922,-11.428231,-7.3738966,7.1886106,-24.65812,8.519059,-6.3968525,-4.6820407,4.156973,2.5407143,-29.757816,-2.7535715,0.77968884,-45.569115,-1.4344003,2.7032852,-19.29734,-0.41243535,7.126859,-44.98432,-1.3694279,0.57370955,-60.647446,-7.82882,1.6524857,-36.762005,-4.6987786,12.559414,-50.566006,-4.640216,1.261667,-65.70351,-3.251197,-1.7773626,-40.68824,-21.890745,16.6288,-5.489394,7.9019656,2.5278845,-49.203312,-6.334435,6.3961806,-65.80132,-1.5424529,-4.551845,-38.108753
37.696358,-60.207634,-26.848951,28.576357,1.0034192,-11.89834,-7.222222,7.08717,-26.79249,8.037083,-6.220445,-10.473019,4.2598176,3.570715,-31.91682,-2.7378085,0.7586329,-56.28588,-1.2755429,2.5856812,-27.962915,-0.34244394,7.903229,-49.56953,-1.3786676,0.59706676,-73.09828,-8.618915,2.2775376,-46.969433,-4.596652,13.157179,-56.825176,-4.737074,1.5009389,-77.63538,-3.800199,-1.2927065,-50.156563,-21.77807,16.57173,-5.4772196,7.6753683,2.154017,-55.52367,-6.5354123,6.8022604,-76.40991,-1.8689855,-4.306021,-46.37412
40.933544,-65.772156,-28.753405,30.611698,-2.4534254,-14.677451,-7.6512146,7.60861,-32.716194,8.139953,-6.5779004,-19.616379,4.699476,4.7659783,-36.86014,-2.8875132,0.74401915,-76.598465,-1.1283274,2.6004305,-42.15049,-0.27771807,9.468058,-55.702496,-1.4328527,0.6372346,-92.90976,-10.019683,3.0502596,-60.11041,-4.924867,14.799711,-65.32829,-5.222644,1.8499882,-96.08274,-4.5678635,-0.9103657,-63.394314,-23.76978,18.097975,-5.947135,8.274088,2.0416684,-63.7696,-7.219158,7.735602,-91.16022,-2.249803,-4.473822,-56.819675
38.788513,-62.637566,-26.444164,29.635603,-0.09655975,-12.962159,-7.497419,7.3735003,-28.521221,8.26836,-6.430964,-12.664664,4.43511,4.3199167,-32.58992,-2.816247,0.7578179,-62.305435,-1.2411864,2.6186507,-32.134075,-0.31339198,8.8273735,-51.035786,-1.4028044,0.6095586,-78.59169,-9.140717,2.5306048,-50.939007,-4.7460775,14.248579,-59.429996,-4.9244065,1.5969392,-82.71215,-4.060726,-1.2034235,-54.426468,-22.812784,17.331408,-5.707032,8.012015,2.8291726,-58.05366,-6.808225,7.159546,-80.824936,-2.0040338,-4.4285846,-49.89551
37.219852,-61.362625,-23.34085,29.185144,0.15271872,-12.676534,-7.6318345,7.3997707,-24.235767,8.748096,-6.5210614,-5.1304836,4.164566,3.3498764,-26.38121,-2.7974243,0.77847505,-46.212185,-1.4323955,2.721068,-20.322357,-0.38433933,8.5528755,-41.729893,-1.3732748,0.57506615,-58.818954,-7.930767,1.6953979,-36.04521,-4.744466,14.303964,-48.48971,-4.6700096,1.2367883,-63.357162,-3.2900243,-1.8065679,-40.93464,-22.509918,17.096197,-5.6302195,8.256275,5.1735125,-46.41387,-6.3412848,6.4433665,-62.798183,-1.5486302,-4.675665,-37.737045
35.444096,-60.854675,-16.252808,29.223297,-1.7379007,-13.713382,-8.028627,7.6359406,-19.494637,9.493302,-6.73356,2.8524246,3.8499732,2.391994,-17.218773,-2.824051,0.8037889,-29.730204,-1.6729791,2.8728168,-7.553667,-0.47170696,8.615507,-29.338156,-1.3477281,0.5389019,-37.85297,-6.7275085,0.8579375,-20.130705,-4.8987985,14.661319,-34.158463,-4.4709005,0.89170086,-43.720863,-2.5691724,-2.423485,-28.310133,-22.852919,17.358088,-5.6848,8.989376,8.280638,-30.03354,-5.8988323,5.8274937,-43.801807,-1.0761825,-5.040412,-25.871946
34.77574,-60.6138,-14.107838,29.113352,-1.830893,-13.748589,-8.16552,7.714373,-17.241285,9.805977,-6.802877,6.948268,3.7039797,1.4898472,-13.708888,-2.8256965,0.815956,-19.48754,-1.7936757,2.9284008,-1.1223227,-0.5317019,8.482805,-21.207323,-1.320674,0.50932276,-21.029577,-5.6339636,0.18309388,-6.658082,-4.9692,14.703686,-23.488514,-4.240061,0.54256546,-25.33982,-1.7295853,-3.0232651,-14.953902,-22.897146,17.335188,-5.6817718,9.383518,10.132664,-18.425346,-5.397866,5.1419673,-25.216194,-0.5525894,-5.354319,-12.86055
35.33848,-61.95745,-12.749174,29.935879,-2.3593004,-14.382396,-8.417892,7.94895,-17.31408,10.208846,-6.9863496,8.82622,3.7094336,0.72125614,-12.5379,-2.884255,0.8232244,-16.629667,-1.8594643,2.9882522,1.6587077,-0.56588566,8.273983,-17.532776,-1.3235568,0.50022936,-14.612179,-5.255725,-0.023396313,-0.6532542,-5.1676965,14.5905075,-18.542994,-4.231556,0.41826084,-18.370083,-1.3574034,-3.3031075,-9.347594,-23.615986,17.85441,-5.8302937,9.889601,10.33461,-12.527583,-5.2981505,5.023681,-18.46065,-0.3229339,-5.6036196,-7.164804
35.550995,-62.522007,-12.18548,30.451223,-1.6737938,-14.215211,-8.541174,8.063873,-17.368834,10.416998,-7.0783834,9.796388,3.7716236,0.7398124,-13.222294,-2.9157395,0.82781535,-16.416836,-1.8854786,3.0238075,2.234327,-0.57034916,8.267999,-18.335287,-1.3301419,0.49822146,-14.221442,-5.262245,-0.041567728,-0.23348162,-5.2356524,14.697422,-19.171331,-4.2744637,0.41541848,-18.30964,-1.338409,-3.3494864,-9.158672,-23.930674,18.092892,-5.9056478,10.041777,10.366476,-12.450139,-5.335879,5.0637116,-18.186016,-0.29580176,-5.6870637,-6.7609224
35.479954,-62.284748,-13.356903,30.211828,-1.2384591,-13.8725605,-8.433423,7.97319,-17.622261,10.254315,-7.0236325,8.851057,3.790568,1.2048954,-13.918768,-2.898131,0.8265596,-17.79866,-1.864327,3.0098724,0.96576655,-0.55528253,8.396231,-20.244032,-1.3318948,0.50327736,-17.478065,-5.455598,0.04161395,-2.928895,-5.1610565,14.755982,-21.614986,-4.296904,0.4753607,-21.70484,-1.5125605,-3.2424033,-11.673332,-23.648733,17.902472,-5.8553886,9.824966,10.226571,-15.547425,-5.4096823,5.1379943,-21.537039,-0.40491313,-5.5925717,-9.420421
34.333652,-59.45093,-14.445507,28.610003,-1.6998358,-13.438333,-7.914642,7.545267,-18.48313,9.534216,-6.684185,5.6437874,3.6639829,1.3120853,-13.854953,-2.79089,0.80961907,-20.029577,-1.762693,2.885294,-1.3931215,-0.54107666,8.055738,-19.182663,-1.3094891,0.50595284,-19.22304,-5.3531246,0.084941156,-4.1795177,-4.9432263,13.929214,-20.269144,-4.1525087,0.48444414,-22.392868,-1.5177661,-3.1056466,-11.906187,-22.423458,17.011284,-5.5922465,9.331009,9.299972,-15.123444,-5.2285247,4.921541,-21.50874,-0.43170375,-5.33155,-9.662583
35.135513,-59.22595,-17.684362,27.985157,-4.4093823,-14.663118,-7.7099433,7.4167686,-20.629635,9.099328,-6.6083617,1.1024816,3.607012,0.2645924,-14.642731,-2.7612345,0.7971646,-25.53559,-1.6716818,2.831756,-5.268006,-0.5756,7.399263,-16.391666,-1.3095987,0.51253635,-22.21749,-5.3962917,0.09004525,-5.0189967,-4.9804263,13.082601,-16.73307,-4.178327,0.4996302,-24.317225,-1.5364704,-3.086866,-12.151659,-22.189318,16.872082,-5.547978,9.352325,8.03488,-12.183406,-5.272151,4.8872514,-22.256187,-0.44700634,-5.2916408,-9.651246
33.72752,-57.10584,-16.187563,26.827166,-5.7054706,-14.898809,-7.5377097,7.2072253,-19.101862,8.806331,-6.3871565,1.0011638,3.4391277,0.14234968,-12.385779,-2.6974225,0.7886519,-23.869364,-1.643486,2.7569232,-4.664736,-0.57337135,7.413264,-13.645272,-1.2889721,0.5081936,-19.78194,-5.128875,0.045836344,-3.5456138,-4.837158,12.911106,-14.126399,-4.030657,0.4727996,-21.992138,-1.4488163,-3.0361116,-10.868625,-21.480127,16.350971,-5.382126,9.143501,8.408571,-9.598248,-5.045736,4.6757026,-19.391,-0.39057302,-5.1585584,-8.085787
32.33784,-55.835945,-12.80962,26.690222,-4.214337,-13.985096,-7.563688,7.171961,-16.988247,8.962994,-6.308197,4.583733,3.3746543,0.12899774,-11.494474,-2.6811357,0.7917206,-18.408163,-1.6969292,2.7466216,-0.85241663,-0.56975555,7.345808,-13.229978,-1.2737677,0.49778646,-13.749573,-4.7207623,-0.06529746,0.41569918,-4.77446,12.893777,-13.387393,-3.8859859,0.39074242,-16.429274,-1.1840577,-3.1220543,-7.2453094,-21.209906,16.128729,-5.316485,9.105885,9.116176,-7.4845686,-4.7892056,4.462496,-14.154502,-0.22639894,-5.1652794,-4.276107
31.32879,-53.04961,-14.93051,24.734795,-6.9521146,-14.697561,-7.118913,6.762762,-17.117443,8.230577,-5.9601173,0.7460921,3.2000663,0.10772661,-10.176551,-2.56378,0.76909447,-23.492596,-1.5540848,2.593203,-5.487043,-0.55965596,7.192068,-11.625599,-1.2535863,0.5061414,-19.59181,-4.8398113,0.08915492,-3.9566555,-4.5329475,12.303789,-12.95292,-3.7997825,0.48961568,-21.569607,-1.4142972,-2.8331373,-10.921543,-20.014889,15.250853,-5.050704,8.508691,8.1837435,-9.89176,-4.7399235,4.413297,-18.926962,-0.38206702,-4.8289404,-7.955221
32.634945,-55.320473,-15.843283,25.850054,-6.457412,-14.93306,-7.316267,6.981104,-18.90972,8.396736,-6.133055,-1.0990777,3.4177606,1.365706,-11.942514,-2.6370592,0.77287304,-28.779263,-1.531187,2.6338031,-9.090474,-0.5104371,8.197345,-16.204687,-1.2800384,0.518744,-26.945915,-5.4656096,0.40167305,-9.707783,-4.605421,13.471107,-19.065493,-3.9993744,0.6351212,-29.029205,-1.768018,-2.6755216,-16.493761,-20.819664,15.848717,-5.2396345,8.618572,8.626775,-16.396667,-5.034155,4.8027124,-25.791348,-0.5683025,-4.888046,-13.032003
34.858994,-58.854633,-18.122341,27.199537,-7.1774087,-15.903819,-7.597949,7.2844763,-21.483051,8.602337,-6.396624,-4.091789,3.6288993,1.768355,-14.372934,-2.7260633,0.7770659,-37.838554,-1.4952571,2.6951702,-14.483745,-0.49294525,8.447851,-21.700651,-1.3227694,0.542133,-40.73617,-6.495103,0.8847908,-19.836145,-4.7954597,13.854824,-26.433113,-4.3463264,0.89678216,-43.74334,-2.421051,-2.3611038,-26.979528,-21.916115,16.696869,-5.4930706,8.823997,7.4826555,-24.85429,-5.651382,5.555023,-41.285336,-0.9746977,-4.8893332,-23.693628
40.94852,-68.07245,-23.593477,31.489624,-6.923605,-17.544964,-8.591874,8.269806,-25.88628,9.568334,-7.206822,-7.4239726,4.2510085,2.1237907,-22.030224,-2.998893,0.8014539,-50.965748,-1.51932,2.9384089,-21.36915,-0.45480046,9.282548,-33.98234,-1.4221427,0.577165,-60.443134,-8.280636,1.5545541,-33.73008,-5.3588996,15.474987,-40.673775,-5.1014705,1.2622586,-65.18417,-3.3399875,-2.1461415,-41.138268,-25.159101,19.138826,-6.2254725,9.757655,6.5785007,-38.050934,-6.823989,6.857827,-62.681183,-1.4784505,-5.2960353,-36.83598
38.243584,-64.557434,-19.69748,30.48029,-3.819657,-15.393876,-8.318802,7.9511504,-23.021965,9.489503,-6.9303403,-2.8572025,4.1258664,2.0024195,-22.530155,-2.906403,0.7985306,-44.077015,-1.562237,2.8755918,-16.461246,-0.45183212,8.595238,-35.964092,-1.3923897,0.5672645,-55.38733,-7.8763647,1.4835653,-31.814814,-5.116894,14.757616,-42.158348,-4.8663664,1.2280167,-61.915794,-3.2542224,-2.0444672,-39.88216,-24.004808,18.266788,-5.95842,9.319928,6.648668,-37.161263,-6.5270658,6.6213,-60.293465,-1.4529463,-5.055961,-35.647987
37.286465,-62.23534,-20.702913,29.113953,-4.3142533,-15.122005,-7.8698444,7.5781727,-24.181786,8.901339,-6.6268044,-5.522785,4.0341988,1.5976951,-23.986542,-2.8117456,0.7790592,-48.247963,-1.4565413,2.74437,-19.81717,-0.44986162,7.8333664,-37.119656,-1.375762,0.5763207,-60.275967,-7.9611645,1.683974,-35.508904,-4.941248,13.673383,-43.304222,-4.7697306,1.3089015,-65.929405,-3.3895423,-1.7925675,-42.672153,-23.044275,17.524395,-5.7370753,8.853041,5.2321343,-39.01264,-6.4586,6.612699,-64.63987,-1.5765668,-4.761462,-38.610962
38.139393,-62.83947,-22.466486,29.272604,-5.5018835,-15.856206,-7.775941,7.5624075,-27.346134,8.557279,-6.56941,-11.35565,4.18568,1.502861,-28.685246,-2.8214898,0.7585483,-59.387543,-1.313261,2.6628947,-28.361788,-0.43070093,7.746312,-41.363167,-1.3890797,0.5966239,-70.29111,-8.574969,2.1153975,-43.101498,-4.972654,13.550777,-47.621094,-4.899285,1.4803463,-75.43693,-3.780555,-1.4848652,-49.587288,-23.299095,17.681067,-5.7908626,8.855121,4.1992116,-42.24199,-6.672484,6.9378877,-72.18528,-1.7869819,-4.6623125,-43.987022
35.880405,-59.110386,-20.97507,27.829477,-3.9896626,-14.388243,-7.450942,7.1937733,-24.483702,8.328492,-6.2728076,-7.8357005,3.9647892,1.7255281,-26.14162,-2.71917,0.7571687,-52.7822,-1.3347671,2.5940616,-24.060102,-0.41823992,7.376222,-41.225037,-1.3623166,0.5893076,-67.38228,-8.241783,2.0621443,-42.182114,-4.6946745,12.922946,-48.178123,-4.681539,1.4625145,-73.45597,-3.7166767,-1.3605924,-48.6661,-22.008205,16.70019,-5.4923353,8.208259,3.8318381,-44.25315,-6.4352555,6.7301946,-72.3842,-1.8049675,-4.3653107,-44.352962
37.97836,-66.097244,-14.5535755,31.798708,-2.442779,-15.219767,-8.865995,8.405956,-19.185957,10.713284,-7.380762,8.08759,3.953063,0.95930284,-14.466488,-3.0127013,0.8383601,-19.386902,-1.9028608,3.1148174,0.1360309,-0.55583495,8.955733,-19.635962,-1.3561194,0.50258744,-16.291782,-5.578906,0.0013023987,-1.1076504,-5.4309926,15.690772,-20.915588,-4.465731,0.41797018,-19.587494,-1.3658034,-3.4820924,-9.538016,-25.039097,18.941776,-6.1657176,10.392182,11.031349,-14.874025,-5.56618,5.2711573,-18.533428,-0.28630438,-5.941548,-6.760801
38.151016,-65.488525,-16.064812,31.122011,-4.714967,-16.192556,-8.768517,8.300073,-18.907354,10.469599,-7.2860065,6.790652,3.8280735,0.66670704,-12.42852,-2.9774907,0.83346295,-19.773794,-1.8673013,3.0696428,-0.5806815,-0.55727065,8.975942,-17.013004,-1.3470397,0.50224847,-16.386177,-5.485222,-0.017819185,-0.5852714,-5.374921,15.522902,-18.794271,-4.416488,0.40390098,-18.972353,-1.297117,-3.4815311,-8.547389,-24.740517,18.708101,-6.0872583,10.236042,10.8825245,-14.607656,-5.4983263,5.188373,-17.94203,-0.25141758,-5.8824396,-6.0651093
38.110126,-65.64181,-15.358522,31.256939,-5.2949457,-16.567822,-8.851953,8.362172,-18.520027,10.572956,-7.3305473,7.415747,3.7993987,0.47778183,-11.359051,-2.9895694,0.8355255,-19.021688,-1.8856609,3.0892239,0.48373437,-0.5687501,8.9441805,-15.743306,-1.3490379,0.50067705,-15.785293,-5.4586697,-0.048839137,0.18660407,-5.419927,15.510069,-17.436512,-4.435534,0.40452266,-18.683714,-1.2911654,-3.5091746,-8.269844,-24.929876,18.839296,-6.1187816,10.380313,10.932615,-12.891791,-5.5128155,5.2022347,-17.749971,-0.23817258,-5.921679,-5.702613
37.907322,-65.50517,-15.184097,31.293821,-4.5571084,-16.189346,-8.834682,8.346641,-18.385033,10.608495,-7.320884,8.054836,3.8205264,0.7391702,-11.70115,-2.9853234,0.83486724,-18.797897,-1.8881615,3.0837848,0.54877067,-0.5612722,8.985562,-16.75226,-1.3474586,0.50044316,-15.960621,-5.460348,-0.03194155,-0.16286832,-5.3952427,15.523025,-18.66675,-4.423951,0.41039577,-18.859282,-1.3001541,-3.4877768,-8.499684,-24.873703,18.785292,-6.105318,10.297821,10.860342,-14.376446,-5.508934,5.2166986,-18.336454,-0.25061604,-5.898162,-6.1288104
36.91594,-62.753685,-17.032293,29.635654,-5.0345054,-15.765536,-8.345947,7.9199047,-18.625353,9.945099,-6.975979,5.8618584,3.662078,0.12358357,-12.175578,-2.875416,0.8173881,-19.944544,-1.7925972,2.9501264,-1.1127781,-0.57121134,8.145346,-15.20236,-1.3207779,0.49907807,-15.630749,-5.1723623,-0.05803865,0.27093208,-5.198681,14.296252,-16.86313,-4.243101,0.3773484,-17.61909,-1.1673245,-3.4047809,-6.9073486,-23.636084,17.86498,-5.8314743,9.792401,9.569807,-13.823316,-5.2708697,4.9325905,-16.814436,-0.19887853,-5.660498,-4.8824153
35.71658,-59.399982,-19.767195,27.87902,-3.056029,-13.922511,-7.7312903,7.3804946,-18.530487,9.285588,-6.5789595,5.5741177,3.5267358,-0.5154991,-14.545517,-2.7340302,0.8035729,-19.434677,-1.7152025,2.818058,-1.1245937,-0.5816227,6.7720814,-16.541529,-1.2931163,0.49711525,-16.720703,-4.899932,-0.11238986,-0.6155042,-4.9250493,12.53838,-17.899044,-4.0498853,0.37348527,-18.304611,-1.0919174,-3.2786794,-6.1927433,-22.050417,16.691702,-5.4749584,9.063703,7.382833,-16.166435,-5.0729675,4.659357,-18.805307,-0.20373452,-5.331724,-5.2625585
40.794304,-66.12649,-26.344297,31.721249,2.1986835,-12.643029,-8.416164,8.105594,-22.118622,10.190878,-7.232049,5.3050137,4.173751,0.47993067,-24.335777,-2.9694526,0.8305687,-24.733232,-1.8056267,3.0679243,-3.3268123,-0.53840524,7.3068423,-29.734203,-1.3709908,0.5146435,-26.566145,-5.8485327,0.11474935,-6.785851,-5.320859,13.802302,-31.218718,-4.5656495,0.52248967,-28.91799,-1.4109433,-3.4080887,-11.045191,-24.256329,18.380617,-6.023147,9.583969,6.348525,-27.974695,-5.7919245,5.3414006,-28.182606,-0.33742353,-5.787956,-8.825662
44.225338,-70.66477,-30.670418,33.786808,3.140308,-12.990058,-8.845659,8.553192,-24.154312,10.715946,-7.6598005,4.988,4.458095,0.6256211,-27.610748,-3.100909,0.84901583,-27.090958,-1.8653076,3.2201703,-3.9395163,-0.5269797,7.708758,-34.19236,-1.412783,0.5231601,-30.983181,-6.3207293,0.16292754,-8.803088,-5.5804553,14.632437,-36.124565,-4.859798,0.5710238,-33.10968,-1.515944,-3.560105,-12.432035,-25.703096,19.462587,-6.355466,9.949624,6.225402,-33.572243,-6.2030745,5.7094884,-32.42938,-0.38237828,-6.091914,-10.097412
42.409527,-67.92762,-28.976055,32.630173,2.6628084,-12.73791,-8.5625305,8.274516,-23.347681,10.329028,-7.401995,4.3793297,4.322671,0.7914714,-26.435959,-3.024356,0.8390896,-27.144686,-1.8249755,3.1420364,-3.9681642,-0.5210969,7.4960294,-33.737522,-1.3969593,0.5243287,-32.409313,-6.313142,0.24678928,-10.61558,-5.419564,14.050692,-35.706078,-4.7614384,0.6331376,-35.343513,-1.6806302,-3.3558974,-14.799711,-24.849623,18.83727,-6.1596813,9.678175,5.7542553,-32.285534,-6.1027927,5.6490817,-34.430946,-0.4821298,-5.8548975,-12.246238
38.18807,-61.961563,-24.356298,29.895597,2.8126025,-11.52084,-7.9369187,7.6321406,-20.470928,9.579825,-6.8006897,4.986517,4.0037513,0.9868296,-23.672653,-2.8385856,0.8148358,-23.580042,-1.739596,2.9312973,-3.2811637,-0.5032749,7.296187,-30.543165,-1.339905,0.5127721,-26.886347,-5.6942444,0.19270262,-8.60366,-4.9747605,13.468942,-32.578274,-4.348605,0.55879295,-29.897762,-1.5012174,-3.1601186,-12.618155,-22.807678,17.264927,-5.6825166,8.933359,6.3626857,-28.748667,-5.524562,5.115998,-28.514465,-0.405684,-5.4267745,-9.8871765
32.935192,-54.584618,-19.597185,26.682941,4.2137995,-9.41348,-7.1931067,6.8564243,-16.797045,8.678842,-6.075341,5.2408576,3.751259,1.9366859,-23.647018,-2.621819,0.7844811,-22.582613,-1.6254184,2.6852844,-4.3553896,-0.4476782,7.2012863,-32.981815,-1.2853947,0.5132737,-28.239586,-5.4425535,0.36031047,-12.417676,-4.3779926,12.878442,-36.24068,-3.990695,0.67901814,-32.98902,-1.7928263,-2.6300983,-17.485239,-20.282078,15.316395,-5.103629,7.788382,6.5832176,-30.758442,-5.068626,4.7939296,-30.416803,-0.5567676,-4.786296,-13.310722
31.344467,-53.61235,-15.591139,26.52812,3.4096434,-9.736668,-7.3241253,6.8759284,-14.676394,8.757063,-6.0196953,5.84047,3.7267218,2.1903193,-23.555725,-2.6157947,0.7796055,-23.705492,-1.6161914,2.6608,-5.3137717,-0.4328348,7.7412086,-34.00122,-1.2852237,0.51916915,-30.519815,-5.654072,0.51517683,-15.275377,-4.2946763,13.746587,-38.16916,-4.014,0.8181807,-37.768276,-2.1682916,-2.3677313,-22.796873,-20.222155,15.268837,-5.0788374,7.810908,8.136417,-29.793957,-5.0958867,4.937088,-33.489887,-0.70745754,-4.682427,-16.633621
31.520393,-53.862167,-15.052347,26.775116,2.5967884,-10.24851,-7.363077,6.91917,-15.572218,8.597776,-6.0077214,2.6790223,3.8252387,2.732869,-25.67397,-2.635219,0.7731435,-29.144545,-1.5653661,2.6491153,-9.025774,-0.40272757,8.218231,-36.811447,-1.2977803,0.53068656,-36.764282,-6.0747585,0.7496679,-20.073778,-4.300728,14.204859,-41.38307,-4.136852,0.9798173,-45.2021,-2.5383172,-2.150586,-28.329926,-20.428303,15.43641,-5.1303473,7.9033046,8.311561,-30.545998,-5.2366047,5.152019,-38.13876,-0.8505553,-4.649571,-20.281387
31.367262,-53.75789,-14.101295,26.694319,1.594697,-10.767571,-7.402803,6.943682,-15.559,8.64161,-6.0259194,2.9537425,3.7585082,2.3351705,-24.056118,-2.6384065,0.77586836,-28.363232,-1.5792949,2.6557481,-8.264198,-0.42280918,7.9552693,-35.12982,-1.2977546,0.5298852,-36.22396,-6.081645,0.7679036,-19.88628,-4.35299,13.886879,-39.293575,-4.1370463,0.97988343,-45.165306,-2.5672455,-2.1235251,-28.784214,-20.51134,15.510464,-5.1481075,8.042856,8.120942,-28.542412,-5.2755923,5.2218556,-39.061554,-0.89904344,-4.6319456,-21.45931
32.780556,-56.792816,-13.176653,27.788229,-0.54087985,-12.414328,-7.8982077,7.3755093,-15.05683,9.28491,-6.412397,5.685844,3.716793,1.2907861,-19.142544,-2.7335763,0.79816866,-23.661581,-1.6873987,2.792909,-4.1558266,-0.48246518,7.95653,-28.39829,-1.3137324,0.5200203,-29.303982,-5.9368935,0.51817983,-14.121746,-4.6713524,14.193998,-31.544983,-4.227061,0.8099922,-37.687653,-2.2839437,-2.4886322,-23.696814,-21.644339,16.424564,-5.4205217,8.783704,9.070152,-22.48082,-5.421057,5.278628,-34.294464,-0.80556273,-4.961385,-18.669939
32.90905,-54.46686,-18.317421,24.81232,-8.7710905,-15.810884,-7.0338135,6.757519,-21.177933,7.7852488,-5.964015,-6.720768,3.359531,0.6618071,-13.552516,-2.5828147,0.7578614,-38.932537,-1.3813865,2.54097,-16.022541,-0.522211,7.2375197,-19.094927,-1.2940776,0.54384965,-41.950893,-6.381401,0.9339336,-21.600172,-4.539494,12.341491,-22.863508,-4.1520305,0.9126301,-44.684944,-2.516077,-2.1351318,-28.349712,-20.342672,15.531881,-5.1429763,8.345886,6.3889904,-21.018078,-5.464212,5.325335,-42.70048,-1.0847703,-4.5198946,-25.71986
32.735638,-52.87522,-20.730188,23.95958,-9.323512,-15.774086,-6.83245,6.5815706,-20.308302,7.732664,-5.9130945,-4.127549,3.1323745,-1.3652825,-11.436413,-2.5253959,0.76213664,-30.828568,-1.4554296,2.566759,-9.519434,-0.62269485,5.5058193,-11.988986,-1.2693292,0.5212225,-30.870293,-5.5155478,0.33144113,-12.040599,-4.588713,10.396331,-12.908723,-3.974782,0.6650318,-33.026142,-1.9436128,-2.5483694,-18.550371,-19.7844,15.087728,-4.995172,8.432129,4.862965,-11.711813,-5.1971536,4.807102,-32.79875,-0.78529394,-4.600761,-17.61016
35.861164,-57.24717,-24.181852,26.066217,-8.193311,-16.03122,-7.19777,6.98757,-23.036856,8.220717,-6.308922,-4.708309,3.4319503,-1.357948,-15.537196,-2.6485262,0.7757073,-35.09115,-1.4917748,2.6951826,-11.004339,-0.62720275,5.451544,-17.110806,-1.3114532,0.5335177,-36.99523,-6.1102905,0.4817382,-15.61464,-4.8704104,10.662659,-18.005705,-4.277925,0.76277,-39.365486,-2.186239,-2.5869653,-22.017483,-21.205187,16.145449,-5.313942,8.842713,4.0900507,-16.639317,-5.6647854,5.2841144,-39.634884,-0.9294567,-4.8336496,-21.100447
38.101868,-60.83201,-26.068657,27.997383,-6.3025203,-15.787366,-7.4347186,7.312416,-26.679821,8.517739,-6.6058207,-7.436158,3.7916918,-1.4380938,-22.762352,-2.7539678,0.7747621,-43.406544,-1.4587573,2.7584949,-16.665546,-0.6355999,5.1896577,-23.07754,-1.3459821,0.5466333,-43.136745,-6.6674414,0.6777147,-19.953411,-5.133172,10.71971,-22.841173,-4.524182,0.8317528,-44.92208,-2.4096336,-2.5846627,-25.763626,-22.361052,17.054617,-5.59907,9.309414,3.355729,-18.8445,-6.027907,5.659402,-44.129124,-1.040807,-5.044638,-24.188099
41.069347,-65.197174,-29.149971,30.226303,-4.307818,-15.587215,-7.9987392,7.845056,-26.545513,9.344711,-7.11711,-3.7836127,4.035288,-1.7957109,-24.329655,-2.9034631,0.80821085,-36.882435,-1.6441116,3.002341,-9.726272,-0.6510823,5.259609,-23.499825,-1.3827084,0.5381081,-37.398743,-6.490876,0.24576762,-13.443823,-5.4676175,11.23605,-22.48349,-4.754684,0.725413,-40.136925,-2.1039493,-3.1015956,-19.61392,-23.798756,18.13056,-5.945691,9.97561,3.640994,-17.056751,-6.245685,5.673124,-39.194702,-0.8024869,-5.5585017,-17.91566
40.969334,-64.85331,-29.95861,30.52462,-1.3432496,-14.034439,-7.964592,7.8018036,-25.97552,9.294341,-7.0234375,-3.7446756,4.1925673,-0.86719966,-28.982079,-2.9007695,0.8036555,-38.42963,-1.6153228,2.9660182,-11.754973,-0.5925401,5.645438,-30.448917,-1.3837556,0.5417347,-40.562435,-6.6490746,0.43822974,-16.530262,-5.349928,11.636051,-30.248838,-4.7527432,0.80334675,-43.605198,-2.2048988,-2.957391,-21.84829,-23.558405,17.961359,-5.904609,9.638488,3.3949175,-23.316542,-6.202131,5.7050347,-40.877335,-0.80358493,-5.488985,-18.206543
40.3579,-64.56817,-28.52904,30.670328,-0.04349731,-13.380424,-8.047959,7.8215632,-24.54895,9.408287,-6.979016,-1.6853973,4.184998,-0.15989436,-28.613132,-2.9021425,0.8101807,-36.352398,-1.6549056,2.9700124,-10.343565,-0.5544263,6.2006335,-33.54927,-1.3825355,0.5396071,-41.747215,-6.684412,0.55445105,-17.810953,-5.2624273,12.226546,-34.43094,-4.7318926,0.8534008,-45.47061,-2.2278645,-2.8715892,-23.10438,-23.579054,17.907972,-5.884642,9.449253,3.8627052,-27.779152,-6.1485276,5.7507496,-42.804928,-0.7940644,-5.439611,-18.890621
36.946518,-58.872765,-26.92674,28.24628,2.65154,-10.840255,-7.343952,7.1235366,-21.903522,8.666551,-6.37274,-0.11576939,3.9670825,0.13707161,-29.13876,-2.711543,0.7855987,-32.895454,-1.5598736,2.7549446,-9.908558,-0.51592845,5.7223682,-35.284496,-1.3312224,0.5337825,-38.993633,-6.212514,0.5946005,-17.922497,-4.757453,11.410338,-36.731598,-4.3410983,0.8121307,-42.490585,-2.0820491,-2.6317964,-21.555122,-21.323374,16.214226,-5.3756914,8.332614,3.5183158,-31.191187,-5.6571107,5.3105383,-40.639988,-0.7695631,-4.9512463,-17.892626
37.07226,-59.237827,-26.508196,28.520105,2.9175453,-10.790565,-7.3962216,7.1751633,-22.222023,8.683496,-6.401888,-0.8156705,4.03476,0.06956879,-30.735294,-2.7276595,0.78345066,-34.50873,-1.546369,2.7570875,-11.149915,-0.5124864,5.7968793,-36.472126,-1.3371551,0.53805786,-39.9455,-6.3337507,0.65021026,-19.00387,-4.785281,11.623387,-37.531773,-4.3768177,0.827906,-43.745872,-2.1615665,-2.6019483,-22.723314,-21.462278,16.343515,-5.4187346,8.439042,3.8033085,-30.602743,-5.711452,5.372032,-41.268627,-0.806703,-4.97341,-18.633877
41.214115,-66.503815,-28.058828,31.357203,-0.14939994,-13.7901,-8.379388,8.051382,-22.936161,9.979148,-7.216799,2.8650541,4.13618,-0.51554096,-24.994827,-2.94417,0.8220537,-31.703197,-1.7135358,3.0268428,-7.1410236,-0.56908387,6.5615587,-31.695295,-1.3880951,0.5357692,-37.81176,-6.6649475,0.50547045,-15.917878,-5.324151,13.148815,-34.069935,-4.738854,0.7564747,-41.997936,-2.1113336,-2.9824212,-21.336021,-24.217257,18.386663,-6.005402,9.496307,5.1481853,-31.520653,-6.2625155,5.8886385,-43.233513,-0.83023095,-5.5277715,-19.968206
40.03457,-63.994125,-28.425854,30.330301,0.22047234,-13.136747,-8.015306,7.7573867,-23.247492,9.509575,-6.9753165,0.94366044,4.083891,-0.4976844,-26.794636,-2.880977,0.8141869,-31.447079,-1.6893932,2.970003,-7.1964693,-0.5696472,6.170447,-30.928843,-1.368982,0.52991706,-35.401054,-6.269718,0.33117807,-13.238821,-5.1901846,12.458756,-32.03637,-4.603794,0.72148037,-38.896336,-1.9391005,-3.0370193,-18.436132,-23.359226,17.698698,-5.8179245,9.313654,4.81184,-26.561735,-5.959397,5.505819,-37.19528,-0.65513873,-5.4639874,-15.052764
36.445377,-57.614388,-26.804192,26.838194,-2.5182126,-13.181872,-7.014459,6.871895,-24.902681,7.941658,-6.145704,-7.670692,3.8377733,0.00883574,-27.889439,-2.6478677,0.7585318,-45.430378,-1.3827188,2.61172,-18.48584,-0.51655567,5.5018835,-34.609386,-1.3319669,0.56163996,-53.284378,-6.9695864,1.1601459,-28.294327,-4.6899967,10.741985,-37.36492,-4.4426203,1.115015,-57.018337,-2.795963,-2.0466456,-33.222267,-20.966122,15.918063,-5.274154,8.1793995,2.181386,-32.235725,-5.9198055,5.778825,-54.066685,-1.2185773,-4.5775723,-28.792055
38.390354,-60.344994,-28.881485,28.012272,-2.9973247,-13.948459,-7.096519,7.0322185,-29.569017,7.7647943,-6.208912,-14.674861,4.1786966,0.98419887,-34.516823,-2.7161798,0.7416848,-62.22605,-1.2177036,2.5440004,-30.862486,-0.44283292,6.142139,-45.56673,-1.3717191,0.6007507,-73.64409,-8.372995,2.1106439,-44.309597,-4.770078,11.377653,-50.448227,-4.7688327,1.5114269,-77.76235,-3.6856093,-1.3919706,-48.618443,-21.873453,16.595627,-5.481866,8.10081,0.7992839,-45.647896,-6.5096793,6.7100654,-73.687614,-1.7486767,-4.3939767,-42.843258
38.13359,-59.467815,-29.329817,27.820251,-0.9499229,-12.707128,-6.862405,6.851627,-30.440763,7.377347,-5.993348,-17.446896,4.333494,1.760535,-39.82277,-2.6803298,0.7269851,-66.826065,-1.137403,2.4540093,-35.10287,-0.3796596,6.4460993,-51.95638,-1.3667138,0.6112252,-78.83298,-8.60283,2.3928442,-48.951942,-4.6198587,11.526088,-56.99892,-4.7331786,1.6028075,-82.386635,-3.8290312,-1.1750114,-51.72276,-21.393412,16.255419,-5.3886857,7.764486,0.4061818,-50.112495,-6.436917,6.73445,-75.98302,-1.7960784,-4.2461224,-44.218708
38.481724,-60.034958,-30.131418,27.830132,-2.2170238,-13.42073,-6.8734446,6.8908668,-31.667122,7.25745,-6.002508,-19.936287,4.363603,1.7090383,-39.957584,-2.6959374,0.72061974,-70.41753,-1.0869393,2.4343312,-38.272015,-0.37805274,6.6070127,-51.197197,-1.3724424,0.6169753,-80.87376,-8.769771,2.4935179,-50.39994,-4.670633,11.601962,-56.111088,-4.771983,1.6085073,-83.34063,-3.8836217,-1.1434529,-52.801796,-21.565323,16.397467,-5.438729,7.855733,0.26185113,-49.921097,-6.5042715,6.8064666,-76.876144,-1.8388835,-4.2591095,-45.29548
38.525658,-60.377495,-30.486195,28.295965,-0.47631672,-12.606972,-7.0921407,7.044081,-28.884747,7.801876,-6.2108893,-13.543528,4.278236,0.8049225,-37.324715,-2.7283108,0.74549794,-57.393852,-1.26691,2.5822353,-28.311888,-0.44041115,6.031405,-45.89242,-1.3664429,0.5900159,-66.001686,-7.9270344,1.7856019,-38.680405,-4.786091,11.247286,-48.865376,-4.6705303,1.3093954,-68.661354,-3.2479436,-1.734231,-41.54693,-21.679346,16.491505,-5.4731736,8.144267,0.9430071,-42.545155,-6.2954383,6.3271494,-64.17415,-1.4660022,-4.567004,-35.366825
38.315266,-60.69596,-27.086546,28.192928,-4.273498,-14.684136,-7.626552,7.374813,-23.019886,8.8366995,-6.6409245,-2.057321,3.7393615,-0.6119055,-19.907455,-2.7644553,0.7954936,-34.48347,-1.5598512,2.8164606,-10.299979,-0.5695021,6.043004,-26.453228,-1.3511411,0.5445869,-42.156017,-6.712137,0.73694587,-20.184763,-4.9911165,11.711223,-28.614872,-4.511511,0.8511845,-45.343792,-2.3992052,-2.5517435,-25.358095,-22.256552,16.96323,-5.568945,8.816982,3.9712706,-28.279873,-6.0662003,5.7526565,-47.637436,-1.0793451,-4.9722457,-25.356474
31.958958,-51.13381,-21.645365,23.288351,-6.415491,-13.829127,-6.7066875,6.368338,-16.891596,7.5498085,-5.6847415,-1.6285428,3.0790024,-1.0505173,-12.562534,-2.4662375,0.7606389,-24.183266,-1.4577557,2.5099475,-6.613585,-0.5623211,6.0226007,-14.246255,-1.2515647,0.51507956,-25.634377,-5.1225357,0.20675948,-9.349297,-4.307071,11.119053,-16.033432,-3.7743657,0.56149757,-27.70924,-1.639868,-2.6235042,-13.642938,-18.86409,14.42721,-4.7961264,7.827809,5.97471,-15.438761,-4.89322,4.4439363,-27.913727,-0.6119571,-4.5063777,-13.071618
31.819641,-51.4758,-20.727646,23.256943,-8.458429,-14.960725,-6.73059,6.418572,-18.32276,7.427191,-5.7030706,-4.6967998,3.0977874,-0.59966254,-11.480378,-2.485167,0.7540563,-29.821186,-1.3943796,2.4899487,-10.812943,-0.5530182,6.5556993,-13.604955,-1.2612646,0.5240107,-30.786394,-5.516036,0.43820882,-13.289844,-4.34397,11.572089,-15.925303,-3.8665714,0.6579095,-32.56036,-1.9192524,-2.4598787,-18.12236,-19.08914,14.617648,-4.861554,7.9557347,6.2405586,-15.622101,-5.030776,4.646613,-31.74675,-0.7644839,-4.475465,-17.017157
34.475,-56.083115,-22.27038,25.15313,-10.023543,-16.636906,-7.036532,6.8215456,-23.709532,7.5855246,-6.012484,-10.908583,3.471577,0.8743693,-15.4694805,-2.609775,0.7502222,-47.165653,-1.2981883,2.5264862,-21.46604,-0.4959268,7.42747,-22.705908,-1.3182187,0.56418645,-53.626408,-7.102006,1.3278084,-29.54013,-4.599093,12.356198,-27.98423,-4.3640656,1.1096117,-55.740135,-2.932243,-1.8787942,-35.136536,-20.76253,15.83897,-5.2354126,8.246203,4.7966876,-28.429499,-5.8531065,5.788355,-54.281685,-1.357062,-4.434729,-32.67469
38.21263,-62.085186,-24.944992,28.389187,-6.7918997,-16.18127,-7.6483884,7.4277477,-26.281189,8.4052725,-6.5319085,-10.455146,3.9688196,2.257575,-21.855568,-2.7878218,0.7700763,-54.832565,-1.3432269,2.6850545,-25.30771,-0.42805848,8.169474,-36.259068,-1.3849206,0.5906663,-69.442505,-8.435091,1.955857,-41.692802,-4.8806705,13.561236,-44.08503,-4.8553762,1.4369133,-73.573746,-3.6872156,-1.5575037,-47.52079,-22.80315,17.34586,-5.6856704,8.4872675,3.7764149,-45.135544,-6.675836,6.846643,-73.52379,-1.8066756,-4.57365,-44.86854
40.006516,-65.05975,-26.320597,30.58263,-1.9891734,-14.42913,-7.8986735,7.734226,-28.279297,8.895965,-6.8025393,-9.627684,4.4043083,2.2166464,-31.752888,-2.8834748,0.7748107,-58.05736,-1.3864723,2.7742484,-26.443466,-0.41817752,7.8247976,-45.67558,-1.4102638,0.5961487,-71.50898,-8.650368,1.9910142,-42.712482,-5.062029,13.721061,-52.240326,-5.0327005,1.4742455,-76.26966,-3.7067444,-1.6724821,-48.189163,-23.82564,18.054522,-5.9187164,8.829353,3.393155,-47.940937,-6.8458195,7.01946,-73.63037,-1.7378987,-4.83691,-43.013058
38.75368,-62.246372,-26.667135,29.461792,0.07696496,-12.777274,-7.457064,7.3397813,-28.03616,8.341722,-6.42718,-11.104771,4.409805,2.629949,-35.557682,-2.7888038,0.7557786,-59.641323,-1.3005067,2.629099,-29.290155,-0.37449437,7.707452,-49.403065,-1.3829764,0.59735584,-72.12481,-8.447939,2.115402,-43.85994,-4.796759,13.298929,-55.85592,-4.8299885,1.4771403,-75.96968,-3.608739,-1.516705,-47.664253,-22.587233,17.181965,-5.6600847,8.204716,2.755663,-50.94886,-6.524845,6.7678757,-71.37006,-1.6566272,-4.600244,-41.299084
35.58375,-56.42642,-25.99563,27.371822,4.6027446,-9.394852,-6.993313,6.794217,-21.787157,8.295977,-6.0568967,-0.6909864,3.9977605,1.0336591,-32.04821,-2.629157,0.7662363,-37.00782,-1.4581198,2.6008742,-14.098019,-0.46104953,5.8511987,-41.158585,-1.3124282,0.5440129,-44.98631,-6.4142246,0.9989565,-23.965654,-4.481736,11.356356,-44.289448,-4.2186565,0.94922996,-48.710953,-2.3150454,-2.229381,-26.76408,-20.366602,15.516615,-5.163242,7.623107,2.8436313,-39.72431,-5.5466614,5.421246,-46.430496,-0.9294627,-4.601511,-22.571627
37.871708,-60.744156,-26.96554,29.467747,5.3512383,-9.875564,-7.5927086,7.324685,-20.765173,9.2744,-6.5508637,4.839585,4.0625634,0.989688,-28.740562,-2.7607718,0.79917306,-28.098185,-1.6433554,2.8048112,-7.0314713,-0.48770767,6.382035,-37.57661,-1.3299674,0.52443266,-34.443073,-5.9884834,0.54397124,-14.883256,-4.7782073,12.350622,-40.463654,-4.295358,0.70987403,-37.22917,-1.7595007,-2.8022435,-17.661396,-22.046421,16.615973,-5.4820795,8.235385,4.1440825,-38.200966,-5.5528264,5.285056,-37.061157,-0.5913615,-5.1003613,-14.909475
38.939075,-62.985332,-27.173782,30.581,5.5740995,-10.231343,-7.8864813,7.6071973,-21.05674,9.6730175,-6.808855,5.8650026,4.1526947,1.1515509,-28.211578,-2.8419628,0.81559145,-25.717257,-1.7332582,2.9247265,-4.8064713,-0.49301115,6.8408976,-36.866272,-1.3470281,0.51957655,-31.603167,-5.948807,0.37655273,-12.11494,-4.9476657,13.047686,-39.37517,-4.3990097,0.64695615,-34.37538,-1.6362655,-3.0340843,-15.169287,-22.899464,17.238823,-5.675618,8.638301,4.9853086,-36.65911,-5.635714,5.294976,-33.915234,-0.48726892,-5.3577743,-12.484458
37.528763,-59.815987,-26.463545,28.97267,4.01521,-10.3798895,-7.507054,7.290363,-21.850426,8.899103,-6.5039897,0.6129575,4.0792217,1.839482,-27.765408,-2.7723584,0.80223954,-29.901655,-1.6475497,2.8506196,-7.8144426,-0.44422835,7.0095544,-38.141266,-1.3465416,0.5346756,-39.888866,-6.4245396,0.66795075,-19.210686,-4.7845955,12.538037,-40.40042,-4.4261885,0.83582985,-43.641083,-2.1503193,-2.6535285,-22.447758,-21.838305,16.552526,-5.4957876,8.331733,4.1031694,-36.037785,-5.7568555,5.454804,-41.666313,-0.79770696,-5.0340867,-19.093624
34.96318,-56.33993,-23.311497,27.577604,4.9498434,-9.297328,-7.103542,6.9181585,-21.362217,8.350808,-6.1467633,-1.1338845,3.995566,2.528267,-28.429657,-2.6784508,0.7846556,-30.988852,-1.5819688,2.7366714,-9.490913,-0.41287863,7.1306763,-39.013508,-1.323111,0.53685856,-40.386734,-6.315651,0.7460826,-20.945068,-4.5265307,12.374654,-40.999912,-4.2558203,0.8700403,-44.509647,-2.2568629,-2.4421804,-24.392584,-20.707695,15.674267,-5.2437997,7.9535885,4.4377465,-34.01718,-5.508276,5.244883,-40.82268,-0.8404752,-4.7702036,-19.74169
34.732536,-56.107304,-23.089626,27.504723,5.0599666,-9.177285,-7.0095806,6.853817,-22.093166,8.129605,-6.0549994,-3.2327218,4.0246115,2.738214,-29.828762,-2.66548,0.77597594,-33.30317,-1.5391198,2.6958914,-11.721473,-0.39820835,7.3038225,-39.642727,-1.3188853,0.5398333,-41.30612,-6.3336763,0.8092206,-21.479294,-4.489998,12.463817,-41.15349,-4.2306414,0.87838376,-44.784203,-2.2588863,-2.406843,-24.636026,-20.548174,15.570455,-5.213454,7.9650307,4.540463,-32.56842,-5.426864,5.172118,-39.465214,-0.8068663,-4.7507496,-18.782433
37.890522,-60.992863,-25.853891,29.856123,5.718416,-9.784196,-7.5248146,7.374615,-24.33448,8.675429,-6.490471,-4.420346,4.357541,2.8108382,-34.195198,-2.813311,0.79052997,-38.011814,-1.5809996,2.837797,-14.2046385,-0.392994,7.7113743,-44.350872,-1.3627943,0.54951113,-46.421856,-6.889636,0.9276482,-24.236021,-4.8094535,13.2851095,-45.58794,-4.5499063,0.9517982,-49.84243,-2.4353707,-2.5170143,-27.251158,-22.208767,16.820066,-5.5954127,8.56724,4.5318093,-35.7093,-5.8379493,5.5823603,-43.484314,-0.85859346,-5.090276,-20.434128
38.97424,-62.48103,-26.862608,30.604145,5.981377,-9.950494,-7.7343082,7.5615716,-24.270473,8.975889,-6.668467,-3.2432733,4.423224,2.6765537,-34.39051,-2.861508,0.79924285,-36.77781,-1.622654,2.9016404,-12.996275,-0.403477,7.7849793,-44.285076,-1.3731034,0.5461984,-44.75053,-6.8574915,0.8216773,-22.512148,-4.9200187,13.5679,-45.458435,-4.6164846,0.9140996,-48.233765,-2.3393097,-2.6646898,-25.541555,-22.743996,17.217577,-5.716176,8.7673435,4.7432694,-35.85708,-5.9090576,5.614007,-42.024208,-0.79724586,-5.2492447,-18.901182
38.542248,-61.487305,-26.930233,30.066229,5.584242,-9.94289,-7.6518674,7.4675336,-23.452927,8.9499855,-6.615616,-1.803733,4.314283,2.3274858,-32.35565,-2.8301582,0.7997006,-34.257,-1.6267942,2.882737,-11.229272,-0.41934025,7.41786,-42.13853,-1.3637009,0.54158723,-42.55846,-6.6805325,0.7489981,-21.031773,-4.8800917,13.098106,-43.5248,-4.5447316,0.8695549,-46.029896,-2.236372,-2.6865842,-23.928272,-22.373068,16.962011,-5.6401596,8.613418,4.3936615,-35.762707,-5.856713,5.5454035,-41.472767,-0.7904887,-5.1814,-18.576834
37.710335,-60.466343,-25.956375,29.542467,5.3951917,-9.846152,-7.5044703,7.3338127,-23.500896,8.740482,-6.4845347,-2.5406961,4.2546754,2.3987477,-32.073677,-2.7946734,0.7933507,-35.176754,-1.598742,2.8341997,-12.0650425,-0.4139648,7.3511596,-42.096214,-1.3556373,0.54376876,-43.719902,-6.690958,0.83324015,-22.202192,-4.7961674,12.92122,-43.734642,-4.4917946,0.89888966,-47.23134,-2.300796,-2.5746439,-25.235685,-22.013527,16.68568,-5.55178,8.480701,4.3109236,-35.563713,-5.7951236,5.5225677,-42.47236,-0.83138824,-5.0646486,-19.636333
35.644394,-57.512154,-23.827854,28.156364,5.2154408,-9.363523,-7.1485543,6.9862576,-22.710432,8.257855,-6.152408,-3.5846872,4.105569,2.7036972,-31.091518,-2.7003179,0.7777158,-35.096466,-1.5358319,2.7147453,-12.862789,-0.39720875,7.3971267,-40.70559,-1.328557,0.54232585,-42.633595,-6.442713,0.86188114,-21.933683,-4.566119,12.713967,-42.426426,-4.300192,0.89953756,-46.017242,-2.264889,-2.4306679,-24.99939,-20.98245,15.909663,-5.3110957,8.119758,4.561321,-33.581844,-5.5060105,5.272367,-40.189743,-0.7985681,-4.838782,-18.71786
34.1502,-55.43702,-22.36634,27.049404,4.6677065,-9.185836,-6.8803415,6.731365,-22.41297,7.8699503,-5.901417,-4.8673863,4.009855,2.9170809,-30.41608,-2.6329207,0.7653495,-36.7495,-1.4708751,2.6158106,-14.736278,-0.37627637,7.410238,-40.48815,-1.3130455,0.5465484,-44.74018,-6.4554625,1.0188307,-24.086193,-4.397399,12.481738,-42.721653,-4.196047,0.9513682,-47.905987,-2.3628085,-2.2262692,-26.964483,-20.188156,15.34116,-5.1435294,7.7928147,4.431331,-34.261715,-5.3807216,5.2199745,-41.82714,-0.8651426,-4.6211133,-20.604658
33.55565,-54.80846,-21.128372,26.800323,4.4948277,-9.161357,-6.815909,6.673938,-22.504948,7.734853,-5.8321333,-5.9528413,4.0116506,3.2142317,-30.690948,-2.6206899,0.76057243,-37.831448,-1.4491467,2.5941222,-15.580806,-0.36138022,7.6637907,-40.68677,-1.3105755,0.5489968,-45.431667,-6.4864655,1.056583,-24.767775,-4.348238,12.734224,-42.935493,-4.182949,0.98123133,-48.838947,-2.4390085,-2.162479,-28.007708,-20.032862,15.232654,-5.112429,7.7865286,4.9288077,-32.982998,-5.333936,5.186345,-41.47264,-0.87723005,-4.5863833,-20.720934
32.11652,-53.254063,-19.414839,26.454365,6.371582,-7.9835615,-6.770841,6.5724096,-19.924309,7.8903074,-5.759326,-1.9750775,3.9296317,3.1385968,-30.04103,-2.587099,0.75990534,-31.524916,-1.4898138,2.577261,-12.085048,-0.37676543,7.5107975,-39.13416,-1.2867041,0.53171647,-36.433834,-5.866067,0.7562098,-18.844202,-4.2438736,12.705551,-40.913555,-3.991627,0.8256233,-40.235413,-2.0832486,-2.3349597,-22.443933,-19.492537,14.823201,-4.991339,7.585811,5.6095314,-31.016554,-5.0012307,4.7977295,-32.959927,-0.64934176,-4.603475,-15.167662
34.5037,-56.95272,-21.564112,28.09868,6.3241725,-8.765114,-7.217384,6.999825,-20.86773,8.553271,-6.1842313,0.0077117383,4.0614724,2.7376316,-29.929443,-2.7010694,0.78291816,-30.726444,-1.5936775,2.7341082,-9.978416,-0.40865713,7.4659185,-39.73653,-1.3176358,0.53123283,-37.196815,-6.0890055,0.68331486,-18.306602,-4.522891,13.022957,-41.765778,-4.2132516,0.8227612,-41.472424,-2.0958822,-2.527523,-22.39086,-20.841537,15.805172,-5.2832203,8.052274,5.4867954,-33.18628,-5.337563,5.101015,-35.62143,-0.6772245,-4.881652,-16.271166
34.14433,-57.045315,-19.941128,28.319614,6.5877247,-8.679187,-7.250177,7.039788,-21.38371,8.503605,-6.1753488,-1.5157177,4.157607,3.1081686,-31.954746,-2.7187111,0.77838415,-33.815365,-1.5687431,2.729113,-12.0839,-0.39016065,7.8095045,-41.430458,-1.3241167,0.5368506,-39.46749,-6.245476,0.7721446,-19.949331,-4.5272856,13.483952,-43.165405,-4.265404,0.8881922,-44.072735,-2.2447543,-2.4539926,-24.564941,-20.95386,15.9093,-5.324761,8.200133,6.136522,-31.757029,-5.3454623,5.1333117,-35.9257,-0.6961064,-4.9139595,-16.774235
34.827393,-58.04071,-20.468998,28.612667,5.892805,-9.161025,-7.2481527,7.084828,-23.71285,8.258695,-6.1529865,-6.24924,4.3347244,3.8380923,-35.328823,-2.7460108,0.76852524,-42.90202,-1.4794563,2.6925955,-18.723883,-0.33976543,8.46373,-46.014057,-1.342165,0.5568986,-49.872227,-6.8945417,1.1932802,-27.47108,-4.5343895,14.10233,-48.542244,-4.42216,1.0849367,-54.039185,-2.6576161,-2.1730607,-31.560793,-21.201626,16.157269,-5.4109893,8.216445,6.0597086,-36.173004,-5.5509467,5.462894,-43.425762,-0.88800216,-4.862267,-22.16024
35.73498,-59.719025,-20.72457,29.406492,5.860109,-9.509949,-7.439182,7.272591,-24.492348,8.47577,-6.3099666,-6.5368834,4.439697,4.013988,-36.10238,-2.7993832,0.7733214,-44.656464,-1.4914436,2.7388177,-19.648016,-0.33341017,8.797555,-47.110027,-1.3570452,0.56045747,-51.65726,-7.097662,1.258828,-28.505299,-4.6389365,14.616597,-49.951202,-4.5289636,1.1153432,-55.855812,-2.73451,-2.1893306,-32.778088,-21.811548,16.626423,-5.5522246,8.434768,6.3546414,-37.388218,-5.689401,5.623667,-44.898712,-0.9184201,-4.974942,-23.0507
34.520405,-58.05432,-19.534214,28.864023,7.154576,-8.55661,-7.336064,7.1397853,-22.340527,8.498454,-6.2090855,-3.4598432,4.324078,3.7555904,-34.684746,-2.755343,0.7733845,-37.754562,-1.5286022,2.7206628,-15.688478,-0.35412848,8.502596,-43.826626,-1.3323313,0.541999,-41.53153,-6.408805,0.89363134,-21.441841,-4.5541697,14.288796,-45.51057,-4.317537,0.9169582,-45.303135,-2.278934,-2.4381847,-25.456858,-21.184046,16.164736,-5.4173546,8.313592,6.8404913,-32.661945,-5.339411,5.1657977,-34.852604,-0.6591836,-5.0045075,-16.132158
34.383217,-57.724133,-19.693567,28.599724,6.606169,-8.7497835,-7.2556367,7.076459,-22.803751,8.333771,-6.1397104,-4.844818,4.311855,3.8492532,-34.80109,-2.7394943,0.76788867,-39.600277,-1.4909668,2.68439,-17.37372,-0.3451036,8.599357,-43.817505,-1.3292023,0.544708,-42.98006,-6.464485,0.96926075,-22.512337,-4.5156674,14.3031225,-45.628162,-4.3008966,0.93593025,-46.269444,-2.3135352,-2.3763752,-26.219652,-21.053877,16.060366,-5.3851633,8.24555,6.810149,-32.92415,-5.316111,5.1634183,-35.40974,-0.67687595,-4.953474,-16.648584
34.130737,-57.316116,-19.400682,28.441158,6.840496,-8.544526,-7.2482862,7.048636,-21.815031,8.472812,-6.158079,-2.2812443,4.2166514,3.2957103,-33.023376,-2.7244806,0.7734341,-35.36039,-1.5368308,2.7027707,-13.981089,-0.37445724,8.112331,-41.628895,-1.3220451,0.5371584,-38.839222,-6.204878,0.80537415,-19.451324,-4.5174065,13.869305,-43.1517,-4.234098,0.8585237,-42.30694,-2.1443744,-2.4839752,-23.358683,-20.908945,15.942316,-5.343459,8.227678,6.7029557,-31.236462,-5.2540126,5.0611725,-33.16429,-0.6229601,-4.9549184,-14.943476
34.346558,-57.301243,-20.155283,28.195198,5.724894,-9.05192,-7.124917,6.9790587,-23.645218,8.1225195,-6.0616713,-6.3258014,4.269949,3.6029465,-34.597168,-2.7142096,0.7644712,-42.022602,-1.4546452,2.6513338,-18.789717,-0.3435415,8.294825,-44.33281,-1.3315873,0.55263925,-47.503727,-6.7366333,1.1570148,-26.002449,-4.4856005,13.8520155,-46.44627,-4.3255224,1.0137283,-50.573345,-2.5110662,-2.2093391,-29.362753,-20.876001,15.929228,-5.339619,8.1495075,6.1150913,-34.165726,-5.435062,5.328523,-40.75973,-0.8363577,-4.8157163,-20.39402
35.143406,-58.621094,-20.596632,28.827797,5.462601,-9.452146,-7.2041655,7.093941,-25.307594,8.114522,-6.12908,-8.7310915,4.3928366,3.806252,-36.794624,-2.7516644,0.76058185,-46.69061,-1.4172549,2.653877,-22.223932,-0.32982308,8.557086,-46.32635,-1.3445134,0.5609771,-51.416492,-7.0363073,1.3175726,-28.68021,-4.5661016,14.161319,-48.2527,-4.4246793,1.0705699,-53.869347,-2.64583,-2.1559532,-31.71137,-21.37158,16.29257,-5.447734,8.350016,6.1036167,-34.77976,-5.5550604,5.4820075,-43.00987,-0.8827703,-4.880113,-21.817028
36.331802,-59.475338,-22.78758,29.276054,6.205776,-9.297194,-7.5084305,7.2774806,-21.316277,9.085854,-6.47756,2.7542229,4.1121454,1.7191843,-29.72107,-2.764792,0.7967034,-28.355352,-1.6539624,2.819896,-7.4030447,-0.45234194,7.123118,-37.978966,-1.3316026,0.526095,-33.210865,-5.986967,0.5215187,-14.77269,-4.723035,13.189165,-39.599644,-4.2703266,0.70785654,-36.395443,-1.8397813,-2.7904406,-18.250868,-21.832975,16.493828,-5.4718537,8.442603,5.8576164,-31.843178,-5.4449053,5.1561823,-33.313965,-0.58443606,-5.11609,-13.488182
38.414295,-62.421112,-25.326015,30.602724,6.11995,-9.960851,-7.844008,7.6039553,-22.118645,9.581433,-6.8048997,4.2473807,4.22674,1.2763925,-30.068413,-2.8510127,0.81151396,-27.656404,-1.7126153,2.925703,-5.95235,-0.48572528,6.9555745,-37.881912,-1.3535655,0.524296,-32.07596,-6.0757456,0.4217653,-13.24349,-4.9544163,13.32048,-39.549232,-4.421939,0.6697934,-35.4809,-1.7712977,-2.982799,-16.862614,-22.924406,17.272,-5.6991053,8.80695,5.623725,-33.165367,-5.6770716,5.335437,-33.84113,-0.56806314,-5.3534746,-13.082073
37.953697,-61.92791,-24.45669,30.244171,5.628752,-10.136828,-7.9114704,7.616552,-20.755198,9.725141,-6.841979,6.3086276,4.1391683,1.1664126,-27.354244,-2.8493154,0.8194025,-23.81545,-1.7565913,2.9491203,-3.525189,-0.4956444,7.113652,-35.624737,-1.3492229,0.51818395,-28.748444,-5.910569,0.3007003,-11.346646,-4.932144,13.653842,-37.742336,-4.379135,0.6143203,-32.888817,-1.7029699,-3.0397937,-15.528656,-22.801544,17.230598,-5.6886206,8.764299,6.4879913,-33.025726,-5.6586976,5.29929,-32.670837,-0.568412,-5.3531065,-13.139508
37.591682,-61.65695,-23.515108,29.847322,3.3461869,-11.15432,-7.9465346,7.584031,-19.828814,9.613,-6.7845945,5.670448,4.018654,1.555792,-23.704876,-2.8314693,0.8153589,-25.566671,-1.7127733,2.9138327,-5.2468305,-0.477678,7.6609526,-35.136063,-1.3540549,0.53028053,-34.673088,-6.4035454,0.6103787,-17.163311,-4.864729,14.092609,-38.884995,-4.4271846,0.74517953,-39.570515,-2.1257455,-2.7231994,-21.915176,-22.642591,17.216167,-5.656271,8.574805,6.6932373,-37.148655,-5.8676057,5.628619,-41.676994,-0.8738191,-5.1411705,-20.923626
37.379616,-62.87228,-21.011976,30.327364,3.0218678,-11.556376,-8.275653,7.7930145,-17.567276,10.057952,-6.922911,8.993148,3.9699855,1.3040805,-21.58649,-2.8673315,0.8272368,-20.915556,-1.7954954,2.9724672,-2.1862473,-0.4973264,7.9765596,-32.813927,-1.3515507,0.51734555,-28.949482,-6.1270666,0.4198633,-13.182249,-4.932045,14.788198,-36.766434,-4.402476,0.6623018,-34.68156,-1.9401605,-2.8854127,-19.035656,-23.125448,17.551401,-5.7450647,8.847839,8.219304,-34.65305,-5.7873254,5.5542917,-37.2383,-0.73940253,-5.2992997,-17.95332
37.57865,-63.82155,-19.999348,30.69889,1.7377081,-12.451605,-8.471533,7.9614377,-17.371965,10.2589655,-7.0461535,9.103836,3.9600008,1.3059291,-19.846233,-2.9069972,0.83057797,-20.384672,-1.8251476,3.0126226,-1.8045181,-0.5054381,8.3237,-30.490906,-1.3557377,0.5153534,-27.158045,-6.0788784,0.35487643,-11.462238,-5.0331755,15.185347,-34.528374,-4.440395,0.62932485,-32.70866,-1.8771968,-2.9842718,-17.97416,-23.581448,17.879362,-5.8496213,9.138355,8.9223795,-32.04827,-5.7980123,5.5618687,-34.877285,-0.6787553,-5.4302797,-16.734394
37.05453,-64.04054,-17.113592,30.617918,-1.600255,-14.278755,-8.640893,8.102785,-17.079765,10.331471,-7.130378,8.005378,3.8522847,1.203423,-15.210688,-2.9370766,0.83205116,-19.652483,-1.8525114,3.0429127,-1.1901398,-0.53270864,8.731516,-24.287388,-1.3544974,0.513911,-23.813324,-5.9858713,0.27385005,-8.650057,-5.1634464,15.43795,-27.636007,-4.4486847,0.5852915,-29.170631,-1.8367637,-3.0736406,-16.648787,-23.934103,18.162882,-5.9393444,9.622313,10.06928,-24.070751,-5.7526784,5.5219097,-30.423855,-0.6337618,-5.5436583,-15.420678
35.383865,-60.16373,-18.598349,28.29021,-3.3613923,-14.275758,-7.9733663,7.5156937,-17.898287,9.342735,-6.640757,3.6707306,3.6333995,1.2055527,-14.139364,-2.786124,0.8042983,-24.384136,-1.6818086,2.841372,-5.528377,-0.5161184,8.265424,-22.788088,-1.3272945,0.52420133,-29.17927,-6.039423,0.4924479,-12.779065,-4.8469925,14.341845,-26.653105,-4.2761216,0.67725873,-33.545464,-2.0127106,-2.7377985,-19.691227,-22.285435,16.9529,-5.571935,8.887414,8.632998,-25.402693,-5.587367,5.38506,-34.61757,-0.78892183,-5.1026626,-18.81621
32.584194,-53.92031,-19.261517,24.76021,-7.319404,-14.967729,-7.1515074,6.7769217,-17.444162,8.10569,-5.9981594,-0.79308367,3.1958416,-0.02211239,-10.375908,-2.581902,0.7754867,-24.498283,-1.5390899,2.621786,-6.277047,-0.5507794,7.169314,-13.555467,-1.27319,0.51472205,-25.40703,-5.281681,0.24748436,-8.492908,-4.5223536,12.384772,-15.893325,-3.923971,0.5808002,-27.755737,-1.6770463,-2.7189505,-14.42186,-20.106394,15.315375,-5.075012,8.369112,7.359278,-14.847314,-5.013106,4.6502447,-26.705639,-0.5718528,-4.766472,-12.973059
32.50111,-53.299313,-20.747412,23.964281,-9.074131,-15.640065,-6.866259,6.584985,-20.454203,7.499505,-5.800471,-7.2083135,3.2565286,0.53301954,-12.409007,-2.5452948,0.7516891,-36.800995,-1.3509746,2.4867587,-15.891587,-0.51202047,7.367265,-16.92349,-1.2804995,0.5378319,-38.758957,-6.035734,0.81867045,-18.814672,-4.428384,12.239091,-20.513935,-4.013413,0.805285,-39.889614,-2.2005403,-2.2476542,-23.685423,-19.76664,15.0814085,-5.0176215,8.01491,6.0537314,-21.544771,-5.239218,5.03192,-38.245964,-0.9148878,-4.478525,-21.802624
30.92604,-50.03248,-20.714333,22.709494,-7.1162558,-14.0176935,-6.5409656,6.236073,-17.72997,7.3335333,-5.559631,-2.9666963,3.0245688,-0.5778049,-11.606531,-2.4410686,0.75194263,-27.954506,-1.3991296,2.447885,-9.426354,-0.5557568,6.010572,-14.786719,-1.2486337,0.5203688,-30.462646,-5.318041,0.44543886,-12.881043,-4.2383556,10.810634,-17.18124,-3.7614489,0.6576222,-32.0217,-1.820974,-2.4032028,-17.309963,-18.538532,14.15797,-4.724414,7.619582,5.303849,-17.794268,-4.888874,4.5477076,-32.202026,-0.7207737,-4.3433647,-16.677683
31.01298,-49.727085,-20.736532,22.690538,-6.5886292,-13.712239,-6.5617905,6.231004,-16.47503,7.5304127,-5.6004853,0.10833812,2.9527016,-1.5385746,-11.191869,-2.4219875,0.7588847,-22.940414,-1.4661605,2.4794211,-4.9638095,-0.5986874,5.2040095,-12.710337,-1.2381251,0.5103878,-24.987328,-4.9237137,0.15607956,-8.157431,-4.270663,10.111707,-14.1047735,-3.7002773,0.56495297,-26.923426,-1.595504,-2.58506,-13.21853,-18.496206,14.104816,-4.6869845,7.714274,5.044608,-14.066202,-4.793266,4.3663964,-28.208826,-0.59513485,-4.4073477,-13.217154
34.409775,-54.13856,-25.346916,25.396591,-2.2143176,-12.400086,-6.783719,6.5744677,-21.833979,7.7567797,-5.8939085,-4.5180435,3.6173491,-0.34798688,-25.28201,-2.5522985,0.7553146,-38.817524,-1.3942722,2.5445704,-14.467455,-0.5314415,5.214144,-31.464808,-1.3000767,0.54795396,-46.338654,-6.4078293,0.90924966,-23.907202,-4.466179,10.367214,-33.816765,-4.1988173,0.99931526,-50.34656,-2.5382342,-2.1099403,-28.872265,-19.85913,15.085944,-5.016134,7.775723,2.7348123,-29.557919,-5.5718584,5.3644543,-48.25615,-1.076946,-4.43104,-25.13392
36.694813,-57.504814,-27.823532,27.137854,-1.1149111,-12.499035,-7.096535,6.907241,-23.862373,8.153195,-6.181451,-5.329134,3.9012344,-0.7877397,-31.061058,-2.649949,0.758672,-43.800777,-1.3983986,2.6168783,-17.582952,-0.5389176,4.948535,-36.72598,-1.3293324,0.557256,-50.63648,-6.7872963,1.0340387,-26.650002,-4.6958275,10.474626,-38.771458,-4.412716,1.0596334,-54.89336,-2.6588266,-2.1460655,-31.305986,-20.941578,15.902124,-5.270601,8.124244,2.0865493,-33.110573,-5.8708105,5.6881456,-52.13098,-1.1151096,-4.6422534,-26.62701
37.627678,-58.48906,-29.50656,27.938736,1.4787369,-11.342022,-7.1628647,6.996866,-24.021055,8.243733,-6.2523556,-5.4167333,4.088264,-0.020545635,-34.43395,-2.6885533,0.7657717,-42.93154,-1.4263697,2.6661565,-17.273237,-0.500453,5.374649,-40.827118,-1.3398027,0.55688083,-50.312416,-6.857526,1.0058312,-26.647346,-4.7078547,10.972172,-42.53517,-4.462506,1.0426629,-54.32757,-2.6163921,-2.2402866,-30.150179,-21.113094,16.074396,-5.3365893,8.114779,2.2690487,-35.476414,-5.886413,5.6488566,-50.205326,-1.0422013,-4.755559,-24.706724
39.15562,-61.032387,-30.76333,29.149837,2.2961297,-11.41118,-7.517227,7.3262467,-23.549265,8.768327,-6.5608068,-2.8937173,4.1793756,0.04349471,-33.17422,-2.775238,0.78559726,-37.966873,-1.531157,2.8019938,-13.320508,-0.5155389,5.7960987,-37.65599,-1.3540473,0.54436475,-43.060757,-6.52954,0.6213712,-19.93047,-4.89839,11.6823225,-38.97653,-4.529972,0.8751093,-46.195488,-2.2375765,-2.6740768,-23.275675,-21.95518,16.742498,-5.5410247,8.560457,3.184867,-32.558224,-5.8770514,5.4614778,-42.240765,-0.78501225,-5.1246467,-18.367521
37.263004,-59.16764,-28.23979,28.021221,2.2372012,-11.0215435,-7.27157,7.066046,-22.392115,8.568251,-6.3207364,-0.9372481,3.941302,0.79861474,-27.497532,-2.6994302,0.78164446,-33.923306,-1.5303378,2.7222269,-11.255608,-0.4873024,6.079383,-35.62934,-1.3288745,0.53773046,-41.46703,-6.3635387,0.7542842,-20.06187,-4.7080297,11.512265,-38.49733,-4.3272147,0.8450401,-43.921303,-2.1397913,-2.516786,-22.979614,-21.328636,16.157772,-5.348776,8.07381,2.9257212,-36.300064,-5.6926684,5.4229627,-43.717793,-0.84659195,-4.8478827,-20.056139
38.02805,-60.462776,-28.848385,28.760468,2.4053345,-11.198668,-7.454027,7.2366543,-22.146488,8.854567,-6.479315,0.5423599,3.9820974,0.82497823,-27.039925,-2.7449002,0.7937516,-31.140455,-1.5972037,2.7942634,-8.929037,-0.49946195,6.311069,-34.20698,-1.3339045,0.5302048,-37.627663,-6.1441956,0.5458881,-16.147728,-4.8113775,11.844878,-36.586887,-4.354932,0.7661349,-39.779533,-1.9173901,-2.755412,-19.227442,-21.812508,16.51127,-5.4532228,8.338471,3.4474826,-34.292675,-5.6385865,5.2967997,-38.84909,-0.66342556,-5.0588994,-16.010014
37.312946,-59.161728,-27.393694,28.363688,2.731438,-10.839584,-7.3337874,7.139428,-22.32373,8.583768,-6.3463383,-1.1597654,3.986707,1.3011272,-27.648533,-2.7214336,0.7883385,-31.961308,-1.5777863,2.7635195,-9.717034,-0.47418866,6.6156883,-34.763443,-1.3278143,0.5310768,-38.151806,-6.0998135,0.5689293,-16.480812,-4.7435694,11.931872,-36.44353,-4.311528,0.7747717,-40.121983,-1.8977323,-2.7352436,-19.233006,-21.432028,16.26494,-5.392897,8.328887,3.6734948,-31.846123,-5.5213675,5.1813545,-36.984177,-0.6190197,-5.0233316,-14.931267
37.027508,-58.44621,-26.480406,28.243387,2.6922925,-10.761348,-7.3127155,7.124239,-22.323387,8.519044,-6.333162,-1.70676,3.9936562,1.3236378,-27.67532,-2.7232058,0.7885842,-31.932398,-1.5811357,2.7736413,-9.431734,-0.4684414,6.6004205,-35.096035,-1.33198,0.53442854,-38.84896,-6.2044954,0.6082833,-17.441795,-4.75192,11.842564,-36.222473,-4.3353186,0.80255115,-41.65539,-2.0135648,-2.6832924,-20.561445,-21.28179,16.228374,-5.392433,8.378687,3.6787925,-30.340038,-5.5803857,5.2428756,-38.118946,-0.6952015,-4.992157,-16.244074
38.033234,-60.183125,-26.70756,29.29234,4.096715,-10.4363985,-7.5567746,7.3434815,-22.19282,8.935251,-6.542075,0.509218,4.1027594,1.2273594,-28.862267,-2.7801738,0.79849136,-30.141476,-1.6371956,2.847658,-7.7431827,-0.47613448,6.70414,-35.9292,-1.3435092,0.5306107,-36.19268,-6.1302233,0.47920167,-15.2091,-4.8588934,12.353084,-37.055737,-4.3947506,0.7422298,-39.21297,-1.8806521,-2.8596907,-18.393143,-21.943012,16.695082,-5.53194,8.610465,4.2753,-30.710936,-5.634196,5.2514467,-35.893105,-0.60744727,-5.1844544,-14.1815405
38.364388,-61.03136,-26.995195,29.629045,4.160333,-10.569043,-7.6507845,7.4226766,-22.10209,9.084293,-6.606797,1.1718898,4.1176243,1.4133396,-28.372017,-2.8001037,0.8023002,-29.613558,-1.6556194,2.8661492,-7.507633,-0.47322792,6.923427,-35.97713,-1.3456662,0.52872986,-35.668667,-6.1178303,0.47622222,-14.706311,-4.887199,12.626918,-37.56863,-4.4072638,0.73009324,-38.482586,-1.8288436,-2.8982658,-17.874304,-22.237999,16.86122,-5.578741,8.641193,4.4253397,-32.163006,-5.6360493,5.2710133,-35.42062,-0.5731675,-5.235806,-13.719853
37.703533,-60.28095,-26.140697,29.46809,5.2963905,-9.855381,-7.572813,7.345026,-21.680613,8.988961,-6.5238605,1.0753602,4.139063,1.7918458,-29.465069,-2.7827034,0.7980672,-29.274832,-1.6430931,2.8416407,-7.9994717,-0.45354256,7.135219,-37.073357,-1.3390007,0.52731293,-34.59291,-6.0289984,0.4592027,-14.463471,-4.8029056,12.882677,-38.54603,-4.350785,0.7138009,-37.457233,-1.796602,-2.8867545,-17.407715,-21.943419,16.63622,-5.5208073,8.510892,4.856438,-32.263615,-5.52745,5.156299,-33.455605,-0.53455585,-5.203927,-12.654855
38.527817,-62.434723,-24.975136,30.736998,5.7679462,-10.143193,-7.923163,7.6628633,-21.962904,9.469434,-6.7779007,2.2810664,4.2680273,1.7740108,-30.116589,-2.8670115,0.8070801,-29.09712,-1.6946241,2.921587,-7.7208333,-0.4637635,7.458192,-37.17399,-1.3543751,0.5251029,-32.48071,-6.05225,0.40975547,-12.747577,-4.9862127,13.570451,-38.23129,-4.4480195,0.6763421,-35.662086,-1.7254186,-3.030959,-16.339935,-22.862751,17.332443,-5.73395,8.959082,5.6872425,-30.927893,-5.6137075,5.247777,-31.28595,-0.46541482,-5.4379435,-11.224882
36.470825,-58.980896,-23.97439,29.034601,5.635389,-9.481247,-7.4629917,7.2299185,-21.194342,8.882561,-6.399502,1.2341096,4.0887365,1.9175174,-29.263474,-2.7502,0.79119104,-28.851652,-1.6290369,2.7931635,-8.372157,-0.44971994,7.1881256,-36.606926,-1.3250489,0.52479184,-32.76997,-5.866743,0.46378797,-13.746837,-4.720948,12.866247,-37.732315,-4.2461114,0.6876186,-35.665672,-1.7380165,-2.8457522,-16.863514,-21.550247,16.348486,-5.434587,8.428533,5.218903,-30.497208,-5.3621078,5.030343,-31.108334,-0.49175322,-5.1309485,-11.705294
38.99464,-62.648888,-26.772585,30.645056,6.0408716,-9.971937,-7.8479543,7.6099825,-22.140364,9.506271,-6.796177,3.490479,4.2501044,1.467874,-30.344215,-2.8538723,0.8119041,-28.27403,-1.7061157,2.930622,-6.556948,-0.46886128,7.006816,-38.98833,-1.356925,0.5266641,-34.47219,-6.1945276,0.47047043,-14.662523,-4.966501,13.127793,-40.698456,-4.4696665,0.7043049,-37.656124,-1.8153652,-2.9640539,-17.60051,-22.839958,17.261375,-5.706737,8.728408,4.8911195,-35.522175,-5.7397323,5.3877945,-35.8064,-0.5771613,-5.35255,-14.050891
40.56988,-64.78001,-28.433704,31.610144,5.686283,-10.553435,-8.073535,7.843931,-23.36548,9.695047,-6.9953,2.1718984,4.3935876,1.5434699,-31.90554,-2.922784,0.81894255,-31.4981,-1.7141441,2.996986,-8.310922,-0.46199545,7.1648054,-41.559128,-1.3823601,0.5350963,-39.36299,-6.6445246,0.621906,-18.06527,-5.119471,13.364145,-43.39089,-4.664573,0.7969769,-42.95809,-2.0595021,-2.9171636,-21.027409,-23.568016,17.843645,-5.8847675,8.968122,4.536463,-37.982967,-6.040161,5.709632,-40.980186,-0.7139795,-5.4508095,-17.339699
40.836002,-65.42939,-28.625904,31.976124,6.5993385,-10.221842,-8.132952,7.9040976,-23.518595,9.792248,-7.046191,2.4051542,4.470517,1.6547142,-33.437576,-2.939752,0.82101095,-32.175713,-1.7222497,3.0136597,-8.721043,-0.45897028,7.1923695,-43.24514,-1.3872843,0.53549665,-39.98686,-6.703206,0.6327004,-18.596981,-5.1391435,13.512722,-45.122276,-4.697893,0.80818975,-43.71084,-2.087708,-2.9227571,-21.539362,-23.756739,17.963556,-5.92481,9.010281,4.613109,-38.981613,-6.077814,5.749372,-41.420845,-0.7192699,-5.4881535,-17.490458
40.595993,-65.13219,-28.332325,31.820108,6.6055403,-10.159685,-8.117156,7.8790035,-23.355923,9.744245,-7.0187197,2.157889,4.4680824,1.9163153,-33.230743,-2.934621,0.8212217,-32.86678,-1.7184273,3.0102422,-9.194299,-0.44684866,7.3241777,-44.438046,-1.3897874,0.53880763,-42.51647,-6.8786983,0.7413977,-20.95011,-5.104115,13.590208,-46.81693,-4.7221847,0.8688731,-46.76181,-2.252843,-2.8045726,-24.089521,-23.66733,17.907902,-5.9071565,8.91179,4.5103407,-41.005787,-6.1481404,5.8626533,-44.727665,-0.8246268,-5.411531,-20.209597
40.644444,-64.91017,-28.18568,31.685158,5.861791,-10.512966,-8.098794,7.87872,-24.024733,9.534868,-6.98894,-0.5812902,4.4955244,2.5580225,-33.207783,-2.9413292,0.81983256,-34.79817,-1.7081406,3.024033,-10.337891,-0.41833657,7.852504,-44.93051,-1.397722,0.5453364,-45.641956,-7.092798,0.7985645,-23.085718,-5.1009083,13.911255,-47.173935,-4.7902303,0.94051766,-50.245953,-2.4409285,-2.7397492,-26.632433,-23.699265,17.92741,-5.9227724,9.00925,4.690056,-39.50926,-6.220158,5.9219294,-46.34043,-0.8912492,-5.4057965,-21.546959
37.789524,-61.550095,-24.097172,30.393063,6.818236,-9.457691,-7.7465067,7.535724,-22.765785,9.183867,-6.6712418,0.000174433,4.3295054,2.6568735,-32.260033,-2.8492155,0.80357903,-31.442385,-1.6797514,2.9147158,-9.191676,-0.42091238,7.8697124,-41.50921,-1.3588078,0.53312826,-37.311764,-6.3838396,0.57315886,-17.390419,-4.8712616,13.926617,-42.7954,-4.4888453,0.7942306,-41.420425,-2.0800135,-2.815461,-21.314405,-22.604033,17.099585,-5.672097,8.789055,5.947165,-32.630226,-5.6900625,5.3594093,-35.436832,-0.64278424,-5.300891,-15.0529
36.38301,-59.699814,-22.330183,29.53114,6.2737546,-9.354001,-7.5043607,7.313218,-22.812143,8.769759,-6.43379,-2.2890368,4.267753,2.9730897,-32.598087,-2.7922328,0.7889576,-33.86861,-1.6128592,2.8262448,-11.473372,-0.4000123,8.013102,-41.619965,-1.3448317,0.53808534,-39.198296,-6.400812,0.69764507,-19.173777,-4.723566,13.869569,-42.725464,-4.4021573,0.8478433,-43.094017,-2.1959715,-2.6353474,-23.305752,-21.967577,16.61971,-5.5273094,8.60621,6.190967,-30.877354,-5.53915,5.2606325,-35.461308,-0.6722834,-5.133854,-15.706232
37.80787,-62.252373,-22.976715,30.8299,6.9871373,-9.525075,-7.858254,7.64196,-23.010307,9.302503,-6.7451243,-0.30120373,4.3988028,2.9121947,-33.00036,-2.881487,0.80571175,-32.638268,-1.6912999,2.9443905,-9.8691435,-0.41054353,8.174969,-42.850853,-1.3680549,0.536744,-38.84317,-6.563548,0.647705,-18.827505,-4.9142075,14.368546,-44.19262,-4.55549,0.8341267,-43.305187,-2.2125735,-2.7715762,-23.267666,-22.91769,17.338236,-5.748462,8.936938,6.4684725,-32.691425,-5.7696185,5.469183,-36.7408,-0.69090575,-5.3454623,-16.335497
39.415146,-64.86013,-24.4709,32.000294,7.1407814,-9.915694,-8.122331,7.886422,-23.580404,9.660499,-6.950804,0.46687126,4.509181,2.6645348,-34.498997,-2.9414108,0.8141058,-33.62699,-1.7212069,3.0001879,-10.195862,-0.42076084,8.267742,-44.13018,-1.3820968,0.5372524,-39.368313,-6.653097,0.6454926,-18.350475,-5.0472803,14.787835,-45.590313,-4.652234,0.82785153,-43.260754,-2.144067,-2.884385,-22.512856,-23.773956,17.92824,-5.9104724,9.187057,6.6755404,-34.462086,-5.8679566,5.576711,-36.769897,-0.6268298,-5.5251274,-15.264157
39.61784,-64.38241,-26.04635,31.667091,6.858549,-10.002205,-8.08382,7.8395996,-22.819448,9.819963,-6.984262,3.6590962,4.3956223,1.5971997,-32.503826,-2.9182177,0.8183657,-29.536608,-1.741035,2.9936883,-7.1129937,-0.4715949,7.3753524,-40.620922,-1.371291,0.5263201,-33.949337,-6.2654448,0.43729544,-14.174792,-5.0698094,13.950655,-42.140846,-4.5598745,0.7052545,-37.526226,-1.8324071,-3.0501797,-17.694359,-23.621614,17.796936,-5.86356,9.069892,5.970228,-34.34284,-5.802225,5.4488983,-34.218468,-0.5382619,-5.5316253,-12.89991
39.330837,-63.93958,-25.364687,30.431135,2.1570323,-12.240434,-8.026802,7.7389393,-22.474607,9.713753,-6.941955,3.3696914,4.047962,0.0022355467,-25.930538,-2.8751545,0.8158993,-25.925613,-1.7351499,2.9458225,-5.634521,-0.5495687,6.954949,-28.937492,-1.3446844,0.51403314,-24.649876,-5.624838,0.104160585,-6.410134,-5.086941,13.732102,-29.990211,-4.369071,0.5070123,-27.010109,-1.4276696,-3.2665923,-11.122993,-23.406815,17.64743,-5.7900887,9.29502,7.2483697,-24.35228,-5.5307264,5.099501,-25.011925,-0.34884733,-5.5730934,-7.8678565
35.26919,-58.14378,-20.987371,27.12894,-3.2114704,-13.787359,-7.529826,7.1740694,-19.016523,8.969671,-6.4321733,3.6296782,3.4541292,-1.1709448,-16.027035,-2.6905537,0.79961395,-20.714638,-1.6738033,2.7727423,-2.2697225,-0.6048831,6.160398,-17.110064,-1.2938925,0.5041964,-19.244232,-5.0729084,-0.01643389,-3.1709666,-4.8234816,12.149232,-17.673666,-4.0289702,0.45134,-22.106503,-1.3542107,-3.0880713,-9.329719,-21.530027,16.330431,-5.356613,8.960873,7.0430765,-13.993843,-5.144122,4.7198315,-22.460896,-0.39314622,-5.1451716,-8.143272
32.974033,-54.5376,-18.1068,25.349138,-5.7115006,-14.362982,-7.274259,6.868576,-16.90961,8.496018,-6.1271915,2.8245578,3.2029006,-1.460315,-12.258428,-2.5951686,0.78892463,-19.344978,-1.6277386,2.6781921,-1.7360824,-0.61054695,6.1153626,-12.963611,-1.2708131,0.50349474,-18.146412,-4.9251757,-0.00857402,-3.3757038,-4.628565,11.824234,-13.434279,-3.871887,0.46966773,-21.680613,-1.4552101,-2.9148893,-10.426094,-20.432451,15.556121,-5.119672,8.723846,7.610415,-9.1038885,-4.9520745,4.547268,-21.810698,-0.46885118,-4.8922834,-9.186748
31.252874,-51.28111,-18.033262,23.573252,-7.115444,-14.36421,-6.8394637,6.4760838,-16.81251,7.7842712,-5.7678432,-0.5463208,3.0858555,-1.1586187,-11.802818,-2.4927578,0.76820767,-23.308832,-1.508698,2.5471098,-4.9957786,-0.58594054,6.038883,-12.6461,-1.2528703,0.5100908,-23.102953,-5.0250874,0.14097342,-7.240236,-4.393735,11.279271,-13.780845,-3.788551,0.5751578,-26.5506,-1.6722152,-2.6541417,-13.823125,-19.194723,14.666611,-4.8692145,8.232866,7.024097,-9.642083,-4.8559527,4.457053,-25.135843,-0.58522403,-4.599645,-11.862964
36.478794,-58.340916,-25.060074,27.224562,-3.4780748,-13.837534,-7.371939,7.097794,-21.843185,8.466655,-6.340232,-2.468279,3.6776376,0.5450882,-19.85738,-2.6917062,0.7863306,-35.38797,-1.5249755,2.7293537,-11.0042515,-0.5104479,6.4670024,-29.836946,-1.3375736,0.5487579,-47.137352,-6.839465,0.9817377,-24.657827,-4.7423115,11.812667,-33.93768,-4.4435506,1.021493,-51.976818,-2.6820714,-2.205493,-30.443796,-21.483315,16.321613,-5.369889,8.323005,3.6694827,-33.011436,-5.977965,5.8126426,-53.04116,-1.2074132,-4.6814003,-28.906622
36.800747,-58.178272,-26.922918,27.326284,-1.1215248,-12.592654,-7.1781254,6.974799,-23.753412,8.144554,-6.199848,-5.610947,3.8962004,1.2928936,-26.311443,-2.6787398,0.7714594,-42.922955,-1.4249439,2.6533113,-16.798248,-0.44731778,6.502215,-39.105343,-1.3477596,0.5680999,-57.548115,-7.4490137,1.4529467,-33.247463,-4.6341143,11.70126,-44.01929,-4.524078,1.2160195,-62.301044,-3.0824413,-1.8460255,-37.696564,-21.21249,16.126236,-5.329436,7.898077,2.3597565,-42.088818,-6.1545725,6.1374626,-62.30137,-1.445493,-4.47616,-34.898216
34.554623,-54.575012,-26.043423,26.101257,2.393036,-10.081141,-6.667445,6.503784,-22.645815,7.7012177,-5.787048,-4.432439,3.876485,1.1557125,-30.851727,-2.5576155,0.74932903,-41.95725,-1.3472867,2.4868898,-17.768442,-0.43864918,5.7564745,-41.670692,-1.3071363,0.55988854,-52.719074,-6.8385754,1.3727324,-30.5645,-4.3308487,10.823491,-45.694912,-4.199055,1.1123718,-56.651894,-2.7234068,-1.8244554,-33.36505,-19.678804,14.97682,-4.9979334,7.243658,1.9022791,-42.35401,-5.64726,5.649487,-55.32354,-1.2330366,-4.2534523,-29.588419
37.093155,-58.649044,-27.99887,28.273369,3.7857878,-10.212579,-7.3032255,7.065402,-21.086298,8.745767,-6.3311405,1.6725465,3.9747696,0.7153131,-28.833492,-2.695725,0.7836473,-31.19358,-1.5534056,2.7231548,-9.488949,-0.48917386,6.0550776,-36.68478,-1.322969,0.53296596,-37.81079,-6.109235,0.62867415,-17.61651,-4.656781,11.72373,-39.362938,-4.258043,0.7763314,-40.674786,-1.9626861,-2.6207197,-20.343525,-21.216833,16.063866,-5.320923,7.980137,3.4982152,-36.80169,-5.5580053,5.263341,-40.096775,-0.72741055,-4.8924775,-17.378454
37.928463,-60.284996,-28.21541,28.974436,4.0254827,-10.4130945,-7.488502,7.236587,-21.085373,9.005784,-6.463067,2.5541162,4.0118656,0.98099995,-28.149277,-2.739275,0.7931575,-28.95105,-1.6116303,2.7802196,-7.7881866,-0.48248053,6.4938793,-35.941654,-1.3254054,0.5253559,-34.592304,-5.928318,0.49982095,-14.231671,-4.7433305,12.260488,-38.61271,-4.273527,0.7108332,-36.6701,-1.7259232,-2.8196719,-16.890974,-21.874409,16.443647,-5.428041,8.207734,4.0661345,-35.8803,-5.474245,5.1614685,-35.3279,-0.5373826,-5.0852065,-13.095607
41.400482,-65.40596,-30.334644,31.171429,1.8273523,-12.507506,-8.125981,7.8832316,-23.597591,9.570157,-7.026221,0.3440016,4.2362084,1.2875904,-26.887104,-2.9273174,0.82234204,-31.054472,-1.7151649,3.0138137,-7.4882283,-0.47861877,7.3713317,-35.991405,-1.3841896,0.5360382,-39.82862,-6.6415253,0.5724963,-16.704454,-5.1977205,13.220978,-38.238644,-4.7021637,0.79286814,-42.600822,-2.0160704,-2.9814515,-20.124723,-23.724268,18.007313,-5.9135604,9.116095,4.2112923,-35.59931,-6.0854297,5.7184644,-40.9882,-0.68970776,-5.489207,-16.905342
42.973602,-67.69045,-31.261234,32.435764,2.6964912,-12.559551,-8.404581,8.143759,-23.95396,9.969425,-7.258024,1.4808984,4.364363,1.2643188,-28.191498,-2.9981782,0.82837844,-29.832369,-1.748645,3.0768716,-7.0492163,-0.4789756,7.806748,-35.806583,-1.3939466,0.5308266,-35.146637,-6.4445305,0.39803016,-12.717341,-5.3222117,14.146325,-37.88854,-4.73402,0.6714835,-36.992863,-1.7094822,-3.2579203,-15.448775,-24.596375,18.590298,-6.0875597,9.391377,5.3201337,-35.247074,-6.0504265,5.625944,-35.145657,-0.49378586,-5.7596626,-12.173115
39.875797,-63.739986,-27.527267,30.187393,1.2122219,-12.544188,-8.040538,7.744321,-21.649078,9.6297,-6.936432,3.3272295,4.0176964,0.4796146,-23.447117,-2.8748217,0.8192489,-24.646322,-1.7289846,2.9610767,-4.816146,-0.51714814,7.2712555,-28.702192,-1.3518419,0.51631755,-27.136768,-5.796343,0.16383445,-8.346383,-5.0845475,13.601888,-30.522165,-4.4199815,0.5282563,-28.978722,-1.4670359,-3.245662,-11.515826,-23.19441,17.61264,-5.7840905,9.042613,6.2894216,-29.290125,-5.6696124,5.211068,-29.233173,-0.42234594,-5.519896,-10.068174
35.470192,-58.702854,-21.018618,28.125673,1.9161215,-11.3006935,-7.5620275,7.2516565,-19.269098,9.160337,-6.4928403,4.9516764,3.7410028,1.0207697,-19.864262,-2.7377586,0.80600303,-20.096409,-1.7176147,2.830531,-2.6906283,-0.51571625,7.1908007,-26.10466,-1.3065768,0.50682175,-22.1751,-5.351672,0.13772103,-7.0454783,-4.763939,13.111644,-27.578308,-4.093611,0.48593926,-25.112135,-1.4454193,-3.0394876,-11.4635315,-21.598797,16.415834,-5.4236817,8.587326,7.097039,-24.965761,-5.242707,4.873583,-25.593664,-0.44286698,-5.157058,-10.472295
35.453075,-59.943047,-19.100988,28.678186,1.2744524,-11.892453,-7.774983,7.4236374,-19.17675,9.394341,-6.623904,5.1221395,3.7820246,1.4048252,-18.721073,-2.7776046,0.8075636,-21.598846,-1.7235837,2.8598325,-3.7415476,-0.5149861,7.6984286,-26.427038,-1.3176074,0.51357025,-24.386265,-5.687439,0.28724164,-9.489793,-4.833702,13.800093,-28.449968,-4.185866,0.5498073,-28.013744,-1.707712,-2.9251583,-15.287583,-22.109165,16.80732,-5.536349,8.797147,8.024832,-25.553028,-5.412918,5.12005,-28.889244,-0.6041018,-5.1746073,-14.426149
37.355534,-62.32404,-21.875399,29.811886,2.1930463,-11.89008,-7.9574327,7.645138,-20.892828,9.6655655,-6.862109,4.5809093,3.9563854,1.3116422,-21.52547,-2.8500357,0.818122,-23.459387,-1.7555566,2.9440336,-4.576284,-0.51886904,7.5647907,-29.600636,-1.3421277,0.5192428,-27.399406,-6.0011997,0.34283587,-11.449204,-5.001258,13.860845,-31.363934,-4.35755,0.5830301,-31.115252,-1.8316839,-2.9624746,-16.925003,-22.88316,17.394442,-5.717873,9.004615,7.3146954,-28.684572,-5.6954217,5.380756,-32.643196,-0.6895831,-5.3071156,-16.698666
38.782978,-63.92184,-23.353268,31.15498,4.8923435,-10.870503,-8.132143,7.8812065,-22.048016,10.026816,-7.087659,5.8991838,4.1901736,1.7300639,-24.858372,-2.928882,0.8314597,-22.871672,-1.8283597,3.0564258,-2.7845798,-0.4968124,7.6256824,-33.478283,-1.3623033,0.51619065,-27.68691,-5.9878597,0.22499114,-10.07799,-5.1548853,13.929144,-34.735226,-4.4919505,0.55655456,-30.867758,-1.6674919,-3.194059,-14.653991,-23.490728,17.868946,-5.8921785,9.191332,6.6541085,-31.126616,-5.794529,5.409145,-31.442005,-0.5438021,-5.5557256,-13.587008
40.840137,-66.545815,-25.47891,32.49816,5.1149983,-11.277665,-8.429937,8.193677,-23.564363,10.265217,-7.346429,4.2341185,4.413518,1.7542754,-27.92289,-3.023164,0.8391804,-26.471926,-1.843904,3.1540053,-4.305713,-0.48252153,7.875625,-36.978973,-1.3966867,0.52593505,-32.599068,-6.4668007,0.3410107,-13.10093,-5.352753,14.389616,-38.132233,-4.7407775,0.64481616,-36.335274,-1.881022,-3.225683,-17.35165,-24.399855,18.622303,-6.13059,9.555112,6.3650627,-33.022533,-6.1359406,5.7221437,-35.695763,-0.6354759,-5.7494884,-15.446613
40.264923,-64.736496,-25.91397,31.75327,4.1989894,-11.411266,-8.218621,7.9937406,-23.843187,9.676839,-7.092043,-0.31646186,4.420906,2.321999,-29.731861,-2.9735224,0.82251155,-31.845926,-1.7411139,3.0672371,-8.243023,-0.440901,8.145213,-39.489132,-1.3960428,0.5377435,-39.397415,-6.82053,0.5961808,-18.314386,-5.215677,14.257957,-40.667564,-4.770219,0.8206346,-44.11734,-2.2512603,-2.9319713,-22.776884,-23.847172,18.21091,-6.0047574,9.381535,5.715922,-32.53461,-6.151401,5.7817984,-39.950363,-0.77763486,-5.557198,-18.175718
36.08683,-58.39403,-22.708326,28.733366,3.8518014,-10.358414,-7.46501,7.25555,-21.872093,8.751874,-6.430553,-0.9026519,4.077182,2.3623142,-27.591564,-2.7686548,0.79519767,-30.554575,-1.6349941,2.8382604,-8.507346,-0.43000114,7.487782,-37.78934,-1.3429613,0.53517973,-38.883854,-6.4358826,0.6853423,-19.511055,-4.7605944,12.947626,-39.16679,-4.403599,0.85034585,-43.855064,-2.2839131,-2.5815172,-24.007793,-21.633238,16.499186,-5.481637,8.523597,5.0973015,-30.6939,-5.693412,5.410054,-39.77273,-0.83408785,-5.0112023,-19.242723
35.581352,-57.97531,-21.884743,28.415264,3.0743163,-10.670908,-7.4899755,7.250459,-21.000036,8.826852,-6.432583,0.4065447,3.993879,2.2873719,-25.189842,-2.7637804,0.79959035,-29.12597,-1.6581103,2.8477507,-7.2038875,-0.43329945,7.3713536,-37.018345,-1.344085,0.535741,-39.937,-6.5295,0.75117373,-20.817636,-4.7531977,12.726481,-39.17093,-4.4166617,0.89093757,-45.747025,-2.4101593,-2.4827101,-25.918,-21.535975,16.439016,-5.463665,8.431448,4.8214626,-32.49085,-5.779191,5.5415697,-43.40013,-0.94734704,-4.9261756,-22.375566
36.887108,-60.17617,-23.422709,29.096922,1.9488041,-11.613909,-7.6108,7.367369,-22.19664,9.015264,-6.5561585,0.36559865,4.007293,1.7411857,-25.170765,-2.7852871,0.7974723,-31.719961,-1.6214988,2.8306954,-9.309387,-0.46520165,7.216749,-35.854717,-1.3489199,0.5404818,-40.679714,-6.6675634,0.84364194,-21.409157,-4.8446655,12.889621,-38.73489,-4.4460535,0.87550724,-45.359344,-2.4027574,-2.4748278,-26.277191,-22.21899,16.874514,-5.558045,8.58102,4.8880043,-34.111217,-5.8855567,5.6960654,-45.303226,-0.99288344,-4.9667115,-23.688337
37.965218,-63.32747,-21.44068,30.42487,0.0007688999,-13.270774,-8.159348,7.8271785,-21.68485,9.657022,-6.9396853,1.4318916,4.063894,1.0901375,-23.366756,-2.8928928,0.8087683,-31.212858,-1.6701188,2.9370978,-9.203795,-0.5109775,7.7344456,-31.290956,-1.3670977,0.53506786,-35.43357,-6.673066,0.6659751,-17.708633,-5.1059217,14.175869,-33.47002,-4.5656095,0.7667742,-40.318825,-2.3282218,-2.718136,-24.059784,-23.486141,17.880196,-5.849057,9.341941,7.207189,-27.91402,-6.007726,5.7462173,-39.984524,-0.92117286,-5.3115425,-21.60179
36.209183,-61.043854,-18.793663,29.314644,-0.76697385,-13.239058,-7.967754,7.616554,-20.548365,9.400852,-6.7407527,1.6014276,3.9081674,1.158082,-20.791336,-2.8307972,0.80257297,-29.501158,-1.6498158,2.8711996,-8.486353,-0.5114454,7.8148017,-28.399868,-1.3467237,0.5310943,-32.840614,-6.424386,0.62255347,-16.191257,-4.9606853,14.140584,-30.61269,-4.41934,0.7377038,-37.720394,-2.254381,-2.6725738,-23.029125,-22.784754,17.346167,-5.693123,9.172168,8.00125,-24.759289,-5.781424,5.5347977,-36.91345,-0.88334906,-5.184217,-20.54234
33.217213,-57.137596,-14.913071,27.045319,-3.6208901,-13.903009,-7.546526,7.191087,-19.064137,8.835405,-6.355791,1.0359746,3.5609667,1.1047636,-14.806936,-2.699508,0.7862147,-27.179432,-1.5993807,2.7283497,-7.4942956,-0.5287857,7.7653074,-20.402761,-1.3011572,0.52247435,-27.495401,-5.818243,0.47156632,-11.761979,-4.725171,13.558266,-22.516054,-4.120723,0.66003555,-31.370441,-2.0103998,-2.6433995,-19.579895,-21.466982,16.333664,-5.3828435,8.8922415,8.811116,-17.240368,-5.305124,5.0836725,-29.688593,-0.7482616,-4.9573607,-16.962091
36.023823,-59.256836,-21.984705,28.319185,-0.64717,-12.768034,-7.573786,7.32483,-21.755938,9.016399,-6.58952,1.1000831,3.8056796,-0.27373978,-22.590939,-2.7646441,0.802961,-28.022205,-1.672545,2.8570457,-5.6267743,-0.5869118,5.9624414,-25.701262,-1.3309515,0.5225523,-29.874313,-5.836936,0.25234133,-11.029678,-4.966063,11.8109865,-25.415827,-4.3217163,0.66837955,-34.23401,-1.9292188,-2.8820484,-17.753107,-21.976446,16.696955,-5.5179443,9.123402,5.6454625,-18.036577,-5.5860248,5.1761045,-32.42815,-0.6801088,-5.171313,-15.189232
34.93915,-55.22042,-25.994368,26.156658,0.11250563,-11.395737,-6.780154,6.6435413,-22.998573,7.870825,-5.992375,-4.427774,3.767321,0.11636895,-27.896358,-2.595015,0.76677096,-36.705036,-1.4639707,2.6201906,-12.650049,-0.521079,5.198752,-33.172596,-1.308282,0.5425905,-43.265114,-6.258273,0.7493543,-21.261517,-4.5548563,10.256508,-34.40168,-4.2191086,0.9332286,-47.108925,-2.3785815,-2.2940502,-25.99313,-20.098097,15.271561,-5.091322,7.971369,2.5208263,-27.719784,-5.5406265,5.266379,-43.963844,-0.9511155,-4.583694,-21.6797
34.270718,-53.83515,-26.331572,25.585228,1.0498567,-10.624766,-6.5870547,6.4497347,-22.660143,7.538089,-5.7764397,-5.812257,3.7930987,0.6702727,-30.11681,-2.545549,0.7556777,-39.633305,-1.3929932,2.5343604,-15.552629,-0.47762865,5.330688,-37.750282,-1.3021933,0.55058193,-48.59897,-6.5189104,1.0203575,-26.284012,-4.373704,10.239566,-39.854195,-4.189482,1.0546497,-52.90211,-2.6244817,-2.0147052,-30.290281,-19.480207,14.821485,-4.9569297,7.515483,2.0974967,-33.168724,-5.5353427,5.358281,-49.054848,-1.0885637,-4.3585095,-25.2334
36.475494,-57.509182,-27.35986,27.755894,3.2576175,-10.282585,-7.1423874,6.9298944,-22.235386,8.262014,-6.159912,-3.333744,4.0739636,1.4159701,-32.619865,-2.6753025,0.77476895,-39.355843,-1.4711648,2.671002,-15.130379,-0.44027224,6.2460628,-43.489162,-1.337573,0.5540706,-50.909367,-6.9436617,1.1383226,-28.5794,-4.563117,11.659292,-46.807423,-4.417389,1.1004615,-56.27637,-2.7506702,-2.0833476,-32.37907,-20.846165,15.843892,-5.2664905,7.7879195,2.7703142,-40.54975,-5.8565955,5.728617,-52.902866,-1.1431977,-4.6112647,-27.077377
35.686687,-56.535328,-26.421926,27.091991,2.5775003,-10.437499,-7.0071583,6.8035436,-22.128078,8.130395,-6.0564265,-3.0368462,3.9528103,1.4961545,-29.751335,-2.637876,0.7711829,-38.527172,-1.4533708,2.6238327,-14.756292,-0.43964142,6.2844467,-41.110115,-1.326457,0.55297476,-50.217472,-6.864275,1.1870834,-28.360245,-4.4859357,11.565404,-45.090595,-4.3313303,1.0817316,-54.977287,-2.706674,-2.0250125,-31.958769,-20.51954,15.590085,-5.182856,7.6341677,2.746283,-40.80071,-5.7796073,5.692508,-53.116196,-1.176155,-4.4964366,-27.97119
37.915844,-61.06821,-25.880238,29.72164,4.873562,-10.254155,-7.6193304,7.3740554,-22.849895,9.015296,-6.534056,-0.21828163,4.2538104,2.0304267,-32.22599,-2.7953281,0.79234993,-38.685463,-1.5493839,2.7791522,-14.403441,-0.42487437,7.1412573,-45.329105,-1.3622506,0.55345464,-50.23436,-7.147562,1.2466533,-28.290348,-4.7575855,13.123256,-49.811752,-4.5518703,1.0690084,-55.28485,-2.6773026,-2.2086737,-31.942696,-22.198505,16.869402,-5.56993,8.186673,3.9869823,-44.9595,-6.0291305,5.996147,-53.403873,-1.1245892,-4.870723,-27.795689
39.900368,-64.345024,-26.858223,31.495573,5.632704,-10.553362,-8.045347,7.7795453,-23.683414,9.566327,-6.889965,0.72143394,4.460664,1.8226409,-34.88409,-2.9061413,0.80815893,-39.55591,-1.6214632,2.9100306,-14.116263,-0.43722466,7.3009863,-47.99766,-1.3912544,0.5547076,-51.208935,-7.3765154,1.207925,-28.3354,-4.999021,13.747231,-52.11263,-4.760033,1.0786536,-56.746716,-2.7081907,-2.3723853,-32.219746,-23.404387,17.788193,-5.849369,8.67432,4.428492,-45.879257,-6.278079,6.2130847,-54.275192,-1.0962507,-5.1657834,-27.504221
38.076435,-61.016117,-26.470716,29.742893,4.389085,-10.509264,-7.6655107,7.4179125,-22.509613,9.162776,-6.6315875,1.3311458,4.202463,0.898084,-32.17809,-2.8006601,0.8019353,-35.42252,-1.61518,2.8435194,-10.953709,-0.48085466,6.372571,-43.149754,-1.362386,0.5456852,-46.28231,-6.87809,0.94114536,-24.509556,-4.8413396,12.533469,-46.1209,-4.5575294,0.9866853,-51.74162,-2.5107625,-2.428619,-28.631016,-22.27857,16.91213,-5.5859537,8.411683,4.1261096,-39.81871,-6.0206017,5.84788,-49.992073,-1.0191184,-4.9917645,-24.737946
36.414627,-57.873734,-26.52598,27.591274,0.4530884,-11.8107605,-7.2414403,7.0360174,-22.156673,8.599943,-6.3767385,-0.111361176,3.8311038,-0.92340237,-27.218372,-2.6889782,0.790525,-32.03717,-1.581781,2.7642233,-8.214324,-0.5752568,4.9530168,-31.700535,-1.3288069,0.5350126,-38.125042,-6.1394625,0.48997438,-16.940804,-4.7880635,10.678756,-32.10866,-4.328274,0.8141655,-42.35385,-2.156467,-2.6260517,-21.853952,-21.179071,16.05809,-5.3279543,8.4643135,3.6104221,-25.863258,-5.6931715,5.3119493,-41.30916,-0.85434496,-4.8945594,-19.249529
39.033546,-62.732292,-26.33967,29.46644,-3.561628,-14.853891,-7.8418536,7.659763,-24.999819,9.22731,-6.94448,-1.899974,3.9045465,-1.5849217,-23.019585,-2.8568335,0.81184417,-33.342533,-1.6813455,2.9726245,-7.1382537,-0.6461512,5.1340666,-24.237186,-1.368325,0.5345046,-36.36594,-6.3621674,0.2975413,-13.488238,-5.3275576,10.983616,-22.920103,-4.6322083,0.7484921,-39.933254,-2.1338017,-2.9801772,-20.212593,-23.185661,17.612507,-5.796268,9.755506,3.9939108,-15.988487,-6.0840397,5.5932083,-39.406868,-0.8371476,-5.384136,-18.505993
36.755043,-60.46616,-21.866264,28.130173,-5.342242,-15.303236,-7.630632,7.410502,-23.272923,8.932003,-6.690719,-1.9059535,3.6531885,-0.99048823,-17.61597,-2.7677658,0.7969812,-30.443604,-1.6309116,2.8539176,-7.517804,-0.6295877,6.164631,-17.146658,-1.3276784,0.52062464,-28.087255,-5.787959,0.130716,-8.668528,-5.1090283,11.93164,-16.476969,-4.3398647,0.58372915,-30.6163,-1.8174077,-3.0283318,-15.706984,-22.467224,17.076454,-5.600118,9.574618,6.204647,-10.923774,-5.6057897,5.127217,-29.22657,-0.6409074,-5.286455,-13.970709
32.588604,-54.339344,-17.419472,24.84764,-8.401174,-15.619936,-7.211533,6.841413,-17.672441,8.193789,-6.068041,-1.0653532,3.2006853,-0.17557718,-9.762985,-2.5796795,0.77317905,-25.938078,-1.5298879,2.6250465,-7.2384415,-0.5698618,7.1798387,-12.094409,-1.2702243,0.5153419,-24.83959,-5.375601,0.22294965,-8.580596,-4.572912,12.513173,-13.981256,-3.9484403,0.5749662,-27.272648,-1.7982705,-2.705942,-15.875097,-20.344173,15.500113,-5.1130514,8.580667,8.164716,-11.815065,-5.0621943,4.6986923,-25.936728,-0.6436454,-4.7891107,-13.954086
34.115467,-56.23925,-20.270227,25.683182,-8.029656,-15.746433,-7.1929183,6.918559,-21.465372,8.06458,-6.1432047,-5.45022,3.4319973,0.8339287,-13.754782,-2.629624,0.76779056,-38.09631,-1.4323891,2.6181996,-14.663236,-0.52129805,7.2195396,-21.124584,-1.311292,0.54658115,-44.104263,-6.61333,0.960437,-23.201664,-4.638321,12.364732,-25.740252,-4.280675,0.95260584,-47.57974,-2.6332355,-2.148421,-29.841593,-20.836042,15.920049,-5.2522326,8.380304,5.677744,-25.577412,-5.709654,5.5636835,-47.3234,-1.1779366,-4.5787077,-28.341537
39.542797,-63.650093,-26.570986,29.171385,-7.1982374,-16.759499,-7.8018126,7.6170487,-27.69522,8.602211,-6.727806,-10.866895,4.016884,0.81614226,-23.298431,-2.8443902,0.7774252,-52.85555,-1.3996061,2.7737765,-23.131443,-0.5013308,7.2867036,-32.875683,-1.3914139,0.5802637,-62.563282,-8.082508,1.5921957,-35.323734,-5.1330714,12.824018,-37.55557,-4.88985,1.2683558,-66.32197,-3.3386354,-1.947077,-41.40813,-23.399536,17.818094,-5.830882,9.128439,3.387085,-35.927,-6.6401668,6.626468,-65.22058,-1.5693755,-4.8809896,-38.377464
36.93995,-58.391,-26.545803,27.426472,-2.3677206,-13.328702,-7.333732,7.080533,-22.88432,8.392563,-6.322995,-3.784596,3.8167899,0.017488142,-25.11813,-2.6926496,0.77422744,-40.839443,-1.4488909,2.6850395,-15.054752,-0.51089734,5.9393964,-35.024025,-1.3454244,0.5590769,-52.342674,-7.145048,1.1873429,-28.852304,-4.7299476,11.51581,-38.894863,-4.508186,1.1087633,-57.334305,-2.8697839,-2.0607166,-33.91739,-21.430723,16.29155,-5.374163,8.172263,2.966838,-36.725906,-6.104473,5.9821243,-57.72327,-1.3187033,-4.6219497,-31.606878
37.039223,-57.995907,-28.477444,27.84555,2.7431648,-10.603695,-7.1495967,6.96549,-22.96445,8.383478,-6.247658,-2.2535033,4.030017,0.41346473,-32.088234,-2.6782832,0.77780026,-38.500137,-1.4937644,2.6958022,-13.386712,-0.4848384,5.479685,-41.830154,-1.3386874,0.55336535,-49.9092,-6.8517494,1.0350702,-26.796291,-4.6497393,10.957675,-44.385582,-4.4330173,1.0497794,-54.64362,-2.6212082,-2.204765,-30.37694,-21.000536,15.959885,-5.2969785,7.9083843,2.1636224,-39.260307,-5.9097056,5.7259235,-52.799908,-1.1068586,-4.670255,-26.498316
36.977707,-58.171913,-28.4242,27.848614,3.1382654,-10.404997,-7.1624427,6.969396,-22.418644,8.487505,-6.2654595,-0.7597357,3.9800434,0.26171556,-30.523788,-2.6768599,0.77816737,-34.86016,-1.5128473,2.6982424,-11.549449,-0.50217366,5.514731,-38.06632,-1.3268895,0.5414163,-42.396503,-6.368433,0.7672113,-20.880045,-4.656412,11.087277,-40.14828,-4.311653,0.87296236,-45.766228,-2.2096374,-2.4626665,-23.981174,-20.956274,15.923249,-5.285891,7.96337,2.7725735,-36.073536,-5.6835337,5.4101396,-44.569733,-0.87857497,-4.7879696,-20.62534
38.70646,-61.370026,-28.862045,28.949574,1.059864,-12.064615,-7.5761337,7.3438425,-22.830774,8.961454,-6.5953,-0.28880185,3.9894185,0.26076403,-26.60292,-2.7669473,0.7888892,-34.56497,-1.545274,2.7885609,-11.433555,-0.5172796,6.2817197,-33.772324,-1.34535,0.5393818,-40.41262,-6.473687,0.6888867,-18.965214,-4.8711095,12.201421,-36.535336,-4.433135,0.7833592,-42.62118,-2.0997467,-2.6739159,-22.022535,-22.16941,16.821354,-5.5400343,8.431092,3.8921366,-35.56195,-5.860013,5.536224,-43.15968,-0.8484374,-5.0493913,-20.358112
41.476387,-66.789925,-27.709326,31.227543,-3.0973654,-15.302934,-8.417345,8.116215,-23.71824,9.815523,-7.2358418,-0.5330009,4.108945,0.08643154,-22.287426,-2.9571643,0.81773186,-35.15086,-1.6592464,3.0159225,-10.352668,-0.55109614,7.4389224,-28.167421,-1.391547,0.53888476,-39.35233,-6.839903,0.5514403,-16.84383,-5.3605537,13.861117,-30.680956,-4.784511,0.75398374,-41.792377,-2.1756036,-2.992664,-21.891237,-24.47035,18.60113,-6.064538,9.6831875,6.0175433,-29.082228,-6.2805624,5.8728743,-41.846844,-0.8357878,-5.587899,-20.315907
38.74292,-63.062332,-24.566444,29.065056,-6.4583564,-16.293518,-8.047833,7.7218947,-22.922815,9.159172,-6.8327627,-3.3661594,3.8519964,0.24527332,-18.688408,-2.8381665,0.7915293,-40.508854,-1.5135571,2.8272665,-15.298815,-0.54026204,7.4559307,-25.76414,-1.3668776,0.5492376,-45.530613,-7.064582,0.93070996,-22.946499,-5.1090345,13.428193,-29.990477,-4.6512775,0.90917885,-48.248566,-2.5622191,-2.4956772,-28.822407,-23.25881,17.727259,-5.795053,9.189394,5.7263556,-30.041973,-6.206716,5.986613,-48.886665,-1.116925,-5.135996,-27.250078
36.819168,-61.009624,-21.203823,28.219696,-6.392428,-15.929732,-7.76438,7.4721217,-24.00391,8.65282,-6.525516,-7.1857123,3.8810232,1.654265,-20.354153,-2.7818456,0.7697179,-49.33443,-1.3880157,2.6858013,-22.113869,-0.4615391,7.90961,-32.603992,-1.3663731,0.57406604,-59.469025,-7.8915634,1.6793773,-35.3871,-4.9003654,13.458588,-38.972702,-4.6935024,1.2437623,-63.599014,-3.3317533,-1.7710125,-42.03212,-22.657156,17.27104,-5.6617374,8.720643,4.86262,-37.93528,-6.3903956,6.5051184,-63.586266,-1.5853984,-4.676961,-39.267307
37.017624,-61.22095,-21.298597,28.312056,-7.135569,-16.36649,-7.6986165,7.4519777,-26.015265,8.418636,-6.466015,-10.888863,3.9864576,1.6155772,-23.816578,-2.7821374,0.7563007,-57.659695,-1.2940474,2.625032,-27.822855,-0.44134393,7.745667,-37.088314,-1.3782203,0.5926316,-69.27538,-8.497434,2.1177576,-43.060646,-4.909222,13.230226,-43.964725,-4.8222785,1.4572608,-74.24378,-3.8047237,-1.4030814,-50.00552,-22.775686,17.361961,-5.689452,8.695096,3.8502479,-41.49593,-6.6327705,6.9044633,-73.12266,-1.8600761,-4.5188036,-46.021336
35.377888,-58.70419,-19.810843,27.82615,-3.2339566,-13.945167,-7.5154667,7.20259,-22.768446,8.534769,-6.29491,-4.633411,3.8875299,1.8469526,-23.999657,-2.7159505,0.7664393,-48.47068,-1.3955989,2.6255388,-20.577608,-0.4230154,7.230723,-41.202488,-1.3604026,0.58431447,-66.06617,-8.185792,2.0390615,-41.847878,-4.6725426,12.742918,-48.74204,-4.6587234,1.4669421,-73.25601,-3.7475767,-1.3219377,-49.159252,-21.89449,16.6257,-5.4617147,8.0946,3.570053,-46.088844,-6.4565153,6.79352,-74.30156,-1.8589882,-4.302674,-45.93895
35.75267,-60.346115,-18.47054,29.258738,0.3036708,-12.554418,-7.870377,7.4758644,-20.499311,9.23116,-6.5467567,1.022899,4.02429,2.4847982,-25.225033,-2.788382,0.79145825,-40.880157,-1.5601056,2.7756991,-14.107813,-0.40358424,7.725988,-44.7144,-1.3728681,0.5721907,-60.89196,-7.997469,1.7864937,-38.23372,-4.729376,13.710211,-52.62048,-4.718811,1.4212573,-70.18266,-3.6275265,-1.5442252,-46.54509,-22.558504,17.063356,-5.5927596,8.25685,4.872813,-47.871265,-6.4579678,6.750551,-70.796555,-1.7129191,-4.5356874,-42.5947
35.935,-59.72299,-20.44454,28.787687,0.6540489,-12.150376,-7.653258,7.3097367,-21.424099,8.89187,-6.399975,-1.2484952,4.065856,2.7661598,-27.504112,-2.754798,0.7840961,-44.458664,-1.5004649,2.715511,-17.139437,-0.37135166,7.7108073,-48.046364,-1.3711245,0.5806123,-66.28311,-8.217948,1.9971764,-42.31719,-4.6246066,13.47027,-56.51297,-4.7172914,1.5070071,-74.95009,-3.7698054,-1.3679042,-49.353954,-22.104874,16.762594,-5.507344,7.9124556,3.9463181,-52.649296,-6.477742,6.8276367,-74.93927,-1.7939212,-4.3892,-45.1579
36.311153,-59.212013,-22.780422,28.41414,1.0407429,-11.792281,-7.4505253,7.1682086,-22.69715,8.572076,-6.288998,-3.696622,4.1143174,2.898808,-29.700245,-2.7279398,0.77544296,-47.509148,-1.4390765,2.6630366,-19.817099,-0.35925907,7.6849637,-49.03028,-1.3663343,0.58401364,-68.13281,-8.189936,2.0238173,-42.98633,-4.5572877,13.303937,-57.412724,-4.6838155,1.5066582,-75.51396,-3.693522,-1.3715581,-48.574043,-21.758558,16.522268,-5.4436417,7.720092,3.3953118,-53.89133,-6.400863,6.7231765,-74.18732,-1.7386346,-4.3547935,-43.871597
36.397995,-59.291016,-23.162748,28.461775,1.3923378,-11.616949,-7.444318,7.174089,-22.750113,8.603771,-6.3059697,-3.4249501,4.1359534,2.775434,-30.176163,-2.7278879,0.7726447,-46.79284,-1.4393451,2.663128,-19.498165,-0.3707945,7.660613,-47.51107,-1.3603832,0.5787739,-64.53653,-7.9173346,1.843125,-39.677643,-4.5747766,13.333634,-55.346603,-4.638202,1.4186554,-71.18409,-3.4667227,-1.5390999,-44.991795,-21.767746,16.519758,-5.4477596,7.7822604,3.6663399,-51.707138,-6.2804136,6.5284715,-69.16977,-1.586477,-4.453014,-39.93598
34.907448,-56.400326,-22.905144,26.893772,0.33338857,-11.542805,-7.05331,6.807495,-22.562147,8.052091,-5.9764423,-5.1499476,3.9768002,2.5435438,-29.465878,-2.6262512,0.7530142,-48.882435,-1.3417344,2.5220528,-21.927917,-0.36813504,7.2107067,-46.431896,-1.3364302,0.5826647,-66.39643,-7.8292494,1.9718602,-41.539307,-4.3772035,12.486423,-54.446262,-4.482013,1.4496604,-72.4953,-3.5029058,-1.3286378,-46.279602,-20.659628,15.708776,-5.2039604,7.31547,2.7844477,-52.10569,-6.120077,6.426962,-70.83202,-1.6544979,-4.1616507,-41.552685
36.506718,-58.2652,-25.230839,27.522251,-1.0553389,-12.594492,-7.0423717,6.909352,-26.687283,7.84422,-6.0504136,-11.003984,4.1586466,2.2585273,-33.568726,-2.6662116,0.7373397,-59.48805,-1.2259246,2.4836092,-29.739723,-0.37352416,7.073111,-48.306534,-1.3538482,0.59951705,-73.66865,-8.303907,2.247946,-46.061237,-4.5375667,12.291966,-55.607082,-4.636308,1.5346414,-78.141396,-3.6989708,-1.2249566,-49.963795,-21.293156,16.177612,-5.352527,7.592063,1.8225139,-52.38691,-6.3475723,6.692676,-74.883835,-1.7678869,-4.2180743,-44.283497
38.854156,-61.626347,-27.344818,29.421618,0.61518455,-12.451324,-7.3283563,7.227527,-29.096048,8.145788,-6.30079,-12.848725,4.477551,1.861167,-40.902798,-2.7718527,0.74288166,-63.75229,-1.245003,2.5627348,-32.360584,-0.3717546,7.0117035,-54.388485,-1.3823675,0.60747063,-76.339455,-8.60267,2.3467886,-47.44748,-4.7644863,12.674122,-60.337406,-4.8266854,1.5789105,-81.09413,-3.756969,-1.3061607,-51.02402,-22.461203,17.036352,-5.6110897,8.069034,1.7005374,-52.8578,-6.529389,6.891594,-75.146225,-1.7098172,-4.4864836,-43.0756
39.38191,-61.30884,-29.601961,29.214651,0.61466223,-12.363267,-7.1356177,7.105711,-30.812115,7.849701,-6.2154675,-15.252685,4.505716,0.88403475,-44.464855,-2.7501426,0.7347638,-66.52358,-1.2020525,2.5272036,-34.163715,-0.39517993,5.909057,-56.51132,-1.3824306,0.6125696,-78.60092,-8.676664,2.414211,-48.859837,-4.7970815,11.356788,-60.829132,-4.8348794,1.6068842,-83.25547,-3.7842078,-1.260428,-51.69074,-22.177586,16.829922,-5.559474,8.033971,0.04093498,-51.573338,-6.5689287,6.9218044,-76.77908,-1.7417412,-4.4206533,-43.450092
38.093872,-59.598854,-28.31781,28.557589,1.5585241,-11.557652,-7.0225134,6.9706926,-28.70683,7.852189,-6.1335,-12.188007,4.361712,0.7711152,-41.805832,-2.7066965,0.74204755,-58.923164,-1.2730768,2.548289,-28.596376,-0.41679552,5.6975427,-52.623856,-1.3630049,0.5952127,-70.09518,-8.0728035,2.014051,-42.38865,-4.706588,11.106676,-56.03932,-4.675036,1.4518192,-74.81924,-3.4357944,-1.5063224,-45.484524,-21.589766,16.375494,-5.425568,7.9695897,0.6859072,-46.28976,-6.2847853,6.490038,-68.641045,-1.529371,-4.452312,-37.684296
37.523922,-59.45925,-26.687267,28.592861,1.9909282,-11.335438,-7.128593,7.0225854,-27.064188,8.06808,-6.1814733,-9.494383,4.3045545,1.2250316,-39.07457,-2.714715,0.7540144,-54.291706,-1.3415763,2.5959582,-25.001547,-0.40869856,6.180683,-51.163452,-1.3611281,0.5871339,-66.85275,-7.913637,1.8822562,-40.166454,-4.6730266,11.714867,-55.26679,-4.6457024,1.4106934,-72.10078,-3.3607194,-1.5899017,-43.87361,-21.635313,16.402502,-5.42908,7.9863553,1.7351966,-45.970108,-6.222096,6.405932,-66.59531,-1.4770663,-4.497265,-36.499332
35.21513,-55.96431,-25.071074,26.937246,2.0157955,-10.624159,-6.783091,6.666976,-24.818127,7.7940426,-5.91577,-7.0248566,4.0415435,0.8387569,-35.145657,-2.6078937,0.7474159,-47.53115,-1.343669,2.5193958,-20.953508,-0.44316337,5.6760793,-44.84375,-1.3225789,0.5699387,-57.30632,-7.1545553,1.5184073,-33.36906,-4.4710712,11.01142,-48.10734,-4.350973,1.2242768,-61.88785,-2.9554827,-1.7465395,-37.135147,-20.386274,15.475674,-5.1494546,7.6562586,2.0955086,-40.126556,-5.801269,5.8688407,-57.54982,-1.2865057,-4.3628516,-30.897928
38.38376,-61.69462,-26.047066,29.480068,0.95118815,-12.288767,-7.4761124,7.325661,-26.974272,8.49674,-6.439793,-8.552818,4.361344,1.9570869,-35.92059,-2.7849278,0.7627432,-55.373158,-1.3638408,2.6631067,-25.569433,-0.3985727,7.1705,-49.59089,-1.3795269,0.59104466,-68.745346,-8.223139,1.9728591,-41.56533,-4.7961144,12.920357,-55.416466,-4.785092,1.4373643,-73.75517,-3.5061185,-1.5892546,-45.922188,-22.516493,17.091593,-5.6283574,8.221868,2.6882467,-49.19678,-6.4612975,6.685724,-69.8093,-1.5944697,-4.6152883,-39.663044
38.77378,-61.430767,-27.805155,29.498741,1.5939388,-11.926746,-7.3801513,7.2615867,-27.760237,8.323278,-6.378277,-9.759906,4.4103665,1.4753637,-39.15027,-2.778891,0.7614606,-56.418617,-1.3513472,2.6541724,-26.266336,-0.40163982,6.564571,-52.704315,-1.3825445,0.59324193,-70.506805,-8.296578,2.025309,-42.95299,-4.8027325,12.197093,-57.385498,-4.8011856,1.4670721,-75.78625,-3.5360503,-1.5596724,-46.57243,-22.348557,16.96357,-5.5982895,8.162583,1.6512594,-49.601982,-6.4823847,6.6996183,-71.213646,-1.5989606,-4.5841093,-39.896847
38.31237,-59.65227,-28.903444,28.862572,2.4406052,-11.159177,-7.2244782,7.0997834,-26.174238,8.304339,-6.3071938,-6.7357736,4.2719135,0.16761066,-38.796837,-2.729196,0.7660599,-49.53311,-1.4031035,2.6627338,-21.141516,-0.45430005,5.2852473,-50.448624,-1.3653535,0.57903045,-63.02602,-7.7757435,1.6773747,-37.494293,-4.7696023,10.852084,-53.309483,-4.6573434,1.3114684,-68.39226,-3.1929781,-1.788599,-40.592575,-21.654867,16.458881,-5.45376,8.024842,0.95026195,-45.340633,-6.302597,6.3688645,-65.55147,-1.4400699,-4.5767384,-35.139763
38.09734,-59.482273,-28.784643,28.777386,2.8368838,-10.909333,-7.29025,7.132118,-24.635324,8.525298,-6.376975,-3.524064,4.186952,0.27882427,-35.565834,-2.730445,0.7802209,-43.880283,-1.4860841,2.7257378,-16.48556,-0.46775132,5.306353,-47.972683,-1.3632307,0.5689939,-58.98476,-7.5314407,1.4436626,-34.274876,-4.7700834,10.853041,-51.107334,-4.628839,1.2332352,-64.56864,-3.0388522,-1.9482319,-37.663185,-21.629406,16.423574,-5.443098,8.009302,1.2071201,-44.97249,-6.2713084,6.252204,-63.392242,-1.3743151,-4.628749,-33.547623
37.62765,-59.050377,-28.163874,28.798798,4.175546,-10.175017,-7.329734,7.1414595,-23.188118,8.691448,-6.403608,-1.0387353,4.1690016,0.3557675,-34.791965,-2.7311654,0.7857604,-38.675392,-1.5370998,2.755446,-13.229311,-0.48281562,5.47993,-45.10583,-1.3520873,0.553825,-50.520973,-6.9796295,1.074486,-27.688612,-4.7462826,11.243307,-47.526104,-4.516989,1.0641587,-55.844986,-2.6495054,-2.243639,-31.07115,-21.47639,16.33052,-5.421203,8.071056,2.3512664,-40.96491,-6.0197563,5.86321,-53.88772,-1.1129768,-4.780615,-26.767786
37.5164,-59.60491,-26.9354,28.929789,5.093772,-9.781695,-7.362163,7.1526875,-22.619648,8.83284,-6.4037795,0.4916255,4.1499133,1.1264098,-32.561646,-2.730248,0.78454286,-36.941406,-1.5358464,2.7325628,-12.778835,-0.46389726,5.993253,-43.187153,-1.3427069,0.5474978,-46.984493,-6.7728596,1.0461612,-25.303247,-4.7058125,11.842492,-46.893097,-4.4334645,1.0015607,-51.694775,-2.477401,-2.2805262,-28.841688,-21.63233,16.373512,-5.4197607,8.003861,2.854568,-42.423405,-5.883463,5.773526,-50.607864,-1.035285,-4.793265,-24.919765
38.235558,-61.874805,-25.961077,29.685879,3.1009352,-11.177475,-7.5920095,7.381139,-24.036703,9.032847,-6.5882354,-0.95384514,4.199714,2.1560495,-29.249088,-2.793497,0.7860319,-42.56786,-1.5051985,2.7534232,-16.707724,-0.42872515,7.0859647,-43.821407,-1.3691173,0.5668606,-56.04523,-7.558345,1.524828,-32.77894,-4.8092446,12.835277,-49.98547,-4.6223817,1.1595799,-60.530636,-2.9519353,-1.9766123,-36.678207,-22.392633,17.015118,-5.6049805,8.097304,2.9447918,-49.49012,-6.299442,6.3883185,-62.007008,-1.4047225,-4.714337,-34.813026
37.621372,-62.639194,-22.800632,30.558119,5.8525915,-10.060284,-8.017941,7.6631227,-19.275816,9.992837,-6.846277,9.281768,4.110149,1.0889702,-26.869904,-2.8402781,0.81758976,-24.013668,-1.7556871,2.9134107,-3.7838397,-0.49615046,7.140612,-36.45075,-1.3415058,0.51731855,-29.549452,-5.888158,0.41868848,-11.77235,-4.904135,13.729342,-39.92226,-4.3314753,0.6284375,-32.778103,-1.6561179,-2.9688387,-16.049932,-22.827198,17.289455,-5.6761246,8.632947,6.576987,-36.723698,-5.581679,5.351193,-33.777225,-0.53161585,-5.318009,-13.575354
37.942013,-62.18336,-24.0006,30.030828,3.7442172,-10.970281,-7.6889706,7.469135,-23.725203,9.221874,-6.6207914,0.1864272,4.257785,2.0343733,-31.046516,-2.8086843,0.78613734,-41.460125,-1.5387329,2.7661173,-15.973572,-0.430317,7.300314,-43.675346,-1.360062,0.5576639,-51.42436,-7.174823,1.3256247,-28.371101,-4.8362145,13.262972,-48.784603,-4.559033,1.061845,-54.760464,-2.633819,-2.200632,-32.198875,-22.584091,17.166945,-5.647429,8.339575,4.169867,-45.279064,-6.0403304,6.0972834,-53.66357,-1.1102806,-4.9131556,-28.287477
37.56246,-61.492493,-23.855824,29.599768,2.677586,-11.385028,-7.5626884,7.3652573,-24.931849,8.87189,-6.503848,-3.221023,4.270861,2.1582124,-32.344193,-2.7908869,0.7785363,-46.902363,-1.4714204,2.718769,-19.642776,-0.41021562,7.2522144,-46.766243,-1.3697641,0.5741053,-60.189125,-7.756222,1.7065089,-35.70097,-4.783499,13.068849,-52.368248,-4.6552277,1.2662114,-64.86566,-3.1474767,-1.8270085,-40.138332,-22.369274,17.037086,-5.610302,8.232442,3.4972258,-47.64577,-6.2654967,6.44424,-63.235703,-1.4235313,-4.6960106,-35.71893
37.509743,-60.49012,-25.079811,29.227356,2.7721598,-11.176346,-7.4642086,7.2675905,-24.613314,8.673745,-6.414593,-3.9725347,4.2535176,1.8235762,-34.001713,-2.7667303,0.7798018,-46.235588,-1.4786384,2.7205424,-18.594336,-0.41158262,6.905522,-48.2481,-1.3677709,0.57282203,-60.95224,-7.7062464,1.6334836,-35.857216,-4.728819,12.690632,-53.19216,-4.6587977,1.3038857,-66.52625,-3.1761408,-1.8292264,-40.199863,-22.124565,16.78823,-5.5364485,8.151914,3.1357083,-46.54404,-6.2237,6.34247,-63.30127,-1.3846921,-4.6732955,-34.695683
38.15089,-60.383186,-27.17093,29.032675,1.4889777,-11.782367,-7.306095,7.1730123,-26.76033,8.375755,-6.343302,-7.2798896,4.2781715,0.6504331,-37.36356,-2.7473924,0.7646549,-52.422077,-1.3880256,2.654889,-22.896082,-0.4381109,5.7573147,-50.41964,-1.372144,0.5856656,-66.807755,-8.024041,1.8779165,-40.19994,-4.792126,11.333812,-54.451557,-4.718082,1.4029032,-72.429855,-3.391618,-1.6292953,-44.163414,-22.010567,16.68995,-5.515164,8.105302,1.1648517,-47.24671,-6.4050984,6.59096,-69.714714,-1.5621377,-4.5371532,-38.665134
40.259567,-63.07063,-29.922989,30.216412,0.7373022,-12.701304,-7.663029,7.5128074,-27.038363,8.925982,-6.7193365,-4.979486,4.310213,-1.0343132,-37.183464,-2.8347073,0.7856742,-48.073948,-1.5002656,2.8125744,-18.200947,-0.52318245,4.742333,-47.019608,-1.3922341,0.57607585,-60.806812,-7.808586,1.4741396,-34.1924,-5.109073,10.674582,-49.05527,-4.849412,1.2638245,-66.599525,-3.1227198,-2.0506084,-38.740322,-22.984745,17.408863,-5.7375884,8.736016,0.9550642,-41.167522,-6.5761237,6.556217,-65.33049,-1.4116338,-4.8926005,-34.30309
39.59472,-61.468956,-30.495108,29.28269,0.60300314,-12.395256,-7.336492,7.248656,-27.826506,8.411295,-6.4731007,-8.126386,4.2763505,-0.8251829,-38.432003,-2.769854,0.76975596,-51.136448,-1.4152842,2.714523,-21.402111,-0.49995562,4.6715093,-47.79739,-1.3776317,0.5805582,-63.301594,-7.8493586,1.6061124,-36.43857,-4.961056,10.310238,-49.778618,-4.7631993,1.2955806,-68.04395,-3.178869,-1.9040601,-39.875244,-22.232485,16.882414,-5.5811753,8.429953,0.3977144,-41.49896,-6.4595513,6.4614844,-65.71859,-1.4450545,-4.7151933,-34.83766
37.461052,-58.120716,-29.437632,27.539833,0.3649344,-11.789873,-6.9578457,6.8703046,-26.074915,7.975299,-6.1612377,-7.489467,4.0396185,-0.6114303,-34.71824,-2.6633344,0.75980294,-47.385365,-1.381556,2.618307,-19.749111,-0.5010677,4.63488,-43.229645,-1.34519,0.57077336,-58.39169,-7.356924,1.425777,-33.24443,-4.7151027,9.951316,-45.521652,-4.5182533,1.1941752,-62.436687,-2.9559417,-1.9129403,-36.377033,-20.950796,15.952913,-5.299136,7.9528008,0.5586054,-39.347816,-6.1238575,6.063249,-60.807404,-1.3532517,-4.5065136,-32.146305
36.608456,-57.126507,-28.365456,27.352253,2.3991365,-10.580759,-6.965075,6.835979,-23.71699,8.172853,-6.16115,-3.248909,3.9678168,0.007920068,-31.763546,-2.6516285,0.7736125,-39.123627,-1.4751941,2.6688426,-13.875108,-0.500134,4.926244,-40.529873,-1.3327848,0.552351,-50.122707,-6.8185377,1.0609716,-26.996717,-4.640314,10.226488,-42.716812,-4.3935103,1.0435072,-54.210007,-2.6055126,-2.1745663,-30.126406,-20.569057,15.711721,-5.2314463,7.8581243,1.4245615,-37.501846,-5.8854694,5.7011914,-53.085323,-1.1419526,-4.5899568,-26.769932
37.09245,-58.701645,-27.319365,28.250338,3.575186,-10.319802,-7.1520424,7.007129,-24.014116,8.41751,-6.271616,-2.5298128,4.0731745,1.0706475,-31.591526,-2.69628,0.7799525,-40.679253,-1.4878902,2.6947303,-15.156313,-0.45963082,5.69102,-43.893272,-1.346828,0.5584082,-54.29847,-7.2126274,1.326425,-31.020742,-4.6693764,11.077016,-47.49593,-4.4871635,1.1225736,-58.604855,-2.8070285,-2.0330665,-33.994804,-21.162401,16.11829,-5.347702,7.8736396,1.6548753,-43.71267,-6.0620685,6.004844,-58.5715,-1.2867402,-4.582004,-31.25896
36.296814,-57.463943,-26.807322,27.724777,3.903537,-9.91775,-7.05241,6.8874607,-22.925058,8.371471,-6.17951,-1.0831164,3.9927099,0.7560691,-30.863491,-2.6598055,0.77600443,-37.716324,-1.4873536,2.6612313,-13.586537,-0.47277656,5.481225,-41.882153,-1.3315227,0.5514173,-49.4886,-6.8581657,1.1631963,-27.697325,-4.5928793,10.9003,-45.06075,-4.357006,1.0266522,-53.60423,-2.590515,-2.124457,-30.55486,-20.71985,15.792433,-5.2480936,7.7441883,1.9522207,-41.586628,-5.8682504,5.764278,-53.909958,-1.1708307,-4.5582824,-28.15886
37.780064,-59.71966,-28.260702,28.863167,4.6580353,-9.998503,-7.3875217,7.195951,-22.367264,8.94224,-6.4972363,1.9746133,4.069402,0.19608526,-30.554539,-2.7405071,0.79528916,-31.278412,-1.6047115,2.798234,-8.538049,-0.5172291,5.5283723,-37.64995,-1.3373559,0.5317608,-38.016605,-6.211668,0.5877794,-17.391853,-4.8044286,11.367882,-39.323563,-4.359428,0.77697355,-41.16382,-1.9919726,-2.706637,-20.263746,-21.553543,16.397661,-5.438162,8.267567,3.1776114,-35.06611,-5.7185516,5.38611,-40.820152,-0.7645049,-5.0061502,-17.665966
37.94984,-60.181164,-28.297958,29.114841,4.9040117,-9.961959,-7.4421678,7.236566,-21.999166,9.024115,-6.511998,2.5808,4.0734515,0.15063275,-30.785671,-2.7450616,0.7935197,-29.743431,-1.6115744,2.7957106,-7.781838,-0.5202993,5.712103,-35.970123,-1.3298787,0.5250647,-33.53158,-5.876216,0.40494254,-13.291931,-4.815503,11.663039,-37.347057,-4.2977495,0.6812285,-35.948746,-1.7041546,-2.8909802,-16.035044,-21.729435,16.470818,-5.4512663,8.372743,3.7414808,-32.55597,-5.5321794,5.1436048,-34.45779,-0.5409645,-5.1359496,-12.432018
37.655846,-59.750587,-27.507809,29.137497,6.0110044,-9.380188,-7.429149,7.2175374,-21.3378,9.114226,-6.495147,4.338532,4.067315,0.26925075,-30.489952,-2.736417,0.79424244,-27.11827,-1.6317284,2.7904198,-6.1072655,-0.513629,5.789966,-35.684902,-1.3219862,0.5197124,-30.028248,-5.634966,0.31666088,-10.877667,-4.7773685,11.805551,-37.086254,-4.218999,0.6083363,-32.08906,-1.5016695,-2.9841378,-13.185466,-21.682337,16.38365,-5.4248056,8.311389,4.06305,-32.572674,-5.392798,4.9983582,-30.957592,-0.4346153,-5.160373,-10.019793
37.17101,-59.174973,-26.759727,28.793375,5.570554,-9.488637,-7.345009,7.1315923,-21.086,9.038427,-6.416095,4.518373,3.9977822,0.3086958,-29.41129,-2.7094007,0.78940713,-26.74497,-1.6180264,2.75188,-6.1628175,-0.5124753,5.8492007,-34.54332,-1.3113922,0.51794785,-28.936068,-5.497135,0.30937424,-10.098462,-4.7215834,11.772611,-36.144196,-4.1444116,0.58890194,-30.685247,-1.4252065,-2.968037,-12.331038,-21.531948,16.206629,-5.3621492,8.220463,4.151179,-32.106564,-5.2744446,4.9104195,-29.628368,-0.38843533,-5.1107635,-9.177167
38.59277,-62.985176,-25.409473,30.4616,4.293966,-10.844667,-7.8646507,7.6209044,-22.64152,9.452344,-6.7468996,1.6605804,4.286249,1.8629804,-30.844795,-2.8438284,0.7946231,-35.69302,-1.612521,2.8413827,-12.621505,-0.45129114,7.6051116,-39.426464,-1.3522816,0.53698325,-39.69063,-6.3900785,0.7166222,-18.126911,-4.922409,13.740277,-42.695763,-4.4744024,0.7883685,-41.5516,-1.9536536,-2.777087,-21.179874,-22.90076,17.324623,-5.7162576,8.634188,5.497469,-38.596336,-5.7218556,5.512754,-38.212402,-0.62439406,-5.289098,-16.264023
39.937122,-64.78078,-26.957611,31.006462,2.3147283,-12.173997,-7.8915396,7.7223883,-26.207321,9.230973,-6.8033795,-4.2649407,4.4522333,2.5571818,-33.088314,-2.8822975,0.78188056,-48.385113,-1.4839951,2.7976096,-21.417612,-0.41371828,8.102854,-43.915348,-1.3798885,0.5647899,-54.88748,-7.4065895,1.3409265,-29.327051,-5.000853,14.114887,-49.025658,-4.7339005,1.0769453,-56.684467,-2.6270413,-2.329869,-32.328087,-23.52868,17.813614,-5.8594203,8.679593,4.451971,-45.815742,-6.179596,6.1611414,-52.531586,-1.0267669,-5.160736,-26.7652
37.45318,-59.8877,-26.932661,28.725485,2.4652603,-11.1353245,-7.2764683,7.1296916,-24.95262,8.470095,-6.3307595,-4.6801233,4.176443,1.9360725,-31.66418,-2.7309103,0.7676591,-45.60101,-1.4040496,2.6510408,-19.996227,-0.43152633,6.844803,-42.76902,-1.3501775,0.5639041,-54.47625,-7.2701626,1.4111099,-30.99246,-4.6979585,12.366931,-47.258537,-4.496713,1.0974504,-57.342842,-2.760132,-2.0461495,-33.83976,-21.698103,16.479437,-5.4537163,8.001814,2.9253101,-44.3339,-6.011399,5.9936333,-55.731102,-1.2205954,-4.6880584,-30.0326
36.98629,-58.68525,-27.656698,27.899582,1.703891,-11.247415,-7.1924143,7.0089803,-23.181639,8.422989,-6.2890882,-2.6360426,3.9662664,0.4704905,-29.354202,-2.6889534,0.7748544,-38.19489,-1.4720457,2.682965,-14.288534,-0.499708,5.840417,-37.26615,-1.3331573,0.54748017,-45.67644,-6.6764545,0.9505932,-23.980696,-4.6838946,11.439225,-39.82139,-4.3682675,0.93211806,-49.05108,-2.4299324,-2.324061,-27.34629,-21.163065,16.091152,-5.330942,8.070317,3.0115662,-35.978214,-5.809808,5.5935116,-47.97296,-1.0347077,-4.738913,-24.276875
38.091553,-60.52505,-27.950502,28.568085,-0.26493827,-12.6194515,-7.473301,7.2733197,-23.51912,8.721528,-6.538141,-2.458508,3.9539013,0.008822504,-27.207458,-2.7558153,0.7926922,-36.342426,-1.5695109,2.814526,-11.056863,-0.53123033,5.752896,-34.38227,-1.3520575,0.54509276,-45.31823,-6.7250996,0.76998365,-22.077377,-4.9070086,11.375251,-36.439415,-4.5334635,0.9479344,-49.442787,-2.46606,-2.4898114,-27.030928,-22.032824,16.690983,-5.509522,8.61335,3.0804052,-31.474796,-5.999747,5.702304,-48.204754,-1.0130644,-4.9546804,-23.652843
38.06871,-60.363274,-27.766542,28.314152,-1.8833036,-13.416561,-7.4263864,7.2591243,-24.448055,8.69735,-6.5789456,-2.9716492,3.8761027,-0.8116798,-25.758175,-2.7523737,0.7937809,-36.964188,-1.5730135,2.825419,-10.6777725,-0.57826877,5.068132,-31.540777,-1.3541442,0.547543,-45.594437,-6.7442694,0.7343304,-21.758682,-4.9904237,10.625794,-32.679585,-4.5586677,0.9494363,-49.791725,-2.514902,-2.4958975,-27.402746,-22.038828,16.71813,-5.5189786,8.7837105,2.5981877,-27.886591,-6.086075,5.766967,-49.567966,-1.08513,-4.941571,-25.1931
38.31467,-61.185013,-27.165878,28.895666,-0.67888606,-12.978635,-7.4476185,7.273967,-25.799864,8.551764,-6.4923687,-5.836766,4.097017,0.7713798,-30.09808,-2.7654552,0.7801643,-47.613018,-1.4510007,2.735227,-18.678564,-0.47709325,5.972382,-42.773666,-1.37731,0.5790202,-62.72826,-7.9038506,1.6155388,-36.511818,-4.8750515,11.4860115,-47.137756,-4.7480917,1.3250414,-68.47668,-3.3440163,-1.7987094,-41.881237,-22.285692,16.888548,-5.5640244,8.36118,1.870928,-42.876522,-6.493759,6.541056,-68.213646,-1.5912468,-4.61863,-38.745487
38.87268,-62.147686,-27.131393,29.301186,-0.75228727,-13.199798,-7.4230103,7.2935824,-28.380144,8.304099,-6.4145584,-10.795588,4.3044934,2.1238303,-33.927307,-2.7809606,0.7604806,-59.71203,-1.3056431,2.6358528,-28.272469,-0.39171916,6.9666667,-50.589664,-1.3940382,0.60643446,-77.453964,-8.849333,2.3570316,-48.709953,-4.8150034,12.396459,-57.500717,-4.9010735,1.6024766,-82.84185,-3.9452639,-1.2654126,-53.050217,-22.61827,17.135235,-5.6366863,8.106971,1.2798116,-54.09387,-6.7944555,7.13278,-81.7236,-1.9511653,-4.4036045,-48.71247
38.52907,-61.00301,-27.8282,28.745226,-0.391655,-12.769909,-7.1677475,7.0947404,-29.616959,7.8465624,-6.1942754,-14.448717,4.3556595,2.823421,-36.47511,-2.739327,0.74304086,-65.81596,-1.1940999,2.5290537,-33.88821,-0.34462938,7.1631207,-54.381275,-1.3894346,0.6174073,-84.12946,-9.180859,2.6996083,-54.487526,-4.6810827,12.285183,-62.033615,-4.8838344,1.7143255,-88.789795,-4.183266,-0.97249585,-57.66862,-22.12269,16.781433,-5.5338464,7.7324467,0.36057287,-58.95379,-6.805501,7.2489915,-86.62832,-2.0859149,-4.192023,-52.486507
37.77323,-59.57536,-27.80534,27.92411,-1.1127582,-12.828575,-6.9764843,6.918548,-29.446991,7.620921,-6.0582395,-14.621045,4.241807,2.4712467,-35.180996,-2.6892588,0.7366791,-65.48918,-1.1654866,2.475603,-33.858356,-0.3568758,6.766735,-52.78864,-1.3772917,0.6170833,-83.86129,-9.078854,2.7075074,-54.47648,-4.6027184,11.692564,-60.330616,-4.7993984,1.7021554,-88.17564,-4.1556087,-0.9135622,-57.42398,-21.569372,16.37826,-5.413583,7.5251164,-0.15803105,-58.51472,-6.7332277,7.183599,-87.07629,-2.1173291,-4.0560317,-53.095024
37.67444,-59.878407,-27.662962,28.029778,-1.2404418,-12.942652,-7.010662,6.9637036,-29.679571,7.686143,-6.0942426,-14.745599,4.261446,1.9010173,-35.982624,-2.6951275,0.72994226,-65.279816,-1.1517947,2.4702003,-34.359695,-0.38986117,6.6190395,-49.35666,-1.3684506,0.6080574,-77.801285,-8.666666,2.429748,-49.197914,-4.667066,11.73892,-55.586967,-4.732114,1.5511687,-80.81628,-3.819991,-1.1705853,-52.04294,-21.664341,16.469675,-5.4439054,7.7778006,0.47544235,-52.754898,-6.545081,6.8679175,-78.42815,-1.8807211,-4.233238,-46.826378
35.523136,-56.692078,-25.46805,26.994862,1.162931,-11.139629,-6.858234,6.7296596,-25.128654,7.8083706,-5.942669,-7.410159,4.0110188,1.5380782,-31.789257,-2.622375,0.7467015,-50.167484,-1.3018606,2.5049021,-23.206812,-0.41756558,6.0547295,-44.8576,-1.336157,0.57998645,-63.54061,-7.6568375,1.8527693,-38.938934,-4.4911404,11.102144,-50.098946,-4.4431725,1.3218346,-67.76815,-3.2441597,-1.5083357,-42.139816,-20.542587,15.636976,-5.1978116,7.4897447,1.1156048,-47.315136,-6.0828123,6.2510614,-67.0145,-1.5656556,-4.2172027,-38.477764
36.43923,-57.79637,-26.79497,27.406982,0.8580512,-11.497844,-6.855218,6.7913938,-27.539316,7.6289816,-5.9572244,-11.478719,4.167977,2.0607576,-34.777023,-2.6517305,0.73820317,-57.27473,-1.228119,2.479805,-28.826674,-0.3871184,6.500388,-47.756054,-1.3485215,0.5910376,-69.57586,-8.025832,2.0867348,-43.039818,-4.5366497,11.468495,-53.113216,-4.548884,1.4077551,-72.78992,-3.4139092,-1.4029686,-45.359142,-20.871077,15.899096,-5.2878675,7.5695086,0.831599,-49.681683,-6.1999874,6.4168596,-69.98058,-1.6281315,-4.2467365,-40.528976
38.049282,-60.507416,-27.688015,29.276484,4.5146017,-10.213656,-7.626404,7.3520174,-20.649725,9.25995,-6.622499,4.7273192,4.032229,-0.12087114,-28.54871,-2.7677906,0.80421257,-27.42319,-1.6538129,2.8506005,-5.6933217,-0.5242808,5.7900558,-35.720554,-1.3436913,0.5265108,-34.242603,-6.069663,0.42762315,-14.813633,-4.852251,11.9517765,-37.660233,-4.3703117,0.70029247,-38.018528,-1.8550392,-2.853569,-17.656313,-21.889938,16.672571,-5.506599,8.387732,4.102851,-34.696766,-5.7511473,5.351987,-39.228622,-0.7102716,-5.114227,-16.370274
44.069935,-70.13334,-31.379292,32.761417,-0.20092091,-14.394536,-8.787197,8.438238,-23.294691,10.517293,-7.612378,4.1715183,4.251093,-1.0781875,-25.222347,-3.04338,0.84814423,-28.609844,-1.8112276,3.1747696,-5.047655,-0.5898203,6.8235707,-30.027273,-1.4105282,0.528766,-33.390667,-6.5297585,0.18865258,-11.243858,-5.5559587,13.978517,-31.676434,-4.868876,0.6167941,-36.24799,-1.8189231,-3.3787422,-16.158163,-25.363008,19.257036,-6.262183,9.919643,6.135499,-30.978603,-6.393876,5.865664,-38.64052,-0.6651832,-5.8967695,-16.015215
44.063072,-70.00931,-31.274685,32.440033,-1.4439943,-14.9581,-8.737696,8.404841,-23.531057,10.403227,-7.5764,2.928781,4.19715,-1.238772,-24.135712,-3.0320585,0.8456125,-28.491287,-1.7991545,3.156216,-5.6014166,-0.590068,6.936249,-27.3011,-1.4027169,0.52583176,-31.336733,-6.36804,0.111242495,-9.495488,-5.555643,14.002719,-28.579678,-4.816681,0.55848825,-33.26938,-1.6889372,-3.449088,-14.191262,-25.275454,19.202995,-6.2431235,9.9939575,6.3879814,-27.889896,-6.2831783,5.7283006,-35.194386,-0.57671016,-5.924931,-13.896294
41.612568,-66.140625,-28.981598,30.619535,-2.0110595,-14.505165,-8.373608,8.009641,-21.49638,9.895312,-7.1942353,2.8545475,3.9784777,-1.004006,-21.9333,-2.9138508,0.82979417,-27.496717,-1.7283297,3.0190547,-6.0618954,-0.57172495,6.9071794,-26.136087,-1.3715993,0.52311736,-30.893045,-6.172532,0.17552468,-10.519573,-5.263396,13.677229,-27.926756,-4.603813,0.5729219,-33.042034,-1.7239736,-3.232175,-15.117462,-24.010403,18.223701,-5.942992,9.441241,6.5474253,-27.849573,-6.014433,5.5107946,-35.027245,-0.61528945,-5.606217,-14.873126
42.305164,-67.55227,-28.993477,31.410439,-2.1620612,-14.933567,-8.480748,8.168583,-23.421396,10.02125,-7.341057,0.98544097,4.1113067,-0.95521915,-23.810387,-2.967282,0.83004045,-31.567724,-1.715291,3.0547888,-8.621468,-0.5862714,6.8492265,-27.018963,-1.3873788,0.5289567,-33.434143,-6.459984,0.2636031,-12.271568,-5.416825,13.673186,-27.867733,-4.726738,0.6107205,-35.332325,-1.8851041,-3.2212873,-17.237453,-24.632133,18.683636,-6.0880566,9.802792,6.370414,-26.101963,-6.1852584,5.683504,-36.496243,-0.6905918,-5.711388,-16.646498
39.698063,-63.54716,-27.780226,30.286509,0.5085505,-12.871872,-7.9824805,7.728596,-23.213734,9.434586,-6.907387,0.4593873,4.1089225,-0.1953389,-27.277744,-2.871439,0.8095364,-33.420334,-1.6605163,2.9417527,-8.802544,-0.55556303,6.0706906,-32.349888,-1.3698901,0.53395844,-38.535995,-6.4383965,0.48070943,-15.898998,-5.1882367,12.042607,-33.407642,-4.6246786,0.7892264,-42.06815,-2.0741987,-2.8979712,-20.974731,-23.187548,17.617775,-5.7984643,9.231965,3.8616347,-28.51751,-6.014341,5.619584,-40.764084,-0.7353333,-5.379991,-17.599651
41.714054,-66.67393,-29.231638,31.424747,-1.1214492,-14.287805,-8.282321,8.053581,-25.241764,9.819835,-7.2354097,-0.024453402,4.181684,-0.68292356,-26.205692,-2.9571822,0.82004595,-36.49477,-1.6875956,3.034922,-9.710932,-0.5903964,5.8646684,-31.832703,-1.3980377,0.5421475,-42.752144,-6.8875656,0.6012771,-18.375227,-5.4520736,11.995007,-33.070736,-4.8434014,0.83663595,-46.054043,-2.2630818,-2.9141855,-23.847403,-24.31181,18.475084,-6.04781,9.658685,3.2416673,-30.144238,-6.411436,6.0405297,-46.906197,-0.91139996,-5.521377,-22.274567
39.803158,-64.26798,-25.901537,30.193287,-2.3215847,-14.493001,-8.105357,7.852512,-23.381943,9.692755,-7.0915337,1.9177814,3.9193804,-1.2517916,-21.134975,-2.895016,0.8247602,-27.543367,-1.7437029,3.0094035,-4.433868,-0.6262812,5.9693785,-22.077885,-1.3624142,0.5196925,-27.621288,-5.8751335,0.048603974,-7.102979,-5.351162,12.147699,-21.25999,-4.530467,0.54196334,-29.922813,-1.634033,-3.2897668,-13.11493,-23.658783,17.956713,-5.883658,9.805688,5.4615927,-17.29466,-5.8547573,5.3273096,-30.551817,-0.54128796,-5.603411,-12.445497
36.171497,-59.31244,-21.386442,28.0445,-2.445805,-13.6469345,-7.5719976,7.321294,-21.626932,9.0328455,-6.5939803,1.585488,3.6508832,-0.9003334,-18.470001,-2.7484245,0.8028965,-24.720125,-1.6811693,2.8430226,-3.885562,-0.61171675,5.9786725,-18.926186,-1.3157442,0.5124312,-22.890163,-5.3820305,0.019586459,-5.1890645,-5.0089164,11.733222,-17.818237,-4.1938825,0.49111658,-25.330048,-1.5067828,-3.1267793,-11.391585,-22.022854,16.722239,-5.5055504,9.299347,6.121666,-12.545127,-5.3669624,4.8942537,-24.969645,-0.47386366,-5.264434,-10.139337
32.995533,-56.227783,-15.160625,27.035046,-1.1797884,-12.484504,-7.365208,7.0908566,-19.730526,8.798472,-6.3204155,2.286686,3.5617101,0.41759777,-16.615051,-2.6870828,0.79185724,-21.79083,-1.6764206,2.7665627,-3.2529674,-0.5595527,6.895958,-18.665874,-1.2878442,0.5063238,-18.826248,-5.0944147,0.045472786,-3.9822485,-4.7735434,12.465111,-17.62658,-3.9748745,0.45162293,-21.367332,-1.428628,-3.026905,-10.663208,-21.107521,16.062916,-5.322974,9.021358,7.92703,-10.215269,-4.9975314,4.625341,-19.362602,-0.40706033,-5.1026487,-8.268096
34.724457,-60.969822,-12.53322,29.77343,0.75212103,-12.5877695,-8.1257,7.7697926,-19.462276,9.915012,-6.8636146,6.722172,3.839617,1.0644337,-17.244373,-2.8648865,0.8167593,-19.234335,-1.8277862,2.9584613,-0.42864287,-0.55383164,7.847739,-21.299807,-1.3224082,0.5029935,-15.961533,-5.266494,0.023345314,-2.0036092,-5.119525,13.992989,-20.74365,-4.1911697,0.4174894,-19.235493,-1.3619056,-3.2589884,-9.756854,-23.07583,17.523964,-5.761745,9.775031,9.476736,-11.988772,-5.238198,4.9465694,-18.009195,-0.33039445,-5.5354824,-7.2125473
34.791603,-61.188244,-12.033979,30.062449,1.1547165,-12.469552,-8.201674,7.840596,-19.377308,10.01277,-6.913057,6.9853253,3.891021,1.1411879,-17.9721,-2.8831406,0.81791806,-19.677536,-1.8352954,2.9800436,-0.4616925,-0.5510757,7.9179635,-22.052794,-1.3271682,0.50232244,-16.427742,-5.317444,0.022117198,-2.3318346,-5.1524587,14.154178,-21.462835,-4.2330356,0.43018225,-19.943186,-1.3970363,-3.2691967,-10.232929,-23.241768,17.66304,-5.806598,9.863491,9.568037,-11.92625,-5.2763405,4.975947,-18.167725,-0.32978135,-5.583411,-7.2422028
35.942852,-62.82981,-13.21117,30.776344,1.6043961,-12.54401,-8.322619,7.982629,-20.512665,10.18223,-7.057352,6.658416,3.9784439,1.0108924,-19.17757,-2.928006,0.824716,-20.230017,-1.8601637,3.030938,-0.71226233,-0.55595267,7.9119105,-23.156727,-1.339208,0.50320244,-16.668962,-5.41685,0.018892974,-2.3855853,-5.258152,14.301461,-22.233686,-4.3070626,0.41313314,-19.985546,-1.376749,-3.3436377,-9.99251,-23.77668,18.037617,-5.921095,10.04081,9.46189,-12.740945,-5.383728,5.0704246,-18.547411,-0.3260843,-5.693352,-7.3387046
34.0881,-59.18631,-13.056423,28.658863,-0.19403473,-12.634124,-7.876915,7.531965,-19.193258,9.4902,-6.654903,4.9035044,3.7284806,0.653591,-17.112968,-2.7980576,0.8074991,-19.989952,-1.7700166,2.8823864,-1.6839123,-0.55268276,7.5768523,-20.171762,-1.3079993,0.5037388,-16.168116,-5.173953,0.026588432,-2.478374,-4.9825854,13.610296,-19.394144,-4.094391,0.41075423,-19.162426,-1.3585885,-3.1782377,-9.832237,-22.356567,16.97545,-5.599398,9.5042925,9.306059,-10.765104,-5.116308,4.7975855,-17.41695,-0.34220353,-5.380712,-7.1832275
35.262638,-58.808395,-19.10733,27.570732,-4.459372,-14.539821,-7.674375,7.3383536,-19.650467,9.037792,-6.567339,1.9423435,3.5423694,-0.58280563,-15.16764,-2.7312813,0.8011148,-24.253618,-1.670107,2.8228054,-4.2403207,-0.59994686,6.696741,-17.079935,-1.3105383,0.5139783,-23.353022,-5.5199633,0.09774902,-6.7619805,-4.936508,12.552388,-17.288319,-4.180659,0.5273002,-26.4426,-1.6933756,-2.9969099,-14.006764,-21.94275,16.665663,-5.4790673,9.241296,7.588482,-12.713728,-5.38556,4.9705167,-26.424017,-0.58878434,-5.179188,-12.816704
37.27013,-61.26947,-22.310648,28.240444,-6.3720846,-15.918688,-7.6421833,7.4298496,-24.960884,8.763086,-6.638343,-5.5705185,3.8098483,0.85772175,-18.881996,-2.7785172,0.78345966,-43.59304,-1.490627,2.767548,-16.749569,-0.53880894,7.069185,-26.657228,-1.3560326,0.5590693,-50.159386,-7.1993313,1.110091,-26.423433,-5.0161366,12.567463,-30.64953,-4.6099877,1.0427688,-53.51781,-2.8512597,-2.2155375,-33.41853,-22.665174,17.241089,-5.6555753,9.014009,4.891542,-29.393188,-6.199087,6.105242,-53.59558,-1.307663,-4.8868904,-31.971962
41.519855,-67.19575,-27.282305,30.904074,-6.401233,-17.054714,-8.034138,7.9137855,-31.699429,8.7066965,-6.915535,-16.126213,4.4517846,2.598423,-30.113846,-2.9425259,0.76845944,-68.67676,-1.2825936,2.7611468,-34.331234,-0.41453442,8.416334,-44.46222,-1.4361559,0.61580944,-81.85274,-9.425631,2.420259,-50.06313,-5.24527,14.065128,-51.72492,-5.2604275,1.6537952,-85.95596,-4.196017,-1.3927697,-56.114243,-24.620876,18.715826,-6.113495,9.168673,2.9012527,-49.46828,-7.2292233,7.5257316,-82.84438,-2.0355327,-4.822616,-51.13246
39.130867,-62.805664,-27.040203,29.232868,-2.8513389,-14.370133,-7.447074,7.3374815,-29.866203,8.120983,-6.4084706,-14.513211,4.3253326,2.7247899,-32.981857,-2.7957153,0.75323534,-65.873375,-1.2363902,2.605707,-32.940327,-0.36578417,7.5806623,-50.91559,-1.4043071,0.61859226,-84.44012,-9.320667,2.6610286,-53.790718,-4.8339276,12.869486,-58.922348,-5.011636,1.7413477,-89.507706,-4.280304,-1.0328077,-58.540077,-22.875757,17.333948,-5.697961,8.153715,1.2820203,-56.290462,-6.9724383,7.4081225,-87.54306,-2.1397045,-4.3325315,-53.56322
38.962482,-61.83608,-27.925009,28.804825,-2.4591866,-13.9550295,-7.212694,7.168975,-31.152983,7.764699,-6.2492137,-17.188208,4.377678,2.49841,-36.437874,-2.7593124,0.73936063,-69.635635,-1.1628902,2.5310178,-36.334965,-0.3568485,7.2651305,-52.84737,-1.3962549,0.6230762,-86.39229,-9.329307,2.75333,-55.239292,-4.765025,12.445194,-60.0125,-4.960022,1.7530205,-90.444786,-4.2639832,-0.96784127,-58.743214,-22.434233,17.024483,-5.6141067,8.0081005,0.69800884,-55.98458,-6.8718443,7.3138595,-86.84967,-2.110432,-4.2588496,-52.820885
37.328766,-58.873306,-27.572607,27.164751,-3.5074425,-13.846284,-6.817141,6.8034263,-30.805994,7.2257357,-5.933558,-18.76764,4.20212,2.194552,-35.151424,-2.6581855,0.7215326,-69.992096,-1.0792457,2.4059758,-37.92902,-0.3649752,6.9645863,-49.59065,-1.3670895,0.61983764,-84.226364,-8.999722,2.6839435,-53.874146,-4.564807,11.870889,-56.248554,-4.7523646,1.6804577,-86.813774,-4.1039443,-0.9318658,-56.546967,-21.28177,16.194796,-5.367327,7.6317015,0.6344198,-53.14136,-6.583092,6.982566,-83.05069,-2.0389142,-4.0658164,-50.76743
38.450222,-61.079144,-27.861027,28.204035,-3.390595,-14.203473,-7.068458,7.048963,-31.362865,7.555708,-6.1444635,-18.43828,4.3264537,2.2295778,-36.17902,-2.7204566,0.72650856,-71.21742,-1.1050241,2.4661586,-38.361225,-0.3654024,7.21962,-50.27345,-1.382011,0.6220971,-84.662056,-9.135413,2.684529,-53.774105,-4.7137384,12.344391,-57.222507,-4.8693905,1.6861751,-87.33185,-4.124502,-1.00806,-56.749966,-22.056978,16.777988,-5.539682,7.920557,0.907374,-53.97055,-6.731896,7.1339374,-83.44504,-2.0346904,-4.23075,-50.693287
36.040348,-57.997276,-24.773628,26.790777,-3.936753,-13.921478,-6.9599586,6.8519955,-27.027887,7.6273813,-6.0284424,-12.499562,3.953222,1.1357527,-28.945328,-2.6436825,0.7404244,-56.55103,-1.2279129,2.494475,-28.059673,-0.44007355,6.6739554,-39.38569,-1.3446279,0.5895513,-66.55596,-7.9833555,1.9255148,-40.512165,-4.6015773,11.891121,-44.172657,-4.5403366,1.3359275,-68.90814,-3.423432,-1.5023453,-44.223457,-21.143143,16.07317,-5.3192925,7.9849668,2.8164945,-40.77458,-6.2037306,6.3330717,-66.862434,-1.6525388,-4.311384,-40.24945
37.158077,-59.86138,-25.289948,28.294634,-0.31346834,-12.496537,-7.202775,7.0761337,-27.096493,8.044173,-6.199409,-10.467665,4.2077913,2.2806292,-32.702595,-2.7185526,0.7519777,-56.528515,-1.277577,2.5588162,-28.109848,-0.38339216,7.3645015,-46.789036,-1.3648514,0.5933617,-69.55298,-8.292358,2.1346135,-43.284336,-4.6426525,12.814885,-52.676704,-4.655626,1.4127684,-72.71101,-3.5380504,-1.4442443,-46.48631,-21.7313,16.568048,-5.4714937,7.9363484,2.820129,-49.0294,-6.354254,6.6008544,-70.377014,-1.6918827,-4.3975964,-41.861664
38.613487,-62.85426,-25.142597,30.289946,2.7151814,-11.615627,-7.6464267,7.4749184,-26.731174,8.731353,-6.5422635,-7.186559,4.4365253,2.9700704,-34.592487,-2.839223,0.77577335,-52.90608,-1.4018114,2.7152843,-24.860046,-0.36168236,8.022081,-50.55795,-1.3926287,0.58889455,-67.39523,-8.392149,2.0634146,-41.811367,-4.8169236,13.924548,-56.582672,-4.8055606,1.3877635,-71.75942,-3.492359,-1.633466,-45.362064,-22.827301,17.40226,-5.728775,8.303262,3.647211,-51.62741,-6.503621,6.7408094,-69.2222,-1.6159412,-4.687819,-40.44798
39.16533,-64.060326,-24.921013,31.155334,4.0252137,-11.287149,-8.130763,7.80113,-21.993534,9.824363,-6.973281,4.1133327,4.247883,1.579778,-27.875305,-2.8998096,0.81719995,-33.575745,-1.6724149,2.940299,-9.908663,-0.46671802,7.525204,-41.98982,-1.3876777,0.5508158,-46.11621,-7.276655,1.1074772,-25.902449,-4.9928627,14.155568,-46.87646,-4.685321,0.97478604,-51.90593,-2.6635034,-2.4138737,-30.729597,-23.45914,17.811764,-5.838793,8.685536,5.637158,-44.25013,-6.3184633,6.241253,-53.960022,-1.2047915,-5.106742,-29.294294
36.299152,-58.89546,-23.997206,28.677147,4.205517,-10.187346,-7.5478745,7.2242846,-19.883533,9.10042,-6.450209,4.173026,3.9933488,1.1992543,-27.272839,-2.738954,0.79631793,-30.074951,-1.5991001,2.7650723,-8.855878,-0.47100183,6.8612657,-38.68223,-1.3361583,0.53484905,-39.060856,-6.4114056,0.8297647,-20.629671,-4.6458607,13.058177,-42.674614,-4.315093,0.8488021,-44.18536,-2.233395,-2.4508147,-24.549532,-21.590218,16.379253,-5.414881,8.035578,5.3928943,-39.71623,-5.7085023,5.554821,-44.617928,-0.92726016,-4.8573437,-22.443762
34.06589,-55.25667,-22.08483,26.81625,2.8823776,-10.158515,-7.2059875,6.868203,-17.927248,8.650961,-6.128413,4.524848,3.7238784,0.5179351,-24.435093,-2.6275706,0.7858928,-25.467995,-1.5790441,2.6718035,-6.1170464,-0.49687064,6.3548465,-32.553055,-1.2983748,0.5202828,-31.283997,-5.690604,0.49362838,-14.572563,-4.452297,12.323425,-35.32335,-4.049955,0.71078044,-35.81382,-1.8828475,-2.5710952,-18.731329,-20.39856,15.460472,-5.137346,7.8446507,5.889828,-31.141804,-5.261993,4.9897294,-35.38978,-0.7000385,-4.743529,-16.15089
36.4799,-58.938347,-24.103008,27.924261,-1.3110762,-12.947974,-7.6113825,7.2693524,-20.053133,8.924945,-6.488924,1.410365,3.7574968,-0.18079485,-22.037941,-2.7293372,0.7926791,-30.842741,-1.5681833,2.7669973,-9.178896,-0.5374993,6.442901,-29.497614,-1.3337517,0.533391,-37.272846,-6.355054,0.65892607,-18.355215,-4.780278,12.558885,-32.233944,-4.341633,0.7907957,-41.368244,-2.2296948,-2.5475218,-23.288406,-21.742815,16.5227,-5.4425483,8.498231,5.6423283,-29.769388,-5.7631392,5.478219,-42.65612,-0.9415643,-4.9172907,-22.042528
39.98587,-64.74558,-26.64774,31.153845,2.2194035,-12.353826,-8.1596775,7.8778324,-23.257887,9.786484,-7.0560646,2.3539429,4.2221737,0.35293764,-28.12667,-2.9157035,0.8154371,-33.75082,-1.667934,2.9658782,-9.735827,-0.53020304,6.740175,-36.71267,-1.384152,0.53971845,-40.40793,-6.8421173,0.7222183,-19.679893,-5.1659245,13.346601,-38.96378,-4.678702,0.8197967,-44.559883,-2.2920809,-2.764791,-24.27968,-23.754957,17.996248,-5.902598,9.156601,5.373711,-34.82688,-6.197488,5.9103007,-45.324158,-0.94177115,-5.352643,-22.53756
41.777798,-66.643814,-29.4094,31.801376,1.1803539,-13.176072,-8.224574,8.029135,-25.778341,9.872474,-7.255389,0.74369645,4.2873015,0.0052394886,-28.244484,-2.969367,0.8265642,-35.566498,-1.7137234,3.0574164,-9.230023,-0.5622099,6.1198907,-36.260616,-1.4050089,0.5456059,-44.014614,-7.088912,0.7101951,-20.635147,-5.399061,12.358319,-37.569286,-4.860858,0.87241685,-48.051064,-2.4086392,-2.8287003,-25.5629,-24.313799,18.473543,-6.050725,9.481761,3.5844069,-34.174675,-6.4821754,6.1526017,-49.33891,-1.0177884,-5.4676065,-24.788591
41.51388,-66.27632,-28.655266,31.290846,-1.0669596,-14.236252,-8.294461,8.037048,-24.51577,9.867883,-7.2465057,0.9024617,4.139973,-0.6891877,-25.034527,-2.9526277,0.82364506,-33.86435,-1.6999617,3.0374568,-8.61696,-0.5872465,6.2134714,-31.01523,-1.3957171,0.54110277,-39.85214,-6.854664,0.55738187,-17.522982,-5.3942943,12.6527605,-32.120228,-4.792455,0.78074944,-43.472652,-2.2562757,-2.9299347,-22.831553,-24.293945,18.452717,-6.0299215,9.599322,4.6157393,-29.627815,-6.3826275,5.988156,-45.24613,-0.9460542,-5.5016313,-22.618166
37.09689,-59.6974,-24.068062,27.908834,-3.896694,-14.374685,-7.7369013,7.3891096,-20.370548,9.024716,-6.618307,0.8444968,3.6632898,-1.1531976,-19.13107,-2.7510004,0.7983129,-29.840578,-1.5997181,2.8148847,-7.782802,-0.58876276,6.071674,-23.79749,-1.3367213,0.53091186,-34.343613,-6.2195654,0.46779883,-14.978286,-4.9450436,12.155134,-25.170052,-4.378474,0.7184061,-38.02752,-2.1174061,-2.7205112,-20.843647,-22.087694,16.822613,-5.5258536,8.921847,5.683115,-22.882914,-5.809309,5.436145,-39.689728,-0.88758874,-5.052283,-20.389135
34.040966,-55.91044,-19.739326,26.008385,-5.442798,-14.441824,-7.3307643,6.9838543,-18.943106,8.549141,-6.2492585,0.901841,3.364925,-1.0421575,-14.528873,-2.6324031,0.7860327,-26.679327,-1.5739079,2.6964903,-6.2591853,-0.60048956,5.9254575,-18.153427,-1.2959683,0.5217514,-29.52259,-5.7361717,0.3750589,-12.074521,-4.7170134,11.552713,-19.234446,-4.0993094,0.6586149,-32.84529,-1.9764086,-2.6347363,-18.890055,-20.860178,15.883067,-5.2317524,8.667141,6.1736116,-16.57121,-5.3901377,5.059896,-34.247845,-0.80648637,-4.8092475,-18.405188
33.30941,-56.413864,-15.715263,26.39273,-6.4918804,-15.185985,-7.558567,7.164109,-18.122053,8.662565,-6.307252,-0.20196372,3.424953,0.39834547,-12.478808,-2.6763997,0.78430736,-27.191385,-1.571809,2.7111042,-7.84599,-0.5444129,7.7801456,-16.662882,-1.2962432,0.51952285,-26.659185,-5.720834,0.37228334,-10.71273,-4.7042427,13.584421,-18.83996,-4.100959,0.62673306,-29.813547,-1.9434708,-2.7053986,-18.231491,-21.283358,16.208654,-5.340776,8.921297,9.238364,-14.1360855,-5.2473884,4.9440827,-27.897717,-0.69123316,-4.9696846,-15.528287
36.82603,-61.678837,-19.628332,28.70981,-6.1809306,-15.990245,-7.871127,7.612186,-23.382727,9.072666,-6.7628903,-3.2851887,3.7799737,0.21140775,-17.544132,-2.8168254,0.79359573,-35.080547,-1.6032778,2.8551757,-10.844221,-0.5732707,7.477808,-19.65937,-1.3398948,0.5311915,-33.354973,-6.189725,0.41596752,-12.567742,-5.1252637,13.3644285,-20.78989,-4.4571366,0.71307623,-35.87866,-2.0581408,-2.8728216,-20.036726,-23.002058,17.49443,-5.7374735,9.681754,7.6761045,-14.726778,-5.7080264,5.3666677,-32.300022,-0.71904516,-5.3365583,-16.375376
41.25768,-67.94469,-24.764935,31.350393,-6.484968,-17.301407,-8.2823305,8.136383,-29.45286,9.334038,-7.193436,-9.977935,4.3096743,1.0341233,-25.717983,-2.9781477,0.7921219,-53.573483,-1.5001066,2.9300442,-22.273602,-0.52800274,7.9632525,-31.234516,-1.4098692,0.5710098,-56.09849,-7.80507,1.2023442,-28.23351,-5.470949,14.056851,-34.45119,-5.0312467,1.1124008,-58.33793,-2.9535854,-2.46694,-34.949936,-25.047855,19.02721,-6.2035193,10.096416,5.7827168,-28.41894,-6.6122546,6.4668365,-53.54729,-1.2217339,-5.464011,-29.975292
38.31505,-60.997707,-27.597008,28.352995,-2.8812056,-13.997707,-7.1830735,7.122165,-29.809807,7.7819815,-6.2316833,-16.03612,4.31711,2.4495955,-35.02658,-2.733388,0.7354049,-66.88877,-1.1678072,2.519097,-34.892155,-0.37980348,7.4143934,-48.01087,-1.3783084,0.6098428,-78.710464,-8.7405815,2.3585508,-48.6849,-4.739123,12.573203,-54.788258,-4.838334,1.594032,-82.067764,-3.8986404,-1.2363281,-52.523365,-22.115643,16.824469,-5.554892,8.026639,1.600542,-50.886818,-6.615599,6.9128075,-77.25449,-1.8601171,-4.3747797,-46.11859
38.212574,-60.447247,-28.043657,28.06007,-2.5596516,-13.704878,-7.013891,6.9770856,-30.930168,7.4241524,-6.0451455,-18.997082,4.38054,3.2451425,-37.40967,-2.7086086,0.7243766,-72.81532,-1.0811439,2.4305255,-39.817234,-0.31842512,7.7703466,-53.98162,-1.3823109,0.6267458,-88.403915,-9.293465,2.864199,-56.95684,-4.606891,12.700458,-62.103256,-4.8752494,1.7943021,-92.09434,-4.2962284,-0.8241501,-59.917736,-21.843891,16.609098,-5.4891305,7.6272097,0.7242759,-58.991405,-6.7321324,7.237064,-86.83839,-2.1057782,-4.1176333,-53.051502
38.149128,-60.28195,-27.820976,28.21603,-1.3352776,-13.045124,-7.010202,6.9571333,-30.513641,7.4365616,-6.0015845,-18.4373,4.4252443,3.8929348,-37.964985,-2.7104578,0.7254665,-73.16052,-1.0741134,2.4149668,-40.52323,-0.282128,8.102032,-57.032436,-1.3856769,0.6311128,-91.27121,-9.497703,3.0665064,-59.931053,-4.5441265,12.999424,-66.17262,-4.8804326,1.8587276,-95.21326,-4.4272976,-0.67203075,-62.47362,-21.783134,16.564138,-5.4740877,7.4025354,0.50661427,-64.19274,-6.774463,7.3781962,-90.68608,-2.1970224,-4.022962,-55.793262
36.474487,-58.091843,-26.137383,27.519588,1.2775037,-11.264748,-7.0063004,6.823745,-24.870457,7.8218737,-5.9633923,-8.727104,4.1339035,3.4608018,-31.798542,-2.6550007,0.7557655,-54.394764,-1.2868326,2.5137281,-26.18861,-0.31813687,7.5775247,-52.141174,-1.360821,0.60019577,-76.35912,-8.579652,2.4359813,-49.582996,-4.399437,12.567112,-60.846073,-4.633719,1.6164275,-81.963646,-3.9057071,-1.0435964,-52.808445,-20.966663,15.942228,-5.2700553,7.1573014,1.3085175,-60.35038,-6.435028,6.8515463,-81.343895,-1.9403777,-4.032011,-48.80135
36.864155,-59.680664,-24.828499,28.580948,2.8166578,-10.879739,-7.4217734,7.143415,-22.295948,8.68172,-6.3132577,-1.1308588,4.085068,2.8906572,-28.11538,-2.7255387,0.7861062,-42.646515,-1.4836822,2.6892827,-16.727962,-0.3735854,7.5580096,-47.690693,-1.3647823,0.5751891,-63.334137,-7.9340734,1.8567668,-39.525692,-4.5561028,13.135316,-55.64968,-4.599753,1.3620995,-69.53028,-3.3725915,-1.5776775,-43.54011,-21.687027,16.469273,-5.4191747,7.58371,2.9940443,-55.618008,-6.328415,6.5647883,-71.14953,-1.6361159,-4.3899627,-41.251484
36.739494,-59.29824,-25.358955,28.237638,2.2435486,-11.020092,-7.216483,7.0118103,-24.354315,8.182803,-6.1274,-6.3165283,4.1892567,3.4509578,-31.256905,-2.7034917,0.7658626,-50.451725,-1.361711,2.5892725,-23.297209,-0.32392496,7.9539986,-50.506313,-1.3646069,0.59167385,-70.36104,-8.296285,2.1925325,-44.632553,-4.487918,13.241758,-58.598217,-4.626857,1.4816729,-75.31851,-3.5997074,-1.3386219,-47.66487,-21.419975,16.305426,-5.3837137,7.448268,2.5632596,-57.733425,-6.338473,6.6617537,-74.46869,-1.729737,-4.2715774,-43.777103
37.09297,-59.874374,-25.410978,28.568422,2.1860895,-11.189772,-7.2384715,7.061369,-25.638428,8.090918,-6.12738,-8.86772,4.305695,3.6468794,-34.02769,-2.724588,0.75811154,-54.62019,-1.3190942,2.5719829,-26.630308,-0.3054857,8.2715435,-52.30507,-1.3695287,0.5977019,-72.606544,-8.42687,2.2866476,-45.912926,-4.517392,13.629004,-60.006454,-4.672539,1.5172294,-77.00757,-3.650897,-1.3140496,-48.70547,-21.685137,16.490547,-5.4446774,7.584017,2.887412,-57.171093,-6.3341627,6.6788063,-73.80964,-1.6976035,-4.33737,-43.14873
39.886333,-64.04905,-27.446012,30.504406,1.4757948,-12.403504,-7.5432982,7.454142,-30.543358,8.200435,-6.406279,-15.354088,4.6947236,3.9531932,-41.04798,-2.8511128,0.7504497,-68.1661,-1.236278,2.6125124,-36.00908,-0.27573317,8.834877,-58.876038,-1.4114606,0.62190795,-84.606415,-9.311069,2.730859,-53.748024,-4.7930264,14.460277,-66.3764,-5.01489,1.7143333,-88.18303,-4.081597,-1.1589272,-56.195484,-23.273014,17.64921,-5.800695,8.157063,2.5427067,-60.545647,-6.75747,7.213987,-81.484436,-1.8534763,-4.5566316,-47.867386
41.172245,-65.849236,-28.709633,31.34658,1.1141157,-12.961633,-7.701912,7.637689,-32.11854,8.311074,-6.5686436,-17.182772,4.822627,3.827679,-43.072075,-2.908771,0.7537078,-71.617584,-1.2294548,2.6581607,-38.01249,-0.28310537,8.811174,-60.46967,-1.4310346,0.62832654,-87.80843,-9.611997,2.8250113,-55.762028,-4.9364147,14.566468,-67.59443,-5.1635013,1.7731136,-91.67155,-4.241176,-1.1443098,-58.439507,-23.896473,18.131365,-5.9516525,8.4447775,2.256004,-60.598633,-6.968489,7.431379,-84.28972,-1.9344144,-4.6601696,-49.761654
37.510933,-59.428814,-27.319277,28.193472,0.776072,-11.823649,-7.0238986,6.934965,-28.142363,7.7459364,-6.043224,-12.716447,4.317699,2.3126256,-37.759182,-2.693556,0.739225,-61.35316,-1.21333,2.4914372,-31.405857,-0.3552403,7.0429564,-52.437305,-1.3646965,0.60425854,-75.82505,-8.482631,2.3658407,-47.57374,-4.5704603,12.309835,-58.634327,-4.678335,1.5475864,-79.45436,-3.7013996,-1.2297595,-50.11284,-21.5007,16.347233,-5.402459,7.6347666,1.3009543,-54.24793,-6.37044,6.7145457,-75.441444,-1.7403164,-4.2688003,-43.868618
37.04887,-58.709564,-27.273603,27.688755,0.52940583,-11.760455,-6.9108095,6.82719,-27.669647,7.685315,-5.9881425,-11.678667,4.1946216,2.0503736,-35.515236,-2.6567385,0.73968405,-59.160194,-1.2219617,2.4810188,-29.479605,-0.37471238,6.546876,-50.535416,-1.3566966,0.6015041,-74.85624,-8.400496,2.3104413,-47.043133,-4.535473,11.647954,-56.9245,-4.6304045,1.5267205,-78.59624,-3.690175,-1.2129288,-49.807755,-21.17406,16.085266,-5.318887,7.508177,0.6756861,-53.902023,-6.377226,6.6947074,-76.596954,-1.791652,-4.1708956,-44.768547
34.712124,-54.890766,-25.901312,25.842136,0.52812016,-11.008034,-6.5285087,6.4339905,-25.303947,7.336935,-5.6854,-9.682623,3.9285452,1.6055855,-32.24679,-2.5409758,0.7297619,-52.643032,-1.2160475,2.3936467,-25.68176,-0.40585476,5.989101,-44.342087,-1.3150884,0.58283293,-64.851585,-7.542142,1.893837,-39.65473,-4.313754,10.848618,-49.90815,-4.3205075,1.338217,-68.142296,-3.2347524,-1.3934486,-42.363335,-19.784393,15.053409,-5.011844,7.137333,0.9625251,-47.32398,-5.901262,6.0811963,-66.241234,-1.5423371,-4.046238,-37.71845
36.761078,-58.328934,-27.701231,27.272934,-0.41890907,-12.16013,-6.88486,6.8070025,-27.06917,7.758095,-6.0240164,-10.339981,4.059155,1.833112,-31.463486,-2.6451716,0.73827106,-55.16734,-1.2361463,2.4877388,-27.264727,-0.41561842,6.4357376,-43.32517,-1.341665,0.58553314,-65.9796,-7.802552,1.906485,-39.74776,-4.56771,11.413249,-49.27519,-4.5090413,1.3200171,-68.49327,-3.2449028,-1.5319641,-42.404873,-21.025549,15.971615,-5.2872033,7.5722694,0.9083076,-48.8074,-6.1712646,6.3232536,-67.45314,-1.5562766,-4.2936425,-38.594196
39.37518,-63.02718,-28.478361,29.503452,-0.46741146,-13.091835,-7.477534,7.363731,-27.659527,8.484656,-6.5185747,-8.848258,4.2395825,2.484025,-29.952923,-2.7955337,0.771111,-53.77357,-1.3694615,2.6956985,-24.593899,-0.4033108,7.380073,-45.012184,-1.3857692,0.58917046,-68.75249,-8.333054,1.9612823,-41.19837,-4.8611116,12.747118,-51.75591,-4.817112,1.3754929,-71.868645,-3.4433482,-1.6665485,-44.592365,-22.739662,17.246958,-5.664205,8.183799,1.8792654,-51.67993,-6.602014,6.752954,-71.79488,-1.6632494,-4.6097984,-41.48749
37.109814,-60.22418,-25.328093,28.449404,0.37763155,-12.214648,-7.3152537,7.1477394,-25.025105,8.3605995,-6.2965956,-6.4415193,4.1147766,2.6514482,-28.680244,-2.7276452,0.7667981,-47.9688,-1.3849692,2.6314898,-21.746464,-0.39455676,7.7305207,-42.142326,-1.3536034,0.5733289,-59.334404,-7.6265955,1.663654,-34.87505,-4.6508694,13.201965,-48.279747,-4.549684,1.2133577,-62.24547,-3.0360477,-1.8330097,-38.203213,-21.885242,16.57515,-5.4715433,7.9888773,3.8070707,-46.388836,-6.1150603,6.20775,-60.48017,-1.383544,-4.589562,-34.2809
37.966263,-61.284676,-26.110212,29.310976,1.5668287,-11.906071,-7.5644054,7.362811,-23.813488,8.93734,-6.588328,-0.9297575,4.0202394,1.3688437,-25.752502,-2.788301,0.7985238,-36.332417,-1.5848007,2.822259,-11.5643425,-0.4841649,6.6235023,-37.174767,-1.3619671,0.54997045,-47.937477,-7.0320187,1.0606656,-25.409252,-4.8826833,12.285874,-40.804142,-4.5629725,1.0018559,-52.168198,-2.6037962,-2.3318756,-29.798807,-22.3685,16.952887,-5.5789375,8.489237,3.3988,-38.593803,-6.108353,5.9591475,-52.990967,-1.1533473,-4.8889713,-28.097527
38.91011,-62.872223,-26.547985,30.01132,1.4354603,-12.281858,-7.7020745,7.5162816,-25.137789,9.0045805,-6.701932,-2.833228,4.1519704,2.0141876,-26.919949,-2.836072,0.80058974,-40.641357,-1.5670118,2.8510933,-14.288691,-0.4507153,7.1955214,-40.565205,-1.3830686,0.5631842,-54.730766,-7.593216,1.3524983,-30.788286,-4.9466195,12.917444,-45.22944,-4.7270875,1.1365776,-59.245125,-2.9496913,-2.1541088,-35.28711,-22.9542,17.379742,-5.7109337,8.590859,3.3976517,-42.85307,-6.3828583,6.325371,-59.9476,-1.3581855,-4.886849,-33.182022
37.098297,-60.013973,-25.281166,28.711409,1.7155344,-11.5885725,-7.3927693,7.2099094,-23.776196,8.701677,-6.4503922,-2.0091577,3.9911065,1.6649059,-26.009739,-2.7508125,0.7914244,-36.697598,-1.5528976,2.7722924,-12.384864,-0.46872357,6.782479,-36.900723,-1.3504131,0.5495248,-47.220333,-6.92887,1.0638268,-25.189281,-4.7750835,12.355351,-40.478836,-4.482456,1.0008347,-51.337914,-2.597361,-2.2775085,-29.640541,-21.91716,16.603043,-5.4809604,8.345638,3.725482,-37.240776,-5.9701667,5.8309994,-51.02749,-1.1334283,-4.805992,-27.145737
37.809483,-61.23586,-25.248062,29.49024,3.2491255,-11.095526,-7.6591306,7.4189315,-22.378933,9.225759,-6.6809754,2.0533257,4.043769,1.4899228,-25.605858,-2.8025773,0.8082148,-29.855917,-1.6615729,2.8776946,-7.5799513,-0.48438966,7.048245,-35.948338,-1.3545115,0.537611,-38.968437,-6.596781,0.7247135,-19.542513,-4.864042,13.072737,-38.84584,-4.4624066,0.82362115,-43.426662,-2.2948277,-2.605705,-24.179405,-22.405666,16.995214,-5.5937614,8.555274,5.1195145,-35.555534,-5.927824,5.6734605,-44.23279,-0.9631295,-5.04086,-22.417637
39.213997,-63.372437,-26.36024,30.172312,1.2572432,-12.474913,-7.8661513,7.6353607,-23.63577,9.444232,-6.902513,1.2836602,4.061358,1.0239834,-24.243881,-2.8573322,0.81469584,-31.83183,-1.6749115,2.9416468,-8.187837,-0.51768297,6.9004474,-34.21155,-1.3729378,0.54426515,-41.575233,-6.8929644,0.7650372,-20.896145,-5.059056,12.977781,-36.937325,-4.6123943,0.85011196,-45.641945,-2.4308991,-2.6334913,-25.93326,-23.144049,17.574492,-5.760229,8.90333,4.8553805,-34.971806,-6.1925087,5.928444,-48.01502,-1.0759201,-5.1480947,-25.458033
40.45028,-65.02971,-27.252937,30.613134,-1.0457227,-13.942259,-8.063867,7.846999,-24.609013,9.600663,-7.117564,0.024857998,4.049304,-0.42524672,-23.701412,-2.9091935,0.82431185,-30.00079,-1.7318164,3.0293818,-6.4059267,-0.5887183,6.4999385,-26.968882,-1.3753605,0.5315427,-32.950474,-6.337121,0.24316502,-11.975186,-5.3072653,12.795701,-26.689037,-4.6266875,0.64382243,-35.743465,-1.9535722,-3.1348438,-17.602161,-23.77787,18.056671,-5.9135747,9.650052,5.737937,-22.331312,-6.0582438,5.565701,-36.011017,-0.7380253,-5.536622,-16.697395
36.283924,-58.787006,-22.77604,27.285095,-4.6986995,-14.602569,-7.4146376,7.1896124,-22.276382,8.62415,-6.5038295,-2.1378918,3.5724201,-0.8099097,-17.195889,-2.7129884,0.79533184,-27.702251,-1.6136531,2.8038554,-6.710213,-0.60353076,6.2637033,-17.428064,-1.3144499,0.51962584,-26.546175,-5.663806,0.12027743,-8.468287,-4.933459,11.936876,-16.528435,-4.2152395,0.54644454,-28.62418,-1.7677042,-2.9770958,-14.574041,-21.739637,16.53001,-5.4368696,9.188273,6.3297105,-11.883674,-5.455857,4.9559016,-27.998398,-0.64853966,-5.1316576,-13.662615
34.65158,-56.901867,-20.01925,26.220724,-7.152328,-15.504849,-7.357723,7.0718517,-20.399899,8.476979,-6.345556,-1.7001516,3.365621,-1.1492171,-13.224714,-2.6613743,0.786008,-26.502676,-1.583582,2.736889,-6.307622,-0.6179195,6.2995014,-12.718865,-1.2952402,0.51470447,-24.193153,-5.4440536,0.09920078,-7.1277895,-4.849913,11.825118,-12.411544,-4.1002483,0.5268056,-26.48515,-1.7174648,-2.9135861,-14.064745,-21.246351,16.18599,-5.3218646,9.130125,6.825657,-8.40699,-5.279518,4.811038,-25.714775,-0.61294585,-5.0268965,-12.852167
32.703552,-55.72936,-14.536253,26.150576,-5.080257,-14.326431,-7.4356337,7.077019,-18.226707,8.640558,-6.258978,1.0016873,3.3737814,-0.16349253,-12.582005,-2.6631045,0.78765583,-21.717438,-1.6393346,2.7262807,-3.833921,-0.570756,7.2046494,-13.847697,-1.2797484,0.50602543,-17.868736,-5.084837,0.056115076,-3.5193143,-4.7307377,12.884842,-13.531815,-3.9414194,0.45207664,-20.587646,-1.4781173,-2.9753323,-11.039666,-21.020388,15.993114,-5.2837844,9.077693,9.078971,-6.7748423,-4.9431677,4.5751414,-17.984875,-0.4293302,-5.0580583,-8.312668
32.39675,-55.56642,-13.9464,26.172535,-5.1361766,-14.344955,-7.4893866,7.0985217,-17.19322,8.769238,-6.2697334,2.8225393,3.3477376,-0.029311746,-11.317146,-2.6598344,0.7891196,-19.926125,-1.6584439,2.7280457,-2.364488,-0.56876177,7.325207,-13.302174,-1.2763854,0.50433207,-16.567993,-4.9940434,0.022209786,-2.5378366,-4.717311,12.980598,-13.659841,-3.9228132,0.44756547,-19.690397,-1.4369882,-2.9894924,-10.420018,-21.012766,15.976412,-5.2763214,9.01373,9.290054,-7.935405,-4.9198427,4.570267,-17.756233,-0.40878382,-5.056741,-7.889282
33.201218,-57.61244,-13.07976,27.583878,-3.0900629,-13.790492,-7.7912645,7.384945,-17.234385,9.309836,-6.5167303,5.5422964,3.5032573,0.30830795,-12.59529,-2.7385309,0.802281,-18.206425,-1.7447422,2.8278415,-0.32212174,-0.56705314,7.538943,-15.822131,-1.2928843,0.5018804,-15.607011,-5.0535946,-0.013486784,-1.7778767,-4.8722806,13.411199,-16.14943,-4.0258884,0.43534577,-19.218044,-1.3971555,-3.1064394,-9.9118805,-21.889889,16.598845,-5.4630065,9.306139,9.479963,-9.710021,-5.042973,4.7159023,-18.015312,-0.36786368,-5.2482376,-7.5387387
34.600063,-59.89533,-14.1550045,28.746422,-1.8741028,-13.620158,-8.036772,7.626909,-17.930166,9.665134,-6.738944,6.1963844,3.666206,0.5892034,-14.539057,-2.809667,0.81342345,-18.575903,-1.7910494,2.9100006,-0.3140403,-0.5570458,7.8655553,-18.946688,-1.312125,0.5035227,-16.852781,-5.2765408,0.018872105,-2.853521,-4.990934,14.049799,-19.53874,-4.1559267,0.44961298,-20.742846,-1.462643,-3.1618423,-10.877249,-22.675138,17.16557,-5.6369233,9.488874,9.748717,-13.052698,-5.2290797,4.9068274,-19.7542,-0.39455736,-5.398403,-8.511858
35.59909,-61.011375,-17.000898,29.062572,-1.2049339,-13.418986,-7.9656305,7.6195188,-19.743555,9.558051,-6.784643,4.187252,3.7678723,0.97735137,-16.767128,-2.8216207,0.8137821,-22.120132,-1.7640203,2.9246907,-2.7984562,-0.5461642,7.8618894,-22.093472,-1.3251257,0.5115073,-22.190514,-5.6391506,0.1422,-6.7749968,-5.0039725,14.011653,-23.026667,-4.2609706,0.52199185,-25.831226,-1.6825551,-3.0770988,-14.114277,-22.77982,17.262238,-5.670797,9.392314,8.983671,-17.325788,-5.4354444,5.093799,-24.968761,-0.5359079,-5.3683414,-12.099517
36.058624,-62.12266,-15.242443,30.042408,0.31262845,-12.947494,-8.154151,7.8262777,-20.63694,9.761968,-6.9142375,3.3851976,3.9695811,1.3435626,-20.05973,-2.8869843,0.8150408,-23.91847,-1.7835022,2.975836,-3.9964833,-0.52629155,8.287445,-24.236227,-1.3362796,0.50984114,-21.110733,-5.644517,0.11302229,-5.8777456,-5.116313,14.672518,-24.247326,-4.3269396,0.49284148,-24.438719,-1.6053646,-3.1937149,-13.132814,-23.365005,17.716515,-5.825053,9.757042,9.762984,-14.921565,-5.418565,5.0688715,-20.990606,-0.420259,-5.573174,-9.309833
36.102844,-62.60041,-13.529097,30.646156,1.201364,-12.682214,-8.277357,7.9559603,-20.907167,9.950477,-6.992058,3.9736137,4.0653853,1.6620934,-21.007832,-2.920779,0.815454,-24.563854,-1.7972753,3.0005016,-4.1241097,-0.51895416,8.520971,-24.871727,-1.3399993,0.50656515,-20.044926,-5.589266,0.08650274,-4.8266473,-5.1901665,14.924801,-24.553167,-4.3491535,0.46836197,-22.974968,-1.5102234,-3.2766325,-12.01682,-23.693655,17.988707,-5.9111395,9.969506,10.053747,-13.729396,-5.376562,5.037931,-18.523088,-0.3263081,-5.694964,-7.4136877
36.957012,-63.68233,-14.565969,31.088415,1.0887115,-12.9158,-8.346392,8.051613,-22.031227,10.005596,-7.0903,2.8948903,4.124692,1.2941091,-22.124481,-2.954348,0.81849325,-25.925005,-1.799804,3.0296376,-4.970422,-0.53258914,8.340435,-24.846064,-1.3503287,0.5092062,-20.314524,-5.650941,0.085708134,-4.574679,-5.295283,14.794715,-23.783916,-4.4038763,0.44950092,-22.822891,-1.478549,-3.3409715,-11.571175,-24.005867,18.243,-5.9964075,10.154822,9.747766,-12.675734,-5.4565854,5.099787,-18.390467,-0.3224998,-5.7781854,-7.170542
36.175343,-62.3574,-14.775969,30.231203,-0.096280605,-13.193831,-8.202679,7.883194,-20.79751,9.862004,-6.955754,4.083597,3.9594655,0.9790651,-19.344315,-2.8987794,0.81632185,-23.47614,-1.7912191,2.9799826,-3.299127,-0.5408385,8.0859165,-22.283813,-1.3353901,0.5063985,-18.752241,-5.4368734,0.031854838,-3.1010916,-5.191428,14.343403,-21.73644,-4.3015294,0.4325815,-21.228424,-1.3862498,-3.3197312,-10.217619,-23.463074,17.803288,-5.858804,9.883503,9.530111,-12.880474,-5.339651,4.985031,-18.01773,-0.2996153,-5.656143,-6.543056
35.91099,-61.115063,-16.823797,29.46165,-0.08786021,-12.865657,-8.005805,7.68819,-20.005758,9.662731,-6.816138,4.880277,3.869896,0.7527446,-18.843906,-2.8396351,0.81225544,-22.430843,-1.7644205,2.9292147,-2.5523324,-0.5412066,7.618305,-22.220623,-1.3241413,0.5055942,-19.788591,-5.3407755,0.006145112,-3.4888098,-5.0713525,13.675445,-22.387966,-4.241413,0.44759652,-22.183258,-1.3641431,-3.2704546,-10.012867,-22.853304,17.340384,-5.7138867,9.501835,8.548117,-15.8685,-5.2992196,4.916453,-20.204504,-0.3112241,-5.51724,-7.1004577
36.975903,-60.717197,-22.32324,28.674236,-1.1703312,-13.161618,-7.7095146,7.4557467,-21.092867,9.294412,-6.7020984,3.5815482,3.74616,-0.2276021,-18.80803,-2.7732234,0.80634576,-24.606554,-1.6975378,2.8716147,-3.6262074,-0.57914585,6.339523,-21.84804,-1.3212037,0.5118133,-24.94579,-5.4902573,0.066989906,-6.3894763,-5.0333467,12.014539,-22.298098,-4.2564163,0.4989445,-26.50054,-1.4557661,-3.1684163,-11.458568,-22.338568,16.970112,-5.5780177,9.123104,5.7515125,-20.064318,-5.45364,5.0078087,-27.42594,-0.44331086,-5.3283305,-10.8565445
38.914886,-63.009563,-24.698992,30.362555,0.4424593,-12.927339,-8.045604,7.7719226,-22.223145,9.487859,-6.879928,1.229605,4.08019,0.42864785,-24.828411,-2.8718925,0.80594087,-30.22643,-1.6805868,2.9340835,-6.9561706,-0.535869,6.890614,-29.166487,-1.3551757,0.5242176,-31.910954,-6.041191,0.31212854,-10.963773,-5.175827,12.76627,-29.866316,-4.514798,0.66803515,-35.149525,-1.7695756,-3.0767655,-16.344206,-23.311691,17.678022,-5.8053274,9.437067,5.2406363,-23.596933,-5.7382317,5.3301682,-32.01956,-0.51163065,-5.496162,-12.21081
39.00141,-62.773598,-25.044855,30.30129,0.7382739,-12.730317,-7.971786,7.7252126,-23.021406,9.28465,-6.814423,-0.9863968,4.141149,0.6119766,-26.800507,-2.8682659,0.79977757,-32.68173,-1.6389093,2.9086509,-9.18359,-0.51472056,7.004557,-31.052502,-1.3576033,0.52959526,-34.14893,-6.2181416,0.43463784,-13.110693,-5.1475034,12.848383,-31.421453,-4.5322104,0.7078741,-37.26033,-1.8848767,-2.9871488,-18.011635,-23.18414,17.618595,-5.7944274,9.403079,5.129078,-23.824823,-5.7599382,5.3662486,-32.98514,-0.5627793,-5.4545603,-13.128018
39.825817,-63.841053,-26.204529,30.749474,0.8722659,-12.872681,-8.098898,7.8407526,-23.111689,9.490465,-6.9323416,-0.28266418,4.1817656,0.6159015,-26.80598,-2.899403,0.8040183,-32.32221,-1.6556631,2.9428196,-8.899441,-0.5181121,7.049774,-31.33155,-1.3650866,0.52941483,-33.88447,-6.2528954,0.41172078,-12.742508,-5.2138124,12.988454,-32.051117,-4.5845222,0.69897485,-36.941998,-1.8571961,-3.0431716,-17.469862,-23.523634,17.878439,-5.871874,9.448072,4.994431,-25.72765,-5.8387227,5.4328766,-33.30298,-0.5499357,-5.5332236,-13.119208
40.635174,-65.151245,-26.57016,31.468397,1.5053983,-12.801935,-8.235797,7.978067,-23.504297,9.664224,-7.051133,0.012903273,4.272757,0.63189286,-28.057526,-2.9384642,0.8108269,-32.367863,-1.6864048,2.9919298,-8.447071,-0.5179653,7.1993713,-32.295033,-1.3755084,0.52909505,-33.69092,-6.2994766,0.3701074,-12.243891,-5.2873173,13.346782,-32.762665,-4.6460524,0.68570054,-36.74603,-1.8245809,-3.1378176,-16.843643,-23.970406,18.199768,-5.9676375,9.649705,5.3957896,-25.352886,-5.8937335,5.459788,-32.483704,-0.509737,-5.6563096,-12.066395
40.635174,-64.951,-28.285404,31.375286,3.0340466,-11.927167,-8.155864,7.89058,-22.802162,9.761136,-7.0344253,2.7721448,4.2281227,0.93344694,-27.59267,-2.920372,0.8185298,-29.004375,-1.7278197,3.0016928,-6.130554,-0.51116824,7.1120915,-33.935497,-1.371032,0.5251388,-33.27781,-6.1544476,0.3169703,-11.626972,-5.195181,13.269157,-35.52208,-4.592387,0.6687374,-35.97465,-1.7059054,-3.1679814,-15.51331,-23.722002,17.968025,-5.895145,9.251278,4.996389,-31.26015,-5.850986,5.425314,-33.788025,-0.47423318,-5.5982523,-11.81688
39.769142,-63.432354,-28.79186,30.683535,4.4004726,-10.857597,-7.901704,7.6554418,-22.360777,9.445017,-6.829779,2.2606835,4.2223186,1.2619474,-29.491055,-2.8625145,0.8110306,-29.984072,-1.6829609,2.9326806,-7.6135674,-0.48506624,6.978303,-37.11815,-1.3608,0.5274516,-35.80614,-6.2172337,0.43837708,-14.437993,-5.015656,12.986795,-39.06092,-4.519001,0.72086036,-38.498432,-1.8112378,-2.9977162,-17.413769,-22.98898,17.39304,-5.732792,8.787042,4.5345945,-35.071606,-5.783544,5.3941627,-36.29934,-0.55171514,-5.3956094,-13.50249
40.51528,-64.79712,-29.190386,31.456028,5.444163,-10.600916,-8.034599,7.792624,-23.041609,9.61029,-6.934893,2.0884552,4.365654,1.484778,-32.12631,-2.9031734,0.8153602,-32.486973,-1.6944315,2.9659212,-9.105719,-0.4709308,7.0633335,-41.272114,-1.3759255,0.5343502,-39.991096,-6.5521135,0.60553235,-17.802094,-5.079254,13.167235,-43.419647,-4.6316423,0.8013271,-43.112774,-2.0030074,-2.914718,-20.721521,-23.427013,17.706512,-5.833913,8.870461,4.303519,-38.531746,-5.959538,5.633284,-40.673176,-0.6523366,-5.427601,-16.414688
38.877445,-61.949284,-28.173355,29.951704,4.5239553,-10.4787655,-7.67025,7.456939,-23.022533,9.07679,-6.645378,0.09912282,4.2263436,1.3982811,-31.3807,-2.8166761,0.80144763,-35.21208,-1.6184025,2.8660724,-11.091099,-0.45880312,6.5632195,-42.51748,-1.3658051,0.5446079,-46.36231,-6.8701363,0.90353465,-23.87,-4.8986773,12.274103,-45.272823,-4.585443,0.94945514,-50.475487,-2.3947332,-2.527176,-26.88352,-22.381592,16.993805,-5.620881,8.414066,3.1703482,-40.87872,-6.035807,5.8107977,-49.09806,-0.95162475,-5.055333,-23.410168
39.499672,-62.71379,-28.838034,30.425966,5.120451,-10.34428,-7.747035,7.5489354,-23.261435,9.328676,-6.781343,1.6517729,4.2727737,0.5492012,-32.818466,-2.8425884,0.8076435,-32.4174,-1.658957,2.907227,-8.885228,-0.5042936,6.182718,-39.62307,-1.3620868,0.53379226,-38.245384,-6.364522,0.53691775,-16.809147,-5.002126,12.26663,-40.82497,-4.526241,0.7676825,-41.398792,-1.9789813,-2.8733172,-19.885868,-22.644218,17.193878,-5.685326,8.71792,3.9319258,-34.779728,-5.858229,5.4914055,-39.317364,-0.6732955,-5.2935677,-15.917474
38.082558,-60.91202,-26.890518,29.447632,2.623416,-11.307913,-7.6620626,7.41723,-22.275517,9.092919,-6.6438947,0.8052285,4.1038027,-0.41845557,-31.136871,-2.7978182,0.8006266,-33.44495,-1.6180642,2.8523762,-9.400848,-0.5338336,5.690894,-36.985935,-1.3561454,0.53708756,-39.64597,-6.4466705,0.62000483,-18.463202,-4.94751,11.835987,-37.959793,-4.5001984,0.8396894,-44.310474,-2.210425,-2.6807606,-23.007536,-22.220917,16.88016,-5.5828176,8.740358,4.0905128,-30.467133,-5.8800454,5.541134,-42.291904,-0.82549715,-5.126803,-18.872385
36.891617,-59.773453,-24.13483,28.642485,-1.4020443,-13.234349,-7.6502967,7.383597,-22.382818,8.871158,-6.5593214,-1.8517243,3.9402964,-1.1829282,-28.267143,-2.775478,0.7887846,-36.909367,-1.5654004,2.8057625,-11.392429,-0.5643468,5.290973,-33.347687,-1.3538623,0.5448466,-43.024307,-6.6825113,0.7874499,-21.336578,-4.9983387,11.2202015,-33.991394,-4.539113,0.9475789,-48.970676,-2.5300534,-2.450883,-27.841808,-22.173477,16.845217,-5.5643764,9.00752,3.8106322,-24.814133,-5.9887195,5.7235107,-46.735107,-1.0184853,-5.0000563,-23.461327
35.451305,-57.456223,-22.368423,27.129448,-4.9080715,-14.594531,-7.3894825,7.1705594,-22.74548,8.478004,-6.3876033,-3.6700664,3.6666954,-2.0431256,-23.279873,-2.7086282,0.7798445,-36.10624,-1.5422785,2.7522411,-10.470745,-0.6185111,4.589527,-25.241034,-1.3312652,0.5376998,-39.5601,-6.286852,0.6000753,-17.651651,-4.994274,10.045298,-24.586262,-4.4135485,0.8740957,-44.37841,-2.3504386,-2.5232513,-24.807976,-21.51831,16.397024,-5.428,9.153612,3.2982454,-15.303072,-5.7901015,5.460885,-42.332058,-0.93846774,-4.929652,-21.156254
35.65478,-58.0912,-22.202847,27.265905,-5.0490317,-14.728204,-7.3849463,7.1947746,-22.88402,8.672993,-6.482527,-1.3913568,3.5649395,-1.9529446,-18.793045,-2.7156363,0.7872594,-30.120655,-1.6127679,2.8006432,-6.008652,-0.65932006,4.6744184,-17.92207,-1.3179423,0.52169216,-29.469633,-5.608554,0.15004057,-8.80308,-5.0749826,9.982151,-16.492277,-4.282322,0.6339965,-32.5377,-1.7762431,-2.9428043,-15.656144,-21.670921,16.494694,-5.4478393,9.36158,3.8115716,-9.924604,-5.5400467,5.0719132,-31.813044,-0.62590456,-5.133391,-13.841062
40.62225,-66.52967,-24.592485,31.030779,-5.997215,-16.882162,-8.408121,8.170383,-25.027674,9.914312,-7.361923,-0.46449125,3.9166396,-1.9947748,-18.811134,-2.9765866,0.82514566,-30.3193,-1.765188,3.1006231,-4.687574,-0.6825853,5.9137673,-16.506157,-1.3814862,0.5210682,-27.33896,-6.00327,-0.046367586,-5.5790243,-5.6759806,12.101477,-14.879016,-4.7160544,0.54818606,-30.351858,-1.7094527,-3.4283702,-13.409057,-24.802578,18.835857,-6.134313,10.67037,5.5363007,-8.608217,-6.072479,5.488684,-29.629791,-0.53641534,-5.8669767,-12.11752
39.93983,-65.283226,-23.866035,30.661663,-5.3071814,-16.30523,-8.275012,8.054473,-24.666647,9.762183,-7.239105,-0.31735736,3.8963597,-1.7720612,-19.05563,-2.9483912,0.82115924,-29.677677,-1.7540189,3.0664613,-4.3533673,-0.66907924,5.8562865,-16.69734,-1.3725705,0.51894486,-26.576397,-5.8462095,-0.061257757,-4.89766,-5.606931,11.818836,-14.733418,-4.641243,0.52824026,-29.071539,-1.6087968,-3.4290378,-12.156424,-24.35525,18.536938,-6.0506105,10.529196,5.2264953,-8.129297,-5.931036,5.3483186,-27.865032,-0.4634301,-5.816719,-10.63512
33.999683,-57.06351,-17.352737,27.185198,-2.197544,-13.146956,-7.29544,7.1040664,-21.817999,8.66754,-6.371116,-0.019010603,3.557467,-0.39247078,-17.465809,-2.7014112,0.7878528,-24.26231,-1.659264,2.7808607,-3.9795356,-0.5988887,6.0852647,-16.437595,-1.2936741,0.507013,-19.381947,-5.0148315,-0.044571687,-2.658612,-4.926027,11.407619,-14.368682,-4.0324793,0.42761087,-21.243664,-1.3165427,-3.1434593,-8.90834,-21.359356,16.267296,-5.375898,9.289403,6.235608,-6.5575485,-5.053286,4.600163,-18.705885,-0.33036527,-5.2016335,-6.7237267
34.882217,-58.492466,-18.235903,27.807617,-1.4329512,-13.032173,-7.396592,7.220508,-22.721786,8.820013,-6.4918666,-0.27014464,3.6496508,0.06453121,-18.22871,-2.7435548,0.79563576,-24.121958,-1.6859077,2.8231995,-4.295113,-0.5793324,6.5767865,-18.127398,-1.303082,0.50798905,-19.327246,-5.1254206,-0.008801203,-2.7993083,-4.9676557,12.07212,-16.107624,-4.076312,0.41169465,-20.829336,-1.3064185,-3.1922436,-8.739906,-21.793962,16.574162,-5.470991,9.345269,6.7795444,-8.717816,-5.117845,4.684051,-18.382132,-0.33891478,-5.281498,-6.7082343
33.406807,-56.04863,-17.526863,26.91845,-0.08566029,-11.870887,-7.147568,6.9604926,-21.238575,8.642718,-6.2725544,1.6867723,3.5528042,0.55206263,-17.41793,-2.6707897,0.7907327,-21.287937,-1.6735585,2.7522938,-3.1932755,-0.5595552,6.595256,-19.21881,-1.2815995,0.50380063,-17.94058,-4.9094095,-0.0066984333,-2.738184,-4.7510934,11.912352,-17.821787,-3.9142318,0.39421183,-19.408022,-1.2369795,-3.0957067,-8.236292,-20.906925,15.885697,-5.2673025,8.796244,6.738344,-12.364304,-4.917998,4.5232544,-18.145004,-0.3256629,-5.0769944,-6.754216
36.673035,-60.969734,-21.040365,29.408066,2.268164,-11.5887165,-7.7572,7.5126243,-21.584003,9.50987,-6.7838297,4.596381,3.8896809,0.8177159,-21.180237,-2.816998,0.81802845,-22.39427,-1.7690301,2.9367514,-2.8474987,-0.54491127,6.9820576,-26.846653,-1.3310091,0.5125914,-24.478222,-5.6311216,0.13623744,-7.6363006,-4.994775,13.024549,-26.867853,-4.2691555,0.50480556,-26.985596,-1.5700167,-3.1283722,-13.071883,-22.492058,17.076054,-5.632258,9.079625,6.8583856,-22.619204,-5.494098,5.1060753,-27.715887,-0.52632797,-5.3335457,-12.209695
39.67459,-65.364235,-24.111122,31.39341,2.2463515,-12.454623,-8.277844,7.9959116,-22.69933,10.100503,-7.2077255,4.8229103,4.1350756,0.42270753,-24.003033,-2.9468217,0.8330823,-25.844366,-1.806472,3.0679066,-3.959004,-0.5549438,7.068243,-30.742924,-1.3742273,0.52313244,-29.934376,-6.2246675,0.2788627,-10.993708,-5.2789555,13.654965,-31.484716,-4.589516,0.6061896,-33.498516,-1.8368737,-3.160661,-16.733997,-23.995018,18.221567,-5.9727864,9.544846,6.6887655,-27.246727,-5.979657,5.590633,-34.441242,-0.6703012,-5.5895715,-15.849164
40.42331,-65.67846,-25.789602,31.574406,1.4772367,-12.944972,-8.286919,8.040547,-24.088793,9.9609,-7.226808,1.9400613,4.235094,-0.19367307,-27.188648,-2.9658072,0.82425284,-31.25443,-1.7464454,3.0568173,-7.105648,-0.57286096,6.4876943,-31.79672,-1.3879114,0.5326746,-33.99713,-6.463191,0.3711926,-13.320807,-5.3811293,13.013456,-31.7642,-4.70569,0.6855322,-37.950718,-2.0033066,-3.099115,-18.95958,-24.13715,18.370474,-6.0309114,9.739967,5.568557,-25.439505,-6.1383357,5.712946,-37.12829,-0.7343731,-5.6213527,-17.17457
36.996483,-60.26599,-22.747118,29.38056,1.1568854,-12.121921,-7.7198005,7.4933753,-23.319557,8.878842,-6.565773,-3.4536333,4.162858,0.19446056,-31.14,-2.8131187,0.78183615,-38.948364,-1.543842,2.803681,-13.966855,-0.5160617,6.20765,-34.971386,-1.3552122,0.5439701,-40.98679,-6.563182,0.7443369,-19.533436,-5.0317287,11.966277,-34.275715,-4.526235,0.8734288,-45.235588,-2.3187754,-2.6019907,-24.926329,-22.357172,17.050869,-5.650053,9.213604,4.34497,-22.952574,-5.821829,5.5189495,-39.760654,-0.80954945,-5.1800733,-18.966982
38.578335,-62.63395,-25.141737,29.926743,-0.42956662,-13.260862,-7.983689,7.712075,-22.377895,9.406236,-6.877275,0.13113774,4.0705147,-0.95892084,-27.491066,-2.865388,0.8077694,-31.899353,-1.6630602,2.9308567,-8.107784,-0.58885384,5.893509,-27.988863,-1.3619733,0.5279853,-31.755816,-6.1139517,0.24985996,-11.620559,-5.202311,12.248945,-27.26402,-4.5427647,0.68444765,-35.968975,-1.971769,-3.0148373,-17.742828,-23.112974,17.553507,-5.7805486,9.596777,5.4031835,-18.288269,-5.840044,5.3407006,-32.85908,-0.6317707,-5.461093,-13.875713
37.346947,-60.59988,-23.458702,28.761429,-2.9428868,-14.189031,-7.680566,7.49124,-23.7996,9.011683,-6.7322526,-1.9015383,3.8585908,-1.3971152,-22.982582,-2.8128211,0.8006883,-31.48884,-1.6471996,2.8952405,-6.9056945,-0.63679105,5.2301908,-20.82424,-1.3476433,0.5260895,-29.401834,-5.8395557,0.1102551,-8.738287,-5.2283325,10.9380865,-18.317402,-4.440474,0.62948,-32.7386,-1.8544991,-3.068414,-15.569552,-22.572056,17.178583,-5.6672482,9.778699,4.566352,-9.035914,-5.7150497,5.169054,-30.268202,-0.61946815,-5.3788924,-12.992826
41.72663,-67.514946,-26.265572,32.168716,-2.2951093,-15.215265,-8.289417,8.19362,-28.77431,9.646072,-7.3591447,-5.8534703,4.326823,-0.7765973,-27.918621,-3.0301552,0.8167933,-38.60908,-1.7071693,3.1156595,-10.680387,-0.6360737,6.108467,-24.37942,-1.4079845,0.5386656,-34.11921,-6.5027847,0.15644667,-10.733852,-5.7331486,12.210671,-20.867668,-4.8669004,0.6591145,-36.70386,-1.9985411,-3.3412328,-17.220695,-24.946815,19.022928,-6.2322006,10.852717,4.8782234,-8.724821,-6.237026,5.626561,-31.78783,-0.62889755,-5.9317374,-13.563574
42.56137,-68.97664,-26.596903,32.889675,-2.6406238,-15.712991,-8.459693,8.359887,-29.353361,9.871472,-7.5078726,-5.6172824,4.369183,-0.6762778,-27.49857,-3.0753078,0.82235,-38.667244,-1.7408912,3.1681623,-10.309793,-0.63952035,6.4011593,-24.439342,-1.4165057,0.53780097,-34.05956,-6.5382032,0.13512135,-10.040703,-5.830487,12.621685,-21.173788,-4.93536,0.65212,-36.562492,-1.9505326,-3.4292564,-16.740156,-25.553215,19.426714,-6.3494835,11.050203,5.189526,-9.255428,-6.296871,5.6947002,-31.253601,-0.58213115,-6.060885,-12.788395
38.8615,-64.13026,-21.496405,31.001913,-1.5089631,-14.269809,-7.9947,7.875556,-26.93719,9.342349,-7.0165167,-4.4043527,4.13395,-0.0741793,-25.558388,-2.9394,0.80444765,-34.589054,-1.7025584,3.009099,-8.942723,-0.60756046,6.528974,-23.07685,-1.3694344,0.52776474,-28.787949,-5.9515886,0.10434698,-7.4721637,-5.4741488,12.361462,-19.640297,-4.581443,0.5879796,-31.221764,-1.7148782,-3.3045819,-14.050059,-23.969234,18.224127,-5.9821353,10.486552,5.9251294,-6.465073,-5.73496,5.215668,-24.766497,-0.4265396,-5.76005,-9.248645
39.835705,-64.61298,-24.416895,31.141003,-1.4027789,-14.23225,-8.013434,7.894001,-26.803265,9.386289,-7.06229,-3.7421322,4.166458,-0.2185293,-26.055191,-2.9434373,0.80955917,-34.519493,-1.6975617,3.021092,-8.52393,-0.61040634,6.254345,-24.01658,-1.3762296,0.528862,-30.448423,-6.0414944,0.108948775,-8.181881,-5.4885845,12.022944,-20.996851,-4.6335893,0.61287665,-32.72546,-1.7454988,-3.3078659,-14.249155,-23.962257,18.247162,-5.989852,10.3461075,5.0118628,-9.93142,-5.8427544,5.2916837,-27.451105,-0.46264732,-5.755968,-10.07841
39.3601,-63.68754,-25.10237,30.27424,-2.9236536,-14.803485,-7.9918017,7.8142424,-25.432644,9.410973,-6.995035,-1.4834884,3.995932,-1.4546126,-24.276855,-2.8915925,0.8100466,-34.18102,-1.6900985,2.9803352,-7.054371,-0.6417311,5.2199416,-24.550528,-1.3697382,0.5306342,-34.98758,-6.1840754,0.26128218,-11.066891,-5.4363194,10.9538765,-22.553753,-4.6459866,0.72160506,-37.968204,-1.9220848,-3.101462,-17.919573,-23.68032,17.967468,-5.893485,10.074964,3.6533136,-13.803815,-5.9710293,5.502551,-35.6546,-0.62958646,-5.5544734,-14.465547
38.817184,-62.7877,-24.719694,29.828026,-3.0141413,-14.664444,-7.920361,7.7304773,-24.681438,9.339667,-6.9237823,-0.8912617,3.9345238,-1.5210226,-23.346012,-2.8667052,0.8088062,-32.80939,-1.6871321,2.9588645,-6.242703,-0.6400436,5.1269674,-23.920345,-1.3628465,0.52890503,-34.119316,-6.112872,0.25559577,-10.802407,-5.3792276,10.789393,-22.079977,-4.5940185,0.71081233,-37.266407,-1.9069266,-3.0717564,-17.593473,-23.356155,17.742908,-5.8268247,9.940411,3.6123848,-13.8394985,-5.9200177,5.454965,-35.473682,-0.6400714,-5.4845357,-14.566102
38.438942,-62.264565,-24.21437,29.805595,-1.7754734,-13.932743,-7.881176,7.674731,-24.04867,9.249753,-6.8335495,-1.091749,3.9874227,-1.1471146,-25.331661,-2.850819,0.80252296,-33.39145,-1.659967,2.9227061,-7.3287635,-0.6114198,5.4249797,-26.436956,-1.3581617,0.53038794,-34.54609,-6.136215,0.32277498,-11.810598,-5.289304,11.157506,-24.82505,-4.5596695,0.7296703,-37.99265,-1.9440585,-3.0017786,-18.357044,-23.144224,17.588228,-5.7789054,9.790905,3.9697914,-15.377592,-5.8429346,5.402491,-34.880806,-0.6250184,-5.4391418,-14.238516
36.599884,-60.06919,-21.359648,28.67625,-2.3893328,-13.850234,-7.7449975,7.5037346,-21.958315,9.332965,-6.7404895,3.2943463,3.7250547,-1.5384853,-19.407185,-2.791555,0.80721706,-26.3256,-1.7161638,2.9036846,-2.1274579,-0.6448982,4.9922056,-20.799557,-1.3339152,0.517194,-27.563848,-5.6177444,0.10614499,-7.1120677,-5.1941857,10.591376,-19.699675,-4.3659115,0.60258317,-31.057827,-1.6647015,-3.0906682,-14.268278,-22.505907,17.085135,-5.626613,9.561743,4.253672,-13.476055,-5.6335654,5.18843,-31.417213,-0.5625771,-5.3263144,-12.804048
32.562294,-54.875313,-14.40444,25.656532,-6.8419476,-15.059541,-7.479467,7.0490623,-16.051674,8.738805,-6.207039,4.097117,3.1738524,-1.169414,-9.0868,-2.631054,0.7925209,-17.065071,-1.6741173,2.714935,0.12671204,-0.60028553,6.6423693,-9.580906,-1.266746,0.49507362,-13.764602,-4.6683455,-0.12306981,0.30604625,-4.7278547,12.203873,-9.700969,-3.8494196,0.38153985,-16.586554,-1.2065438,-3.0852075,-7.2584577,-20.84548,15.84612,-5.2129335,9.055581,8.452338,-4.8611,-4.7967467,4.404853,-15.74998,-0.27229577,-5.0620375,-5.295298
33.34621,-55.958176,-16.298428,26.194153,-4.9170117,-14.222588,-7.590817,7.142688,-15.791197,8.84237,-6.281096,4.0246735,3.3260033,-0.487958,-11.850489,-2.6614845,0.79567033,-18.094566,-1.67523,2.7493465,-1.1712255,-0.5571403,7.204907,-14.46383,-1.2805389,0.49879545,-17.174164,-4.955859,-0.032414634,-2.9511971,-4.691141,13.054503,-15.819041,-3.9432523,0.43132272,-20.376442,-1.3503343,-3.0396967,-9.502761,-21.03086,15.999375,-5.2732787,8.87148,8.77257,-11.545025,-4.9576664,4.5516725,-19.241411,-0.34732997,-5.083321,-7.2635036
32.17775,-53.657314,-16.643488,25.050173,-4.792077,-13.703437,-7.257947,6.838882,-15.977037,8.3504715,-6.008887,1.6284469,3.2835896,-0.25676456,-13.3560915,-2.5830462,0.7746497,-22.958752,-1.5466883,2.620541,-5.6518335,-0.53565705,6.9645886,-16.958351,-1.2704355,0.508663,-22.903814,-5.230727,0.23581973,-8.439139,-4.4914722,12.597618,-18.93283,-3.881827,0.53431296,-25.895658,-1.6395942,-2.7190132,-14.273485,-20.1336,15.360189,-5.081281,8.375595,7.966112,-15.157864,-4.967173,4.6184664,-25.01538,-0.55336404,-4.7820253,-12.143527
34.661232,-57.104343,-20.1964,26.667627,-2.0685914,-12.9053135,-7.5677657,7.14929,-16.636713,8.916958,-6.332288,4.3501596,3.4826088,-0.40517822,-16.615513,-2.669652,0.79551756,-20.363405,-1.6461664,2.742359,-3.54471,-0.5323897,7.0151668,-20.502855,-1.2898959,0.5026391,-20.996117,-5.163295,0.07991304,-6.0475497,-4.6462,13.16572,-22.833344,-3.9938414,0.4549815,-23.47454,-1.3808545,-2.9981833,-10.66517,-21.092289,16.037224,-5.289452,8.510312,7.8869042,-20.477207,-5.1000047,4.6915116,-23.67508,-0.40449804,-5.0582733,-9.065545
36.211178,-59.773865,-21.469685,29.109245,3.1597486,-10.999181,-7.8723755,7.4817505,-17.694218,9.728828,-6.6744227,9.677541,3.8464222,0.515278,-21.960835,-2.7761254,0.81305647,-19.399168,-1.7588136,2.8718774,-0.1549122,-0.52237755,6.866296,-29.471231,-1.3187922,0.5059992,-23.51015,-5.3660517,0.14477172,-6.74784,-4.8269625,13.1763315,-32.411243,-4.1813545,0.5392709,-27.131895,-1.4117537,-3.0765057,-11.784082,-22.243526,16.775848,-5.5227385,8.643441,6.7984314,-28.997787,-5.334346,5.013089,-27.98462,-0.39058098,-5.264973,-9.613793
39.329338,-65.61914,-21.834692,31.939808,4.213103,-11.617135,-8.548099,8.1394205,-19.426567,10.665223,-7.2551346,11.343154,4.146242,0.26655185,-24.476608,-2.955812,0.83994555,-19.52333,-1.8788112,3.0696225,0.5607684,-0.53734195,7.4374323,-31.460926,-1.3580775,0.50339746,-21.564129,-5.5798483,0.0632387,-4.568819,-5.2113023,14.583361,-33.964817,-4.440262,0.47782016,-25.110699,-1.3088884,-3.392163,-10.148322,-24.307896,18.321156,-5.9839215,9.481816,8.229404,-29.26432,-5.6170225,5.2815576,-25.631119,-0.286248,-5.7606015,-7.428437
38.998844,-64.7188,-23.137411,31.614672,4.9699645,-10.982732,-8.238775,7.931178,-21.495554,10.15819,-7.057792,6.625238,4.262842,0.9044203,-28.66426,-2.9190273,0.817008,-27.39579,-1.7711883,2.982931,-5.4625454,-0.5115879,7.3531475,-34.84561,-1.3570101,0.519739,-28.857225,-5.853307,0.27691996,-9.152679,-5.133345,14.029196,-36.835155,-4.462794,0.5949179,-31.267664,-1.5279367,-3.2009537,-13.88458,-23.753536,17.923828,-5.8898783,9.273802,6.9055395,-30.264763,-5.624373,5.3112445,-28.855753,-0.36304092,-5.6269975,-9.325349
38.378654,-64.218575,-21.816689,31.502943,5.431631,-10.632738,-8.152699,7.861669,-21.73973,10.040813,-6.979278,5.9552526,4.257142,0.9963142,-29.25589,-2.9057417,0.8138275,-27.743523,-1.7615247,2.95907,-6.176006,-0.5074727,7.392229,-34.759365,-1.3508993,0.5191858,-27.950514,-5.7660217,0.2821018,-8.577523,-5.0977874,14.03428,-36.024128,-4.40411,0.5729649,-29.95917,-1.4709578,-3.201757,-13.242675,-23.52217,17.779152,-5.8501024,9.2874565,7.1814528,-28.196802,-5.506926,5.2087812,-26.612562,-0.3140323,-5.6098647,-8.086143
37.12201,-61.78086,-21.846977,30.195679,4.682529,-10.480691,-7.8348064,7.5611277,-21.21833,9.612593,-6.7180705,5.133341,4.1242313,0.7396468,-28.633545,-2.8208117,0.8016629,-28.364109,-1.7010942,2.8629289,-6.871064,-0.5076359,6.9189925,-34.133484,-1.3331839,0.52147585,-29.561674,-5.7075024,0.3506711,-10.039662,-4.9352274,13.239256,-35.48789,-4.295109,0.60919213,-31.482178,-1.5336236,-3.040907,-14.39702,-22.59326,17.105568,-5.644163,8.918061,6.403853,-28.31377,-5.3990626,5.118008,-28.392021,-0.37644687,-5.376912,-9.472044
37.284897,-62.512592,-21.244812,30.618687,4.843582,-10.574313,-7.9878736,7.682939,-20.781925,9.838728,-6.819727,6.3787975,4.1454453,0.84112334,-28.025928,-2.8527257,0.81001806,-26.870281,-1.742787,2.9088662,-5.582965,-0.5061503,7.127296,-34.411743,-1.3402538,0.5195098,-28.87926,-5.7507496,0.34090135,-9.76775,-4.98473,13.606453,-36.00863,-4.33704,0.6102067,-31.382572,-1.5537155,-3.0699022,-14.552203,-22.92883,17.350378,-5.717407,9.037212,6.859366,-28.840225,-5.4574966,5.1885633,-28.6456,-0.38583028,-5.4415183,-9.791408
36.153057,-61.151257,-19.921543,29.981642,4.616071,-10.45824,-7.9230666,7.5785065,-19.092117,9.855948,-6.7397118,8.767812,4.000312,0.69683295,-25.264164,-2.8162775,0.81308687,-22.612892,-1.7669954,2.8886461,-2.7900507,-0.5181689,6.9804206,-31.751308,-1.3255169,0.50995904,-24.716055,-5.45187,0.22405308,-7.210759,-4.904284,13.404851,-33.69767,-4.217699,0.54681665,-27.49278,-1.4119955,-3.099689,-12.286511,-22.500645,17.028736,-5.6149697,8.879553,7.1316876,-27.793053,-5.309732,5.0368137,-26.269703,-0.33650294,-5.3701897,-8.554991
36.445244,-60.558613,-22.318535,29.483166,5.0558167,-10.01268,-7.705753,7.408136,-19.736618,9.520031,-6.603193,6.7886214,4.0269995,0.9259541,-27.147385,-2.7728875,0.8014419,-25.523155,-1.6994772,2.8266196,-5.3119974,-0.49634993,6.9006,-33.971558,-1.3198062,0.516274,-28.440403,-5.5721493,0.32582062,-9.851761,-4.7972217,13.122212,-36.43173,-4.2036543,0.5941516,-30.444199,-1.4872863,-2.9941363,-13.718456,-22.053082,16.691437,-5.515756,8.529179,6.262379,-31.612162,-5.313779,5.035805,-28.79823,-0.38474485,-5.247686,-9.788428
35.91509,-59.640118,-21.741943,29.156729,5.7805004,-9.515023,-7.6715875,7.347473,-18.58053,9.563622,-6.57195,8.823449,3.9445047,0.66162574,-25.927635,-2.7535024,0.80650693,-21.134647,-1.7310712,2.8321223,-2.3490477,-0.50800604,6.700154,-32.46926,-1.3109539,0.50654596,-23.503662,-5.285434,0.16485754,-6.834728,-4.7410617,13.062312,-34.756096,-4.1122565,0.50819564,-25.92475,-1.3159499,-3.0850074,-10.747816,-21.775507,16.4807,-5.450738,8.427828,6.6661954,-30.284096,-5.198661,4.8714905,-25.52506,-0.31676075,-5.233501,-7.6470466
37.242695,-61.809483,-20.507841,29.59544,0.88049847,-12.465431,-8.017662,7.652727,-19.102264,9.797222,-6.812203,7.6420555,3.8181076,-0.14273588,-20.26664,-2.8185842,0.81948495,-19.452963,-1.7765003,2.909028,-0.7432451,-0.54620147,7.1728067,-24.174967,-1.3184502,0.49860936,-18.230099,-5.148057,-0.02236231,-2.1504428,-4.981298,13.708652,-25.728336,-4.173992,0.4033877,-20.6482,-1.1330644,-3.3314838,-7.388474,-22.904463,17.276772,-5.6600046,9.19082,8.156769,-21.352491,-5.22408,4.8499303,-19.888956,-0.20309114,-5.5006804,-4.662288
36.3325,-60.61932,-19.878998,28.406666,-2.6521778,-13.95831,-7.881025,7.5080166,-18.878674,9.406913,-6.668358,4.865073,3.6198213,-0.4853037,-16.333096,-2.7718039,0.81065345,-20.40537,-1.7246711,2.8582377,-1.7758684,-0.56847095,7.112615,-18.49391,-1.3080211,0.49940357,-18.108402,-5.1276646,-0.052357007,-2.0920384,-4.948823,13.34054,-19.691263,-4.129785,0.4066345,-20.425646,-1.225585,-3.266114,-8.00582,-22.444387,17.003431,-5.565659,9.25784,8.247332,-15.7957325,-5.1818113,4.75856,-19.40016,-0.2629523,-5.400396,-5.620307
34.171955,-57.68798,-16.710903,27.230045,-2.4114857,-13.357776,-7.596664,7.23771,-18.369757,9.052182,-6.4102526,4.071553,3.5131621,-0.3081412,-15.57212,-2.7067494,0.79848236,-19.769588,-1.6873336,2.7720156,-2.2702026,-0.56645465,6.9055357,-17.500748,-1.287567,0.49885693,-16.128784,-4.9779234,0.00719361,-2.1375873,-4.8065777,12.889423,-17.863659,-3.970764,0.39670742,-18.85726,-1.258858,-3.115162,-8.449692,-21.571728,16.375317,-5.389297,9.063591,8.381176,-12.386778,-4.9855657,4.6166997,-17.492126,-0.3070889,-5.198208,-6.2112875
34.346313,-58.068863,-16.62307,27.590029,-1.931606,-13.214449,-7.661435,7.2996974,-18.435835,9.1325865,-6.4603124,4.1991906,3.5792263,-0.0037159873,-16.572378,-2.727796,0.80096585,-20.12518,-1.7028015,2.7995336,-2.0762932,-0.55484205,7.1584644,-19.08521,-1.2938524,0.50010765,-17.122652,-5.048894,0.016711473,-2.6717064,-4.8185973,13.2551155,-19.710806,-4.021836,0.4308625,-20.413158,-1.3122782,-3.1191676,-9.236482,-21.759985,16.509893,-5.4330797,9.104203,8.691859,-13.308686,-5.021752,4.6559925,-17.834166,-0.2999608,-5.247772,-6.0786505
44.278492,-70.244446,-31.200098,33.798096,3.567246,-12.6732645,-8.75457,8.482181,-24.545868,10.475318,-7.557736,2.7511516,4.5320683,1.2054735,-29.701359,-3.0891001,0.84069896,-30.033934,-1.8134072,3.1826203,-6.4969125,-0.49421465,7.9831276,-36.79108,-1.4137056,0.5290147,-34.35905,-6.5224752,0.31371522,-11.573417,-5.5269265,14.713302,-38.635693,-4.8804097,0.64694065,-36.44387,-1.6767724,-3.424937,-14.831914,-25.540047,19.342812,-6.320707,9.835592,5.8352003,-34.98117,-6.2078333,5.7473335,-34.120262,-0.43479285,-6.023377,-11.222584
43.508133,-69.30202,-30.128508,33.408764,3.7617242,-12.429363,-8.650442,8.376226,-24.172802,10.396623,-7.4630938,3.274003,4.469834,1.1569362,-29.190178,-3.0579073,0.8358001,-28.924212,-1.8030154,3.1415887,-6.1113954,-0.49868703,7.902363,-35.629894,-1.4003899,0.52487767,-31.75647,-6.2906,0.2584875,-9.811112,-5.4564757,14.628589,-37.347256,-4.7757316,0.5993992,-33.616978,-1.5411761,-3.4425552,-13.108203,-25.25554,19.092424,-6.2414546,9.744085,6.1007867,-33.522762,-6.042918,5.59501,-31.209818,-0.36120987,-5.978467,-9.405949
44.380924,-70.69294,-30.895725,34.084724,3.9078262,-12.637885,-8.8091345,8.526387,-24.490585,10.640395,-7.610245,4.1508303,4.5285425,0.949482,-29.81063,-3.0972424,0.843768,-28.91392,-1.8346511,3.1921086,-5.446145,-0.5101465,7.8504868,-36.446484,-1.4117854,0.5251005,-32.27445,-6.3860416,0.2506863,-9.817461,-5.5497627,14.778412,-38.325684,-4.8576365,0.61074585,-34.41641,-1.5644379,-3.4930031,-13.374099,-25.771646,19.462471,-6.344718,9.907198,6.0985365,-34.55959,-6.15951,5.707975,-32.381218,-0.36836404,-6.077123,-9.722989
43.572792,-69.733986,-30.095312,33.522465,3.3774276,-12.708902,-8.708238,8.430144,-24.232,10.518463,-7.5353518,4.1233397,4.449896,0.74556774,-28.73376,-3.0678427,0.84131193,-28.810421,-1.8245763,3.1696029,-5.1904907,-0.52248925,7.5826545,-35.278404,-1.4059763,0.5247321,-32.490894,-6.3770027,0.25443566,-10.280184,-5.51062,14.377327,-37.0218,-4.82511,0.6181344,-34.940556,-1.6262745,-3.4328723,-14.152044,-25.411533,19.232697,-6.275643,9.846495,5.84633,-33.26573,-6.154205,5.697596,-33.379486,-0.4252814,-5.988527,-10.933763
42.501278,-68.29073,-28.724367,32.80476,1.8735077,-13.220268,-8.592299,8.317057,-24.274961,10.227688,-7.406505,1.9949502,4.3818684,0.59076834,-28.216385,-3.0333548,0.8326045,-31.823072,-1.7751088,3.1257377,-7.0179954,-0.5322928,7.2759433,-34.47415,-1.4040753,0.5303421,-36.181057,-6.5859156,0.37547573,-13.375012,-5.4836698,13.75974,-35.721577,-4.8462763,0.7190341,-39.58446,-1.91606,-3.2323108,-18.257349,-25.006367,18.971,-6.2018332,9.884188,5.250266,-30.161581,-6.2245135,5.7918496,-37.305428,-0.58706665,-5.8433475,-14.458324
39.448177,-63.361866,-26.24696,30.388723,0.892049,-12.718177,-8.016362,7.755637,-22.842236,9.412271,-6.879422,0.26219937,4.126905,0.31481865,-27.066135,-2.874045,0.8074772,-32.091125,-1.66361,2.9342089,-8.305431,-0.52942735,6.7374163,-31.91967,-1.3625216,0.52927876,-35.193886,-6.2611237,0.41326827,-13.648876,-5.1542926,12.738103,-32.674393,-4.5648518,0.7212269,-38.445557,-1.908025,-2.999079,-18.456266,-23.233215,17.662962,-5.805758,9.331702,4.9527674,-26.080322,-5.839998,5.4333425,-35.175232,-0.58974934,-5.459807,-14.044038
40.37386,-64.705345,-27.34447,30.968777,0.7843047,-13.011336,-8.193383,7.916098,-22.862083,9.687808,-7.0446253,1.2823412,4.1728683,-0.033295326,-27.139305,-2.9173775,0.8153567,-31.343885,-1.6989172,2.9904277,-7.4936237,-0.55026895,6.586722,-31.104998,-1.3732104,0.5287415,-34.010162,-6.234393,0.3128673,-12.191151,-5.272607,12.762372,-31.722307,-4.6322403,0.68926316,-37.187233,-1.84377,-3.1164267,-17.1774,-23.691078,18.004032,-5.9130025,9.5077095,4.9195704,-26.073832,-5.935568,5.482482,-34.77034,-0.5567619,-5.5893006,-13.473519
40.523876,-64.77595,-27.743984,30.843618,0.25600618,-13.235469,-8.178117,7.8940525,-22.692533,9.598955,-7.011442,0.71819067,4.1437206,-0.078264125,-26.535461,-2.9054806,0.8123764,-31.638845,-1.6785767,2.9749238,-7.8814287,-0.5455205,6.712847,-30.410612,-1.3707886,0.5282185,-34.13468,-6.2494164,0.3215039,-12.379911,-5.2480755,12.880443,-31.337955,-4.620072,0.67973125,-36.98613,-1.8270006,-3.1171725,-16.915304,-23.644857,17.973589,-5.8935184,9.468946,4.994426,-26.285355,-5.92037,5.452914,-34.584858,-0.5509435,-5.5750375,-13.250004
41.266937,-65.356,-29.481995,30.940838,0.34874246,-13.228748,-8.09609,7.8695474,-24.254879,9.493305,-7.0233183,-1.140401,4.2006416,0.011272304,-27.991398,-2.9090598,0.8081715,-34.888405,-1.6387417,2.9614818,-10.435933,-0.53870535,6.5851207,-32.345047,-1.3774781,0.53591985,-37.888447,-6.506175,0.46160156,-15.292507,-5.263313,12.675512,-33.341797,-4.6687155,0.7182375,-39.990982,-1.9501209,-3.0364323,-18.973045,-23.673069,18.034975,-5.9112387,9.369047,4.2723217,-29.302795,-6.0546107,5.610043,-38.214035,-0.66253865,-5.526983,-16.005215
41.018547,-65.2721,-29.180582,30.960396,0.53552383,-13.146852,-8.145843,7.8867455,-23.411514,9.612549,-7.0508575,0.51203066,4.150696,0.30053043,-26.158539,-2.9173648,0.8173132,-31.070522,-1.6957824,2.9960055,-7.8855658,-0.53211325,6.918968,-31.505426,-1.3763607,0.53100926,-35.232597,-6.355996,0.368629,-13.429038,-5.2389994,13.079973,-32.887993,-4.638419,0.6852192,-37.813442,-1.8610587,-3.103076,-17.293447,-23.689747,18.030771,-5.9088907,9.324224,4.9055233,-29.790316,-6.003156,5.5533166,-36.634113,-0.6157918,-5.5510964,-14.934417
39.30493,-63.248325,-26.43923,30.173063,0.63439775,-12.75783,-7.8877983,7.6724477,-23.738817,9.227151,-6.8333426,-1.426565,4.0994635,1.1434615,-25.237286,-2.870768,0.80749375,-31.649706,-1.6601193,2.9318902,-9.047619,-0.4988697,7.3364663,-31.431343,-1.3630121,0.53265715,-35.597183,-6.3775253,0.49004084,-14.945289,-5.1033173,13.146217,-32.6326,-4.5393133,0.71218705,-38.37663,-1.9739436,-2.9399767,-19.046167,-23.095337,17.584145,-5.781409,9.174228,5.2675385,-27.986162,-5.867756,5.48401,-36.162453,-0.6851541,-5.3784246,-16.207357
40.960037,-65.77315,-28.367893,31.32012,1.1107056,-12.995978,-8.146646,7.9423122,-24.660177,9.772898,-7.18419,1.0800121,4.1908755,0.4414057,-25.975819,-2.9460714,0.82910776,-29.930729,-1.7611616,3.0691233,-6.313262,-0.5489879,6.8139954,-31.99138,-1.3859208,0.5330254,-35.664368,-6.507992,0.3417249,-14.105933,-5.315351,13.042455,-32.740612,-4.7046723,0.69798386,-38.73707,-2.018057,-3.103948,-18.988447,-23.957203,18.226507,-5.9766946,9.4949465,5.2008677,-28.947592,-6.1520348,5.698518,-38.854042,-0.74036336,-5.57262,-17.797373
40.213463,-64.56627,-27.747438,30.974163,2.1512532,-12.294027,-7.944909,7.7509255,-25.10617,9.50219,-6.9896536,-0.1434662,4.230853,1.2801232,-28.112862,-2.8957953,0.8139369,-36.166824,-1.6641786,2.967511,-10.635161,-0.5086866,6.721288,-38.788662,-1.3880534,0.55113494,-47.01545,-7.2080545,0.9030041,-24.40688,-5.1510134,12.701375,-41.451977,-4.7557125,0.9620986,-51.636597,-2.6280272,-2.5538802,-29.394318,-23.572172,17.881573,-5.8587294,9.005508,3.8199344,-37.985962,-6.3733153,6.148425,-52.55565,-1.1364632,-5.2008305,-27.832619
38.596413,-62.328148,-26.282053,29.794212,1.4658222,-12.144692,-7.576907,7.4189196,-26.288229,8.70129,-6.567512,-6.4075804,4.295562,2.3759444,-32.073364,-2.8115778,0.7825254,-49.2474,-1.4610457,2.7658777,-20.536404,-0.41265658,7.2696905,-46.81599,-1.3868759,0.58187103,-64.66235,-8.120548,1.7408433,-38.688766,-4.858453,12.922625,-52.259373,-4.8080754,1.3528636,-69.87412,-3.4142458,-1.7770565,-43.38098,-22.762512,17.226315,-5.6715183,8.388021,2.8997645,-47.1932,-6.5171986,6.6146636,-68.145805,-1.5755991,-4.7056823,-38.947792
38.45376,-62.022182,-26.063366,29.603508,1.0108278,-12.32039,-7.555585,7.3830166,-26.350376,8.553417,-6.479533,-8.046234,4.351741,2.5890923,-34.057945,-2.7990878,0.7717432,-53.290462,-1.399235,2.7035203,-23.93409,-0.38199562,7.6617045,-48.967358,-1.3845061,0.5887739,-68.21822,-8.2567215,1.9224178,-41.18417,-4.7927637,13.361444,-55.227985,-4.8145714,1.4360331,-73.41642,-3.5244374,-1.6331493,-45.687172,-22.643417,17.175756,-5.653828,8.263188,3.202725,-49.473034,-6.4888473,6.672588,-69.5652,-1.5945524,-4.6533933,-39.690403
39.37302,-64.10511,-25.546038,30.724457,0.99700564,-12.835431,-7.8413243,7.6468096,-27.471601,8.801865,-6.64722,-9.449039,4.5494514,2.9443247,-37.23914,-2.8791306,0.7727909,-57.570293,-1.3981168,2.746537,-26.873564,-0.35961068,8.312815,-52.387085,-1.4043989,0.5957599,-71.433624,-8.538381,2.0624797,-43.23068,-4.915555,14.355409,-58.78654,-4.9635706,1.5199933,-77.29278,-3.6760552,-1.603672,-48.36875,-23.535181,17.82977,-5.8535137,8.603587,4.108248,-50.628395,-6.606023,6.8592086,-70.6035,-1.5866557,-4.828673,-40.29619
37.486015,-62.45826,-21.451897,30.619806,3.5761867,-11.331633,-8.118846,7.7236886,-20.665106,9.656172,-6.779841,3.2810454,4.260975,1.8297468,-30.864754,-2.8709931,0.8126204,-36.29329,-1.6771603,2.9097326,-10.327233,-0.42681235,7.5369444,-46.728184,-1.3856082,0.55581474,-52.64391,-7.4441204,1.2888151,-30.12053,-4.8893876,14.05555,-52.296505,-4.746905,1.2312794,-61.345123,-3.0516765,-2.1000264,-37.225754,-23.237522,17.557142,-5.759084,8.671649,5.6345415,-43.993168,-6.274343,6.335541,-58.832294,-1.2448668,-4.9926734,-31.469442
38.133507,-63.42983,-21.728287,31.138063,3.985442,-11.311579,-8.256974,7.852778,-20.959978,9.721885,-6.846694,2.3039558,4.3831463,1.9592113,-33.108646,-2.9117105,0.81363577,-37.178673,-1.683928,2.9355545,-11.486231,-0.41538298,7.995725,-47.015892,-1.3905038,0.55409384,-50.58448,-7.2835064,1.160276,-27.595587,-4.9458475,14.742097,-51.775883,-4.7678866,1.1766881,-58.43558,-2.8595405,-2.2820225,-34.325928,-23.587946,17.813618,-5.8518267,8.9062195,6.6528172,-41.5558,-6.158579,6.1550794,-53.124073,-1.0423895,-5.198437,-26.855381
37.973225,-63.588318,-20.636436,31.530842,5.2055297,-10.785543,-8.509082,8.005839,-18.11539,10.219433,-6.996549,7.431247,4.3350935,1.5076314,-31.382328,-2.9386797,0.829461,-28.50468,-1.7860425,3.0074742,-6.1192546,-0.4415092,8.121717,-43.8873,-1.3818386,0.5322732,-39.162037,-6.6553583,0.73862106,-19.561422,-4.979587,15.3521805,-48.00814,-4.6535025,0.95099795,-47.033146,-2.3698268,-2.6533196,-26.402405,-23.73399,17.942223,-5.893076,9.033956,8.215724,-38.272717,-5.935271,5.814108,-42.845234,-0.75547385,-5.414816,-19.583069
40.139908,-66.71314,-22.663319,33.09528,6.3269353,-10.832591,-8.868351,8.364386,-18.799892,10.734741,-7.325337,8.747696,4.512894,1.3187976,-33.044594,-3.0334904,0.8431269,-27.576992,-1.8515602,3.1197088,-5.179953,-0.4574064,8.191867,-44.362186,-1.4019153,0.52826023,-36.51302,-6.6304655,0.56863827,-16.74139,-5.2096744,15.764792,-48.016552,-4.7867794,0.8635565,-43.72077,-2.172153,-2.940717,-23.165115,-24.79449,18.73603,-6.1359286,9.45,8.31026,-38.53825,-6.073044,5.8579817,-39.788673,-0.62069595,-5.731863,-16.53638
40.855373,-67.05579,-24.851484,33.09882,6.8690686,-10.554247,-8.798978,8.334376,-19.177464,10.757668,-7.3512297,9.598415,4.490246,1.0063964,-32.46869,-3.021267,0.8431426,-25.678135,-1.8567892,3.1185834,-3.907848,-0.47553888,7.753419,-42.632374,-1.3947256,0.5220486,-33.29266,-6.3825436,0.41007042,-13.731694,-5.236751,15.195102,-45.98697,-4.736934,0.7590953,-39.24873,-1.9115361,-3.1073163,-19.038937,-24.750261,18.693611,-6.119243,9.385694,7.466881,-38.847565,-6.0187325,5.7274127,-36.97715,-0.5153843,-5.776721,-13.976303
42.28734,-69.313324,-25.98995,34.173985,7.1347265,-10.864259,-9.0418825,8.585895,-20.1242,11.117582,-7.5944047,10.295438,4.6024537,0.8299727,-33.17981,-3.0907493,0.8529887,-25.925842,-1.8980623,3.1977708,-3.4625416,-0.49106282,7.798391,-42.96489,-1.4118495,0.5220528,-32.91234,-6.4774313,0.36600354,-12.878303,-5.404691,15.483154,-46.21185,-4.8486943,0.72881424,-38.466293,-1.8537182,-3.251926,-18.020506,-25.530382,19.290236,-6.2998476,9.696447,7.5770307,-39.2503,-6.168903,5.8500237,-36.74172,-0.4880426,-5.9669576,-13.337523
42.32319,-69.56055,-26.00389,34.169777,6.803068,-11.054874,-8.973787,8.558076,-21.562813,10.93874,-7.550137,7.964923,4.65454,1.0770216,-34.488976,-3.0907667,0.84649384,-30.32806,-1.8605095,3.1790917,-6.0194893,-0.48302314,7.746671,-44.942593,-1.4188724,0.53316635,-38.620342,-6.8111534,0.56883967,-16.75316,-5.4157534,15.220865,-48.142704,-4.921946,0.8414186,-44.189194,-2.107976,-3.0852485,-22.285286,-25.56723,19.310064,-6.308188,9.722458,6.939723,-40.189102,-6.284356,6.025645,-41.46434,-0.6178418,-5.897945,-16.757215
41.61294,-68.321266,-25.954908,33.3541,6.165754,-11.060513,-8.712402,8.34605,-22.25889,10.589139,-7.378595,6.262138,4.582225,1.1525126,-34.059677,-3.0381558,0.8377874,-32.13502,-1.8152045,3.1180837,-7.113381,-0.4747399,7.59888,-44.78458,-1.4100296,0.538505,-41.368317,-6.888685,0.678653,-18.776894,-5.3111815,14.802988,-48.086834,-4.86954,0.8905574,-46.565117,-2.214233,-2.9435518,-24.016006,-25.047937,18.91724,-6.1854405,9.511176,6.4436555,-40.323147,-6.2468224,6.0226574,-43.765232,-0.6996691,-5.7315483,-18.5449
40.076176,-65.25708,-26.266838,31.604342,4.9157596,-11.033078,-8.201805,7.910322,-22.996376,9.800393,-6.989026,2.2765594,4.4384494,1.6166152,-33.25248,-2.927813,0.81616443,-35.36032,-1.6976207,2.9686928,-10.459415,-0.44922334,7.6734824,-43.332127,-1.3836585,0.54176795,-43.561554,-6.7843723,0.7764229,-20.447683,-5.0596766,14.335564,-46.775375,-4.7033443,0.92036164,-47.659077,-2.232307,-2.765734,-24.660849,-23.834904,18.012941,-5.91533,9.031104,5.9722314,-39.614517,-6.005475,5.797923,-43.238285,-0.71576375,-5.4558277,-18.737703
39.546066,-64.05126,-26.400692,30.731642,2.5303698,-11.998129,-7.9343214,7.7144184,-24.858244,9.317489,-6.8276067,-1.7697266,4.3383775,2.0115395,-31.008999,-2.8802066,0.80147123,-41.867474,-1.5909044,2.8832061,-14.764388,-0.4338953,7.520956,-43.602154,-1.3871541,0.5602538,-53.829815,-7.426112,1.2346743,-28.826893,-4.999307,13.612659,-48.373306,-4.7751565,1.1257005,-58.23666,-2.7714303,-2.3181367,-33.327496,-23.464191,17.725973,-5.8276153,8.778019,4.283801,-43.386696,-6.2842755,6.221749,-55.58769,-1.1272247,-5.1186395,-28.665527
38.69943,-62.342457,-26.332125,29.983963,2.7674463,-11.557721,-7.742426,7.5300946,-24.188086,9.094386,-6.682941,-1.3885198,4.223487,1.8081322,-29.904335,-2.8315697,0.8011521,-39.534595,-1.595294,2.8576562,-13.039463,-0.44048437,7.023773,-43.233604,-1.3782974,0.5583021,-53.56164,-7.382004,1.2354931,-29.31871,-4.9118156,12.839033,-47.585392,-4.7051926,1.1291417,-58.44122,-2.8191116,-2.2383993,-33.78389,-22.852922,17.267284,-5.6910644,8.56426,3.4867191,-42.788937,-6.2547417,6.181567,-57.180695,-1.2017711,-4.957333,-30.081772
38.221012,-60.667877,-27.595413,29.316484,3.5911002,-10.770543,-7.6035166,7.371936,-22.43495,9.057135,-6.5945907,1.2836325,4.1168394,0.9296411,-29.64206,-2.7828796,0.8029557,-33.966053,-1.6280067,2.8499198,-9.366521,-0.47924483,6.132429,-41.14646,-1.3602872,0.54467916,-46.866905,-6.8557177,0.9013638,-24.17614,-4.85886,11.807203,-44.088562,-4.562641,0.98504937,-51.719322,-2.4860222,-2.4464216,-28.116941,-22.120792,16.779835,-5.549207,8.354696,2.8572054,-40.08027,-6.055434,5.8454456,-51.33265,-1.0287917,-4.9527617,-25.362133
40.396954,-64.12982,-29.355907,30.910126,3.780156,-11.314483,-8.026251,7.7699127,-22.873283,9.620424,-6.9610143,2.6645226,4.2541327,0.6315297,-29.769127,-2.8926802,0.8194866,-31.939802,-1.7045106,2.9849138,-7.533422,-0.50060725,6.3795424,-39.691536,-1.383292,0.5384064,-42.69021,-6.781701,0.67795426,-19.969507,-5.1216874,12.456548,-42.167473,-4.7014947,0.8756379,-46.928616,-2.2464745,-2.7859223,-23.725122,-23.285873,17.687267,-5.8231516,8.85992,3.459332,-38.802197,-6.1884146,5.8648744,-47.019497,-0.86809504,-5.319673,-21.228127
42.072495,-66.951775,-30.401201,32.1576,3.6540174,-11.945227,-8.354636,8.087004,-23.534403,10.031105,-7.2460856,3.2198644,4.3650165,0.8748864,-29.403564,-2.980736,0.8346064,-31.05366,-1.7755696,3.0985994,-6.2203803,-0.50042045,6.8930044,-39.860035,-1.4044666,0.5372041,-42.02039,-6.8897657,0.60063505,-18.816282,-5.308937,13.193981,-42.538113,-4.843389,0.8517457,-46.215286,-2.1972613,-2.961939,-22.725996,-24.363634,18.438808,-6.045356,9.241862,4.0389504,-39.30217,-6.350714,5.994197,-46.447155,-0.82005596,-5.562145,-20.188284
41.19631,-65.42778,-30.254547,31.301016,3.4320953,-11.699278,-8.123044,7.868265,-23.149052,9.753284,-7.058363,2.8780627,4.257782,0.7873338,-28.617065,-2.9184973,0.8246149,-30.937391,-1.7319422,3.0224335,-6.7019253,-0.50049627,6.6437945,-38.867577,-1.3871474,0.53613997,-41.589947,-6.745837,0.6182691,-18.740349,-5.1821175,12.736891,-41.686394,-4.72478,0.83522236,-45.23245,-2.1400504,-2.8900442,-22.179377,-23.70409,17.953646,-5.8924136,8.949498,3.6424232,-39.441498,-6.208444,5.868659,-45.89723,-0.81277716,-5.410308,-20.005692
41.771416,-66.29698,-30.97521,31.650341,3.1032338,-12.007933,-8.171611,7.933675,-24.080526,9.800229,-7.128605,2.0562582,4.303825,0.55581814,-29.450062,-2.9406438,0.8240745,-33.29933,-1.7156277,3.031161,-8.2591305,-0.5131954,6.468621,-39.401318,-1.3957622,0.5409948,-43.72696,-6.9304495,0.701347,-20.265419,-5.249676,12.627879,-42.1278,-4.7899547,0.8656893,-47.345047,-2.2437203,-2.8499227,-23.751295,-23.920752,18.156832,-5.953825,9.039866,3.332076,-40.1525,-6.33545,6.011648,-48.28949,-0.89100575,-5.4254794,-21.892185
41.068264,-65.20613,-30.27627,31.140158,2.7268066,-12.01892,-8.089807,7.8441563,-23.596886,9.692064,-7.0580974,2.0469666,4.247971,0.17879422,-29.33168,-2.912595,0.82159424,-32.93201,-1.7026887,3.0070877,-7.932246,-0.5298869,6.2108455,-38.147797,-1.3892568,0.539185,-42.512608,-6.8181505,0.63241607,-19.476238,-5.2047286,12.419122,-40.399082,-4.745262,0.85556996,-46.614525,-2.245821,-2.8409996,-23.428226,-23.60041,17.924988,-5.885727,9.025539,3.5582318,-37.28461,-6.272292,5.9137845,-47.09915,-0.88839126,-5.380479,-21.41307
40.44587,-64.23024,-29.614109,30.541004,1.4461107,-12.506916,-7.9564376,7.732165,-24.15179,9.460153,-6.9680066,0.20379111,4.1877346,-0.6259842,-29.98433,-2.8824315,0.8111824,-34.83843,-1.6547849,2.9565172,-9.516508,-0.56453323,5.695828,-35.335205,-1.3798586,0.5398246,-40.83561,-6.640258,0.5441388,-17.869213,-5.1962504,11.967542,-36.388065,-4.684845,0.82338786,-44.738808,-2.1941524,-2.8603716,-22.3826,-23.277012,17.70149,-5.8224864,9.15295,3.7527537,-31.115318,-6.15826,5.751629,-43.84322,-0.8410125,-5.3646703,-19.787663
39.83714,-63.364803,-29.080408,30.163336,1.3078134,-12.416035,-7.792868,7.599834,-24.84995,9.118284,-6.816578,-2.7590628,4.216839,-0.3406284,-32.03527,-2.853061,0.79764694,-38.93393,-1.580411,2.8874059,-13.289197,-0.5493192,5.8263736,-36.611877,-1.3742537,0.546058,-43.48951,-6.7598715,0.6686329,-20.294874,-5.111393,12.02498,-37.163853,-4.656791,0.87384474,-47.156113,-2.3339214,-2.7214801,-24.657175,-22.935884,17.448477,-5.7497077,9.078745,3.9050488,-29.95122,-6.093358,5.711765,-44.178074,-0.88487935,-5.2701616,-20.812067
40.022495,-63.86537,-28.240646,30.393896,0.8181116,-12.81121,-7.8910327,7.691592,-24.93002,9.281748,-6.915826,-2.0385923,4.189573,-0.23317254,-29.828785,-2.8793044,0.8043183,-37.079483,-1.6157439,2.9267948,-11.916091,-0.55883586,6.086995,-34.334583,-1.3770139,0.5427736,-40.87253,-6.681244,0.58842486,-18.36327,-5.1765347,12.358219,-34.774235,-4.659531,0.81707513,-44.36844,-2.2459843,-2.820349,-23.030918,-23.237476,17.677341,-5.8167057,9.251202,4.5264754,-28.235178,-6.0955396,5.6992936,-42.093864,-0.85511446,-5.3527756,-20.059752
39.610527,-63.980732,-26.886173,30.373804,0.8404067,-12.793966,-7.9131894,7.696289,-23.954517,9.541029,-6.975259,1.537778,4.0399117,-0.0949113,-25.010452,-2.8709893,0.8162053,-30.0353,-1.707486,2.9677856,-6.9506235,-0.5753604,6.244517,-30.07786,-1.3630874,0.5306494,-33.983253,-6.265704,0.3512465,-13.24164,-5.1808887,12.432278,-30.66121,-4.5400786,0.66797966,-36.822815,-1.9271201,-3.0178788,-18.199383,-23.290245,17.67787,-5.7984643,9.248258,5.063914,-27.2045,-5.947928,5.5366874,-37.42741,-0.7291304,-5.398609,-17.472765
38.501217,-62.988174,-24.692167,29.856571,0.09502931,-12.998715,-7.866588,7.611672,-22.932056,9.478835,-6.8759027,2.3181047,3.930793,0.6131069,-21.625427,-2.8401687,0.8135001,-29.638918,-1.6950734,2.9302645,-6.903808,-0.5500267,6.668351,-30.26976,-1.3581392,0.5352729,-37.205048,-6.536834,0.5942784,-17.26347,-5.077575,12.651,-32.43574,-4.5201797,0.7622442,-41.094975,-2.2127013,-2.7480652,-22.86785,-23.016857,17.486834,-5.7259326,9.007208,5.1053953,-31.117313,-6.025555,5.7481675,-43.581978,-0.9460945,-5.183197,-23.10132
35.712326,-60.493423,-18.625793,28.761353,-0.26928073,-12.804152,-7.996013,7.5625463,-17.117973,9.680445,-6.70543,7.967818,3.6648345,0.79159826,-15.720156,-2.7922306,0.81946725,-16.658484,-1.8052709,2.9081655,0.4115559,-0.53319967,7.723126,-22.540462,-1.3111356,0.4987074,-18.802681,-5.2376795,0.011469267,-4.1722775,-4.8932924,13.917609,-25.059982,-4.1449504,0.44751698,-22.525417,-1.3663603,-3.1727126,-10.287434,-22.459402,16.99707,-5.576303,9.012569,8.535951,-22.582148,-5.266697,4.92262,-23.375208,-0.35686427,-5.3453445,-9.149518
34.161354,-57.219288,-19.017818,27.079206,-1.2685981,-12.618611,-7.5053825,7.131398,-17.156464,9.035583,-6.349789,6.0736256,3.4782202,0.47861737,-14.828961,-2.6789446,0.80149513,-17.35494,-1.7184126,2.776414,-0.4901315,-0.54450923,7.053566,-19.732773,-1.2833989,0.49844518,-18.442425,-4.9557962,-0.018463746,-3.567155,-4.6978474,12.713272,-21.74073,-3.9618518,0.4406349,-21.476223,-1.2923716,-3.0700765,-9.19132,-21.21643,16.081892,-5.294688,8.609435,7.4514327,-19.700869,-5.0132,4.6418343,-21.911695,-0.32377678,-5.0974884,-8.069765
35.23388,-58.215054,-21.082762,27.197989,-2.8302457,-13.525694,-7.565557,7.1940365,-17.666918,9.015345,-6.413771,5.0724654,3.4588027,-0.21562801,-14.459058,-2.6876426,0.8005452,-18.736675,-1.6927533,2.7755969,-1.3035272,-0.56323266,6.8513412,-17.650475,-1.2876506,0.49961442,-18.590048,-4.9620066,-0.054309644,-2.765489,-4.7670164,12.546141,-19.68596,-3.999932,0.41962796,-20.86493,-1.2189311,-3.1462922,-7.9036674,-21.44587,16.258972,-5.3395767,8.726508,7.1854854,-18.63809,-5.065857,4.6487064,-21.592358,-0.29155236,-5.1621823,-7.0790315
37.83401,-61.603207,-24.505373,28.825924,-1.5536661,-13.491826,-7.847642,7.505396,-19.680468,9.382565,-6.7044673,4.613977,3.695969,-0.31224778,-18.398777,-2.7834334,0.8106587,-21.490345,-1.7144179,2.8658137,-2.8443794,-0.56370735,6.8948083,-21.144505,-1.3150463,0.50314045,-20.903654,-5.189533,-0.04247602,-3.365858,-4.962818,12.951443,-23.144732,-4.1821275,0.42358816,-22.508644,-1.1811227,-3.296587,-7.688809,-22.480652,17.025703,-5.577276,9.01526,6.8215365,-22.09519,-5.2783117,4.8250127,-22.72772,-0.23727423,-5.413986,-6.28984
38.21861,-60.957394,-26.683964,28.358656,-2.6044526,-13.847014,-7.5967784,7.373944,-22.457724,8.976794,-6.6694846,0.2417264,3.7418609,-0.8520735,-20.423962,-2.7662783,0.80327445,-27.49763,-1.6536114,2.8659117,-5.3659716,-0.5983187,5.8833275,-21.80779,-1.330544,0.52115214,-28.715727,-5.689847,0.095612906,-8.367426,-5.0396333,11.562197,-22.081503,-4.328769,0.56116354,-30.291426,-1.6123594,-3.120499,-13.13978,-22.204243,16.90165,-5.555915,9.099467,4.8759017,-19.585573,-5.589339,5.068547,-30.374146,-0.5299593,-5.2903686,-12.101184
39.752964,-63.704056,-27.513119,29.784996,-1.3172529,-13.742845,-7.9753213,7.7100053,-22.446653,9.545395,-6.9724894,2.6657429,3.879624,-0.7180914,-21.02111,-2.8548255,0.82035434,-26.140347,-1.7281343,2.9726315,-4.0612803,-0.591036,6.2649045,-24.29719,-1.3527565,0.52065957,-29.058655,-5.862033,0.10077115,-8.328377,-5.191235,12.356959,-25.107647,-4.471041,0.55710983,-30.856884,-1.5977753,-3.2337961,-13.128151,-23.173912,17.61406,-5.7714887,9.305315,5.3288035,-23.980232,-5.790915,5.283513,-32.215515,-0.5306803,-5.4864397,-12.728132
41.283287,-66.15571,-28.38877,31.145458,-0.58401847,-13.907589,-8.296321,8.026692,-23.466034,9.937436,-7.242878,2.7344813,4.0813465,-0.7798978,-23.599869,-2.9454155,0.8295082,-28.4047,-1.7634718,3.0661004,-4.64729,-0.5966251,6.31533,-27.038422,-1.3805449,0.5264654,-31.638433,-6.1745596,0.15380552,-9.73733,-5.3931494,12.694603,-27.594843,-4.6678705,0.607064,-34.085136,-1.7301385,-3.2893562,-14.948078,-24.123735,18.334213,-6.000298,9.692966,5.239284,-25.13082,-6.059642,5.543898,-34.89322,-0.5851443,-5.683162,-14.072549
40.967377,-65.57725,-28.022928,31.15939,-0.11007108,-13.605414,-8.273379,8.013149,-23.24528,9.9046545,-7.1886353,2.9914355,4.1114955,-0.2709788,-23.7818,-2.9422967,0.8282456,-28.629087,-1.7692347,3.0654907,-3.9517071,-0.57598674,6.3434014,-28.461731,-1.3808477,0.5257756,-33.56049,-6.2108507,0.20966962,-10.599776,-5.3876486,12.34741,-29.301702,-4.692518,0.6690315,-36.473663,-1.7825108,-3.2349932,-15.9906,-24.05058,18.264503,-5.9830146,9.659259,4.332616,-26.070822,-6.052083,5.5656667,-36.313805,-0.5642496,-5.6627374,-13.996452
40.470493,-64.880196,-27.965174,31.03009,1.0998824,-12.845082,-8.165141,7.9044385,-23.077944,9.685823,-7.0460033,1.6031839,4.165457,0.34946674,-26.098866,-2.9171627,0.81746984,-30.739344,-1.7136458,3.0040083,-6.6904764,-0.5439553,6.652601,-31.092344,-1.3734882,0.52754974,-34.92837,-6.2424355,0.31475964,-12.208324,-5.27428,12.5926075,-32.020588,-4.6430674,0.70338535,-37.68564,-1.8240122,-3.1298223,-17.0035,-23.705507,17.992401,-5.907369,9.439261,4.3702583,-27.848536,-5.944949,5.4977345,-35.88238,-0.54943275,-5.582839,-13.607604
41.428722,-66.12767,-29.058079,31.588152,1.1072369,-13.061224,-8.280718,8.024212,-23.618647,9.777062,-7.1447983,0.931775,4.2389545,0.5102087,-26.746624,-2.9534793,0.82094944,-31.371836,-1.7220893,3.038081,-7.1442823,-0.53508663,6.9665337,-31.752663,-1.3829758,0.5294432,-35.272335,-6.330779,0.31730384,-12.1603985,-5.3389716,12.9981785,-32.707294,-4.7050204,0.6967653,-37.76457,-1.8105044,-3.1925144,-16.689863,-24.109556,18.291159,-5.9972496,9.567225,4.6030474,-28.415913,-6.006342,5.5424542,-35.351242,-0.5240263,-5.682365,-12.941267
41.97743,-66.855095,-29.60078,31.94099,1.3690977,-13.049286,-8.297802,8.070555,-24.515556,9.732398,-7.1693945,-0.479311,4.321161,0.8814729,-28.032757,-2.9711425,0.8196614,-33.13513,-1.7096567,3.0430644,-8.608794,-0.51577014,7.2964377,-33.246727,-1.387409,0.5327073,-36.771248,-6.4499025,0.38031253,-13.157922,-5.359541,13.298051,-34.12926,-4.7419763,0.70964336,-38.75068,-1.8371869,-3.193472,-17.306423,-24.312992,18.44671,-6.0449452,9.624714,4.7118173,-29.257421,-6.0306406,5.580824,-35.385193,-0.5190104,-5.7234454,-12.935866
41.055206,-65.35922,-29.318218,31.165203,1.3571737,-12.748638,-8.118082,7.8910723,-23.997011,9.49148,-7.0076075,-0.89288473,4.2452984,1.0715178,-27.499828,-2.9231973,0.8131106,-33.106968,-1.6788642,2.9877439,-9.1896925,-0.5035226,7.2784824,-33.331406,-1.3765316,0.5327357,-37.4831,-6.4153347,0.432273,-14.263087,-5.2342052,13.1181555,-34.55585,-4.6647944,0.7285252,-39.416843,-1.8741058,-3.0875647,-18.025484,-23.717468,18.016447,-5.9183064,9.342875,4.502743,-30.280956,-5.950925,5.522875,-36.26555,-0.557145,-5.575861,-13.819647
42.901222,-68.24608,-30.15163,32.715103,1.4657869,-13.3115425,-8.506867,8.269818,-24.584164,10.110808,-7.379737,1.296493,4.36504,0.50912285,-27.553371,-3.023489,0.8287846,-31.14701,-1.7604058,3.1125453,-6.8360276,-0.540607,7.1970367,-31.751072,-1.396552,0.5283794,-33.55607,-6.3262396,0.23082265,-10.233657,-5.505034,13.423804,-32.32194,-4.7921557,0.6334498,-35.360596,-1.6692244,-3.3849075,-14.443839,-24.851843,18.893032,-6.1781116,9.874845,4.8647795,-28.350382,-6.0940313,5.592796,-33.038673,-0.4390502,-5.901064,-11.049851
40.888565,-65.1094,-28.933226,31.269825,2.0807943,-12.361357,-8.11347,7.8905535,-23.602877,9.62604,-7.0413265,0.8758803,4.2350574,0.8950045,-27.343441,-2.9235878,0.8165083,-30.692675,-1.709403,3.0034165,-7.3976593,-0.5166638,7.0586414,-32.63376,-1.3721106,0.52736294,-34.380764,-6.209532,0.31249258,-11.9297695,-5.2455573,12.956744,-33.556725,-4.6227674,0.667627,-36.34351,-1.7322551,-3.182572,-15.725607,-23.66089,17.996689,-5.9115505,9.340069,4.562027,-29.526543,-5.88513,5.4319963,-33.807873,-0.4871924,-5.612933,-12.100496
42.33162,-67.48369,-29.953203,32.150703,0.7921396,-13.470709,-8.429018,8.175489,-23.86481,10.056418,-7.3143196,2.2537427,4.256997,0.21598436,-25.950275,-2.9942575,0.8316939,-29.682741,-1.7723149,3.1022055,-5.4991508,-0.55137765,6.8928013,-30.800058,-1.3917574,0.5265226,-33.8377,-6.2989855,0.22434318,-10.589124,-5.450829,13.070603,-31.764746,-4.762657,0.65424347,-36.04094,-1.7222838,-3.323151,-15.073482,-24.565851,18.653227,-6.1017017,9.7313795,4.6469183,-28.786592,-6.0918665,5.592382,-34.837086,-0.48998782,-5.8069873,-12.326103
42.367027,-67.42952,-30.296682,32.087067,1.0352659,-13.335466,-8.388259,8.1443815,-24.207243,9.969921,-7.283137,1.4127834,4.282321,0.5968253,-26.562416,-2.9913306,0.8310431,-30.916939,-1.7618641,3.0961013,-6.4605083,-0.5303414,7.0711427,-32.96519,-1.395145,0.53074825,-36.79188,-6.503545,0.35256705,-13.217682,-5.411839,13.178622,-34.35977,-4.792752,0.7186396,-39.26924,-1.8766602,-3.210593,-17.530956,-24.51861,18.602673,-6.0894947,9.614046,4.4819984,-31.324636,-6.159823,5.70375,-37.86363,-0.58069515,-5.7398624,-14.521569
43.06092,-68.639595,-30.610355,32.641644,0.95594174,-13.639603,-8.555439,8.29568,-24.624186,10.116796,-7.4033904,0.9266353,4.3603396,0.84983295,-27.07742,-3.0351021,0.83614385,-32.164562,-1.7779871,3.1429484,-7.064738,-0.5172961,7.4209514,-34.82803,-1.410781,0.5354365,-39.474487,-6.7853146,0.44778126,-15.4278755,-5.4786277,13.667125,-36.651184,-4.9074564,0.7815609,-42.720932,-2.054593,-3.16438,-20.057135,-25.0001,18.957512,-6.1982527,9.746936,4.7288585,-33.182854,-6.3377204,5.9056554,-41.071774,-0.67364955,-5.7947907,-16.77646
43.519276,-69.27615,-31.054249,33.065723,1.6393967,-13.426932,-8.617377,8.3571615,-24.785425,10.227189,-7.456665,1.341775,4.4158287,0.84620774,-28.166664,-3.053487,0.8369967,-31.99441,-1.7847766,3.1551998,-7.0232744,-0.5163772,7.4621873,-35.586327,-1.4132805,0.53465104,-38.429893,-6.7352285,0.41909227,-14.458016,-5.510523,13.835839,-37.318413,-4.913902,0.7539903,-41.410007,-1.9619579,-3.2344058,-18.764729,-25.204992,19.104614,-6.241952,9.800182,4.8553085,-33.594635,-6.3208075,5.88035,-39.48661,-0.60908186,-5.866515,-15.274542
43.302414,-68.81988,-31.140604,32.89946,2.1978874,-13.016458,-8.53242,8.284286,-24.684996,10.139022,-7.4000382,1.2449714,4.418836,0.67763495,-29.223774,-3.0349572,0.8332752,-31.853178,-1.7682014,3.1297326,-7.3703637,-0.5188466,7.325618,-35.47413,-1.4065121,0.53297234,-36.815212,-6.595009,0.3634034,-13.36724,-5.4671073,13.7754,-36.80961,-4.855207,0.7089893,-39.352478,-1.8589655,-3.2724636,-17.242727,-24.954634,18.926,-6.193285,9.7218485,4.993457,-32.7392,-6.225449,5.7568736,-37.118725,-0.5513462,-5.8545012,-13.600963
43.34337,-68.967186,-30.63245,32.98486,1.6505821,-13.337016,-8.59937,8.337892,-24.382113,10.238781,-7.4445977,1.9378628,4.3881607,0.2630336,-28.196903,-3.040747,0.8338034,-30.771675,-1.7771922,3.1366916,-6.452291,-0.5399873,7.2070413,-32.850136,-1.4034986,0.5287751,-33.88957,-6.4101973,0.24837613,-10.758006,-5.5201263,13.7174635,-33.760715,-4.8301435,0.64217776,-36.126488,-1.7049481,-3.386388,-14.841692,-25.07321,19.035036,-6.2195735,9.889404,5.172493,-29.773027,-6.1683125,5.6642313,-34.141457,-0.46478003,-5.9293156,-11.486728
43.353516,-69.079765,-30.312641,32.27905,-0.6554419,-14.420105,-8.563572,8.30562,-24.260098,10.322189,-7.507747,3.509923,4.1734085,-0.8598097,-23.491184,-3.0159209,0.84499735,-26.91406,-1.8239439,3.1542115,-3.6932569,-0.5925782,6.7252736,-26.340784,-1.3922005,0.51953405,-28.931604,-6.071764,0.00078008324,-6.7738414,-5.556046,13.320264,-26.917292,-4.7382674,0.49899116,-30.016027,-1.4565641,-3.5625558,-11.171532,-25.048628,18.992796,-6.1900063,9.9766445,5.6326866,-25.969633,-6.1042657,5.538352,-31.48444,-0.41955268,-5.9458685,-10.70545
36.92745,-59.948753,-22.907396,27.652815,-5.197473,-15.000575,-7.7200456,7.3897476,-19.330797,9.114516,-6.6139026,3.2688127,3.4711447,-1.3807155,-13.906583,-2.7338946,0.8063607,-21.036608,-1.6940222,2.8408196,-1.5153807,-0.60908514,6.30516,-14.359562,-1.3031747,0.5008115,-19.527527,-5.046335,-0.15534937,-1.6534702,-4.9938517,12.00237,-14.976525,-4.137964,0.39160475,-20.782148,-1.176584,-3.3066216,-7.053416,-22.103209,16.782795,-5.492603,9.190402,6.335818,-14.133324,-5.229079,4.709279,-21.501884,-0.26487875,-5.347307,-6.330168
35.132816,-57.80363,-20.137512,26.280516,-8.90627,-16.494026,-7.5641675,7.2056046,-18.342276,8.675577,-6.3831787,0.29976803,3.2913527,-0.9382663,-10.167024,-2.6698651,0.78769696,-23.67723,-1.6112051,2.7413268,-4.3796887,-0.5901583,7.0525475,-9.908064,-1.2836142,0.5024753,-19.956127,-5.0080853,-0.10425374,-2.3952513,-4.8504944,12.483796,-11.542606,-4.0485096,0.42990458,-21.043716,-1.2875654,-3.1637158,-8.405285,-21.532167,16.350616,-5.3565702,9.095227,7.663473,-10.098194,-5.0555544,4.558927,-19.223093,-0.2750739,-5.21395,-6.3203998
35.29129,-58.31066,-20.599977,26.20495,-10.432709,-17.35431,-7.5986085,7.256444,-19.560211,8.488263,-6.3925714,-3.4684024,3.3513885,0.115018204,-9.3506,-2.6975598,0.7858069,-27.949669,-1.5748285,2.748898,-7.8464947,-0.5502923,8.206171,-10.450598,-1.296038,0.51172817,-24.896677,-5.383094,0.06411173,-6.031295,-4.832494,13.606248,-12.903332,-4.1498547,0.522889,-25.726889,-1.535474,-3.0567687,-12.097244,-21.710852,16.489838,-5.4207044,9.1138735,8.663068,-11.740061,-5.1732497,4.695351,-21.741093,-0.3873912,-5.213732,-8.854659
35.120914,-58.148804,-20.178753,26.117281,-10.73467,-17.478283,-7.5916457,7.2458267,-19.293896,8.492184,-6.380274,-3.0682726,3.2997806,0.18443874,-8.065723,-2.69727,0.7889207,-25.924885,-1.604908,2.762877,-6.192426,-0.54929507,8.360268,-9.297279,-1.292654,0.5082442,-22.952791,-5.2279053,-0.011661194,-4.3543167,-4.824062,13.720886,-11.72653,-4.114898,0.49205977,-23.862051,-1.426364,-3.1200867,-10.513773,-21.725307,16.464241,-5.4074397,9.124954,8.893375,-10.619726,-5.0925756,4.6093493,-19.669353,-0.31189296,-5.2364445,-7.0987744
35.317127,-58.0748,-21.75481,25.799803,-11.23589,-17.652489,-7.4816422,7.1703563,-20.02199,8.287995,-6.3236723,-4.801636,3.2849464,0.30610555,-8.121138,-2.6811776,0.7840618,-27.78378,-1.5677842,2.7395253,-7.8102975,-0.54049885,8.43535,-9.22233,-1.2914473,0.5098574,-24.898079,-5.2835884,0.014502503,-5.529233,-4.785634,13.675059,-12.015524,-4.1189246,0.5037309,-25.14214,-1.4415811,-3.0980473,-10.916518,-21.575163,16.345074,-5.371988,8.992609,8.498425,-12.107725,-5.100505,4.5873404,-20.688335,-0.31871867,-5.1989107,-7.4889603
33.936455,-55.92701,-20.214432,25.008717,-10.525618,-16.903452,-7.266673,6.938825,-18.464457,8.160621,-6.1398005,-2.4285154,3.10511,-0.22616637,-6.585225,-2.6134856,0.7816815,-22.31678,-1.5945923,2.694537,-4.008047,-0.5660716,7.7060466,-6.966816,-1.2669028,0.5004029,-19.127548,-4.8161592,-0.15266687,-1.6994221,-4.675027,12.786554,-8.811491,-3.9241574,0.41213858,-19.851435,-1.2148335,-3.1370215,-7.3723636,-20.872442,15.791434,-5.186165,8.811912,8.11346,-8.441539,-4.837476,4.312979,-16.572372,-0.21222147,-5.078735,-4.7153244
35.315876,-58.623142,-19.180614,26.554728,-10.9198,-17.74758,-7.7192407,7.3396072,-18.509745,8.77405,-6.4789333,-0.54780483,3.2112167,-0.58316207,-6.4352407,-2.7157235,0.79721844,-21.253305,-1.6787634,2.8112893,-2.2833796,-0.59196115,7.8714843,-6.5635614,-1.2883792,0.49953964,-17.270224,-4.916766,-0.20283109,0.09262182,-4.9274354,13.334923,-7.9445615,-4.0693874,0.3920546,-18.659954,-1.2060858,-3.285909,-6.830764,-22.102268,16.69596,-5.448477,9.401551,8.871469,-6.185267,-5.0100255,4.5044975,-15.615407,-0.18315305,-5.3465166,-4.113887
34.492184,-57.644653,-17.34487,26.401413,-10.263558,-17.294374,-7.712189,7.2998962,-17.53157,8.846073,-6.437617,1.1891172,3.1637013,-0.9310309,-6.193015,-2.7008238,0.79732877,-19.150326,-1.6961801,2.8021908,-0.7159211,-0.608003,7.464356,-6.1097336,-1.2826645,0.49724388,-15.306661,-4.8009253,-0.22518542,1.0890274,-4.9101906,12.964522,-6.8765187,-4.0133185,0.37601867,-17.316923,-1.1879356,-3.2621148,-6.480141,-21.875896,16.546019,-5.4031277,9.416734,8.796121,-4.1252666,-4.9517446,4.4688435,-15.050041,-0.19035831,-5.299642,-4.0213904
36.504185,-61.53028,-16.554533,28.566694,-10.177146,-18.1121,-8.329577,7.857071,-17.892914,9.629837,-6.8948984,3.0376697,3.3847873,-0.9094408,-6.9239254,-2.8490024,0.8177495,-19.139275,-1.7908552,2.9600356,0.37357473,-0.6146128,8.031343,-7.3988075,-1.3185267,0.49926996,-15.116171,-5.087366,-0.21545187,1.7092339,-5.2270346,14.050382,-8.123169,-4.2517037,0.3870153,-17.970371,-1.2431828,-3.4261334,-7.062135,-23.51754,17.776993,-5.7772174,10.122963,9.88948,-3.9034393,-5.2452393,4.793789,-15.548479,-0.19139569,-5.652951,-4.1816573
34.600594,-58.592365,-14.888983,27.403456,-9.268985,-17.09255,-8.025116,7.5515947,-16.7021,9.315175,-6.6235623,3.8218775,3.2707458,-0.8538376,-6.6952806,-2.7667103,0.8080936,-17.492302,-1.7590736,2.8708324,0.9858465,-0.60836065,7.6582828,-7.421829,-1.2967868,0.49714437,-13.997292,-4.870783,-0.20010212,1.821172,-5.0318456,13.450222,-7.955951,-4.0855665,0.38623828,-17.016756,-1.2144086,-3.3022294,-6.9021697,-22.478712,17.017874,-5.55545,9.730298,9.58858,-3.411135,-5.0363293,4.619378,-14.906231,-0.19897954,-5.430815,-4.104466
33.569187,-57.08189,-13.994934,26.772217,-8.955599,-16.648476,-7.8736906,7.3980956,-16.041864,9.150512,-6.488702,4.146703,3.2078934,-0.826642,-6.393207,-2.7241611,0.80281746,-16.818436,-1.7420048,2.8289044,1.2864165,-0.60573554,7.4706907,-7.390789,-1.28693,0.49663386,-13.965538,-4.809417,-0.1857824,1.3500127,-4.932844,13.146882,-7.938228,-4.0168476,0.40024057,-17.291561,-1.2552047,-3.2176704,-7.474414,-21.958109,16.64071,-5.4429107,9.538097,9.411369,-3.191311,-4.9642057,4.5586576,-15.5112705,-0.23487529,-5.30687,-4.8036623
34.380867,-58.255432,-15.1890335,26.966106,-10.036569,-17.355267,-7.954945,7.4888678,-16.671097,9.144562,-6.5652056,2.6148887,3.245647,-0.753815,-6.224298,-2.7445197,0.8040738,-18.94808,-1.7316881,2.852581,0.0525098,-0.6009019,7.7849884,-7.10079,-1.2959305,0.500076,-16.25467,-5.0014477,-0.164498,-0.0040542185,-4.98211,13.504738,-8.063773,-4.1053452,0.43046638,-19.284393,-1.3531544,-3.2256985,-8.683045,-22.281956,16.88133,-5.5122457,9.642419,9.596151,-3.8632295,-5.085388,4.645637,-17.041204,-0.2749177,-5.364023,-5.7625275
33.02141,-55.477375,-16.163687,25.266052,-10.95148,-17.165297,-7.475499,7.0816026,-17.28911,8.434729,-6.219257,-0.82171404,3.1309397,-0.51437473,-6.1320567,-2.6392794,0.7844027,-22.939342,-1.6161995,2.7215014,-3.559406,-0.580889,7.5764513,-7.0253477,-1.2783837,0.50692356,-20.908583,-5.0829744,-0.01936439,-3.883348,-4.7524014,12.836869,-8.613044,-4.007566,0.5060933,-23.170443,-1.5221715,-2.9783275,-11.5813675,-21.090988,16.003838,-5.258739,9.085937,8.592187,-5.890103,-5.005279,4.565186,-20.705524,-0.40329084,-5.051481,-8.693183
35.1103,-58.470592,-18.823593,26.354664,-12.375042,-18.448542,-7.7077794,7.3630276,-20.235926,8.518686,-6.4508357,-4.9951034,3.337762,-0.004779417,-7.9816484,-2.7270858,0.78492385,-31.203049,-1.5656321,2.7697923,-9.369908,-0.55866754,8.343309,-9.496845,-1.3101176,0.52119064,-29.338451,-5.7391005,0.24681246,-9.418956,-4.9234576,13.748012,-11.9729805,-4.2630496,0.62718606,-30.576063,-1.8256145,-2.903863,-16.469267,-22.120989,16.77884,-5.5052924,9.372149,8.616598,-10.193882,-5.363289,4.9498963,-26.937365,-0.5571983,-5.192391,-12.935541
37.204895,-61.44406,-21.797798,27.295938,-13.759449,-19.653208,-7.884285,7.5930676,-23.32785,8.504876,-6.6368504,-9.850213,3.5561364,0.58643377,-10.418406,-2.8006864,0.7810001,-40.81219,-1.4827929,2.7887805,-16.429184,-0.52984256,9.122961,-12.799261,-1.3405848,0.5393759,-39.23836,-6.5015593,0.5911661,-16.43279,-5.055007,14.676952,-16.336468,-4.5140457,0.77487755,-39.502922,-2.2184484,-2.748536,-22.752462,-23.03432,17.469988,-5.722996,9.558429,8.590639,-15.762435,-5.7434244,5.376235,-34.721313,-0.7731403,-5.2712183,-18.601944
36.58829,-60.830345,-20.178024,27.317303,-12.80115,-19.110275,-7.920938,7.5918193,-21.999376,8.604928,-6.6170335,-7.925158,3.5365715,0.5877351,-10.129722,-2.797593,0.78508824,-36.981304,-1.5194685,2.800617,-13.842515,-0.52912694,9.166143,-12.220597,-1.3338634,0.53127503,-34.452667,-6.2357826,0.45001572,-13.311936,-5.028602,14.804759,-15.205818,-4.4373507,0.69953907,-35.20977,-2.0482233,-2.856572,-19.898542,-22.916473,17.385916,-5.6976333,9.602675,9.312875,-13.195445,-5.5934563,5.196283,-30.120739,-0.65616524,-5.3193836,-15.515938
37.50862,-62.02835,-21.78598,27.676325,-13.1933975,-19.511831,-7.9723163,7.6674995,-23.279139,8.631272,-6.6981716,-9.286142,3.6040378,0.7819917,-10.841868,-2.8241315,0.7859625,-39.96587,-1.5007341,2.8142266,-15.909591,-0.5240946,9.357361,-13.507844,-1.3443074,0.5365703,-37.87883,-6.4841137,0.5589561,-15.587187,-5.0769944,15.038651,-16.941763,-4.5235686,0.747802,-38.224815,-2.1647575,-2.8153555,-21.888956,-23.23517,17.626228,-5.772457,9.632452,9.122271,-15.9323435,-5.728191,5.350636,-32.969418,-0.7261659,-5.3476295,-17.47868
39.053173,-64.24215,-23.626656,28.469677,-14.234589,-20.42787,-8.162796,7.8815985,-24.910917,8.785214,-6.895147,-11.120762,3.7250242,0.7796542,-11.760365,-2.8823128,0.78739136,-44.49144,-1.4841385,2.8597045,-18.65088,-0.52885014,9.541807,-14.115629,-1.3643217,0.54440206,-42.235844,-6.8324986,0.65238863,-18.039083,-5.2325845,15.32262,-17.988758,-4.700438,0.81186485,-42.368706,-2.337339,-2.80794,-24.438978,-23.965256,18.19166,-5.945412,9.891562,8.798685,-17.769493,-5.9870195,5.602936,-36.735386,-0.8146696,-5.4671173,-19.932833
39.100506,-64.57767,-23.035269,28.691368,-14.40501,-20.611897,-8.264766,7.96395,-24.71448,8.881986,-6.949868,-11.028683,3.741579,0.53650385,-11.910095,-2.9026244,0.7905152,-43.656353,-1.5074711,2.8876824,-18.145678,-0.5382092,9.588297,-13.405468,-1.3668964,0.5418953,-40.333874,-6.75881,0.5723113,-16.567692,-5.288266,15.484342,-16.628067,-4.711487,0.7760135,-40.674603,-2.273423,-2.8942058,-23.243725,-24.169756,18.355343,-5.9973116,10.0897665,9.267763,-15.144154,-5.974337,5.559715,-34.499672,-0.76172197,-5.5551844,-18.434101
37.57465,-61.87081,-22.385324,27.491552,-13.63044,-19.66538,-7.9513264,7.653114,-23.18745,8.660817,-6.7160664,-8.792249,3.5708787,0.13907383,-10.849757,-2.8103344,0.7824446,-39.838696,-1.5057695,2.8105257,-15.479997,-0.55683595,8.73008,-11.801418,-1.3390366,0.5353745,-36.808907,-6.317274,0.43962193,-14.0097885,-5.1277924,14.306407,-14.908652,-4.5194974,0.7252057,-37.34683,-2.0970604,-2.8669863,-20.756361,-23.150007,17.57989,-5.758584,9.67798,8.253851,-14.332049,-5.7401915,5.324597,-32.52086,-0.6955563,-5.3598576,-16.817825
37.367115,-61.641594,-21.791018,27.400717,-13.382688,-19.490246,-7.9829826,7.6506186,-21.756853,8.8706875,-6.7471404,-5.6342516,3.4758334,-0.7159616,-9.831116,-2.793806,0.7878351,-35.128,-1.5707633,2.8360293,-11.396451,-0.60189635,7.9565043,-9.405702,-1.3281553,0.52492857,-31.516397,-5.8985395,0.17968541,-9.478191,-5.1669455,13.535678,-11.869189,-4.4511175,0.64024603,-32.77538,-1.8655246,-3.0223117,-17.038502,-23.039783,17.500149,-5.718973,9.744066,7.7988605,-11.059148,-5.6309857,5.1629214,-28.792425,-0.560076,-5.4093924,-13.556297
37.309574,-62.50864,-18.50907,28.74266,-10.101325,-18.185278,-8.332065,7.902957,-19.138481,9.636529,-6.9682827,1.9152051,3.4988644,-1.1731265,-9.345831,-2.8539412,0.8091788,-24.694529,-1.72807,2.940936,-3.3393712,-0.62723947,7.6123686,-9.19614,-1.3285847,0.5082455,-20.28615,-5.39919,-0.090512544,-1.876713,-5.292466,13.590884,-10.574627,-4.369306,0.46272352,-22.769913,-1.4518757,-3.321345,-10.326184,-23.61691,17.912666,-5.82819,10.063618,8.674292,-7.879529,-5.487859,5.032033,-21.28361,-0.3435467,-5.62507,-7.939258
38.300808,-64.141815,-19.134611,29.605045,-9.71058,-18.321566,-8.528878,8.096058,-19.717741,9.919822,-7.141536,2.5991006,3.6107848,-1.2371732,-10.61324,-2.9040995,0.81561166,-25.903072,-1.7496064,2.9900382,-3.645025,-0.63409233,7.6025057,-10.606993,-1.3425376,0.5099449,-21.638584,-5.554986,-0.057710435,-2.4822066,-5.414185,13.734142,-12.134852,-4.474201,0.484627,-24.213993,-1.4939691,-3.3618338,-11.058614,-24.19754,18.359823,-5.964733,10.270062,8.551913,-9.40816,-5.6377363,5.1960645,-23.0123,-0.3636862,-5.741367,-8.712758
38.19286,-63.72033,-19.993523,29.03761,-11.027214,-18.819416,-8.3773575,7.984592,-20.675219,9.602998,-7.0353518,-0.24665463,3.5879016,-1.1595987,-10.888556,-2.8735118,0.80644035,-29.84845,-1.6909444,2.9449704,-6.5527215,-0.6245831,7.6392465,-10.81517,-1.3403971,0.516651,-26.174772,-5.7404776,0.05227711,-5.5464516,-5.3588967,13.610527,-12.695873,-4.4987698,0.5580262,-28.238293,-1.6528131,-3.2378056,-13.767732,-23.933895,18.174187,-5.909617,10.14781,8.184399,-10.359357,-5.680491,5.240601,-26.089981,-0.44445384,-5.645834,-10.893185
35.900013,-60.933613,-16.24056,28.257359,-9.071192,-17.400612,-8.218569,7.7692475,-17.911018,9.528164,-6.8216577,2.9598436,3.4564729,-0.52617866,-8.7749605,-2.8190975,0.8088367,-22.19674,-1.7433805,2.9125562,-1.8231692,-0.5947988,7.972759,-10.225407,-1.3170141,0.50559723,-19.05757,-5.294757,-0.07281546,-1.7168219,-5.1393676,13.917313,-11.917203,-4.2700386,0.47065473,-21.875896,-1.4442956,-3.261695,-10.252767,-23.113016,17.523489,-5.716891,9.849961,9.575444,-8.003679,-5.3260136,4.9147954,-19.801172,-0.3297718,-5.5242968,-7.3987026
35.037342,-59.076088,-17.009268,27.17976,-9.863921,-17.401354,-7.906247,7.4999876,-18.701021,9.017633,-6.586558,-0.24281001,3.4064107,-0.032943152,-9.030019,-2.7563317,0.7964577,-25.95208,-1.6589346,2.8235905,-5.1631136,-0.5723812,8.179575,-10.810672,-1.3072906,0.51159364,-23.216879,-5.411272,0.06581826,-4.9339247,-4.969794,13.872773,-12.903833,-4.217705,0.55095685,-25.766178,-1.6122396,-3.0664322,-13.071138,-22.364653,16.977524,-5.561786,9.499235,9.389178,-9.43549,-5.265302,4.875986,-22.193214,-0.42581484,-5.321625,-9.537385
34.999313,-59.105927,-16.634773,27.28719,-9.736756,-17.362818,-7.9594646,7.533778,-18.12276,9.1152,-6.6148543,0.84648883,3.3820417,-0.20064184,-8.491901,-2.763216,0.8001066,-23.766706,-1.6879027,2.842953,-3.5917192,-0.57979846,8.139921,-10.015897,-1.3055781,0.50727713,-20.699493,-5.270138,-0.024868503,-3.0551748,-4.987775,13.891155,-11.823158,-4.1926584,0.5035387,-23.333767,-1.5011224,-3.1502497,-11.315487,-22.4531,17.02104,-5.570177,9.560132,9.623211,-8.099647,-5.2112713,4.801298,-19.962797,-0.356127,-5.3705196,-7.8232536
35.52381,-60.442886,-16.137781,28.17052,-8.411733,-17.004656,-8.155801,7.7087483,-17.9933,9.466085,-6.769029,2.878458,3.469988,-0.075199746,-9.1901045,-2.8105254,0.8084939,-21.876608,-1.7397194,2.8969622,-2.1063077,-0.5796975,8.264306,-11.277642,-1.3128792,0.5043266,-18.63538,-5.2499294,-0.057832498,-1.621675,-5.074876,14.212463,-12.93615,-4.226035,0.46698892,-21.436808,-1.4173007,-3.2495513,-10.03294,-22.955719,17.387861,-5.681176,9.733484,9.987858,-8.8418045,-5.2471037,4.8579764,-18.673407,-0.30887327,-5.495862,-6.740264
32.564697,-55.653873,-14.196564,26.115646,-7.124927,-15.4037485,-7.5589404,7.1480193,-16.824186,8.811404,-6.283056,2.8721848,3.2937217,0.087619916,-9.39363,-2.6612005,0.7867018,-21.452559,-1.6517261,2.7239463,-2.7967055,-0.5649825,7.599935,-11.693401,-1.2755749,0.5030812,-18.55748,-4.9559565,0.017358214,-2.6900294,-4.7363453,13.066806,-13.342973,-3.9591649,0.48632705,-21.340614,-1.4127606,-2.9958365,-10.55409,-21.16373,16.0819,-5.294257,8.996844,9.02133,-9.456921,-4.924406,4.594093,-18.91246,-0.35062099,-5.089001,-7.478158
33.598988,-57.198532,-15.489199,26.65042,-7.45279,-15.822419,-7.649805,7.268283,-18.034176,8.889609,-6.398756,1.5720707,3.3831878,0.45991766,-10.025356,-2.6935158,0.7864773,-25.406841,-1.6306555,2.746507,-5.407038,-0.552297,7.8183227,-13.5773945,-1.2906439,0.5118981,-24.175323,-5.374942,0.1930362,-6.8399286,-4.804272,13.308223,-16.28004,-4.0984764,0.57603526,-26.57099,-1.6602778,-2.8881893,-14.45519,-21.630493,16.427048,-5.394949,9.036807,8.5728445,-13.742172,-5.169126,4.8723183,-24.847115,-0.50357914,-5.096724,-11.744896
31.94177,-54.617043,-13.969049,25.66062,-6.36744,-14.772741,-7.3663177,6.995097,-17.092703,8.591845,-6.1576133,2.082353,3.3020942,0.7201192,-10.01862,-2.6199832,0.77782595,-24.24669,-1.6032748,2.6731024,-4.8709197,-0.5387079,7.542864,-14.274869,-1.2728735,0.5112259,-24.074759,-5.2412167,0.22218159,-7.550094,-4.6285152,12.778161,-17.060808,-3.9716067,0.59483814,-26.903976,-1.6854664,-2.75471,-15.051113,-20.73014,15.757715,-5.201251,8.670785,8.164103,-14.177954,-5.0210185,4.7522197,-25.452541,-0.5363318,-4.8906374,-12.499429
30.543196,-52.367237,-13.077925,25.036581,-4.0687265,-13.210587,-7.1243606,6.764829,-15.994862,8.398383,-5.9680114,3.3902254,3.2588327,0.8699683,-11.171117,-2.5660233,0.7760986,-20.977379,-1.6148784,2.6428974,-2.5198429,-0.5282479,7.0735917,-16.476286,-1.2610734,0.50716275,-22.723627,-5.095233,0.19333166,-7.6089406,-4.482591,12.138541,-18.894926,-3.867462,0.5951614,-26.697989,-1.6971383,-2.6748843,-15.01794,-19.945848,15.1743355,-5.0325723,8.361632,7.5184827,-14.366459,-4.9106483,4.6295795,-25.608446,-0.5573739,-4.728817,-12.665679
34.334175,-57.257893,-18.725716,26.022852,-9.834872,-16.884768,-7.335938,7.0736337,-22.213728,8.043851,-6.1912327,-8.138726,3.4889567,2.0074103,-11.970793,-2.6686397,0.76317304,-41.524937,-1.4145463,2.6268694,-17.16743,-0.46617955,8.578297,-20.173536,-1.3180872,0.551907,-46.71958,-6.778899,1.0748334,-24.463488,-4.6858535,13.505815,-26.016296,-4.3598733,1.0034493,-49.398422,-2.6872528,-2.1280057,-31.14894,-21.445889,16.292126,-5.3680644,8.578408,6.5871706,-25.750994,-5.727386,5.640369,-46.913174,-1.1430236,-4.673897,-28.031408
35.388893,-59.788296,-17.625954,27.483334,-9.151161,-17.117477,-7.8233805,7.466525,-20.627874,8.825407,-6.551829,-3.1868768,3.537581,1.4707496,-10.655968,-2.7616415,0.787437,-34.599487,-1.5647614,2.780658,-11.229873,-0.50902534,8.606647,-18.259684,-1.3309872,0.53924155,-39.03954,-6.5239477,0.75664186,-18.438898,-4.9061112,14.067589,-23.16788,-4.42151,0.8673006,-42.411774,-2.4287784,-2.478386,-26.365246,-22.469486,17.059034,-5.58855,9.13749,7.9515533,-21.868267,-5.7611837,5.601091,-41.011772,-0.97457325,-5.0062485,-23.761822
36.26421,-61.302994,-18.218939,28.109863,-9.583366,-17.624393,-7.981072,7.6199374,-21.369385,8.99987,-6.6917644,-3.5232568,3.5927157,1.3455117,-10.924448,-2.80412,0.7925866,-36.22366,-1.5757203,2.824124,-11.908265,-0.5189337,8.591801,-19.054195,-1.3455997,0.54393274,-41.684437,-6.794566,0.8480807,-20.328165,-5.0128016,14.17887,-24.142279,-4.534815,0.91674316,-45.394318,-2.5829349,-2.4452224,-28.669657,-22.978523,17.45632,-5.703471,9.333778,7.8174963,-22.933212,-5.9507236,5.8122745,-44.46039,-1.0692825,-5.064025,-26.249006
36.393253,-61.429432,-18.592344,28.159876,-9.171548,-17.441658,-7.950755,7.601595,-21.972433,8.970956,-6.6792693,-3.9278207,3.6279583,1.5567287,-11.66295,-2.804079,0.7904253,-38.191956,-1.5526214,2.8061404,-13.296269,-0.5111607,8.540908,-20.9064,-1.3496374,0.5498682,-44.949863,-7.005316,1.0089743,-22.990736,-5.001176,14.084831,-26.421358,-4.565556,0.9808359,-48.74606,-2.731392,-2.316002,-31.253586,-22.973392,17.462751,-5.7055864,9.2353735,7.322185,-25.924133,-6.0426984,5.9691796,-48.378967,-1.1801705,-4.990202,-29.19133
35.877037,-60.99337,-17.333416,28.402187,-6.9044847,-16.25313,-8.031928,7.626193,-19.717249,9.3257065,-6.7299986,1.2440116,3.5921562,0.8574861,-11.849653,-2.798332,0.8021837,-30.015766,-1.6550303,2.8547478,-7.250618,-0.5492723,7.9210134,-19.87014,-1.3365192,0.5327326,-35.50961,-6.4341507,0.64767045,-16.165598,-5.011548,13.707754,-23.92811,-4.4375734,0.813725,-39.829308,-2.346934,-2.5923538,-24.808056,-22.854433,17.373814,-5.6702924,9.317432,7.807484,-21.979963,-5.822467,5.66451,-40.54317,-0.9557885,-5.1062546,-23.267282
37.873722,-63.134987,-20.982277,28.741068,-9.904188,-18.084517,-8.011682,7.7222743,-24.444506,8.8764105,-6.764842,-7.7085004,3.8037171,1.5681372,-14.997268,-2.8420465,0.7843975,-45.832848,-1.480176,2.7993462,-18.563858,-0.49972066,8.706653,-23.50228,-1.3681095,0.56198204,-51.66705,-7.42185,1.2144617,-27.013731,-5.1038165,14.287752,-29.198334,-4.7246933,1.0776612,-54.520504,-2.9150264,-2.241784,-34.44417,-23.49996,17.867664,-5.8355045,9.393639,6.8053074,-28.264484,-6.2560673,6.197292,-52.620377,-1.2675356,-5.0564656,-31.35775
37.297276,-62.85203,-19.424948,28.844133,-9.012018,-17.623125,-8.070679,7.7505784,-23.319166,9.009172,-6.781692,-6.134865,3.797193,2.0568423,-13.880089,-2.8512902,0.7888474,-42.314728,-1.5179579,2.8194265,-16.897093,-0.4872326,9.225772,-22.178253,-1.3619089,0.55305713,-46.356167,-7.130167,1.0460556,-23.521904,-5.0740056,14.908064,-27.666264,-4.647244,0.9771818,-49.129074,-2.7029386,-2.388235,-31.019053,-23.452427,17.832266,-5.834079,9.399976,7.938038,-26.740446,-6.092158,5.9976377,-46.86395,-1.1284914,-5.1362023,-27.8239
34.86639,-59.274593,-16.450464,27.638525,-7.198675,-16.071577,-7.8484855,7.4657073,-19.28252,8.962642,-6.5420055,-0.76225746,3.5564795,1.5177294,-11.238072,-2.761205,0.792982,-29.19801,-1.6107612,2.793591,-8.422514,-0.51022005,8.810573,-17.149048,-1.3178487,0.5241887,-29.913757,-5.986185,0.45945072,-11.990604,-4.8693843,14.4924,-20.694147,-4.2762666,0.68387014,-32.74563,-2.0058668,-2.755806,-19.499907,-22.304647,16.95437,-5.5614414,9.18286,9.324496,-17.976488,-5.450651,5.1962347,-30.463007,-0.69361395,-5.147525,-16.432474
34.58818,-58.908516,-15.854265,27.422909,-7.671421,-16.253174,-7.8730264,7.4619203,-18.203041,9.037543,-6.5435524,0.7693172,3.4670544,0.99565214,-9.643458,-2.7504053,0.7964429,-25.575354,-1.653025,2.810272,-5.503736,-0.53259254,8.532389,-14.451876,-1.3097126,0.5162461,-25.646858,-5.6871634,0.270101,-8.450294,-4.8838687,14.207846,-17.371979,-4.2173834,0.61254764,-28.66051,-1.8256197,-2.8826842,-16.339472,-22.240385,16.889824,-5.532359,9.274185,9.427719,-14.2932205,-5.3402686,5.038117,-26.656952,-0.5844452,-5.191481,-13.49409
34.4232,-59.159023,-14.712551,27.885157,-5.8712897,-15.4458065,-7.964813,7.525506,-17.268167,9.335596,-6.6133986,3.95334,3.4947927,1.1014812,-9.866963,-2.7641525,0.804169,-21.671402,-1.7162695,2.8472307,-2.6690931,-0.5350355,8.45871,-15.675845,-1.3072976,0.5104113,-22.43353,-5.546275,0.18936303,-6.579162,-4.895725,14.271611,-18.481693,-4.1838994,0.56312144,-25.856724,-1.720451,-2.9598951,-14.745166,-22.377193,16.972708,-5.553513,9.285599,9.703885,-15.111972,-5.2967343,5.014628,-25.049067,-0.53273064,-5.2395687,-12.38941
32.463696,-55.37545,-14.68705,25.950003,-6.2333856,-14.824173,-7.385873,7.020898,-17.57864,8.577363,-6.1815214,1.5076114,3.3214755,1.3996862,-9.23832,-2.6338587,0.78231037,-24.440222,-1.6044486,2.6878889,-5.1541257,-0.51600695,8.023123,-15.246369,-1.2802087,0.51485956,-26.135199,-5.4746666,0.33731824,-9.590962,-4.6163654,13.238012,-18.657946,-4.0130363,0.6319442,-28.917286,-1.8174374,-2.6844783,-16.907122,-20.902798,15.891022,-5.2293153,8.630884,8.318655,-16.859549,-5.109353,4.8668838,-28.100052,-0.6218453,-4.8637137,-14.695554
32.446686,-55.71787,-13.652187,26.32312,-5.9651923,-14.821311,-7.5596642,7.147948,-16.411951,8.831406,-6.274752,3.5056748,3.3228621,1.0138406,-8.726916,-2.6633444,0.790382,-20.214075,-1.6651931,2.7362595,-2.1162345,-0.53191066,8.060027,-13.385807,-1.2785114,0.50454915,-19.799585,-5.132409,0.10792,-4.6036386,-4.6879644,13.453794,-15.709241,-3.9736183,0.5187596,-22.785755,-1.5358734,-2.9185493,-12.200588,-21.17423,16.074757,-5.289582,8.892069,9.179581,-12.363958,-4.979472,4.6778216,-21.426414,-0.43321133,-5.035647,-9.661839
34.359367,-59.090675,-14.756582,28.050722,-5.1450706,-15.079972,-7.9864483,7.5411096,-17.116177,9.352801,-6.614783,4.222608,3.5353236,1.5566096,-10.266592,-2.7785182,0.8072152,-21.293903,-1.7266006,2.8594224,-2.4130983,-0.5174415,8.726548,-17.118998,-1.3122106,0.5106391,-22.900389,-5.57839,0.22631484,-7.1233153,-4.8844767,14.49861,-20.216747,-4.1976314,0.5808094,-26.82603,-1.7298857,-2.947256,-15.068052,-22.363924,16.973166,-5.567289,9.2312975,9.713384,-16.820747,-5.309859,5.045741,-25.66824,-0.5281567,-5.2431593,-12.486657
33.892204,-58.232483,-14.5616455,27.559164,-5.85427,-15.265382,-7.940186,7.4718075,-16.321835,9.268949,-6.5443616,4.4553976,3.4577954,1.0605419,-9.772789,-2.755643,0.8061441,-20.234676,-1.7306156,2.8445787,-1.4448847,-0.5304103,8.441059,-15.978711,-1.3059219,0.50807536,-21.803589,-5.4313602,0.15953296,-6.0622187,-4.852093,14.164958,-18.865454,-4.1508446,0.56598014,-26.01763,-1.6730523,-2.9611926,-14.180817,-22.081968,16.767754,-5.505378,9.196164,9.629459,-14.854892,-5.2352147,4.9533224,-24.40998,-0.48813137,-5.212651,-11.474427
34.046074,-57.920406,-15.559441,26.868689,-8.529701,-16.506393,-7.871634,7.4150376,-16.801487,9.002677,-6.4926324,1.7246971,3.367215,0.32962835,-8.449425,-2.7332819,0.8001646,-21.902466,-1.6873274,2.817839,-2.664699,-0.5538823,8.327723,-11.883964,-1.3004416,0.5078556,-21.055325,-5.3303795,0.052761793,-4.581736,-4.8592167,14.028731,-13.985985,-4.136772,0.53463113,-24.448925,-1.6089413,-3.032182,-12.743343,-21.959658,16.667295,-5.4743156,9.325485,9.9025955,-9.724785,-5.169882,4.7962046,-21.409851,-0.43162102,-5.24005,-9.4728
34.59353,-58.70768,-16.371218,27.017097,-9.368593,-17.049486,-7.8954363,7.4527946,-17.830853,8.949936,-6.5262346,-0.0029464364,3.3954935,0.39186984,-8.62953,-2.7471955,0.7982717,-25.567358,-1.6553153,2.8172584,-4.94686,-0.5506185,8.376337,-12.9699545,-1.3125184,0.5178823,-26.50173,-5.7163754,0.25083068,-8.658493,-4.894113,14.06775,-15.673936,-4.2408266,0.6401345,-30.097004,-1.8808368,-2.8731968,-16.9236,-22.17257,16.837748,-5.521491,9.34266,9.447925,-12.171161,-5.3726077,5.0476074,-27.485586,-0.60834444,-5.1829767,-13.90312
36.278706,-61.006927,-18.25488,27.76132,-11.20124,-18.39973,-8.067398,7.6646805,-20.231762,9.038669,-6.719196,-3.0792928,3.4985352,0.21572646,-9.323804,-2.8053644,0.79799944,-31.686474,-1.6192794,2.8532567,-8.863703,-0.5637936,8.534153,-12.76353,-1.3328226,0.52732724,-31.78586,-6.127719,0.3825167,-11.618769,-5.0684233,14.34579,-15.6292095,-4.4249306,0.70989674,-34.561096,-2.0779545,-2.849078,-20.03203,-22.988482,17.45613,-5.7051816,9.6758995,9.216214,-12.793838,-5.638324,5.3111076,-31.50033,-0.7154243,-5.3004227,-16.633867
37.462276,-62.841217,-19.986673,28.444286,-11.482598,-18.846071,-8.131915,7.7769847,-22.619442,9.015563,-6.8116937,-6.010466,3.6499743,1.006714,-10.934854,-2.8494062,0.7929702,-39.563213,-1.5488814,2.8460546,-14.439482,-0.5305336,8.9088125,-17.17139,-1.3580608,0.54711896,-42.81572,-6.904971,0.8417542,-20.100018,-5.136562,14.622511,-21.698824,-4.6278934,0.9077803,-45.527126,-2.5578527,-2.537403,-28.06229,-23.521832,17.864576,-5.8327665,9.613731,8.113611,-21.163052,-6.034703,5.8495207,-43.439198,-1.0342569,-5.210397,-25.215132
37.118637,-62.257275,-20.386433,28.226023,-10.485636,-18.185757,-7.9286065,7.618836,-23.879957,8.734692,-6.6691885,-7.933496,3.712522,2.178203,-12.397347,-2.8229918,0.78318775,-45.133755,-1.470173,2.7756248,-18.555803,-0.47575486,9.153257,-22.968336,-1.3657115,0.56512964,-53.48099,-7.554716,1.3433689,-29.170189,-5.0089073,14.551341,-29.451124,-4.695805,1.1295029,-56.74458,-3.0659707,-2.087343,-36.698677,-23.19972,17.623789,-5.763643,9.153725,6.815204,-30.64893,-6.268686,6.277711,-55.876877,-1.3834823,-4.9090924,-34.335194
37.047855,-61.32628,-22.145063,27.556896,-10.8672,-18.126999,-7.651145,7.4157734,-25.516897,8.298296,-6.495982,-11.220133,3.725756,2.488208,-13.958605,-2.7771401,0.7686116,-50.783066,-1.3687658,2.6846824,-23.147903,-0.45405757,9.0869055,-24.735334,-1.3614192,0.57450384,-59.41615,-7.771576,1.5599678,-33.324997,-4.9084854,14.184675,-31.806545,-4.6902256,1.2189983,-61.666676,-3.2185397,-1.890619,-39.719868,-22.752142,17.28275,-5.666456,8.828461,5.740715,-34.35969,-6.2927938,6.346809,-60.25536,-1.4847794,-4.740622,-37.206997
36.541077,-60.27762,-22.174845,27.297718,-9.200502,-17.081844,-7.520081,7.280975,-24.89062,8.245204,-6.3953605,-9.70927,3.707258,2.6042309,-14.836484,-2.743466,0.7678324,-49.327446,-1.3748385,2.6587994,-21.87294,-0.44308162,8.688964,-27.628887,-1.356995,0.57637686,-61.01651,-7.8314486,1.6701785,-35.216362,-4.8143845,13.654844,-35.224125,-4.6515484,1.2771316,-64.2559,-3.324298,-1.7421231,-41.524254,-22.316956,16.964804,-5.5664973,8.526096,4.831205,-37.88538,-6.312828,6.4356117,-64.09404,-1.5845304,-4.577953,-39.629192
36.371395,-60.12748,-21.424486,27.1523,-10.5425,-17.748903,-7.606589,7.3375196,-23.778301,8.363577,-6.452206,-8.4800825,3.6180813,1.6142362,-13.251296,-2.742447,0.7725659,-45.33446,-1.4179025,2.6915145,-18.960161,-0.49359107,8.454205,-21.864756,-1.3452549,0.5611408,-52.31283,-7.259861,1.2393129,-27.825497,-4.877814,13.663612,-27.806984,-4.5647216,1.0947975,-54.844448,-2.9202433,-2.089699,-34.57109,-22.376963,17.005037,-5.574288,8.862514,6.0760994,-29.04632,-6.071953,6.0227766,-53.60424,-1.3003658,-4.7847652,-32.139744
36.574535,-60.718758,-20.51776,27.542936,-10.642909,-17.97165,-7.852963,7.509124,-21.699461,8.806121,-6.622596,-4.3803964,3.54424,0.59329015,-11.264447,-2.771906,0.78959346,-36.90633,-1.5436232,2.7866287,-12.42136,-0.5495225,8.179983,-16.655245,-1.337007,0.53992987,-40.3367,-6.547969,0.70278794,-18.040154,-4.995876,13.727806,-20.83891,-4.4811077,0.87215114,-43.125534,-2.4056017,-2.5443516,-25.719124,-22.684237,17.24256,-5.636499,9.284779,7.383226,-20.49886,-5.8350167,5.6200957,-41.51707,-0.9567232,-5.075554,-23.198784
36.198906,-60.489742,-19.725431,27.591486,-9.476711,-17.361864,-7.854328,7.4909005,-20.92861,8.9332695,-6.6136756,-2.2793007,3.5280874,0.45036384,-11.609131,-2.763088,0.7909527,-34.594322,-1.5702531,2.7860734,-10.816474,-0.5562983,7.88594,-17.412348,-1.3310721,0.5358852,-38.223713,-6.403697,0.6565772,-16.824366,-4.9719453,13.491578,-21.534708,-4.4261694,0.83740413,-41.205067,-2.3189,-2.568198,-24.64041,-22.573593,17.15423,-5.60453,9.204104,7.3262258,-21.132803,-5.770726,5.575836,-40.49402,-0.92190516,-5.0599117,-22.548418
35.05111,-58.542477,-18.96735,26.723248,-9.819443,-17.1854,-7.7343707,7.342288,-19.5618,8.703837,-6.468241,-2.4020014,3.4109075,-0.049641795,-10.477682,-2.7244291,0.7884528,-30.930515,-1.5674303,2.756726,-9.1285715,-0.56727576,7.8125057,-14.118862,-1.3163441,0.5274035,-32.029957,-6.0127563,0.45006216,-12.704882,-4.879434,13.454961,-16.958612,-4.281363,0.7183726,-34.994297,-2.0896957,-2.69205,-20.414991,-21.9456,16.706095,-5.4834185,9.170763,8.121251,-15.0538,-5.523864,5.2249,-33.393353,-0.78328216,-5.045888,-18.10001
34.77405,-57.97118,-19.42507,26.377125,-9.450677,-16.845345,-7.6525407,7.2608266,-19.327208,8.501685,-6.3799667,-3.5694356,3.414514,0.055102363,-11.218194,-2.708265,0.78330165,-31.218328,-1.5301644,2.7285192,-10.139587,-0.5469022,7.9969068,-14.774462,-1.3146024,0.52856684,-32.040688,-6.040041,0.47434223,-13.350146,-4.801696,13.678022,-17.595692,-4.2504144,0.70524895,-34.86666,-2.0897202,-2.6740208,-20.25767,-21.64617,16.503937,-5.431941,9.03508,8.409542,-15.420258,-5.4787416,5.140803,-32.715176,-0.7805648,-5.0063,-17.78598
33.71756,-56.14661,-19.044758,25.450638,-9.929316,-16.729794,-7.43618,7.0607204,-19.199133,8.172292,-6.1994395,-4.919978,3.3237643,-0.09819782,-10.723362,-2.6580944,0.7738978,-31.738705,-1.4818655,2.6649082,-11.167221,-0.54777884,7.814926,-13.445705,-1.3022413,0.5282279,-31.788452,-5.943596,0.48525286,-13.470199,-4.6935024,13.344697,-15.831322,-4.1585097,0.69424045,-34.221718,-2.0773845,-2.6083302,-20.11864,-21.010876,16.035435,-5.300381,8.854555,8.246855,-13.546438,-5.3536963,4.999192,-31.743137,-0.7828407,-4.881047,-17.529959
35.608612,-59.324703,-20.719608,26.69561,-10.980224,-17.85004,-7.7090554,7.357031,-21.378935,8.396155,-6.4482164,-7.1708555,3.4931333,0.65801114,-11.1421,-2.7482953,0.7790802,-37.072372,-1.4789101,2.735293,-14.298246,-0.5216501,8.626998,-15.907861,-1.3324709,0.54145175,-38.902775,-6.5504274,0.74020475,-18.35209,-4.8646917,14.21338,-19.655924,-4.399374,0.82070315,-41.446693,-2.3933299,-2.5146027,-25.126678,-22.08038,16.832954,-5.54102,9.108895,8.1982155,-18.800867,-5.7184253,5.4368954,-38.65217,-0.95535934,-4.995899,-22.309542
36.81712,-60.68149,-22.82448,26.884483,-12.250332,-18.66787,-7.653829,7.385696,-24.156822,8.236224,-6.479833,-10.979657,3.6098444,1.0898159,-13.040084,-2.7599273,0.7696918,-45.330997,-1.3972758,2.7007673,-20.124178,-0.50313944,8.886031,-17.871387,-1.3415873,0.55373734,-46.813446,-6.933057,0.9658765,-23.029865,-4.9093738,14.336712,-22.634548,-4.522432,0.93821144,-47.922935,-2.5966175,-2.3794978,-29.16875,-22.422768,17.079443,-5.613801,9.078653,7.531038,-23.283386,-5.8833747,5.6617618,-43.843124,-1.0546417,-4.9885597,-25.54968
36.453533,-59.903614,-22.893625,26.58183,-11.81129,-18.293694,-7.5144415,7.269312,-24.43757,8.094242,-6.3818636,-11.305041,3.6003125,1.0764934,-14.099426,-2.7298694,0.76392865,-46.77198,-1.3654466,2.6530263,-21.322344,-0.501112,8.595118,-19.195541,-1.3358964,0.5563875,-48.63512,-6.9525995,1.0559976,-24.402138,-4.8497624,13.938585,-24.055204,-4.4854703,0.9732171,-49.508465,-2.635181,-2.2793424,-30.214996,-22.130447,16.848112,-5.542731,8.902946,6.982295,-24.680006,-5.8546596,5.6792264,-45.66459,-1.0921836,-4.8851767,-26.659525
36.53852,-59.873386,-23.345661,26.510578,-12.023189,-18.381855,-7.4871974,7.2502646,-24.648937,8.040369,-6.370657,-11.697245,3.596428,1.1073227,-13.933034,-2.7270594,0.76403266,-47.00324,-1.3610287,2.6517243,-21.341444,-0.5012697,8.605071,-18.944147,-1.3362615,0.5567016,-49.03766,-6.969763,1.0587938,-24.602081,-4.849316,13.890241,-23.871973,-4.4927974,0.9826641,-50.027813,-2.6553147,-2.2698083,-30.390316,-22.097923,16.834978,-5.5374317,8.894443,6.813796,-24.77521,-5.8677206,5.684503,-46.093685,-1.1015601,-4.87662,-26.875372
34.93263,-57.79948,-20.00092,26.084017,-10.860551,-17.48161,-7.4710636,7.1619177,-21.522936,8.24924,-6.305104,-6.544201,3.4456704,0.59229815,-11.738476,-2.6851237,0.7726323,-38.46056,-1.4568982,2.6671798,-14.627536,-0.5328878,8.008526,-16.1387,-1.3156725,0.5411268,-40.598972,-6.386882,0.7552665,-18.625883,-4.78716,13.3167715,-20.087551,-4.325379,0.8759365,-42.772175,-2.3835697,-2.4095316,-25.615074,-21.607769,16.447721,-5.4116783,8.887497,7.235093,-19.28269,-5.6065283,5.395681,-39.95529,-0.9464251,-4.8597093,-22.514961
33.98015,-56.833305,-17.743519,25.733995,-11.290831,-17.561771,-7.496025,7.148291,-20.312767,8.23757,-6.259115,-5.9980483,3.3753648,0.19360432,-10.472128,-2.6743245,0.7724565,-36.018635,-1.4721472,2.6663237,-13.029678,-0.54531294,7.9311028,-13.660909,-1.308672,0.53564554,-36.645805,-6.183135,0.64154977,-16.142323,-4.7818117,13.288143,-16.676912,-4.261356,0.81552064,-39.336395,-2.2905958,-2.4706695,-23.81243,-21.421577,16.327105,-5.3798757,9.025247,7.8651433,-14.227804,-5.4934607,5.247615,-36.171944,-0.8873279,-4.873965,-20.48418
34.29107,-57.91693,-16.94041,26.473074,-10.18123,-17.22976,-7.6502523,7.280961,-20.122025,8.519569,-6.3720827,-4.17131,3.4337828,0.5439145,-10.567987,-2.708631,0.7792523,-35.680843,-1.5096661,2.7078993,-12.216537,-0.5338326,7.919966,-16.503534,-1.3213633,0.5407471,-39.779743,-6.497965,0.82099855,-19.194765,-4.8395357,13.305442,-20.410212,-4.352632,0.8962028,-43.433758,-2.5053015,-2.344975,-27.299072,-21.79963,16.620218,-5.461984,9.050986,7.3859124,-18.55858,-5.705501,5.5608125,-42.271614,-1.0484909,-4.845535,-24.907957
30.790157,-52.222195,-13.855415,24.070705,-9.430909,-15.765931,-7.028934,6.684216,-18.096521,7.8809004,-5.852882,-3.0453825,3.1390414,0.11919327,-8.991803,-2.5415256,0.76027036,-31.244228,-1.4650186,2.545656,-10.128035,-0.54176444,6.937679,-13.497897,-1.2707466,0.52900994,-34.13715,-5.7895555,0.6620252,-15.71378,-4.5049324,11.812581,-16.44794,-3.9869857,0.8034228,-37.43487,-2.223028,-2.2641954,-23.561495,-19.875471,15.160042,-5.024849,8.419382,6.633713,-13.9422035,-5.1869226,5.0339093,-36.528675,-0.91269314,-4.4958487,-21.218252
33.44106,-56.226704,-16.80333,25.53598,-11.04369,-17.307638,-7.3199058,7.0351706,-22.152683,7.9005184,-6.1188245,-9.561894,3.438962,0.75709397,-12.694171,-2.6551654,0.75763965,-43.571644,-1.3644588,2.580744,-19.284075,-0.50409174,7.933184,-18.059254,-1.3151563,0.55305004,-46.26677,-6.7925425,1.1390842,-24.485048,-4.71292,13.079044,-21.942377,-4.3275037,1.000149,-48.97694,-2.7449567,-2.0559914,-31.85063,-21.18291,16.174744,-5.344875,8.80157,6.76672,-19.444702,-5.6882124,5.613503,-46.048615,-1.1903514,-4.628437,-28.255417
35.701286,-59.010437,-20.89124,26.756586,-9.9314,-17.222157,-7.4118505,7.188619,-25.155724,8.064525,-6.297589,-10.962099,3.6517422,1.430108,-16.18321,-2.7134943,0.7604726,-51.351204,-1.3342144,2.612291,-23.57265,-0.4827292,7.7766304,-26.43614,-1.3499398,0.57636076,-60.733383,-7.7544956,1.677287,-35.146767,-4.8222585,12.820392,-32.54419,-4.6056523,1.267764,-63.8771,-3.327751,-1.6916642,-41.872093,-21.961742,16.731895,-5.5055995,8.634425,4.450458,-32.97551,-6.255189,6.3678,-63.33751,-1.5979751,-4.5143847,-39.48877
36.114273,-59.349792,-22.044243,26.425518,-11.887257,-18.2226,-7.3159213,7.1572933,-27.152023,7.7734375,-6.2649937,-15.107904,3.6694095,1.6920651,-15.882649,-2.7112143,0.74904925,-56.948833,-1.2515309,2.5700169,-28.131346,-0.4719292,8.168674,-24.70281,-1.3512466,0.5828118,-63.97891,-7.900834,1.7592661,-36.791897,-4.8340425,13.060793,-31.080238,-4.646737,1.2927281,-65.71819,-3.3858948,-1.6569068,-42.999184,-22.01821,16.77345,-5.527995,8.667013,4.4050226,-32.651108,-6.2836304,6.374841,-63.633408,-1.6146233,-4.522935,-40.035007
36.09055,-59.19853,-21.711056,26.326977,-12.775083,-18.665718,-7.41903,7.217957,-25.40594,8.036395,-6.3624606,-11.949978,3.547544,0.6093842,-13.430248,-2.7067654,0.7580083,-50.214485,-1.3356938,2.6256804,-22.770298,-0.5341456,7.725374,-18.292425,-1.3360555,0.56352836,-53.214245,-7.1716566,1.2175738,-27.535482,-4.90709,12.826289,-23.298492,-4.540192,1.0774696,-54.631306,-2.8893816,-2.0748708,-34.482544,-22.062616,16.798937,-5.522943,8.954247,5.3147564,-24.299448,-6.027845,5.929329,-52.240482,-1.2884431,-4.7466044,-31.590242
35.104626,-57.5492,-21.028648,25.694315,-12.276215,-18.111212,-7.33855,7.0866847,-23.21702,8.0544195,-6.2746863,-8.931945,3.3962348,-0.057432786,-11.822665,-2.6638975,0.76317465,-43.32242,-1.3925154,2.6268334,-18.029318,-0.5629032,7.3065977,-15.430185,-1.3172463,0.5497573,-45.67258,-6.6498384,0.9166627,-22.129488,-4.819337,12.490346,-19.413218,-4.377714,0.9454613,-47.367428,-2.5919712,-2.2499552,-29.309212,-21.510653,16.378826,-5.389347,8.855016,5.791203,-19.933798,-5.7688637,5.5832357,-45.589428,-1.1166749,-4.742074,-26.858189
34.89346,-56.98529,-21.156517,25.426996,-12.395943,-18.055279,-7.3425364,7.063365,-21.704687,8.139667,-6.2720656,-6.632011,3.3054976,-0.8980876,-10.851745,-2.6439204,0.7665869,-38.07938,-1.4433212,2.6464322,-14.111288,-0.5972772,6.852169,-11.94802,-1.3032209,0.5359586,-38.247032,-6.116637,0.55937564,-16.048191,-4.8305345,12.071671,-14.870687,-4.275692,0.7974179,-39.777245,-2.235082,-2.510975,-23.259146,-21.324427,16.240868,-5.3375382,8.942737,5.9587636,-14.897798,-5.56072,5.245097,-38.062813,-0.8827275,-4.8487067,-20.938484
33.591396,-55.481087,-18.790491,24.94196,-11.534491,-17.368778,-7.2738123,6.955636,-19.78099,8.13533,-6.1693864,-4.4144897,3.2085998,-0.628092,-8.956567,-2.6093504,0.7675346,-32.856647,-1.482414,2.6347437,-10.751039,-0.5888187,6.972925,-10.312757,-1.286627,0.52711135,-32.548958,-5.7491617,0.3989578,-12.509424,-4.728179,12.122407,-13.03735,-4.135512,0.71546984,-34.644325,-2.0513685,-2.5800302,-20.191603,-20.836466,15.872583,-5.2283087,8.809373,6.692331,-12.425869,-5.339497,5.010317,-32.975803,-0.7781694,-4.8062444,-17.90383
33.99194,-56.18508,-19.505114,25.183662,-11.338871,-17.37601,-7.2296243,6.9513593,-21.637598,7.972644,-6.145417,-7.1417737,3.3183794,0.47663322,-10.253972,-2.6255155,0.76298046,-39.125107,-1.4206759,2.6090016,-15.171955,-0.53860396,7.5551367,-15.166548,-1.3037946,0.54460084,-42.670483,-6.4254656,0.83926415,-20.582312,-4.6882954,12.581358,-19.511148,-4.2669277,0.91342044,-44.870537,-2.4997218,-2.25276,-27.718191,-20.993786,15.983164,-5.26999,8.61071,6.209154,-20.160995,-5.6050014,5.425109,-43.425934,-1.0660927,-4.6567693,-25.495667
36.66595,-60.35587,-21.4495,27.002754,-12.180259,-18.586884,-7.715146,7.4261875,-22.608534,8.584222,-6.570122,-6.466043,3.4996521,0.08375161,-11.230961,-2.7391891,0.77757025,-40.594727,-1.4843321,2.7420466,-14.9782295,-0.5650243,7.706259,-14.836163,-1.3309903,0.543952,-42.823433,-6.578562,0.71203387,-19.064524,-5.004443,13.066461,-19.24121,-4.497651,0.89131653,-44.721203,-2.4523778,-2.4990196,-26.592896,-22.489954,17.1079,-5.59351,9.236303,6.3880115,-19.957483,-5.87489,5.6251974,-42.987377,-0.98768795,-5.023261,-24.20151
37.92132,-63.012794,-22.204237,28.295471,-10.951994,-18.479427,-7.849208,7.601643,-25.737991,8.559106,-6.6682796,-10.73003,3.8115,2.542198,-14.377045,-2.821159,0.7736944,-51.871887,-1.3916407,2.7390614,-23.161995,-0.4559285,9.212229,-25.557676,-1.3751984,0.5780276,-61.1493,-7.9877043,1.589138,-34.48876,-5.0091996,14.508731,-33.286972,-4.8125067,1.2643003,-64.13334,-3.3627155,-1.8899236,-41.536278,-23.28441,17.718033,-5.7918096,9.027823,5.9466314,-35.719067,-6.4780006,6.5367255,-62.709927,-1.557462,-4.832643,-39.06622
38.027992,-62.934025,-22.484049,28.193563,-11.327312,-18.648771,-7.864165,7.60703,-25.110956,8.672185,-6.6976066,-9.011996,3.739312,1.6605338,-13.76451,-2.8092089,0.77679443,-48.88698,-1.4275216,2.7538793,-20.681206,-0.49641845,8.637202,-22.648203,-1.3651321,0.56785214,-56.238716,-7.591379,1.3219497,-29.928614,-5.0501995,14.008742,-29.477571,-4.7479625,1.1556252,-58.628784,-3.0750668,-2.0994716,-36.9821,-23.277262,17.697372,-5.772781,9.14368,5.907589,-31.889328,-6.3380837,6.307776,-57.564686,-1.3777239,-4.931724,-34.801792
39.038277,-64.597176,-22.612112,28.97717,-11.988989,-19.336115,-8.169131,7.866503,-24.404337,9.091222,-6.9324284,-6.9866786,3.7491796,0.8105605,-12.837232,-2.8652985,0.7908303,-44.79369,-1.5151017,2.8528137,-17.057917,-0.5410923,8.506664,-19.082312,-1.3700658,0.5559254,-49.391994,-7.251171,0.9753,-23.771416,-5.236986,14.173705,-24.630703,-4.780632,1.0162868,-51.73448,-2.768951,-2.4458237,-31.5678,-23.975441,18.221466,-5.9217916,9.648227,6.726576,-25.835026,-6.2962446,6.1379495,-50.288807,-1.1578897,-5.2259235,-29.116587
39.318554,-64.80489,-23.426254,28.855486,-12.71363,-19.698183,-8.072838,7.8194804,-26.111504,8.856431,-6.8780923,-10.188604,3.8162026,1.208187,-14.327641,-2.8607576,0.78032553,-51.163475,-1.4311388,2.8004153,-21.946447,-0.5158751,8.76111,-21.23766,-1.3764368,0.5681112,-56.063675,-7.6338778,1.2452998,-28.735296,-5.208861,14.34854,-27.571058,-4.8482633,1.1297325,-57.83058,-3.0233276,-2.2379239,-36.050026,-23.984169,18.22963,-5.929223,9.524589,6.3353357,-29.538776,-6.4213467,6.339039,-55.620735,-1.3097358,-5.128379,-33.1347
37.40217,-61.66531,-21.17173,27.712841,-12.56689,-19.105343,-7.9954624,7.6610484,-21.866901,8.975558,-6.7685356,-4.619112,3.5302231,-0.83358985,-11.51154,-2.7894385,0.78499925,-37.80816,-1.5430405,2.811087,-12.767342,-0.60335267,7.5402904,-12.333372,-1.3339236,0.53329575,-36.25605,-6.225935,0.41528767,-13.417699,-5.163883,13.245229,-15.435876,-4.5089397,0.7565521,-38.096767,-2.1365676,-2.8060508,-21.401884,-23.098476,17.559214,-5.7250257,9.664783,7.198861,-14.559065,-5.796074,5.445313,-35.45197,-0.7586,-5.291864,-18.370878
35.384983,-59.044884,-18.50882,26.72161,-11.473542,-18.071177,-7.7441807,7.3966393,-20.479425,8.718599,-6.5183024,-3.514505,3.4084923,-0.37845275,-10.193375,-2.7224407,0.7807247,-34.557705,-1.5466113,2.7501526,-10.747957,-0.5823275,7.494245,-12.470994,-1.3144045,0.53028476,-34.604786,-6.0293446,0.44389796,-13.139609,-4.9711943,12.967988,-15.665214,-4.349084,0.7606114,-37.04618,-2.1191416,-2.6854613,-21.35094,-22.195396,16.883265,-5.5280294,9.325239,7.351372,-14.072353,-5.586279,5.296072,-34.676094,-0.76893985,-5.0868645,-18.37739
33.339447,-55.73144,-16.870062,25.449322,-10.34889,-16.905273,-7.409265,7.0589843,-18.941406,8.396596,-6.22612,-2.2335453,3.271242,-0.5804345,-10.144933,-2.6309547,0.7715935,-30.84766,-1.5297692,2.6612844,-8.92759,-0.5843538,7.055309,-11.401865,-1.2850194,0.52134657,-29.389002,-5.52777,0.29471812,-9.894826,-4.7582083,12.359996,-13.795379,-4.113509,0.67735875,-31.937685,-1.8837757,-2.696207,-17.86502,-21.055443,16.030031,-5.276561,8.952992,7.446888,-11.090687,-5.2317944,4.917408,-29.137533,-0.6387831,-4.92222,-14.671876
30.08605,-51.53411,-12.195421,24.11792,-7.8734555,-14.946503,-7.1184187,6.7038455,-15.243312,8.22801,-5.8946285,2.329009,3.049555,-0.23305872,-7.3817296,-2.5330863,0.7723005,-20.917826,-1.5904155,2.6042793,-2.3882265,-0.57083386,6.789201,-10.143855,-1.2502233,0.50565773,-21.118288,-4.9278593,0.11682891,-5.519536,-4.485296,11.855397,-11.951809,-3.8115196,0.5783614,-24.914568,-1.6489258,-2.6864443,-13.982006,-19.729507,15.028817,-4.9741654,8.53268,8.023109,-7.6382246,-4.8086514,4.513968,-23.413967,-0.52644813,-4.699033,-11.410696
35.473328,-59.32417,-18.781885,27.081432,-9.867502,-17.337164,-7.7114367,7.379426,-21.200544,8.682148,-6.4978456,-3.9404297,3.5083835,0.6727732,-11.670548,-2.7337003,0.7822568,-36.830616,-1.5314552,2.7464316,-12.202952,-0.5387896,7.8268266,-17.923052,-1.328121,0.542015,-41.425716,-6.547141,0.78581184,-19.39311,-4.9168983,13.196406,-22.523964,-4.433302,0.9141443,-44.801125,-2.4905117,-2.4111726,-27.353603,-22.243431,16.910662,-5.540979,9.112973,6.837939,-21.077707,-5.8047976,5.6443696,-43.53895,-1.021456,-4.938607,-24.835865
32.42648,-53.892662,-17.362642,24.540989,-9.512819,-16.08848,-7.0903106,6.7796607,-18.968939,8.055855,-6.016077,-2.3120103,3.1689062,-0.55025464,-9.978657,-2.5628672,0.7671328,-30.145674,-1.5093814,2.6069248,-8.207619,-0.5835391,6.367309,-12.969487,-1.275028,0.5237237,-32.22828,-5.6178885,0.4165963,-12.825062,-4.617162,11.346238,-15.736324,-4.0467205,0.74392885,-35.310238,-2.0451403,-2.4938176,-20.404339,-20.289803,15.437782,-5.0955353,8.568357,6.0717306,-13.513306,-5.2438145,4.9662395,-34.403835,-0.7911055,-4.6647434,-18.446548
30.886303,-50.501583,-18.504326,23.127592,-7.4745054,-14.38526,-6.6000595,6.329529,-18.231245,7.6957636,-5.708564,0.061542794,2.9744134,-1.2040033,-9.993752,-2.4526944,0.7640974,-25.68299,-1.5099237,2.5320065,-4.823897,-0.6118958,4.7648015,-14.252989,-1.2511296,0.5171791,-31.28556,-5.3463345,0.3891439,-12.866008,-4.411258,9.325696,-16.245539,-3.853578,0.7337359,-34.907505,-1.9879277,-2.3609996,-19.81428,-18.954205,14.410966,-4.7823625,7.9199753,3.6841516,-15.807998,-5.095227,4.8236566,-37.21633,-0.85424876,-4.332217,-19.951237
32.59793,-53.3962,-19.464592,24.589235,-6.9383054,-14.704213,-6.946628,6.6694617,-19.053186,8.162876,-6.0152307,0.80430067,3.1390178,-1.2321225,-11.312845,-2.5456414,0.77644295,-26.093403,-1.566514,2.637972,-4.535781,-0.6197621,4.9977813,-15.3896055,-1.27482,0.5184207,-31.182655,-5.5014153,0.3355978,-12.237465,-4.6158295,9.893756,-17.325447,-4.012686,0.7135576,-34.7775,-1.9680544,-2.5247705,-19.301594,-20.003086,15.182981,-5.019015,8.324625,4.065909,-16.462955,-5.2957587,4.985882,-37.14823,-0.82705164,-4.5835376,-19.546515
32.76309,-54.028008,-18.706394,25.079918,-6.134384,-14.448095,-7.0126705,6.755923,-19.640953,8.265483,-6.0817,0.67035675,3.2227118,-1.265804,-12.79272,-2.572162,0.7773978,-26.410725,-1.5781186,2.663408,-4.6619596,-0.6187271,5.0354905,-16.080862,-1.2800472,0.5185589,-30.195753,-5.5006285,0.30450016,-11.528965,-4.678861,10.049706,-17.255486,-4.039329,0.6845938,-33.636604,-1.9191691,-2.6006997,-18.536911,-20.263645,15.388638,-5.0878863,8.524321,4.36137,-14.700187,-5.3026,4.9701376,-35.379723,-0.7828485,-4.6783867,-18.29822
31.340355,-53.25244,-14.782032,24.898775,-6.1652627,-14.374815,-7.1002965,6.775517,-17.60431,8.304328,-6.023136,1.2811329,3.2000241,-0.3653315,-10.840926,-2.5682454,0.77276504,-23.290655,-1.5845475,2.6392128,-4.144138,-0.5812467,6.4140162,-12.835192,-1.2629973,0.5092473,-22.363262,-5.0703917,0.11480165,-6.424722,-4.580701,11.622981,-14.220514,-3.8928235,0.55586684,-25.500586,-1.6407421,-2.7599492,-13.94213,-20.148647,15.312643,-5.0671115,8.598202,7.230064,-10.07842,-4.954749,4.600354,-24.562101,-0.5464648,-4.7883754,-12.043205
29.64987,-50.293457,-13.265141,23.411612,-7.5316916,-14.487848,-6.7738633,6.4592667,-17.180046,7.712697,-5.691282,-1.6160032,3.076188,-0.30713415,-10.603695,-2.4807084,0.7537804,-25.337425,-1.4918797,2.5128505,-6.7015038,-0.5611146,6.5973887,-11.206871,-1.2385659,0.5101123,-21.987309,-4.865247,0.13663197,-6.3081164,-4.372324,11.582668,-12.146042,-3.7272038,0.54934716,-24.506931,-1.5878246,-2.6605794,-13.479571,-19.18041,14.593994,-4.8540645,8.334117,7.881971,-6.375854,-4.660891,4.3048725,-20.747324,-0.47461194,-4.6201234,-9.876369
26.566038,-45.559296,-10.334644,21.57558,-5.8631077,-12.741421,-6.2875423,5.965224,-14.92221,7.228986,-5.25291,0.33588865,2.8573763,-0.43914965,-9.740421,-2.349848,0.74228066,-20.125887,-1.4773539,2.3902075,-3.524962,-0.5613667,5.856803,-10.130752,-1.2005938,0.50143933,-17.156027,-4.309678,0.035553172,-3.6536813,-4.075947,10.459839,-10.131723,-3.4202259,0.49358624,-20.179077,-1.3941766,-2.563314,-10.808523,-17.537746,13.363788,-4.4878683,7.794914,7.411677,-3.0337355,-4.2345157,3.9012215,-16.733007,-0.3883772,-4.311161,-7.406897
28.534037,-48.752316,-12.180834,22.840288,-6.8156114,-13.83066,-6.6452184,6.3083243,-15.969155,7.657202,-5.5753903,0.17189707,2.997447,-0.24920668,-9.660231,-2.438551,0.75336385,-23.572794,-1.4966675,2.4802067,-5.192111,-0.5602298,6.1904287,-12.125186,-1.2319149,0.51157546,-23.569359,-4.935975,0.25740752,-8.413471,-4.2690144,11.029656,-13.802985,-3.6825862,0.62571925,-27.382914,-1.7734673,-2.453085,-16.21409,-18.610413,14.187449,-4.733751,8.048147,7.1471024,-8.647712,-4.6920614,4.4219446,-25.51346,-0.63593686,-4.4066076,-13.610585
31.657665,-52.779915,-16.546272,24.222656,-8.691276,-15.474819,-6.9198394,6.638098,-19.688465,7.81159,-5.8706846,-3.971272,3.2286227,-0.41357815,-12.822696,-2.532918,0.75636107,-34.50738,-1.4386022,2.5353198,-11.573072,-0.5621247,6.10862,-16.987936,-1.2760422,0.53535116,-38.0255,-5.968479,0.73066676,-18.074438,-4.5254107,11.037343,-19.923603,-4.0582843,0.8780459,-41.750557,-2.3621185,-2.1924963,-25.706118,-19.89105,15.163465,-5.0222034,8.353418,5.466725,-16.285719,-5.329016,5.1680217,-40.403786,-0.9993974,-4.4610367,-23.175123
32.1482,-54.177917,-15.909494,24.841108,-9.231479,-16.014086,-7.1203427,6.8127894,-19.96222,7.9330835,-5.980037,-5.1110225,3.3052187,0.5135147,-11.976712,-2.5831501,0.76031005,-36.800278,-1.4359443,2.5692565,-13.355866,-0.5269772,7.0856805,-18.137453,-1.2918277,0.54198635,-41.607487,-6.325433,0.90719473,-21.03339,-4.575924,12.057972,-22.193678,-4.174846,0.95929277,-45.712257,-2.5819252,-2.0973299,-29.14187,-20.414438,15.57085,-5.1471066,8.480127,6.1754785,-19.021791,-5.4889007,5.3961873,-43.83519,-1.1056957,-4.505313,-26.102768
34.322163,-57.388447,-18.013079,26.04037,-10.591887,-17.30422,-7.4379354,7.1425657,-21.67173,8.285419,-6.2909584,-5.9868007,3.4153874,0.20192073,-11.951008,-2.6710148,0.76953423,-39.543438,-1.459158,2.6616535,-14.572121,-0.5513382,7.2587547,-17.309847,-1.3164966,0.5460293,-43.657093,-6.5910854,0.8981728,-21.52533,-4.8130507,12.497442,-21.485914,-4.3640137,0.9562211,-46.95485,-2.6131454,-2.2363234,-29.529486,-21.535625,16.40812,-5.3949513,8.921689,6.261365,-19.552864,-5.754502,5.616534,-45.617634,-1.1234851,-4.741079,-26.958988
35.201668,-58.318672,-19.46591,26.20556,-12.08773,-18.220804,-7.529981,7.251088,-22.415035,8.287936,-6.374347,-7.506443,3.4361868,-0.3217923,-12.10039,-2.6964211,0.77045244,-40.499847,-1.4585493,2.6887546,-15.178917,-0.5700433,7.3395133,-14.646895,-1.318872,0.5418471,-41.483833,-6.406225,0.70711184,-18.470297,-4.91645,12.645917,-17.888472,-4.393626,0.874683,-43.48793,-2.388321,-2.463251,-25.992018,-21.901995,16.670343,-5.477234,9.209773,6.6028333,-15.616897,-5.69595,5.441257,-40.553955,-0.9387145,-4.9369926,-22.58442
37.725063,-62.329075,-21.641396,27.772776,-13.630328,-19.758015,-7.9146485,7.659527,-25.042553,8.567886,-6.694897,-10.736153,3.6624255,-0.0287451,-13.672586,-2.811788,0.77473855,-47.271862,-1.4366399,2.7687392,-19.67529,-0.55413073,8.140156,-16.47696,-1.3539875,0.55414397,-47.684113,-7.0034046,0.91589373,-22.407871,-5.170372,13.680658,-20.27553,-4.663601,0.9503584,-48.751663,-2.6083245,-2.474031,-29.57996,-23.331932,17.740019,-5.799563,9.69689,6.856782,-18.700102,-6.0633144,5.8293414,-45.133144,-1.0384907,-5.1745934,-25.603634
37.518238,-62.170017,-20.650387,28.0199,-12.234345,-19.06376,-8.07617,7.734913,-22.02679,9.038915,-6.7991176,-4.514731,3.5662267,-0.58037686,-11.537962,-2.8149447,0.7909748,-36.946693,-1.5720272,2.8421748,-11.823087,-0.5895449,7.7770443,-13.3891535,-1.3397095,0.5331682,-36.39406,-6.2922325,0.45084828,-13.662195,-5.194022,13.491729,-16.386028,-4.5323644,0.75749654,-38.07722,-2.1276739,-2.830649,-21.49399,-23.32171,17.713678,-5.7791815,9.773525,7.558999,-14.825251,-5.81179,5.479287,-35.529938,-0.7461879,-5.342065,-18.307201
37.10467,-61.230717,-21.010378,27.576591,-12.180745,-18.845837,-7.940904,7.623859,-21.84215,8.883981,-6.6925364,-4.6933856,3.5422196,-0.5089185,-11.8158245,-2.785317,0.78673023,-36.189987,-1.5579635,2.8068678,-11.770359,-0.5826372,7.826581,-12.445286,-1.3267753,0.525564,-33.372326,-5.9573135,0.30742437,-10.971627,-5.126704,13.382525,-15.270278,-4.435263,0.68246377,-34.378986,-1.8822601,-2.942459,-18.021406,-22.986229,17.438663,-5.7006087,9.6481285,7.5931983,-13.626583,-5.5993986,5.2098556,-30.389652,-0.5640539,-5.3637114,-14.24455
34.45657,-57.568153,-17.836107,26.101831,-11.483508,-17.823984,-7.631787,7.281049,-19.526398,8.571875,-6.38903,-3.028789,3.3313725,-0.36930794,-9.152218,-2.6933432,0.78049684,-30.720568,-1.5641428,2.7318356,-8.612227,-0.5783995,7.6449647,-9.961514,-1.2975175,0.51758367,-28.121593,-5.518016,0.1949662,-8.163424,-4.897129,12.959002,-12.292749,-4.1974015,0.6227242,-29.895313,-1.7497665,-2.88518,-15.818445,-21.746777,16.532894,-5.4339976,9.270103,7.945179,-10.050148,-5.273238,4.8933434,-26.203325,-0.51380104,-5.1397614,-12.2191105
35.833965,-60.216286,-17.85267,27.495441,-11.004092,-18.147223,-8.030275,7.620743,-19.137001,9.124673,-6.701318,-0.7427579,3.4212801,-0.23072311,-8.280317,-2.7817793,0.79917246,-27.988367,-1.6579137,2.8568902,-5.86268,-0.5868654,8.046604,-10.314937,-1.3197552,0.51705503,-26.968796,-5.7013597,0.1482251,-7.33178,-5.0706725,13.734497,-12.753145,-4.3413277,0.6203517,-29.66468,-1.8136609,-3.0015383,-15.968613,-22.737728,17.276909,-5.6466613,9.656571,8.750395,-10.37758,-5.4850307,5.101222,-27.015684,-0.55299604,-5.3374763,-12.855494
36.645687,-61.23649,-19.175327,27.753063,-11.800915,-18.714256,-8.050375,7.6794596,-20.841745,9.033022,-6.7555127,-3.6840649,3.5091765,0.010474702,-9.575332,-2.8049746,0.7944062,-33.484673,-1.6024989,2.8501594,-9.928175,-0.57496285,8.301905,-11.939179,-1.3330994,0.5281359,-32.726704,-6.1106977,0.3512615,-11.548834,-5.1134577,14.035351,-15.003477,-4.459538,0.7148974,-35.083492,-2.0645819,-2.8704228,-19.941338,-23.037994,17.512077,-5.72393,9.701279,8.577104,-12.970092,-5.6822643,5.3302717,-31.865795,-0.701349,-5.32586,-16.546562
38.339596,-63.755253,-21.344238,28.643543,-12.214161,-19.347723,-8.162658,7.848003,-23.691793,9.039862,-6.8960614,-7.38643,3.7140086,0.75615287,-12.267507,-2.8611784,0.7895169,-42.49802,-1.5256763,2.8507366,-16.472069,-0.5421878,8.825488,-16.59271,-1.3591897,0.5472063,-43.27161,-6.8722467,0.7586833,-19.327759,-5.2078834,14.61214,-21.101059,-4.6805253,0.88867056,-45.05508,-2.4964294,-2.6330044,-27.172153,-23.7776,18.07068,-5.8964486,9.749364,8.075623,-20.423727,-6.058428,5.8135743,-41.585526,-0.96221447,-5.322832,-23.673368
38.344563,-64.45661,-20.19931,29.405403,-9.898937,-18.365705,-8.354289,7.983862,-22.001173,9.5066395,-7.033076,-2.5500298,3.7383149,0.5629707,-12.243882,-2.8900647,0.8032005,-35.435474,-1.631052,2.9216979,-11.242852,-0.56107545,8.685966,-16.367609,-1.3553219,0.5329958,-35.16601,-6.4608707,0.48653018,-13.546597,-5.263242,14.733003,-20.03472,-4.612432,0.7454765,-37.451225,-2.1705403,-2.891308,-21.75726,-24.032133,18.259748,-5.9451437,9.887621,8.759978,-18.725014,-5.92762,5.640456,-35.113304,-0.77646625,-5.4819446,-18.772045
39.78529,-66.680916,-21.496998,30.467155,-9.483554,-18.57922,-8.511978,8.177806,-23.923733,9.699771,-7.2110696,-3.8400354,3.9179957,0.81377256,-14.962595,-2.945828,0.8028484,-40.849205,-1.5997856,2.9476097,-14.938373,-0.55175245,8.846516,-19.910183,-1.3758403,0.543271,-40.93864,-6.926758,0.705175,-17.810492,-5.382174,15.073628,-24.279026,-4.777894,0.8351712,-42.92939,-2.4020288,-2.8002813,-25.667656,-24.774662,18.824478,-6.1110353,10.030913,8.411147,-23.416595,-6.1994195,5.9694414,-40.787735,-0.9172243,-5.5513816,-22.670288
38.545845,-64.494,-21.125305,29.551426,-8.661788,-17.723312,-8.205352,7.9049516,-23.682106,9.399453,-6.9917274,-3.6442618,3.8340356,0.7897533,-15.198939,-2.8776999,0.7950156,-39.99067,-1.5731655,2.8766818,-14.497881,-0.55165267,8.377146,-19.872686,-1.3583882,0.5410784,-40.205425,-6.7034903,0.6878833,-17.333956,-5.2413325,14.33528,-23.98494,-4.647188,0.82911074,-42.146183,-2.327568,-2.731809,-24.824724,-23.967058,18.209778,-5.9297185,9.707656,7.6341906,-23.192545,-6.027239,5.808077,-40.159668,-0.89079964,-5.3854585,-22.00208
36.14185,-61.223488,-18.032585,28.36165,-7.4805546,-16.547647,-8.000414,7.635565,-20.364634,9.306759,-6.756328,0.53896135,3.6104312,0.51545554,-12.341485,-2.7953455,0.7961645,-30.988588,-1.6373781,2.8416195,-8.21153,-0.5648677,7.902201,-16.952719,-1.3273638,0.52596045,-31.802063,-6.057458,0.4194186,-11.857302,-5.0555205,13.684046,-20.329407,-4.3956103,0.7132316,-34.775818,-2.0363479,-2.8095598,-20.033781,-22.903107,17.407854,-5.6840177,9.4227,7.932615,-18.695192,-5.6593947,5.4134345,-33.79676,-0.7377659,-5.246117,-17.742008
33.46869,-56.181168,-17.418383,25.856031,-8.059543,-15.816149,-7.329233,7.0248013,-19.84819,8.454206,-6.23676,-1.3096247,3.349655,-0.055320174,-11.728883,-2.6346836,0.77406394,-31.120682,-1.5415497,2.6695397,-8.7676735,-0.57420695,6.783573,-15.104114,-1.2903535,0.5252094,-32.43586,-5.7371016,0.44022512,-12.632036,-4.7511053,11.982331,-17.935364,-4.1457376,0.7372134,-35.271362,-2.0223799,-2.5821478,-20.254505,-21.0668,16.029629,-5.275861,8.794555,6.39214,-15.997113,-5.3562846,5.1097054,-34.296513,-0.76460755,-4.8391676,-18.089636
31.75294,-53.496487,-15.498703,24.755863,-8.142048,-15.3798275,-7.123476,6.797248,-18.23337,8.2034025,-6.014142,-0.53414243,3.1969109,-0.6438741,-10.902631,-2.5682807,0.7677992,-27.087206,-1.5433383,2.612209,-6.39957,-0.58842677,6.425573,-12.166188,-1.2653234,0.5148504,-25.891739,-5.1816034,0.20900276,-7.814571,-4.620819,11.533625,-13.603108,-3.9438517,0.62348163,-28.688753,-1.7110575,-2.6973834,-15.440833,-20.245564,15.407086,-5.0935135,8.6812315,6.916744,-9.670667,-5.0006237,4.6865277,-26.503942,-0.55824745,-4.78834,-12.559198
32.300854,-54.51223,-15.4615,25.095413,-9.401102,-16.226484,-7.3057055,6.9496374,-18.161455,8.311295,-6.115002,-1.3486602,3.2259843,-0.39391884,-9.913178,-2.6047258,0.7697832,-28.345245,-1.5402675,2.6379921,-7.546737,-0.57624847,7.069283,-11.329351,-1.2736976,0.5167343,-26.536957,-5.303776,0.2352058,-8.153009,-4.677382,12.295336,-13.338842,-4.0121946,0.63019633,-29.10478,-1.7536404,-2.7245147,-16.005358,-20.659777,15.736603,-5.1920424,8.833693,7.739755,-9.895811,-5.063657,4.748145,-26.17296,-0.55745316,-4.881235,-12.66693
32.409405,-54.780533,-15.173487,25.306139,-9.090394,-16.152534,-7.3560815,7.000848,-18.333397,8.3454895,-6.138481,-1.7753979,3.2755895,-0.17998227,-10.609863,-2.6211705,0.7698339,-28.431473,-1.5387764,2.6432595,-8.317267,-0.56420726,7.4452114,-11.527735,-1.2741323,0.51438135,-24.595242,-5.2286234,0.18695927,-6.9340706,-4.685738,12.768921,-13.135172,-3.9936528,0.5745764,-26.661308,-1.6419455,-2.814329,-14.382922,-20.809977,15.84545,-5.2292047,8.909215,8.493868,-8.977397,-4.9912777,4.648346,-22.593634,-0.47141096,-4.9651184,-10.489902
36.797363,-61.56553,-19.467407,28.1011,-10.364784,-18.090797,-8.033402,7.690228,-21.759571,9.030395,-6.7548466,-4.4908633,3.642024,0.42454016,-12.667535,-2.8164067,0.78902805,-35.652233,-1.5679781,2.82233,-12.707955,-0.55371773,8.681626,-14.551974,-1.3316137,0.528298,-31.862808,-6.06355,0.37844262,-11.129419,-5.0903563,14.551126,-17.297583,-4.428231,0.67456555,-33.468475,-1.9505894,-2.9196339,-18.643343,-23.123976,17.574541,-5.7525983,9.646412,9.233437,-14.481634,-5.5903873,5.250177,-28.613651,-0.6159471,-5.38754,-14.394466
35.211666,-60.308796,-15.903873,28.3455,-6.5204883,-16.033802,-8.091237,7.658352,-18.252144,9.454608,-6.7434945,3.0955305,3.5463352,0.45045108,-10.884882,-2.802578,0.8052932,-22.551924,-1.7195482,2.8771403,-3.3561594,-0.56528515,8.320655,-14.224267,-1.312392,0.5081451,-19.987963,-5.4328747,0.06707727,-3.8361058,-5.0190535,14.327611,-15.863552,-4.2172675,0.49434817,-22.947254,-1.5603981,-3.1374748,-12.130883,-22.79854,17.300457,-5.658914,9.585587,10.042578,-11.701374,-5.2964597,4.951541,-20.996689,-0.42874855,-5.4095764,-9.271979
33.795673,-58.097702,-14.862759,27.4152,-5.718918,-15.187426,-7.80356,7.4039407,-18.075678,9.129451,-6.518299,2.5284767,3.500183,0.56913024,-11.841972,-2.7370157,0.7937322,-23.40991,-1.6692165,2.7933638,-4.5032096,-0.55501056,8.045099,-14.908182,-1.296014,0.5084631,-20.291777,-5.3051977,0.10774439,-4.531571,-4.8682423,13.838567,-16.377117,-4.0989,0.5031382,-23.048203,-1.5505112,-3.0263913,-12.441045,-22.004175,16.705194,-5.4907284,9.272735,9.670203,-11.660233,-5.1354003,4.812459,-20.515968,-0.43191355,-5.2395144,-9.274076
31.847458,-54.67695,-13.657158,25.815332,-6.111728,-14.692934,-7.4237947,7.0299907,-16.977684,8.648512,-6.1877604,2.22725,3.3154132,0.30925506,-10.601896,-2.6363997,0.7817906,-22.167223,-1.6236572,2.6895635,-3.7208602,-0.5591717,7.5167904,-12.911348,-1.2715969,0.5066475,-19.231558,-5.0073566,0.07531542,-3.823571,-4.6644382,12.954814,-14.136399,-3.9227257,0.509772,-22.405231,-1.5061576,-2.9035504,-11.856891,-20.790613,15.81871,-5.226935,8.886234,9.056171,-9.169848,-4.8969445,4.575978,-19.54057,-0.41522083,-4.995336,-8.593594
32.03224,-54.56336,-14.022184,25.59002,-7.540362,-15.409802,-7.4229946,7.026677,-17.461008,8.475783,-6.1514792,-0.14282429,3.3222704,0.43242544,-10.614542,-2.6373749,0.77835435,-25.289965,-1.575776,2.667464,-6.14919,-0.54304564,7.8772397,-12.967654,-1.2759267,0.51108944,-22.316238,-5.209489,0.18806249,-6.0836115,-4.640214,13.357235,-14.64651,-3.9663491,0.567273,-25.266638,-1.6455413,-2.818419,-13.9892645,-20.809822,15.838909,-5.2388167,8.910199,9.5193615,-9.177505,-4.937416,4.622845,-21.05418,-0.46689337,-4.9791594,-9.940826
29.95142,-51.13141,-12.342302,24.091072,-7.1230526,-14.524853,-7.074187,6.6686726,-15.79159,8.096513,-5.834643,0.8874962,3.1369503,0.1972619,-9.400133,-2.5383508,0.7691124,-21.881348,-1.5557023,2.5735462,-4.11268,-0.54397917,7.3687534,-11.455724,-1.2476516,0.5048147,-19.14962,-4.807335,0.107547946,-4.1828356,-4.424099,12.568476,-12.691883,-3.7510638,0.52996266,-22.283937,-1.5002995,-2.7525036,-11.940004,-19.60873,14.940713,-4.97183,8.499306,9.177453,-6.882395,-4.6380744,4.3312507,-18.27413,-0.40299892,-4.756078,-8.111073
29.94033,-51.548466,-11.261353,24.54754,-6.308477,-14.245472,-7.227191,6.7770586,-14.613583,8.407416,-5.938644,3.8185487,3.1166744,0.105405815,-8.171066,-2.5620852,0.779454,-17.604801,-1.6299134,2.6325872,-0.6711362,-0.5577091,7.2447805,-11.062988,-1.2507272,0.49984404,-16.310406,-4.7182837,0.01628396,-2.4269571,-4.4803305,12.548213,-12.073639,-3.7556934,0.4930452,-20.174513,-1.4459559,-2.8291929,-10.852396,-19.848656,15.121396,-5.016219,8.625103,9.273271,-6.1521506,-4.6627135,4.3564925,-17.716757,-0.38737953,-4.8121376,-7.725004
31.555859,-53.946728,-13.379524,25.225939,-7.5043864,-15.2344475,-7.383065,6.9521904,-16.189112,8.464554,-6.0983744,1.337461,3.2210474,0.52729034,-8.567055,-2.6141825,0.7835774,-22.673105,-1.6091623,2.6756866,-3.7051466,-0.54247165,7.7041163,-12.986924,-1.2754498,0.51283014,-23.832842,-5.3060417,0.24843144,-7.729231,-4.5825663,13.074299,-15.274655,-3.9616358,0.6294986,-27.760508,-1.806562,-2.6887248,-16.187029,-20.528688,15.630537,-5.1652637,8.752112,9.048049,-10.530628,-5.000882,4.731821,-25.353378,-0.59570813,-4.8398767,-13.077045
31.192184,-53.58573,-12.778969,25.517761,-5.448177,-14.163456,-7.378898,6.9384627,-15.583768,8.55306,-6.077617,2.8064156,3.2757728,0.85567576,-10.426379,-2.6125007,0.7829052,-22.00726,-1.6169257,2.672243,-3.4233336,-0.5253345,7.6440144,-16.32755,-1.2753739,0.5125305,-24.483625,-5.367199,0.32614613,-9.084928,-4.5385485,13.05264,-19.004198,-3.9537227,0.6547555,-29.121904,-1.876109,-2.6044056,-17.471792,-20.425537,15.558941,-5.1428266,8.590507,8.707993,-13.665158,-5.0196967,4.795893,-27.187395,-0.63866675,-4.7822676,-14.218551
32.58441,-55.352985,-15.043583,25.750257,-7.7381268,-15.551016,-7.414261,7.020667,-17.831472,8.487038,-6.177084,-0.17029569,3.3068128,0.54995596,-10.35621,-2.6328444,0.7787805,-28.786144,-1.5580761,2.6681526,-7.568462,-0.53940785,7.388061,-16.777742,-1.2925751,0.5281271,-33.16187,-5.946124,0.60841787,-15.0208235,-4.650701,12.693827,-20.505146,-4.127134,0.7967622,-37.428505,-2.2390573,-2.4050112,-23.365408,-20.87896,15.909633,-5.24049,8.668222,7.5356703,-17.480421,-5.3753986,5.2191844,-36.835247,-0.90119886,-4.7223005,-21.115482
34.84332,-58.775127,-17.635162,27.064068,-8.696197,-16.65567,-7.6341696,7.3047004,-21.624403,8.497971,-6.3864985,-5.7147584,3.5867436,1.6394016,-13.450676,-2.72818,0.7747991,-40.59185,-1.4680543,2.692036,-16.037159,-0.4856511,8.393255,-22.507845,-1.33408,0.55385643,-47.03313,-6.9814444,1.1510665,-25.228985,-4.8082695,13.740643,-27.98692,-4.4517198,1.0350744,-50.863747,-2.8143241,-2.109958,-32.944004,-22.016977,16.763487,-5.509506,8.84624,7.0033255,-26.221556,-5.8941145,5.872612,-49.399784,-1.2331161,-4.759558,-29.98563
34.851406,-58.783722,-17.703222,26.980097,-9.108765,-16.866753,-7.6058645,7.293018,-22.22426,8.345427,-6.3482614,-7.579754,3.616132,1.85639,-14.071298,-2.7294264,0.7712029,-42.690327,-1.4363847,2.675614,-17.725445,-0.46809852,8.701659,-22.961325,-1.3365986,0.5570655,-48.594856,-7.079281,1.2154641,-26.290497,-4.788868,14.041784,-28.422338,-4.4698653,1.0598916,-52.123016,-2.863674,-2.0798576,-33.7423,-22.024006,16.76915,-5.5155873,8.8761635,7.3139467,-25.789524,-5.8890147,5.8637443,-49.361767,-1.2369951,-4.762898,-29.953814
35.522465,-59.347076,-18.981953,27.032059,-10.084878,-17.43952,-7.644143,7.349348,-22.829515,8.358406,-6.417338,-8.407945,3.6318674,1.2290256,-14.397215,-2.7387092,0.7687078,-44.12323,-1.4137664,2.6796873,-18.827517,-0.49497658,8.46059,-21.007568,-1.3385224,0.556363,-47.53846,-7.031022,1.1184705,-25.041183,-4.864389,13.913101,-25.914827,-4.4935884,1.004471,-50.197117,-2.775826,-2.1901293,-32.104214,-22.206455,16.927265,-5.5640287,9.030581,7.28215,-23.731432,-5.9198923,5.815195,-47.49954,-1.1939943,-4.8510675,-28.683165
36.296425,-60.336002,-20.254372,27.348652,-10.1256485,-17.62342,-7.653901,7.4002094,-24.220446,8.35219,-6.4702506,-9.764584,3.7071898,1.4864849,-15.444056,-2.7561707,0.76760304,-47.0891,-1.3931808,2.6830623,-20.863863,-0.48945814,8.58369,-22.032022,-1.3443509,0.55957544,-50.054146,-7.157054,1.1755556,-26.235918,-4.9087753,14.000178,-27.160929,-4.551872,1.0292577,-51.94295,-2.8002088,-2.193223,-32.862667,-22.482004,17.117777,-5.6231747,9.070234,6.972997,-25.621096,-5.9881186,5.889598,-48.71847,-1.1992944,-4.896931,-29.19862
38.159897,-63.650597,-21.314589,29.360144,-7.202864,-16.849077,-8.084493,7.7981076,-23.96139,9.196354,-6.8825827,-4.5833545,3.884307,1.053414,-17.446732,-2.8627048,0.79321426,-41.20227,-1.5531343,2.8571348,-15.147452,-0.5275145,8.206182,-24.147919,-1.3654306,0.54989827,-44.470917,-7.003789,0.89963615,-21.528856,-5.1625047,14.109727,-28.368883,-4.669807,0.9252317,-47.33964,-2.5622845,-2.5375473,-28.629202,-23.648085,17.96807,-5.872181,9.520672,7.0771713,-25.901186,-6.1330333,5.9604564,-45.509518,-1.0565459,-5.236328,-25.72398
39.315506,-65.836075,-21.560692,30.65931,-5.4923863,-16.43609,-8.364859,8.073133,-23.996527,9.7192955,-7.159707,-1.8905307,4.0051775,0.91187257,-18.456444,-2.934657,0.8091142,-37.985046,-1.6482139,2.9743443,-12.078998,-0.5475238,8.081456,-24.810572,-1.3788798,0.5424161,-40.810486,-6.9102774,0.6949783,-18.37245,-5.3382244,14.269986,-28.196163,-4.756285,0.84233475,-43.84327,-2.4071975,-2.7842348,-25.794006,-24.428036,18.545717,-6.046558,9.8712015,7.277812,-25.020538,-6.224444,5.9744453,-42.617264,-0.9538777,-5.4813294,-23.214655
37.571472,-63.188118,-19.910803,29.210955,-7.1886954,-16.771873,-8.049927,7.76332,-23.624994,9.2038145,-6.850928,-3.9881525,3.8322294,1.1899029,-16.21732,-2.8501604,0.79279953,-40.079266,-1.563379,2.8513324,-14.480596,-0.5295791,8.181676,-23.16791,-1.3592498,0.5476024,-43.493317,-6.9387445,0.8848155,-21.118828,-5.1440253,13.99912,-27.397093,-4.631298,0.91187835,-46.30684,-2.5522513,-2.5219455,-28.549356,-23.533474,17.879757,-5.841114,9.508104,7.146101,-25.079247,-6.084618,5.929281,-45.086437,-1.0567309,-5.2025537,-25.911419
36.11155,-60.70261,-18.821861,28.057058,-7.1550903,-16.250778,-7.809635,7.5127864,-21.970934,8.93402,-6.6216817,-2.8740373,3.673105,0.97438425,-14.610981,-2.7729013,0.7865297,-36.201252,-1.557231,2.7863765,-12.25755,-0.53055483,7.9226775,-20.613632,-1.3332503,0.5381464,-38.69067,-6.4881573,0.7137061,-17.768656,-4.984457,13.5166,-24.422033,-4.439366,0.819281,-40.952,-2.3063123,-2.5786734,-24.783066,-22.664995,17.223476,-5.6398854,9.230895,7.190567,-22.300238,-5.7861223,5.5840883,-39.94423,-0.91557765,-5.09204,-22.314508
32.201538,-54.468098,-15.362486,24.975914,-8.384347,-15.634761,-7.0461626,6.8118515,-21.399216,7.817545,-5.934139,-7.034226,3.4157748,1.2112074,-13.711033,-2.5846038,0.7493869,-39.64007,-1.3769227,2.5205684,-17.119143,-0.4899767,7.703494,-18.472395,-1.282898,0.5400473,-39.91365,-6.191164,0.9016191,-19.933178,-4.5628366,12.618146,-22.064814,-4.097092,0.83732545,-40.66001,-2.3030477,-2.2292817,-25.943806,-20.524418,15.6377535,-5.176829,8.484276,6.840653,-19.424398,-5.301562,5.18042,-38.01856,-0.9243275,-4.606808,-22.424988
31.105091,-52.772064,-14.279921,24.474808,-6.9321113,-14.625973,-6.8755097,6.6458273,-20.81286,7.725585,-5.79712,-5.6760716,3.371881,1.0818021,-14.440722,-2.5431266,0.7439646,-37.96797,-1.3670855,2.4685118,-16.527918,-0.49678034,7.2402325,-18.89174,-1.2685044,0.53528905,-37.118774,-5.931716,0.8631606,-18.503119,-4.4708138,12.055255,-21.877954,-3.9634814,0.78602177,-37.870827,-2.1658225,-2.2147567,-24.309208,-19.947239,15.212502,-5.0549192,8.263185,6.4766583,-18.956053,-5.131028,5.032718,-35.748894,-0.87549365,-4.505474,-21.20458
31.692543,-54.079636,-14.174324,25.799355,-3.0019326,-12.991192,-7.129748,6.8690734,-19.692818,8.399057,-6.055731,0.10169433,3.4973843,0.61823654,-16.88058,-2.60527,0.763163,-30.901987,-1.5067755,2.5956242,-10.33525,-0.5370177,6.547338,-20.842005,-1.2753973,0.52029914,-29.442871,-5.542721,0.5150299,-12.530332,-4.6188736,11.719516,-22.399492,-3.973681,0.64806473,-31.349339,-1.8430729,-2.5462196,-18.871403,-20.427158,15.571892,-5.172962,8.506818,6.382769,-17.726765,-5.1106052,4.918127,-30.101254,-0.68254423,-4.7541122,-16.42973
30.848694,-52.642067,-13.808813,25.595346,-0.44925973,-11.464238,-7.1045513,6.7820992,-17.246698,8.610527,-6.0016828,5.1560264,3.439488,-0.07406474,-17.437855,-2.5812387,0.7710191,-23.46297,-1.5819104,2.6073892,-4.8850904,-0.5619832,5.7748256,-21.04728,-1.262112,0.5065646,-22.210537,-4.9842043,0.24919978,-7.2723346,-4.55715,11.053627,-21.757217,-3.8237538,0.5282737,-24.986399,-1.4922335,-2.715515,-13.670328,-19.905704,15.184194,-5.06622,8.309306,6.0520706,-16.984674,-4.888361,4.6534534,-25.23569,-0.5014505,-4.7553706,-11.963552
34.985363,-58.101795,-19.453144,28.094776,0.20757654,-12.136856,-7.6831303,7.3342695,-18.740917,9.263798,-6.4999,5.3506417,3.74464,-0.05704555,-20.747326,-2.731575,0.7912975,-26.071316,-1.6501614,2.7818937,-5.085797,-0.55621237,6.157797,-25.993263,-1.3116124,0.5166154,-28.057125,-5.5548296,0.31192607,-9.912466,-4.8700056,11.876524,-27.683561,-4.197624,0.6293733,-31.883726,-1.6759508,-2.8541975,-16.148924,-21.688784,16.468445,-5.4494,8.759591,5.387402,-23.723375,-5.4046817,5.1212964,-31.79678,-0.56329525,-5.0982704,-13.768844
35.638714,-59.53781,-19.266008,28.55904,-0.92909986,-12.970141,-7.862114,7.5049977,-18.91222,9.444763,-6.6432195,5.2786174,3.771974,-0.028026655,-19.52047,-2.7712135,0.79818857,-25.787476,-1.685144,2.835136,-4.287576,-0.5601842,6.5970893,-24.051804,-1.3188897,0.5149033,-26.766134,-5.5311365,0.2131353,-8.0477295,-4.9672246,12.441341,-25.826797,-4.258726,0.5995663,-30.236496,-1.6064862,-2.9925013,-14.692774,-22.244814,16.866001,-5.563703,9.064624,6.283525,-21.419146,-5.430244,5.1068068,-29.27949,-0.48592505,-5.261779,-11.905341
33.795025,-57.306698,-16.103027,27.184677,-3.799072,-14.000367,-7.6551166,7.278891,-18.145094,9.066808,-6.4058375,3.6042848,3.566129,0.2812162,-15.551618,-2.6994996,0.78456354,-27.447433,-1.6258938,2.737517,-5.925932,-0.54951286,6.865894,-20.974247,-1.2996593,0.5185112,-28.996284,-5.599494,0.3918021,-10.641228,-4.82525,12.332212,-23.767544,-4.16176,0.68021894,-32.72332,-1.819132,-2.721395,-18.083515,-21.594873,16.389967,-5.4054456,8.856702,6.5770164,-20.055643,-5.3410263,5.1433644,-31.843634,-0.6308137,-5.009927,-15.458182
35.335014,-59.772957,-17.478584,28.056852,-5.243997,-15.173745,-7.8506927,7.491772,-19.94768,9.203233,-6.602109,1.4970711,3.6571746,0.640775,-15.208164,-2.7583857,0.7879507,-32.281494,-1.6087084,2.7833376,-8.737105,-0.5444268,7.284919,-22.070965,-1.3239818,0.5313491,-35.859283,-6.1973324,0.6441407,-15.600093,-4.966601,12.801257,-25.843378,-4.3683534,0.8120146,-39.723938,-2.1819646,-2.579081,-23.336824,-22.414583,17.025429,-5.582145,9.082281,6.31299,-23.52322,-5.6976213,5.565367,-39.508575,-0.85603964,-5.048562,-21.085047
34.613827,-58.858795,-16.280676,27.947334,-4.0083046,-14.4361725,-7.8448715,7.46019,-18.632883,9.307823,-6.5721755,3.8971033,3.6215906,0.2670455,-15.3951645,-2.7493286,0.7929007,-27.417145,-1.6650755,2.8031602,-5.120781,-0.55752057,6.9840636,-21.350119,-1.3142442,0.52053696,-30.001986,-5.797695,0.41992846,-11.2674675,-4.943701,12.590727,-24.127779,-4.2712183,0.7107073,-34.22955,-1.9225618,-2.7460887,-19.168253,-22.19577,16.847076,-5.5344977,9.119387,6.711684,-20.035252,-5.505101,5.311219,-33.73146,-0.6821815,-5.11186,-16.6422
34.878803,-59.79657,-15.329193,28.558777,-3.9665442,-14.656616,-7.989027,7.5813384,-19.10104,9.429891,-6.6476774,3.265779,3.7011993,0.79552144,-16.003864,-2.78582,0.79238117,-30.783081,-1.6445365,2.8123796,-7.49077,-0.53226966,7.3768973,-24.850086,-1.33113,0.5327099,-36.148037,-6.3536205,0.76132,-17.114681,-4.9781094,13.089321,-28.71998,-4.3970895,0.8549788,-41.570965,-2.3284776,-2.4813612,-25.668806,-22.617577,17.173437,-5.6267004,9.14012,6.6869097,-24.699629,-5.767842,5.714574,-41.821484,-0.9411154,-5.032121,-23.114338
35.647713,-60.39641,-17.218227,28.56264,-5.1273446,-15.28221,-7.9307585,7.583428,-21.01908,9.224214,-6.647997,0.023979932,3.7591896,0.46946493,-17.709476,-2.7896104,0.7856133,-36.215576,-1.5840511,2.7918968,-11.132509,-0.5385419,7.115337,-25.304222,-1.3394368,0.5415328,-41.045876,-6.5884953,0.8721402,-19.762278,-5.0386043,12.706787,-28.795334,-4.4871545,0.9229685,-45.75113,-2.4603121,-2.4136481,-28.004986,-22.73598,17.271921,-5.6634517,9.21804,5.7542176,-24.88467,-5.897941,5.8345323,-45.138977,-1.012484,-5.0269704,-24.87618
33.828217,-57.56697,-15.43572,27.293436,-5.2647634,-14.829584,-7.7322493,7.3468037,-18.543036,9.068513,-6.4451704,2.5109882,3.5435681,-0.16817114,-15.057933,-2.7163541,0.7835175,-29.210012,-1.6178136,2.7496738,-6.702031,-0.5655612,6.7017093,-20.295465,-1.307804,0.5241797,-31.387894,-5.8294334,0.49958175,-12.598489,-4.8986416,12.196793,-22.751228,-4.235345,0.73939276,-35.683178,-2.0116968,-2.628139,-20.815235,-21.823332,16.577066,-5.457277,9.058928,6.429231,-18.215324,-5.475599,5.305173,-35.03085,-0.7441548,-4.9978952,-17.967678
33.225563,-56.878475,-14.4939,27.25183,-3.934933,-14.09295,-7.6963534,7.2917857,-17.822998,9.1605835,-6.413482,4.513454,3.534037,-0.020081758,-15.279706,-2.7028959,0.78512126,-27.232557,-1.6334822,2.738989,-5.3544803,-0.5667189,6.6044507,-21.23222,-1.3023341,0.5201521,-29.639462,-5.7137413,0.48286605,-11.911179,-4.8424783,12.164521,-23.789316,-4.1747503,0.7274375,-34.57027,-1.9739394,-2.608633,-20.301868,-21.608871,16.424444,-5.4078403,8.930427,6.520178,-19.11121,-5.403457,5.263455,-34.40494,-0.7339237,-4.95139,-17.702168
34.993107,-59.02631,-17.235518,27.917707,-4.9068546,-14.9119215,-7.8472815,7.4659524,-19.14221,9.236775,-6.5707498,2.71351,3.636204,-0.13453203,-16.311316,-2.7483146,0.78768,-30.42303,-1.6227746,2.7812366,-7.223488,-0.5657539,6.794788,-21.818245,-1.3190184,0.5263743,-32.91441,-5.966651,0.5171068,-13.34631,-4.9626307,12.43826,-24.68641,-4.3172708,0.75770104,-37.14916,-2.0368717,-2.667578,-21.115393,-22.23876,16.896606,-5.546246,9.119215,6.333448,-20.791805,-5.594176,5.4105935,-36.495087,-0.7540021,-5.0810366,-18.407215
35.858967,-60.382164,-18.148886,28.559221,-4.4154763,-14.915733,-7.9760003,7.5966105,-19.658976,9.427888,-6.700813,3.0692887,3.721088,0.012962466,-17.103214,-2.7853465,0.7940984,-30.746006,-1.6440763,2.8245766,-7.2124977,-0.5646584,6.983378,-22.819702,-1.3294966,0.52698874,-33.38864,-6.0579424,0.50411534,-13.399061,-5.032068,12.784269,-25.828568,-4.3860545,0.7576165,-37.490757,-2.0369506,-2.7325819,-21.032257,-22.65845,17.218315,-5.641816,9.241294,6.531768,-22.141129,-5.6840124,5.487034,-36.875607,-0.74898255,-5.180403,-18.35077
38.131893,-63.544758,-20.818129,30.302164,-2.0203576,-14.31754,-8.312511,7.92996,-20.592337,9.93819,-7.0154004,4.58567,3.97054,-0.063698255,-21.033386,-2.8819647,0.8098287,-31.279844,-1.7076678,2.9433193,-6.49187,-0.562043,6.866583,-28.12356,-1.3613315,0.5318502,-36.2896,-6.414261,0.5544299,-15.156295,-5.221693,13.057807,-31.146082,-4.598579,0.7997081,-41.010704,-2.1440933,-2.8148646,-22.522352,-23.678858,17.97926,-5.8760576,9.49471,6.001104,-26.983751,-6.010304,5.7910323,-41.091408,-0.8085332,-5.381104,-19.950151
37.38048,-62.00352,-20.741976,29.398428,-3.5753868,-14.794437,-8.097423,7.7457004,-21.135405,9.561383,-6.846103,2.2985363,3.8609643,-0.39421278,-20.160034,-2.8334172,0.7985641,-33.82876,-1.6464139,2.8762515,-8.543947,-0.5681128,6.461048,-27.206095,-1.3544719,0.53828895,-39.713917,-6.559181,0.7102825,-18.079113,-5.1576614,12.350372,-30.122927,-4.56908,0.8625399,-44.290844,-2.3131628,-2.6247017,-25.387613,-23.176329,17.603987,-5.765076,9.337294,5.054633,-26.353245,-6.034764,5.8575106,-44.948452,-0.945266,-5.1900225,-23.143494
36.335335,-59.7073,-21.420881,28.326183,-2.9992993,-14.01979,-7.7556934,7.4424005,-21.151234,9.141116,-6.595982,1.3966451,3.7667089,-0.6809101,-20.91167,-2.7594943,0.78870845,-33.897278,-1.597898,2.7951407,-9.091656,-0.5715722,5.7757363,-27.58345,-1.3392348,0.538906,-40.384296,-6.4425936,0.74291104,-18.896952,-5.0137625,11.350165,-29.951523,-4.4535785,0.8707632,-44.84557,-2.310834,-2.5092256,-25.678816,-22.260868,16.92025,-5.567209,8.972469,3.8306737,-26.421963,-5.913756,5.7308874,-45.94958,-0.97219443,-4.9832287,-23.690529
36.08684,-59.200974,-21.345581,27.74716,-5.038698,-14.914273,-7.5968113,7.3303223,-22.844263,8.754308,-6.4561977,-2.8195934,3.7745671,-0.75333124,-22.018707,-2.7292776,0.7690095,-41.948257,-1.4704342,2.690999,-15.451478,-0.5622347,5.7157893,-27.984072,-1.3379319,0.55275214,-47.134933,-6.7788973,1.0495758,-23.953396,-4.9826164,11.087522,-30.772356,-4.481817,0.9899274,-50.931118,-2.5750024,-2.2386758,-30.571999,-22.068178,16.788017,-5.5299506,8.882035,3.213584,-27.56309,-5.992344,5.912196,-51.11053,-1.1400764,-4.823789,-27.987392
35.756504,-58.91696,-20.615374,27.203167,-7.437928,-16.04074,-7.4431515,7.2304077,-25.031586,8.262769,-6.3001413,-8.91526,3.800131,0.038632676,-22.469105,-2.7094276,0.7482067,-52.050972,-1.3240494,2.5849154,-23.65301,-0.5146452,6.382246,-29.883682,-1.3425462,0.5727385,-57.778446,-7.4408474,1.5529666,-32.55857,-4.9135294,11.500167,-34.0593,-4.56598,1.1940286,-61.045666,-3.0741355,-1.8167148,-39.05824,-21.987753,16.734863,-5.5161724,8.750914,3.039219,-31.108793,-6.1598616,6.2467327,-59.748398,-1.4281727,-4.6106076,-35.460926
35.05108,-57.782024,-20.023796,26.884472,-5.4589267,-14.823496,-7.391137,7.144268,-22.86583,8.498112,-6.286353,-3.7910504,3.688591,-0.49149254,-20.962765,-2.6749456,0.7557725,-43.54296,-1.4074485,2.6034153,-17.611052,-0.5515767,5.759433,-26.878939,-1.3206135,0.5534229,-47.37996,-6.709667,1.1263868,-24.73537,-4.863155,10.954169,-30.132793,-4.370492,0.9793092,-50.28743,-2.5620086,-2.1291928,-31.041185,-21.54222,16.39188,-5.4091387,8.624977,3.2481894,-28.199177,-5.861481,5.83321,-50.7303,-1.1591291,-4.6783586,-28.85383
37.000065,-61.539528,-20.017496,29.119389,-3.7266014,-14.757705,-7.977252,7.6766305,-22.295155,9.405006,-6.7790327,0.6569067,3.8768246,-0.6501199,-21.265018,-2.8189263,0.78838235,-36.80009,-1.5975965,2.8288577,-11.081776,-0.5772996,6.1027174,-26.486671,-1.3487444,0.5411909,-39.99397,-6.4853115,0.73253566,-17.916779,-5.173354,11.86705,-28.662794,-4.5319,0.84402907,-43.650307,-2.2527473,-2.6108468,-25.17747,-23.02375,17.482851,-5.7443504,9.366153,4.644059,-24.539936,-5.973189,5.8098364,-43.929287,-0.9231478,-5.168492,-22.788124
37.96878,-62.621826,-21.960394,29.717918,-2.2950537,-14.236883,-8.13901,7.7985854,-20.873299,9.674011,-6.920425,3.4153066,3.8747125,-1.0551504,-21.043617,-2.8493247,0.80590194,-28.870901,-1.6998479,2.9288247,-5.0703354,-0.5962697,6.1633763,-24.647057,-1.3484707,0.5234481,-30.60637,-5.9775085,0.27357918,-10.3020115,-5.2179837,12.283493,-25.748528,-4.489442,0.65114844,-34.370804,-1.8071268,-3.0392282,-17.150854,-23.293036,17.653978,-5.790383,9.568178,5.68485,-20.35378,-5.804883,5.4255,-34.0487,-0.61237305,-5.4332957,-14.573384
38.471764,-63.845097,-21.695875,29.704458,-4.5862074,-15.5341215,-8.310322,7.8889923,-19.135267,9.918494,-7.0142903,6.0269885,3.6530135,-1.2669383,-14.674405,-2.8642662,0.8249588,-20.031755,-1.7921866,2.96895,-0.52202934,-0.6120097,6.9990234,-16.183834,-1.3303417,0.5008318,-17.95845,-5.235919,-0.13169627,-0.6110847,-5.2317963,13.370348,-17.494137,-4.301827,0.38557103,-20.081425,-1.1808417,-3.4385464,-7.098304,-23.617653,17.868773,-5.81539,9.751079,8.012542,-15.401784,-5.4286613,4.9826603,-20.990967,-0.23676682,-5.6504984,-5.991146
34.923332,-57.477615,-20.224874,26.244074,-8.235289,-16.12899,-7.554921,7.16959,-17.986784,8.717881,-6.374606,1.2910819,3.2627048,-1.0570132,-10.047425,-2.6684356,0.7931001,-21.47996,-1.6440716,2.7551725,-2.732369,-0.6006046,6.8877754,-10.193659,-1.2841395,0.5029824,-19.18014,-4.9880466,-0.11426602,-2.0196118,-4.820709,12.448319,-11.616569,-4.026289,0.43960887,-21.097181,-1.3305312,-3.135639,-8.69762,-21.415634,16.2638,-5.3286724,9.066934,7.8279853,-9.666836,-5.058287,4.577277,-19.892992,-0.3218583,-5.17002,-6.9642925
36.034546,-59.528248,-20.861635,26.78487,-10.587492,-17.707441,-7.7553854,7.3866234,-19.864275,8.694265,-6.527336,-3.0360646,3.3803213,-0.22823788,-9.439905,-2.7342765,0.7944542,-27.46745,-1.6124921,2.8027697,-6.902486,-0.57036847,8.146097,-10.740003,-1.3077978,0.5152443,-25.603977,-5.5723658,0.09480127,-6.7157826,-4.916483,13.834862,-12.977237,-4.231247,0.5540272,-27.324442,-1.6789441,-3.0446398,-13.685655,-22.173475,16.846094,-5.5141273,9.343448,8.988064,-11.071307,-5.32314,4.857068,-23.935663,-0.48277143,-5.267865,-10.724386
36.991756,-61.46375,-20.798367,27.688362,-11.222816,-18.448944,-8.013619,7.6379933,-20.545214,8.984957,-6.7335114,-3.1426744,3.4657218,0.3758316,-8.29269,-2.8047338,0.8043236,-28.271711,-1.656816,2.8823276,-6.779952,-0.5600694,8.828058,-11.017141,-1.3262365,0.5182165,-27.553623,-5.8204575,0.14847678,-7.75554,-5.0525727,14.588979,-13.699779,-4.3728867,0.59742916,-29.363321,-1.789295,-3.077546,-15.229353,-23.004473,17.436657,-5.691944,9.632543,9.429192,-12.318063,-5.500009,5.060107,-25.855738,-0.5211172,-5.4090314,-12.0893135
36.12802,-59.70756,-20.76735,26.828945,-11.558922,-18.242239,-7.7609982,7.416412,-20.693241,8.627315,-6.5318575,-4.5536075,3.411478,0.48287588,-8.63595,-2.745723,0.79244506,-30.8335,-1.5862875,2.7964988,-8.957546,-0.54906887,8.700597,-11.247621,-1.3152428,0.5215405,-30.044569,-5.839179,0.25742635,-9.810315,-4.9259367,14.213816,-14.243503,-4.3037133,0.64231753,-31.413149,-1.8634213,-2.9244325,-16.73907,-22.348042,16.969072,-5.5515924,9.328049,8.873049,-13.47988,-5.425954,5.017667,-27.670923,-0.5761257,-5.233894,-13.413681
35.67429,-58.173973,-22.56465,25.802805,-11.755913,-17.925755,-7.412148,7.144504,-21.868042,8.043552,-6.2796354,-8.438323,3.4214478,0.9400562,-10.430668,-2.6809406,0.7719277,-36.564636,-1.452785,2.6748712,-14.4296465,-0.50937986,8.804606,-12.838275,-1.3056662,0.52896684,-34.909386,-5.970748,0.43863124,-13.585364,-4.760086,13.970672,-16.48609,-4.248818,0.6928675,-34.855972,-1.9390532,-2.7525856,-18.5897,-21.594091,16.418934,-5.402038,8.875104,8.04207,-17.17748,-5.367583,4.962993,-30.088375,-0.63059187,-5.044535,-15.038951
36.715782,-59.626965,-24.075785,26.323053,-12.2314625,-18.409317,-7.447811,7.225477,-24.239973,7.971423,-6.3490033,-11.776703,3.5710828,1.3888948,-12.8224535,-2.7146873,0.7645877,-44.82739,-1.3700635,2.6549025,-20.336126,-0.4879349,9.062761,-16.585842,-1.3269558,0.54769313,-44.535675,-6.63575,0.82317936,-20.805607,-4.813681,14.268213,-21.402384,-4.423609,0.86669624,-44.445545,-2.3663437,-2.4850514,-25.681276,-22.00468,16.75334,-5.5092287,8.866457,7.4167495,-22.99692,-5.6901283,5.392763,-39.477875,-0.9013046,-4.9776306,-21.968437
38.182228,-62.047268,-25.722311,27.199705,-12.877164,-19.142462,-7.5002565,7.358659,-28.177752,7.8632917,-6.448855,-17.137226,3.8141007,2.326302,-16.655773,-2.7663403,0.75076413,-59.168007,-1.2325017,2.6154394,-30.351143,-0.44188464,9.438436,-23.877718,-1.3628123,0.5817836,-62.874886,-7.870614,1.5700468,-34.694614,-4.894772,14.626073,-31.110525,-4.7349405,1.2083783,-62.76785,-3.1828258,-1.9405525,-39.415577,-22.731737,17.312391,-5.6826158,8.8023205,6.024167,-34.459385,-6.2837305,6.2211947,-58.242756,-1.4175767,-4.8084483,-35.541496
39.070385,-63.718338,-25.507635,28.018623,-13.508763,-19.847967,-7.729729,7.579499,-29.130217,8.074837,-6.625993,-18.329163,3.9129813,2.2020106,-17.442406,-2.8273904,0.75258225,-61.987427,-1.2206777,2.6551783,-32.593178,-0.44873327,9.7023945,-24.154371,-1.3789663,0.58610415,-63.963745,-8.127576,1.6479626,-35.762135,-5.028666,15.189465,-31.084663,-4.8465085,1.2163377,-63.801914,-3.2902353,-1.9582393,-40.891525,-23.42022,17.843855,-5.8466105,9.136501,6.6806297,-33.483326,-6.4351287,6.3743806,-58.697807,-1.4718732,-4.940518,-36.671688
36.561623,-59.489918,-24.016024,26.245956,-11.905534,-18.199198,-7.2269783,7.076052,-27.254452,7.6538954,-6.225174,-15.716148,3.6903622,1.8591442,-16.988533,-2.688614,0.74308205,-57.615875,-1.2041662,2.5323315,-29.581842,-0.46037537,8.598704,-24.384241,-1.34274,0.57995147,-61.887753,-7.7255697,1.6191914,-35.030205,-4.7371426,13.719185,-31.097975,-4.5818644,1.216349,-62.40935,-3.2189617,-1.780541,-40.21028,-21.850004,16.652344,-5.478999,8.474576,5.5112877,-33.78215,-6.132775,6.1315203,-59.082825,-1.4845662,-4.5762544,-36.834976
36.478104,-59.552555,-23.731432,26.671652,-9.41369,-16.975014,-7.2469044,7.07864,-26.82414,7.7526207,-6.2118373,-14.295999,3.7828293,2.4113748,-19.205418,-2.69511,0.74433875,-57.88931,-1.2042661,2.5269597,-29.904285,-0.42883617,8.606743,-29.865665,-1.3512285,0.58683157,-65.75722,-8.033133,1.8619922,-39.145275,-4.682622,13.795818,-37.50599,-4.6143627,1.3038847,-67.02166,-3.420821,-1.5935881,-43.801846,-21.81648,16.637983,-5.475936,8.235199,5.0733886,-40.235172,-6.2637777,6.3701935,-65.22945,-1.6425898,-4.4627237,-41.10085
34.653725,-56.679585,-21.302685,25.780336,-7.944488,-15.772612,-7.106357,6.8763347,-23.698626,7.842305,-6.077555,-9.006773,3.5588422,0.8457303,-17.673523,-2.6245084,0.7505345,-46.925663,-1.2885861,2.5188558,-22.469027,-0.50299686,7.2777734,-24.945358,-1.3175377,0.5612124,-51.244957,-7.0968914,1.3380831,-29.241299,-4.604345,12.603326,-29.74866,-4.3217883,1.0388939,-53.092842,-2.8746073,-1.9079192,-34.60273,-20.933071,15.994498,-5.2726607,8.238177,5.5029683,-30.186113,-5.8252754,5.7788177,-52.700737,-1.3470892,-4.476291,-32.867146
37.125397,-59.968487,-24.406849,27.618727,-5.4044623,-15.157014,-7.341248,7.178526,-26.484665,8.262206,-6.3864512,-9.141997,3.857519,0.8877239,-22.971725,-2.7259462,0.7616216,-50.378464,-1.333752,2.6288302,-23.49797,-0.5068795,6.814889,-31.469307,-1.3529716,0.5716053,-57.067272,-7.5904207,1.4957882,-33.004417,-4.8468575,12.302686,-35.81385,-4.570631,1.1327908,-59.313583,-3.0797102,-1.9040012,-37.96945,-22.05562,16.796877,-5.523302,8.529319,3.8360443,-35.41308,-6.231763,6.2115855,-59.709286,-1.4785235,-4.633638,-36.3878
42.834682,-69.15497,-29.290745,32.134903,-3.4705014,-15.962812,-8.189521,8.10734,-32.572247,8.967334,-7.080042,-15.92494,4.6882615,2.5172741,-35.359848,-3.0022824,0.7698451,-68.61094,-1.3061571,2.819279,-34.651512,-0.4093913,8.343057,-47.504463,-1.4458196,0.6109683,-78.43148,-9.298937,2.2449462,-47.214214,-5.36889,14.289065,-53.601543,-5.308424,1.5380487,-81.58129,-3.942463,-1.6618671,-52.1007,-25.21606,19.141895,-6.2531815,9.424739,2.875794,-48.827785,-7.2148113,7.3838153,-76.96483,-1.8308009,-5.0846014,-45.856594
40.06698,-64.639435,-27.20883,30.477947,-0.9561004,-13.816549,-7.845499,7.690486,-27.83623,8.778815,-6.7293854,-9.76291,4.4093933,1.7425041,-33.097446,-2.8788717,0.77188706,-53.951317,-1.3992047,2.7706409,-24.660841,-0.4379982,7.5400596,-42.274296,-1.3935312,0.57860273,-60.834557,-7.9050903,1.5461516,-33.996365,-5.096325,13.327849,-46.254314,-4.8730683,1.2267746,-64.396095,-3.0966043,-2.0843375,-38.504772,-23.56652,17.895914,-5.882324,9.0181465,3.5774226,-40.148544,-6.456904,6.425686,-59.29427,-1.3057822,-5.0589128,-32.442
39.60574,-63.797005,-26.874475,30.153976,-0.91045916,-13.63493,-7.775228,7.6325107,-27.674051,8.6916,-6.668326,-9.841787,4.3929534,1.4688967,-33.61327,-2.862185,0.76984936,-53.50769,-1.401588,2.7590635,-24.35767,-0.45121172,7.2522206,-41.154236,-1.3862522,0.5734702,-58.77033,-7.666073,1.4143342,-31.950005,-5.091985,12.900043,-44.17676,-4.8206096,1.1792691,-61.997566,-2.9495418,-2.1717901,-36.35786,-23.278019,17.71247,-5.8366265,9.05517,3.3315144,-37.010136,-6.332036,6.2504582,-55.853207,-1.193428,-5.084812,-29.781736
38.447155,-61.82122,-26.551052,29.423466,0.79994535,-12.3742285,-7.5780454,7.4148574,-25.735817,8.615374,-6.523311,-6.5830383,4.227872,1.2889723,-31.618149,-2.8062024,0.7769984,-45.75556,-1.4610734,2.7550192,-19.099915,-0.46040925,6.80558,-40.068417,-1.3678868,0.5614889,-52.91479,-7.2504435,1.2174228,-28.325394,-4.938957,12.393722,-42.565254,-4.6437864,1.0715681,-56.256016,-2.7050557,-2.2669475,-32.270416,-22.47073,17.097504,-5.65157,8.718217,3.2636237,-36.157078,-6.106224,5.968135,-52.238785,-1.0998626,-4.9757404,-27.070366
36.903126,-59.1505,-25.762,28.179213,0.9975626,-11.705272,-7.2036443,7.079733,-25.485147,7.996537,-6.168679,-9.374219,4.1871853,1.7321899,-33.231358,-2.7179074,0.75761664,-47.367188,-1.3731427,2.6311076,-21.552214,-0.42513117,7.0794463,-39.89456,-1.3411138,0.55919933,-51.63276,-6.945323,1.1714891,-27.33134,-4.7118244,12.360513,-41.715828,-4.461746,1.0386592,-53.811554,-2.5494008,-2.240494,-30.16475,-21.466442,16.332634,-5.4294047,8.40534,3.7040677,-33.264076,-5.735514,5.560819,-46.364304,-0.9334208,-4.853812,-22.92519
37.882313,-60.283398,-27.192581,28.809837,2.3929584,-11.239781,-7.5232787,7.2910705,-22.047804,8.78713,-6.4842114,-1.1316026,4.038767,0.7997427,-28.43359,-2.758954,0.78754365,-32.313957,-1.5650088,2.7870605,-10.617755,-0.49048734,6.7090387,-33.267483,-1.3350097,0.5299363,-34.954506,-6.0520773,0.45394486,-14.72672,-4.816762,12.536286,-34.570004,-4.3466578,0.71090645,-37.39009,-1.861628,-2.8320796,-17.835943,-21.815163,16.582966,-5.4889693,8.54554,4.7736883,-29.350891,-5.5622997,5.1485634,-34.002472,-0.5921468,-5.1534467,-13.544684
38.35583,-60.763924,-28.00171,28.827068,1.5053396,-11.744193,-7.593336,7.3441863,-21.867252,8.845013,-6.5524554,-0.9877727,4.0065365,0.60728145,-27.10307,-2.7730644,0.7941309,-31.116411,-1.5852678,2.8195724,-9.579023,-0.4950439,6.8494215,-32.08588,-1.3408105,0.5292474,-34.491875,-6.084632,0.41083503,-14.338899,-4.8432713,12.812176,-33.703938,-4.3786373,0.6986798,-37.13655,-1.8720233,-2.8725052,-17.539406,-21.988852,16.716848,-5.5240064,8.5883045,5.1428924,-29.401228,-5.632366,5.1878295,-34.47873,-0.6186912,-5.184736,-13.818349
38.333256,-60.85752,-27.137276,28.891027,1.2120612,-11.889596,-7.6587753,7.394574,-21.457573,8.882144,-6.569205,-0.79693735,3.9928658,0.53227055,-26.38031,-2.778139,0.7955115,-30.275648,-1.5959768,2.8269215,-9.2124195,-0.4997193,6.96421,-30.138008,-1.3379167,0.5250129,-32.126446,-5.9331226,0.31161162,-12.377477,-4.87542,12.920286,-31.263573,-4.354629,0.6375694,-34.3251,-1.7291787,-2.9813828,-15.40994,-22.017609,16.788513,-5.5464745,8.73878,5.4820604,-26.748253,-5.5617423,5.081786,-31.328945,-0.52095735,-5.261332,-11.692325
38.83226,-61.407555,-28.150656,29.162825,1.6657212,-11.776096,-7.7052884,7.442876,-21.489948,9.070357,-6.651196,0.91101503,3.992231,0.26597604,-26.182404,-2.7914908,0.8019047,-28.308071,-1.6333351,2.8585794,-7.3550644,-0.5112965,6.7293916,-30.272537,-1.3402436,0.52231425,-30.970127,-5.855916,0.25342676,-11.0953455,-4.914261,12.788573,-31.646578,-4.360767,0.60597515,-32.88352,-1.6230477,-3.0619354,-13.890201,-22.21166,16.905272,-5.5778217,8.7245865,5.2287583,-28.325272,-5.586008,5.096711,-31.228312,-0.48552865,-5.3074036,-10.955238
39.29675,-62.346268,-27.898943,29.993086,2.620473,-11.557893,-7.8051004,7.5683165,-22.495693,9.206833,-6.7458444,0.43021852,4.122511,0.79251564,-27.84436,-2.833528,0.8022906,-30.523146,-1.6414425,2.8930595,-8.347476,-0.4959757,6.902333,-33.508263,-1.3534911,0.5284102,-34.354008,-6.146865,0.40479052,-13.644927,-5.0004106,12.8496685,-34.783752,-4.467034,0.6796211,-36.796997,-1.7892512,-2.9973423,-16.620121,-22.653595,17.238321,-5.681568,8.871524,4.7408643,-30.26308,-5.73663,5.308003,-34.435417,-0.56540346,-5.35105,-13.193823
39.79514,-63.444477,-28.51746,30.528048,2.1695864,-11.971832,-7.8248043,7.650069,-25.088642,9.034074,-6.7502995,-3.6354809,4.296483,1.3829,-31.022438,-2.8677478,0.7963584,-39.655575,-1.5798433,2.8760326,-14.435157,-0.4655554,6.9841595,-39.394527,-1.3754902,0.5502633,-47.327747,-6.972842,0.9312101,-23.169928,-5.0878434,12.477806,-41.051884,-4.6755314,0.93019736,-49.879913,-2.3484583,-2.6241267,-26.402285,-23.035774,17.541458,-5.784952,8.933693,3.12636,-35.982307,-6.094843,5.8544717,-46.95061,-0.8797674,-5.232284,-21.917837
41.45865,-65.96761,-29.66944,31.929098,3.1784968,-12.007044,-8.202048,7.982205,-24.654205,9.596603,-7.06438,-1.1718619,4.4227643,1.512053,-31.262718,-2.9581459,0.81369936,-36.072647,-1.6685907,3.0001788,-11.467349,-0.47192395,7.422426,-39.227222,-1.3928794,0.5421698,-42.593735,-6.8392544,0.6917812,-19.035746,-5.2581873,13.330859,-40.77726,-4.7740664,0.84091187,-45.48993,-2.1392806,-2.9216897,-22.38552,-23.97423,18.235584,-5.995198,9.289979,4.0763726,-35.54147,-6.154694,5.8188334,-42.166553,-0.7148756,-5.544848,-17.822952
40.644077,-64.63158,-28.365433,31.509014,3.6814759,-11.554778,-8.041495,7.83807,-24.615059,9.350089,-6.9055896,-2.43048,4.417318,1.4941065,-33.04929,-2.918151,0.800434,-36.823704,-1.6207242,2.9305873,-12.736164,-0.46825704,7.454937,-38.417255,-1.375529,0.53842777,-39.245434,-6.526431,0.59128183,-16.476242,-5.1605163,13.445736,-39.088654,-4.6498394,0.7804382,-41.710827,-1.9633504,-2.972476,-19.741184,-23.576971,17.92208,-5.8962746,9.283856,4.734183,-30.903503,-5.878112,5.5096545,-35.634552,-0.5469024,-5.5453954,-13.4422455
38.25837,-60.601982,-27.9101,29.385977,3.3695579,-10.8199625,-7.482514,7.3092055,-23.559305,8.715637,-6.4675326,-2.5891032,4.181325,1.2192167,-31.780964,-2.7711158,0.7820745,-36.473824,-1.5412405,2.771065,-13.215776,-0.4730506,6.732615,-36.998657,-1.3401338,0.5377574,-39.59482,-6.215645,0.60870373,-17.080198,-4.855225,12.25814,-37.972805,-4.404759,0.7890519,-41.494522,-1.9135969,-2.7768564,-19.722874,-22.025433,16.691927,-5.5271316,8.586175,3.7486696,-31.456484,-5.588537,5.2484307,-36.343967,-0.56743264,-5.171397,-13.958618
36.65233,-57.9074,-27.129492,28.205032,4.819694,-9.551454,-7.1712055,6.988724,-21.79256,8.519581,-6.2318306,0.017020255,4.0307903,0.79887915,-31.461746,-2.6782527,0.7754115,-32.251945,-1.5328507,2.6931713,-10.576301,-0.4861178,6.0588846,-35.922287,-1.3118962,0.52809715,-34.741535,-5.738222,0.43938702,-14.000583,-4.638455,11.616018,-36.914524,-4.186562,0.70636344,-36.60212,-1.6851807,-2.79437,-16.263292,-20.964155,15.872108,-5.278667,8.125154,3.715238,-30.86745,-5.2904515,4.9108047,-32.291233,-0.4645649,-5.003098,-11.088443
36.19962,-57.17305,-27.129795,27.553875,3.4215913,-10.05685,-6.9948874,6.84348,-22.971468,8.160475,-6.074196,-2.9393992,4.0038133,0.8575171,-32.077244,-2.6408281,0.7623599,-38.745716,-1.4431102,2.6098168,-15.300982,-0.46894926,5.852212,-38.932632,-1.3142979,0.54438525,-44.54362,-6.299818,0.8787853,-22.058609,-4.569371,11.100889,-40.89707,-4.2431936,0.89630556,-46.620495,-2.1354253,-2.3931777,-24.186249,-20.629595,15.646087,-5.2089167,7.859655,2.4915667,-35.828484,-5.4959745,5.2784114,-43.080326,-0.77736723,-4.7302012,-19.142212
37.783684,-59.913105,-28.159086,28.72142,3.0911934,-10.752848,-7.3965816,7.186663,-22.4825,8.759599,-6.439679,0.019247532,4.0276613,0.6842473,-29.227566,-2.7371764,0.79073,-34.49454,-1.5659838,2.7760012,-10.874886,-0.49067417,5.9456377,-38.533104,-1.3442831,0.5418044,-44.214592,-6.593951,0.83309126,-22.169031,-4.7751427,11.535967,-41.26723,-4.4359274,0.90998423,-47.908897,-2.2950144,-2.4808712,-25.299095,-21.593546,16.414604,-5.4322367,8.162314,2.8309326,-38.32192,-5.863089,5.6160746,-47.49867,-0.93192875,-4.8884783,-22.537354
40.38893,-64.22775,-29.026175,30.882727,2.9493885,-11.741634,-8.097819,7.8096466,-22.001932,9.72791,-7.010394,3.855545,4.1800585,-0.07015542,-28.294308,-2.896704,0.82361615,-28.3437,-1.7327237,3.0055337,-5.047489,-0.5349915,6.333065,-34.831543,-1.3761815,0.52774984,-35.173267,-6.2986307,0.34521136,-13.701555,-5.1626396,12.699902,-36.38135,-4.621296,0.7215234,-38.98771,-1.893955,-3.0552754,-17.696743,-23.403526,17.73836,-5.833931,9.078014,4.596206,-32.573086,-6.0028534,5.5507274,-38.885845,-0.6446234,-5.473996,-15.190811
39.69272,-63.305813,-28.140728,30.412169,2.2528074,-11.938293,-7.994117,7.7106705,-22.00312,9.554249,-6.9073753,2.966961,4.118198,-0.041430913,-27.518936,-2.8683972,0.8165676,-29.168829,-1.7014964,2.960997,-5.9234157,-0.53692245,6.2559094,-33.769268,-1.3678404,0.5285615,-35.431454,-6.274645,0.39304775,-14.095032,-5.1209993,12.423762,-35.178375,-4.5711646,0.73410034,-39.26364,-1.9242,-2.9810057,-18.389751,-23.107672,17.528706,-5.7691965,9.037355,4.400963,-31.023787,-5.940075,5.519922,-38.847683,-0.66543984,-5.3921547,-15.668588
39.834377,-63.63337,-28.045635,30.587399,2.3133075,-11.9967985,-8.038205,7.7571073,-22.27915,9.616185,-6.949722,2.9749565,4.1430893,0.039547503,-27.5537,-2.8809218,0.81716025,-29.838543,-1.7041149,2.9732633,-6.179742,-0.5356197,6.266531,-34.521587,-1.3727334,0.5307761,-36.828873,-6.399946,0.45200878,-15.288725,-5.1498766,12.429359,-36.110676,-4.6112103,0.7605412,-40.931496,-2.0023973,-2.94619,-19.690586,-23.246601,17.639107,-5.80468,9.072911,4.247899,-32.038055,-6.024983,5.6277614,-40.84926,-0.7268182,-5.390234,-17.218401
38.98776,-62.096615,-28.301659,29.581491,1.3208642,-12.121123,-7.7053027,7.4837127,-23.239485,9.100896,-6.7022943,-0.12962908,4.058316,0.16564539,-27.8605,-2.8107066,0.8004929,-34.191128,-1.6166247,2.8699439,-9.707578,-0.5277333,5.9705896,-34.94834,-1.3589375,0.53804296,-41.78117,-6.5353765,0.6485518,-18.97685,-5.0147743,11.721672,-36.91813,-4.55096,0.8501079,-45.19179,-2.1746302,-2.712955,-23.091984,-22.539774,17.10113,-5.6387596,8.762612,3.1995192,-33.107998,-5.968779,5.6433287,-44.525967,-0.83344626,-5.1571097,-20.123749
38.025173,-60.35705,-28.273537,28.707676,1.9113238,-11.441164,-7.404831,7.217548,-23.268421,8.720641,-6.4699273,-1.2301322,4.000909,0.5405325,-28.30624,-2.7431483,0.789148,-35.309124,-1.5605439,2.7831697,-11.139889,-0.5025733,5.932257,-36.634636,-1.3444394,0.541659,-44.110485,-6.5808334,0.79369795,-21.50371,-4.8303957,11.472532,-39.167496,-4.4530497,0.89458585,-47.273453,-2.2654133,-2.5296717,-24.8815,-21.7911,16.53753,-5.4655776,8.3402195,2.8039184,-35.79552,-5.8750634,5.6059484,-46.636993,-0.9136462,-4.9344463,-21.96726
38.9333,-62.040844,-28.495598,29.348234,0.77229536,-12.364811,-7.58244,7.40059,-24.529613,8.842583,-6.616312,-2.8123665,4.07181,0.96018934,-27.763897,-2.79734,0.7945901,-38.5721,-1.5646527,2.8319879,-12.7329445,-0.48894098,6.3294525,-37.83374,-1.3656754,0.5513152,-49.710896,-7.0541325,1.0068188,-25.521542,-4.947892,11.856568,-41.1843,-4.6254816,1.0183209,-53.434345,-2.5801487,-2.394801,-29.650644,-22.489414,17.0422,-5.613941,8.563594,2.6368911,-38.108486,-6.155101,5.9575906,-53.05246,-1.0959764,-4.964425,-26.655685
38.424854,-61.098732,-28.320145,28.944866,1.1485033,-11.97308,-7.450496,7.280485,-24.319569,8.707244,-6.5173182,-2.7452035,4.038212,1.0352751,-27.783154,-2.7686508,0.7913355,-37.78116,-1.555748,2.8017259,-12.461317,-0.48200488,6.2454987,-37.83108,-1.3570757,0.5500632,-48.86885,-6.9460325,0.9980448,-25.079542,-4.877159,11.653828,-41.12523,-4.5578046,1.0047225,-52.42816,-2.530837,-2.3738968,-28.96777,-22.115166,16.767641,-5.5339594,8.400601,2.4893565,-38.200306,-6.060569,5.871332,-52.057903,-1.0732497,-4.8962255,-25.96652
39.64718,-63.281326,-28.408356,30.164864,1.4552336,-12.328988,-7.832468,7.6161766,-23.906322,9.240665,-6.8157825,-0.4947127,4.1239295,0.81266284,-27.356602,-2.853196,0.8069682,-34.932434,-1.639447,2.9181557,-9.843653,-0.5033482,6.4820366,-36.802624,-1.3738883,0.5431005,-44.839672,-6.8496666,0.7882312,-21.580145,-5.0655794,12.287062,-39.654186,-4.659652,0.9200114,-48.831818,-2.3602352,-2.642498,-25.852613,-23.053617,17.453218,-5.7424526,8.842561,3.3869963,-36.21539,-6.150081,5.8719645,-48.447117,-0.9503132,-5.1836896,-23.049835
41.131943,-66.148476,-28.488739,31.455532,0.2892429,-13.522471,-8.186721,7.964579,-25.557335,9.536857,-7.08337,-2.2961268,4.278597,0.91135365,-28.058765,-2.948452,0.8142028,-39.68751,-1.6464231,2.9953692,-12.494515,-0.5033738,6.892409,-38.202003,-1.405092,0.5546493,-50.385857,-7.410741,1.0072063,-25.49336,-5.2916856,12.886109,-41.224804,-4.8987217,1.0293005,-54.902065,-2.6754935,-2.567911,-30.588516,-24.187952,18.323181,-6.0045805,9.34187,3.4992986,-37.07718,-6.511376,6.2932477,-54.37095,-1.1238958,-5.328938,-27.541542
40.59103,-64.842316,-28.01259,30.43464,-2.519674,-14.671424,-8.156479,7.8937645,-23.720427,9.647967,-7.107394,0.967593,3.9666727,-0.6160657,-21.573288,-2.9037285,0.82170916,-32.131245,-1.7158998,3.018947,-6.4086437,-0.58578026,6.0938134,-28.54623,-1.3832381,0.53863865,-40.89004,-6.741578,0.53947276,-17.287561,-5.3214273,12.051334,-30.443432,-4.7457848,0.8191223,-44.58262,-2.244696,-2.8872411,-23.100182,-23.819662,18.077436,-5.9125843,9.469656,3.8415718,-28.664362,-6.301769,5.922497,-46.421608,-0.9263557,-5.394227,-22.47048
35.67629,-56.98853,-24.571432,26.18462,-5.5005817,-14.528699,-7.341896,7.02979,-19.336218,8.453767,-6.2809525,0.0050733387,3.4194407,-0.56298876,-14.574436,-2.642381,0.7857237,-27.343967,-1.5712295,2.7227175,-5.919241,-0.56722,6.2395053,-18.913073,-1.3024961,0.5210709,-31.942478,-5.686119,0.2841879,-11.668741,-4.732772,11.458996,-21.505442,-4.18112,0.66347814,-34.26679,-1.7991906,-2.7862535,-16.715004,-20.960194,15.943368,-5.257317,8.467686,4.728372,-22.095833,-5.440973,5.0119967,-34.804817,-0.6657671,-4.9036107,-15.78612
32.681644,-53.372185,-19.948092,23.879698,-10.344602,-16.312868,-6.9817357,6.678206,-18.449232,7.812483,-5.9224195,-3.2810822,3.0781434,-0.79262275,-8.421922,-2.5355034,0.76358163,-26.846506,-1.4949521,2.584813,-7.150665,-0.58897495,6.6489716,-8.085536,-1.2579651,0.5091128,-24.16434,-4.989375,0.034488708,-6.001594,-4.5744114,11.424558,-9.895554,-3.896424,0.525866,-25.459314,-1.5011442,-2.8405306,-11.919208,-19.923798,15.161262,-5.017332,8.488433,6.304204,-9.559311,-4.919242,4.440963,-23.219593,-0.4398138,-4.7969646,-9.833497
35.28261,-58.61698,-18.59149,26.6002,-10.858799,-17.732332,-7.7526984,7.3730054,-18.717396,8.788534,-6.490272,-1.1512568,3.2894413,-0.44643664,-7.7818136,-2.718998,0.79130036,-24.509228,-1.6403843,2.7874265,-4.9017787,-0.5825557,7.943945,-8.003118,-1.2930605,0.50582093,-19.974209,-5.1059713,-0.075930156,-2.2918363,-4.9391155,13.409703,-9.715968,-4.1151896,0.44760838,-21.359354,-1.3563396,-3.1768956,-9.378724,-22.0983,16.732664,-5.47507,9.374947,8.796345,-7.7837715,-5.108211,4.6497917,-18.159586,-0.2895136,-5.3082347,-6.3711667
36.244152,-60.200317,-19.210955,27.297337,-11.185705,-18.204319,-7.9279537,7.551447,-19.534492,8.973599,-6.639552,-1.7909447,3.3899672,-0.2974672,-8.590199,-2.7687054,0.7946675,-26.660656,-1.6447284,2.8274198,-6.3326087,-0.57727575,8.256004,-8.91883,-1.3065207,0.5091524,-21.716787,-5.286089,-0.028725274,-3.2039773,-5.041689,13.860734,-10.863103,-4.2176375,0.4699395,-22.88425,-1.410398,-3.208702,-10.299446,-22.68624,17.167402,-5.608628,9.567959,9.04437,-8.9821415,-5.2334743,4.7844167,-19.13579,-0.30200234,-5.424815,-6.9233093
36.225082,-60.611664,-18.318117,27.723362,-10.438901,-17.950407,-8.047501,7.644184,-19.076954,9.199229,-6.721022,-0.045618862,3.4156535,-0.45732227,-8.742998,-2.7917666,0.8001753,-25.08508,-1.681536,2.8606498,-4.823914,-0.58873266,8.114033,-9.2294235,-1.31104,0.5077721,-20.471386,-5.2685585,-0.051080484,-2.3577607,-5.0952454,13.850882,-10.939691,-4.236335,0.45971674,-22.132284,-1.3951422,-3.2437313,-9.992699,-22.879316,17.3295,-5.6591535,9.688997,9.147779,-8.505752,-5.267515,4.833091,-19.077242,-0.30178452,-5.473403,-6.797267
35.167023,-59.116714,-17.604132,27.136938,-9.632803,-17.256584,-7.8716607,7.479263,-18.765272,9.002173,-6.5699396,-0.1644252,3.4066575,-0.0018816767,-9.319238,-2.7477622,0.79268336,-26.144888,-1.6415765,2.8022344,-6.044479,-0.5684559,8.1589775,-10.854434,-1.3020744,0.5097166,-22.490793,-5.334752,0.05589211,-4.488939,-4.959085,13.778907,-12.925668,-4.178587,0.5054897,-23.989723,-1.5032003,-3.0994706,-11.837108,-22.329462,16.92413,-5.5448627,9.395018,9.091492,-10.66415,-5.2117248,4.8188086,-20.967812,-0.37320673,-5.320657,-8.512541
35.2076,-58.514915,-19.491299,26.524693,-10.581743,-17.542921,-7.648438,7.323547,-20.76509,8.573787,-6.4437056,-4.4588375,3.4473295,0.065674305,-11.280127,-2.7168522,0.77604854,-33.978817,-1.5163763,2.7170358,-12.252668,-0.55909264,8.0133705,-12.510347,-1.3055494,0.523941,-30.28941,-5.7530823,0.33341378,-10.348769,-4.896519,13.482753,-15.078971,-4.2352757,0.62973833,-31.07045,-1.8233815,-2.8405085,-17.063072,-21.948057,16.687338,-5.4893856,9.172767,8.14045,-13.836067,-5.356395,4.998006,-27.45122,-0.5818691,-5.148733,-13.631759
32.74394,-55.618294,-14.996269,25.924282,-7.629996,-15.61749,-7.5346146,7.11922,-16.73971,8.750683,-6.2675714,2.5338817,3.2450173,-0.15470147,-8.75688,-2.6518464,0.7870612,-20.603783,-1.6494615,2.7214906,-2.5730538,-0.5740066,7.4912267,-10.5198,-1.2726755,0.50172824,-17.585506,-4.912204,-0.030090038,-2.0814922,-4.730793,12.951214,-11.876873,-3.9356823,0.45135817,-19.971838,-1.3731514,-3.0265064,-9.763961,-21.082912,16.020784,-5.272253,8.990329,8.961418,-8.42413,-4.9042573,4.5363994,-17.994944,-0.3373455,-5.0838637,-7.0092072
31.53,-53.898556,-13.704891,25.313183,-6.7280927,-14.849599,-7.3628488,6.947519,-15.952062,8.595215,-6.1158457,3.3061547,3.19755,0.06427838,-8.714295,-2.6049383,0.7818084,-19.61777,-1.6338401,2.6732628,-2.1160114,-0.56437826,7.3475776,-11.184265,-1.2609253,0.5006467,-17.371979,-4.8336935,-0.0016132593,-2.582296,-4.6074276,12.682668,-12.622149,-3.8490741,0.4652953,-20.078024,-1.3996953,-2.933069,-10.257793,-20.481869,15.586292,-5.1455083,8.744754,8.845037,-8.892066,-4.8046885,4.465918,-18.393946,-0.36839527,-4.944519,-7.6450863
31.370642,-53.632435,-13.453463,25.241241,-6.760547,-14.813059,-7.315777,6.923816,-16.493973,8.523302,-6.0919585,2.4527297,3.2161007,-0.09641735,-9.676562,-2.6010075,0.7771615,-21.426464,-1.6111,2.6547568,-3.3551738,-0.56979793,7.1844816,-11.262839,-1.2607027,0.5031153,-17.977476,-4.814041,0.014986642,-2.7332299,-4.6188717,12.481372,-12.4766865,-3.849406,0.4736471,-20.6736,-1.3876529,-2.9223936,-10.4148035,-20.414911,15.546974,-5.1416945,8.764096,8.616492,-8.093262,-4.7926993,4.4553595,-18.18535,-0.35619467,-4.941795,-7.3504643
31.356241,-54.374886,-11.525177,26.058247,-5.1343317,-14.247277,-7.544586,7.100483,-15.223543,8.94873,-6.230575,6.062888,3.2527063,0.17679696,-8.816959,-2.647498,0.7919224,-16.1431,-1.707932,2.7302892,0.9230894,-0.56615657,7.3909454,-11.8174095,-1.2658098,0.49563953,-13.780484,-4.6844244,-0.07529996,-0.0012602508,-4.687289,12.860976,-12.742705,-3.8497572,0.42136687,-17.272644,-1.262601,-3.0480525,-8.248426,-20.890081,15.864998,-5.232973,8.982329,9.304124,-7.293375,-4.766597,4.453675,-15.761236,-0.2765752,-5.0670104,-5.6489525
30.923706,-53.06776,-12.840017,25.052237,-6.563437,-14.619167,-7.237913,6.86289,-16.659426,8.424803,-6.0362606,1.8669058,3.2187665,0.19242457,-9.904401,-2.5867271,0.77339363,-22.860205,-1.5934085,2.6358922,-4.1876464,-0.5585396,7.194245,-12.215689,-1.2604201,0.50704473,-20.55496,-4.9331713,0.10658478,-4.7421775,-4.5765047,12.406006,-13.803206,-3.8636496,0.53788656,-23.585905,-1.523646,-2.811589,-12.559209,-20.266615,15.429855,-5.107857,8.687004,8.37991,-9.063461,-4.8246784,4.519909,-20.8505,-0.43102324,-4.865858,-9.38046
30.628487,-52.781773,-11.881968,25.01558,-6.3790083,-14.475567,-7.275085,6.8696647,-15.595321,8.48679,-6.0264487,3.211451,3.175387,0.043164805,-8.970039,-2.584456,0.7768281,-19.674568,-1.6229984,2.6468108,-2.0606446,-0.56124485,7.18417,-11.00308,-1.256149,0.50224423,-16.981129,-4.759342,0.008445665,-2.5255077,-4.572665,12.423937,-12.226636,-3.8091552,0.4740804,-20.145031,-1.4015211,-2.8896987,-10.461581,-20.217787,15.396199,-5.092024,8.72964,8.788031,-7.0529857,-4.7385664,4.409612,-17.950773,-0.3635761,-4.8924694,-7.5099506
29.687012,-51.388794,-10.951931,24.517048,-5.3831534,-13.718539,-7.1233044,6.7188725,-14.820375,8.35646,-5.8962836,4.0930066,3.1230915,0.19968511,-8.747606,-2.5456605,0.7744602,-17.540817,-1.625799,2.6156335,-0.7448715,-0.5544685,7.0360203,-11.280515,-1.244643,0.4985677,-15.408962,-4.6147175,-0.01620194,-1.978191,-4.470566,12.162472,-12.358803,-3.7159336,0.45753974,-18.803383,-1.3613808,-2.8527064,-9.790951,-19.732359,15.025759,-4.979729,8.536895,8.685646,-6.859041,-4.617536,4.297622,-17.035732,-0.35280067,-4.791514,-7.1599736
29.770485,-51.91619,-10.655918,25.010017,-3.6357064,-12.957159,-7.151935,6.769858,-15.355234,8.482363,-5.9544325,4.645016,3.2198346,0.5306331,-10.471987,-2.5669985,0.7769408,-17.670147,-1.6442955,2.6404955,-0.74872637,-0.5484216,7.0488963,-13.539488,-1.2501887,0.4993668,-15.77461,-4.68565,0.009292722,-2.533012,-4.500084,12.236751,-14.351726,-3.7443674,0.46163544,-19.224417,-1.3854078,-2.8588302,-10.241459,-19.894716,15.152001,-5.0253654,8.572892,8.598475,-8.163068,-4.6644015,4.3566823,-17.623552,-0.37120026,-4.8236322,-7.635679
29.68697,-51.834934,-10.542839,25.080378,-3.2340324,-12.757749,-7.1732445,6.782891,-14.960503,8.554396,-5.970178,5.5425606,3.217388,0.54300195,-10.238241,-2.5687273,0.7792902,-16.475182,-1.6590744,2.649929,0.14252292,-0.5508873,6.995855,-13.593849,-1.249821,0.49743658,-15.039871,-4.6538982,-0.014032386,-2.1265874,-4.504592,12.177434,-14.308425,-3.738671,0.45042914,-18.661442,-1.3674386,-2.8734102,-9.870608,-19.894825,15.150021,-5.0255117,8.565419,8.480658,-8.396864,-4.667567,4.357201,-17.63678,-0.36943376,-4.825338,-7.639408
30.204866,-52.978184,-10.64879,25.68839,-2.7168367,-12.737745,-7.324041,6.9140015,-15.0553255,8.811404,-6.090783,6.8353086,3.2696192,0.51822615,-10.547719,-2.6048646,0.78632283,-15.791072,-1.6976345,2.6935256,1.0206777,-0.55836946,7.019032,-14.442936,-1.2578361,0.49713683,-14.806693,-4.6960487,-0.021576658,-1.7206973,-4.576503,12.361876,-15.225204,-3.7872581,0.451071,-18.657707,-1.3568684,-2.9222147,-9.766896,-20.315351,15.434389,-5.111353,8.6941805,8.642906,-9.36577,-4.7338815,4.442551,-18.074917,-0.3608569,-4.908189,-7.6246657
33.258915,-58.546158,-11.837109,28.655764,-1.0212762,-13.058789,-8.036653,7.585626,-16.506662,9.743309,-6.672656,8.189704,3.6495945,1.0723794,-14.226054,-2.7945418,0.81145805,-17.922432,-1.8001937,2.8983953,0.74073136,-0.54693127,7.876676,-20.405468,-1.3101429,0.5042119,-18.571136,-5.3335285,0.09674647,-4.5172997,-4.925188,13.978265,-21.857704,-4.153066,0.5294241,-23.823133,-1.6259366,-3.0254247,-13.44956,-22.388906,16.983902,-5.5842485,9.391592,9.643186,-14.267504,-5.238463,4.972812,-22.786562,-0.46417275,-5.307024,-10.470931
34.229813,-59.96892,-12.681131,29.39106,-0.7081014,-13.178067,-8.1748495,7.736872,-17.29746,9.905459,-6.8099537,7.7679644,3.7532244,1.1569755,-15.613141,-2.8394618,0.8162252,-19.7351,-1.8127708,2.9469302,-0.049707383,-0.53860027,7.9549847,-22.71652,-1.3273499,0.5097535,-21.93318,-5.6419067,0.20230997,-7.0777297,-5.019529,14.157436,-24.48531,-4.283536,0.5902424,-27.636295,-1.8043617,-2.9793584,-16.01422,-22.884007,17.372002,-5.698852,9.52318,9.283552,-16.64101,-5.4533486,5.2018685,-26.863321,-0.5685282,-5.359896,-13.1604805
34.320683,-59.99608,-13.13312,29.246082,-0.843602,-13.2081375,-8.09122,7.6904693,-18.169304,9.755226,-6.779474,6.163424,3.7748501,1.1976706,-16.282524,-2.8319025,0.81195295,-21.143753,-1.7858285,2.9303918,-1.3889527,-0.53616476,8.021782,-22.304382,-1.3251116,0.5110531,-21.707659,-5.6212454,0.1813707,-6.75898,-5.0062947,14.211055,-23.669603,-4.2677345,0.5670026,-26.674667,-1.756837,-3.0149815,-15.262402,-22.812805,17.306355,-5.687546,9.526985,9.546372,-15.472802,-5.4066386,5.119635,-25.020908,-0.5332941,-5.37551,-12.090467
34.220078,-59.014668,-14.814806,28.413277,-2.173856,-13.595107,-7.839279,7.47849,-19.016577,9.333922,-6.612655,3.483554,3.6999564,1.423253,-15.748605,-2.7762551,0.80100065,-25.249233,-1.698796,2.8507376,-4.720077,-0.52082115,7.9557204,-22.922518,-1.3207783,0.52117556,-27.840258,-5.926301,0.40808713,-11.6317,-4.883708,13.870952,-25.438324,-4.2667723,0.6702143,-32.3872,-2.0189698,-2.765624,-19.59915,-22.280584,16.931225,-5.5652575,9.150776,8.68286,-19.628391,-5.4933844,5.2525644,-31.385681,-0.7230718,-5.147195,-16.989658
35.362625,-59.357506,-18.560106,27.73584,-5.796567,-15.348227,-7.618843,7.3557463,-22.437494,8.753994,-6.5011992,-3.3964906,3.7083018,1.3708904,-16.426285,-2.7473068,0.7817961,-37.586525,-1.5356431,2.752544,-13.108966,-0.5111032,7.760259,-23.941746,-1.3332766,0.54460263,-42.08491,-6.6455784,0.86983925,-20.910118,-4.8888664,13.210518,-27.883064,-4.430573,0.91022074,-45.422493,-2.502349,-2.3887289,-27.936817,-22.217346,16.890848,-5.5530977,8.974801,6.5519323,-24.824787,-5.8200264,5.67812,-44.0039,-1.0422702,-4.9324355,-25.301874
36.826916,-61.87186,-19.353992,28.720669,-6.7347,-16.29484,-7.854614,7.597537,-24.181753,8.908052,-6.6755366,-5.7170124,3.8584747,1.5117242,-18.152,-2.813192,0.781873,-43.264477,-1.5051539,2.7790806,-17.05842,-0.50137687,8.2319145,-25.734772,-1.3537518,0.5545881,-47.109585,-7.056384,1.0690118,-24.063602,-5.0314407,13.8992605,-30.1588,-4.5963955,0.9941282,-50.060997,-2.6834002,-2.336637,-31.145586,-23.100672,17.53954,-5.74753,9.285058,6.851552,-26.674341,-6.0354776,5.9542403,-47.4863,-1.1196359,-5.0574393,-27.47853
37.836212,-63.73064,-19.44493,29.869158,-5.3895903,-16.026571,-8.118133,7.8518395,-24.259811,9.326437,-6.9076347,-3.8717637,3.9760218,1.4616992,-19.137547,-2.882594,0.7958412,-40.564518,-1.5913644,2.8853452,-14.216592,-0.51188135,8.268689,-26.253176,-1.367333,0.5486956,-43.96356,-6.961111,0.8928787,-20.994196,-5.1931877,14.151187,-29.850998,-4.6819057,0.9355179,-47.19459,-2.5393553,-2.5599618,-28.496103,-23.822222,18.07269,-5.9116406,9.657866,7.109151,-24.84826,-6.0954146,5.950192,-44.321117,-1.0035037,-5.293251,-24.450771
36.718163,-62.440434,-17.285528,29.715885,-3.6317792,-14.962061,-8.161868,7.8257565,-21.259912,9.660391,-6.917356,1.9205267,3.86328,0.8391735,-17.498951,-2.86155,0.8062606,-31.267454,-1.7011285,2.929359,-7.172426,-0.54268265,7.6514444,-24.485678,-1.3515582,0.5322841,-35.077362,-6.4212246,0.56641304,-15.113416,-5.1612525,13.667656,-27.306015,-4.5430107,0.7942971,-39.447197,-2.2420816,-2.7531464,-23.319408,-23.490543,17.821283,-5.829489,9.611157,7.4143214,-21.794771,-5.9027815,5.6959596,-38.52532,-0.85127735,-5.321826,-20.43707
36.669415,-61.644623,-18.625324,29.12537,-4.227332,-15.034135,-7.9581733,7.683826,-22.091928,9.394322,-6.831433,0.60534275,3.7967675,0.104901545,-17.590523,-2.8246927,0.8010302,-31.60463,-1.6717806,2.9016018,-7.4523683,-0.57191914,6.9403706,-22.064064,-1.3437688,0.5301764,-33.835236,-6.239355,0.4344197,-13.53892,-5.15718,12.772961,-23.629683,-4.489086,0.7288648,-36.969917,-2.1004739,-2.8421829,-20.985184,-23.09007,17.540697,-5.748894,9.583636,6.5641046,-18.53613,-5.833225,5.525234,-36.60108,-0.79384863,-5.2981753,-18.828327
37.648476,-62.28747,-21.596504,29.529305,-2.5308275,-14.294054,-7.974265,7.709849,-22.481962,9.569077,-6.9341974,2.5642886,3.821933,-0.6313454,-19.25898,-2.8474634,0.81507105,-29.060003,-1.7315485,2.967996,-4.6550927,-0.60615337,5.9348593,-24.91431,-1.3574214,0.5300416,-34.873142,-6.3536625,0.421739,-14.345343,-5.22603,11.848476,-25.817505,-4.5553856,0.7439618,-39.00646,-2.1570165,-2.8597577,-21.585989,-23.168274,17.605602,-5.7737575,9.526426,5.0541687,-21.413912,-6.0175166,5.678494,-40.97008,-0.8843281,-5.288462,-21.068666
36.873173,-61.106266,-21.07001,29.16062,-1.6554227,-13.658959,-7.831154,7.5899663,-22.525766,9.404852,-6.8284307,2.1517105,3.8228068,-0.6420901,-20.43013,-2.8250475,0.8108431,-28.517216,-1.7207501,2.9403498,-4.624012,-0.60948217,5.7216907,-24.823101,-1.3485129,0.5254395,-32.465942,-6.126196,0.33445013,-12.579552,-5.1818523,11.512786,-24.671156,-4.4745502,0.69790447,-36.64443,-2.0328512,-2.9051955,-19.653223,-22.748014,17.31451,-5.7014403,9.482347,4.9134755,-18.704437,-5.8657236,5.495185,-37.40743,-0.7972386,-5.2720237,-18.680561
37.83388,-62.353176,-22.419922,29.742727,-1.2100897,-13.675111,-7.9693255,7.716221,-22.693546,9.568775,-6.9356656,2.435163,3.8976665,-0.6929087,-21.54216,-2.8591847,0.8156542,-28.495749,-1.7363597,2.9742417,-4.502291,-0.6094209,5.8291335,-25.619556,-1.3559994,0.524263,-31.970385,-6.123373,0.28727332,-11.609562,-5.2451434,11.79805,-25.399366,-4.523981,0.6772454,-35.924633,-1.9556578,-3.0070517,-18.409874,-23.137362,17.599527,-5.785519,9.602478,5.0626535,-19.345387,-5.8994846,5.4966855,-36.162678,-0.729295,-5.3928957,-17.083431
36.964844,-61.067356,-21.955074,29.05998,-0.7162249,-13.142009,-7.801668,7.536947,-21.837717,9.427221,-6.7985845,3.37107,3.8008156,-0.36556014,-19.997635,-2.8103616,0.8139234,-26.33329,-1.7256367,2.9235914,-3.8508925,-0.60176224,5.958676,-24.730728,-1.3403224,0.5200611,-29.786448,-5.919018,0.25360948,-10.498277,-5.1006436,11.859037,-24.863651,-4.393291,0.63765657,-33.457573,-1.8617469,-2.9765816,-17.140709,-22.597935,17.172783,-5.651597,9.286375,5.3847313,-20.458387,-5.73095,5.3474073,-34.428093,-0.7052178,-5.2721353,-16.515627
35.154255,-58.738953,-19.658592,27.848808,-1.7987223,-13.20277,-7.557374,7.2840004,-20.42809,9.164548,-6.566012,4.416366,3.5734951,-0.66157174,-16.538485,-2.73045,0.80478793,-22.224257,-1.7071557,2.8339684,-1.9551157,-0.615788,5.8358746,-18.679506,-1.3058912,0.50699854,-21.863108,-5.253477,0.023922466,-4.53548,-4.9667664,11.449813,-18.269333,-4.132366,0.47983003,-24.235691,-1.4439225,-3.1033177,-11.068013,-21.811356,16.555449,-5.4545536,9.137826,5.865385,-14.673885,-5.292818,4.8814936,-25.471352,-0.4586172,-5.2038913,-10.648653
33.7914,-56.461906,-18.669477,26.57102,-3.699734,-13.718004,-7.3421454,7.0576234,-19.258024,8.860117,-6.3439655,4.341354,3.3933227,-0.91608655,-14.176364,-2.6517344,0.7900623,-22.72717,-1.6520452,2.7370608,-2.3480074,-0.6248075,5.562521,-15.456735,-1.2826777,0.5041097,-21.553196,-5.001172,0.00269375,-3.9172564,-4.84141,10.815487,-16.051525,-4.0110626,0.48732108,-23.71258,-1.3759915,-3.018506,-10.57342,-21.077232,16.006084,-5.2793765,8.861373,5.3646245,-13.765395,-5.1147437,4.7257175,-24.787418,-0.4103642,-5.048039,-9.920093
35.03156,-59.11549,-17.729439,27.964449,-4.625931,-14.785081,-7.8173347,7.461012,-18.895905,9.405537,-6.643634,5.535338,3.5146854,-0.91228044,-13.779314,-2.752943,0.79922366,-22.554205,-1.7039075,2.822363,-2.042671,-0.6258724,6.325171,-14.64069,-1.300971,0.50415033,-19.32235,-5.049857,-0.028017007,-1.8546201,-5.0495214,11.963652,-15.617644,-4.1321325,0.4597756,-21.779274,-1.3035551,-3.1705947,-9.346436,-22.267426,16.886164,-5.5385,9.361009,6.7912793,-12.699631,-5.21073,4.8535614,-22.111149,-0.31965056,-5.3270206,-7.8937464
36.99664,-62.584675,-18.169529,29.698624,-4.493059,-15.46124,-8.265698,7.8846393,-19.67038,9.968592,-7.0089192,6.318325,3.6729856,-0.95189685,-14.285154,-2.8715973,0.8144898,-21.842148,-1.7750639,2.9422724,-1.3490751,-0.6304624,6.8885207,-15.039141,-1.3257228,0.50300074,-16.750975,-5.1395655,-0.07722948,0.34794348,-5.295291,12.980446,-15.813584,-4.276394,0.39860556,-19.186703,-1.1842059,-3.3883486,-7.3806973,-23.61893,17.86267,-5.831339,9.879691,7.821846,-12.402948,-5.3641896,5.0056715,-19.446928,-0.23907518,-5.640137,-5.922534
38.46546,-64.26913,-20.225279,29.926697,-7.3311257,-17.170822,-8.414458,8.02856,-20.468822,9.937936,-7.1183586,3.6618724,3.6756544,-0.8423954,-12.742361,-2.9018862,0.8160823,-24.569916,-1.7558267,2.9728565,-3.3237333,-0.6189323,7.5693817,-13.3378,-1.3358219,0.5053509,-19.207367,-5.355626,-0.07287941,-0.82709783,-5.365572,13.706102,-14.91734,-4.3903403,0.41930246,-21.062737,-1.2638555,-3.4375412,-8.245831,-24.144775,18.261343,-5.937151,10.051584,8.384862,-12.794643,-5.4968452,5.0858393,-20.146542,-0.24755217,-5.7516255,-6.261086
37.586323,-63.141605,-18.4567,29.433863,-6.805389,-16.683197,-8.344944,7.931169,-19.21781,9.82813,-7.003841,4.281752,3.6145618,-0.6260433,-11.822349,-2.8727348,0.81770587,-21.46438,-1.77149,2.9523947,-1.6998444,-0.59447646,7.8341217,-13.226702,-1.3248868,0.50108844,-16.634691,-5.23376,-0.08655981,0.143535,-5.2477517,14.024395,-14.605425,-4.290331,0.38559932,-18.57614,-1.2012587,-3.429096,-7.0724263,-23.75027,17.956491,-5.8485246,9.934832,9.288356,-11.357201,-5.340201,4.9452767,-17.37181,-0.21508822,-5.687314,-5.068327
33.296,-54.64571,-19.72526,24.876348,-8.594766,-15.713191,-7.2357545,6.8580594,-17.169127,8.220864,-6.0841856,-0.10734114,3.1322262,-1.2232414,-9.541174,-2.5832024,0.7775695,-22.211859,-1.5697186,2.6580255,-3.6559584,-0.5991361,6.5119324,-9.470777,-1.267695,0.50586975,-20.580116,-4.95296,-0.047298864,-3.7837956,-4.643077,11.754965,-10.726928,-3.9154391,0.4708441,-22.581947,-1.4182332,-2.9640992,-10.024973,-20.390076,15.5047245,-5.112147,8.709862,7.1081424,-8.64192,-4.947386,4.4564486,-21.481995,-0.3987015,-4.9260654,-8.4207
31.872637,-50.974987,-22.358963,23.201675,-6.057966,-13.64452,-6.6584334,6.332733,-16.757603,7.5684996,-5.664586,-0.7627846,3.042628,-0.91555434,-12.052071,-2.4573526,0.7609321,-22.177372,-1.4795308,2.5114338,-5.009981,-0.5665017,5.916805,-13.025109,-1.2420973,0.5070603,-22.826778,-4.791295,0.045938954,-6.046804,-4.2955227,10.826985,-14.8463125,-3.7122395,0.49895826,-24.144554,-1.3861963,-2.7619498,-10.171322,-18.789095,14.295419,-4.7610636,7.7848334,5.554034,-14.518605,-4.7275715,4.242251,-23.738554,-0.42868203,-4.563213,-9.092675
31.883986,-50.28289,-23.24614,23.222347,-3.934788,-12.433113,-6.568209,6.251875,-16.761122,7.5055656,-5.59159,-0.5931642,3.162671,-0.6218871,-15.810504,-2.4438329,0.7547815,-24.830475,-1.4287515,2.4700859,-7.3219676,-0.535649,5.8123245,-18.474354,-1.245816,0.5127504,-26.8698,-5.0225086,0.22506577,-10.038658,-4.190194,10.907113,-20.801064,-3.7317338,0.5799587,-28.583471,-1.5671576,-2.5851884,-13.287546,-18.55616,14.090006,-4.7100515,7.4105988,5.141973,-20.970425,-4.7994924,4.3583207,-28.397749,-0.5412538,-4.4447126,-11.990097
32.572094,-50.928944,-24.31642,23.630554,-3.6732402,-12.462452,-6.552359,6.297546,-19.300112,7.308078,-5.5725045,-5.216294,3.377467,0.1637834,-20.10381,-2.4744468,0.73465466,-35.625103,-1.2852066,2.4003983,-16.135227,-0.48672935,6.1163936,-24.841421,-1.2661281,0.53544575,-37.959156,-5.833065,0.77055573,-19.605852,-4.1995826,11.120384,-27.929451,-3.892376,0.77581686,-39.300465,-2.0836146,-2.196622,-22.050827,-18.802504,14.299525,-4.7907743,7.2558737,4.071333,-28.642809,-5.101687,4.80871,-38.361805,-0.84641695,-4.3125205,-20.125013
37.11837,-58.381905,-26.959932,27.46948,-1.6417103,-12.92678,-7.4305573,7.154764,-20.985184,8.658767,-6.390731,-0.3026706,3.744159,-0.34558362,-22.826633,-2.7038858,0.78542614,-31.173134,-1.5574911,2.749332,-8.700367,-0.5362101,5.9012275,-28.179865,-1.3250287,0.532004,-36.83163,-6.0630274,0.5020273,-15.640803,-4.7943954,11.42276,-30.336582,-4.3184867,0.7664341,-39.896126,-1.999092,-2.6802726,-20.012197,-21.381443,16.263535,-5.374999,8.416879,3.7286148,-28.373718,-5.633625,5.262939,-39.16157,-0.7366806,-4.9628944,-17.679312
40.159775,-63.765903,-28.812284,30.029282,-0.79658794,-13.544233,-7.969644,7.7224774,-23.711502,9.417777,-6.9332323,0.29156378,4.0369263,-0.39351216,-25.157734,-2.8674588,0.8106711,-33.751823,-1.6599612,2.945397,-8.37907,-0.5582432,5.9245234,-31.866741,-1.3744154,0.5404605,-41.647297,-6.668481,0.6062466,-18.126373,-5.197564,11.793002,-33.773422,-4.670782,0.84132636,-45.28767,-2.2202294,-2.79953,-23.24185,-23.260588,17.669682,-5.801956,9.138582,3.2816782,-31.316818,-6.1712403,5.820039,-45.70213,-0.8791425,-5.298897,-21.424511
40.723072,-65.180824,-28.30874,30.909233,-0.5694405,-13.766891,-8.202562,7.94357,-23.901968,9.684399,-7.1010027,0.4072718,4.141613,-0.33340406,-26.032867,-2.9275382,0.81770974,-33.55904,-1.6995339,3.0126169,-8.051948,-0.5669381,6.18708,-31.31011,-1.3852972,0.5361552,-39.27684,-6.5988054,0.47750187,-15.817059,-5.342858,12.2079935,-32.421757,-4.7428074,0.79811573,-42.99042,-2.1221392,-2.9692469,-21.419252,-23.863098,18.137676,-5.9509225,9.548894,3.840353,-27.940172,-6.189706,5.784817,-42.046505,-0.7658061,-5.513451,-18.533201
39.884373,-63.963215,-27.427605,30.3758,-0.86116064,-13.696547,-8.099118,7.8263574,-23.113256,9.550005,-6.9847803,0.6362918,4.060226,-0.35357738,-25.114704,-2.891355,0.8135612,-32.670807,-1.6865679,2.9742217,-7.6656046,-0.56896544,6.139461,-30.170492,-1.3738834,0.5329846,-38.000256,-6.442586,0.4428655,-15.029481,-5.264264,12.065671,-31.330648,-4.6649494,0.78655255,-41.841885,-2.0743082,-2.944102,-20.773996,-23.486677,17.838888,-5.8582397,9.435504,3.9316278,-26.63833,-6.0649023,5.6623397,-40.60605,-0.72974586,-5.44278,-17.614065
39.68031,-63.473724,-27.017174,30.093447,-1.8432021,-14.097935,-8.057924,7.790807,-22.700806,9.532397,-6.966597,1.2959275,3.9651287,-0.79082197,-23.053898,-2.8763518,0.81481194,-29.881815,-1.7047937,2.9728646,-5.371239,-0.5938462,5.986796,-25.914474,-1.3626823,0.5251034,-32.906223,-6.054102,0.2229828,-10.301355,-5.2831535,11.835141,-26.285292,-4.580177,0.6801601,-36.042187,-1.7987218,-3.1246452,-16.190533,-23.396097,17.766125,-5.826259,9.562302,4.19176,-21.559443,-5.8793716,5.4051886,-34.540348,-0.5526662,-5.518267,-13.164426
38.134033,-61.17614,-25.437593,28.97364,-2.4486349,-13.961355,-7.807388,7.5404787,-21.87699,9.209195,-6.738092,0.97801054,3.8295722,-1.0693825,-22.06234,-2.8018582,0.8034404,-29.468517,-1.659246,2.8868566,-5.5193095,-0.6031799,5.636474,-23.927292,-1.3418221,0.5220911,-31.361147,-5.8471107,0.20146307,-9.782362,-5.14534,11.302078,-23.999372,-4.439328,0.6645398,-34.615135,-1.7702614,-3.035181,-15.806383,-22.62356,17.183765,-5.646768,9.359043,4.1099377,-18.708313,-5.695337,5.227822,-33.011894,-0.5485724,-5.3498516,-12.754568
39.26102,-62.99626,-25.863796,29.755522,-2.861668,-14.505207,-7.9966125,7.7400665,-22.471195,9.468604,-6.92843,1.519673,3.8781881,-1.3934461,-21.268173,-2.8537216,0.8104853,-28.41442,-1.6953323,2.952005,-4.252777,-0.63004696,5.6253295,-20.84538,-1.3505092,0.51811445,-27.768034,-5.692709,0.0028404742,-6.112185,-5.310802,11.421095,-20.034687,-4.4868317,0.5611658,-30.01561,-1.5517097,-3.2855728,-11.995244,-23.263683,17.66813,-5.788631,9.755788,4.4310527,-15.11632,-5.7152424,5.153864,-28.883726,-0.41950065,-5.572519,-9.735176
39.256878,-63.257565,-24.941961,29.967213,-2.9009333,-14.580495,-8.059496,7.799397,-22.474628,9.518706,-6.9627395,1.4334657,3.906979,-1.5073596,-21.638657,-2.8679056,0.8114614,-28.616133,-1.7008982,2.963489,-4.4684014,-0.63335073,5.6539593,-20.584412,-1.3524418,0.5177993,-27.137503,-5.6991653,-0.0068330728,-5.8705406,-5.3531537,11.528189,-19.2315,-4.4978404,0.541749,-29.338436,-1.5393801,-3.3162868,-11.79554,-23.3932,17.78776,-5.8298693,9.905429,4.7559023,-13.508664,-5.7197413,5.155922,-28.069513,-0.40861654,-5.6194572,-9.521512
38.36671,-61.844795,-24.115646,29.382353,-2.404584,-14.042072,-7.893717,7.6340685,-21.96968,9.303959,-6.802626,1.2335529,3.866146,-1.379831,-22.122059,-2.821836,0.80511403,-28.51214,-1.6758635,2.9101868,-4.8101134,-0.6206904,5.6110644,-21.283901,-1.3407068,0.5175665,-27.217382,-5.629717,0.022082016,-6.40831,-5.2323184,11.399379,-19.871635,-4.416278,0.5545312,-29.55996,-1.5555943,-3.2319565,-12.215075,-22.888374,17.39915,-5.7107778,9.693627,4.804744,-13.511256,-5.6055584,5.0619955,-27.821688,-0.41245067,-5.500835,-9.525095
43.009666,-68.50126,-29.608406,32.39189,-1.6091952,-14.898852,-8.473404,8.2795315,-25.79569,10.01165,-7.4253826,-0.4806121,4.259304,-0.69258046,-25.493652,-3.0237534,0.82852864,-32.27106,-1.7540411,3.1255238,-6.645575,-0.60723984,6.453746,-25.265427,-1.3968503,0.5265671,-31.35916,-6.1910906,0.054330677,-7.6263056,-5.646409,12.648246,-24.195208,-4.803799,0.5745224,-32.555206,-1.6062381,-3.51036,-12.524504,-24.99935,19.02711,-6.2108006,10.344784,4.744975,-18.958088,-6.1078267,5.5059633,-30.34159,-0.41327032,-5.9844227,-9.834151
41.524055,-66.081955,-29.148499,31.150454,-1.6148901,-14.420223,-8.186033,7.9873934,-25.001394,9.613418,-7.1641836,-1.3311906,4.1490397,-0.520294,-25.17229,-2.9476728,0.8186646,-32.149967,-1.7085029,3.041761,-7.179798,-0.5880599,6.375822,-26.046198,-1.3819048,0.5294109,-32.63638,-6.194895,0.14790505,-9.548485,-5.4376125,12.412965,-25.474106,-4.697006,0.630297,-34.55678,-1.7573106,-3.3019028,-14.695733,-24.102507,18.34318,-6.005359,9.924856,4.702466,-19.870708,-6.00488,5.433947,-31.976372,-0.51629186,-5.735548,-11.695964
34.94546,-57.543125,-19.945303,27.839485,2.071129,-10.985689,-7.0916615,7.010936,-24.236013,8.205429,-6.221548,-5.6297474,3.9798753,1.7832948,-27.046455,-2.7212565,0.77169406,-32.261875,-1.5380498,2.7219524,-12.053216,-0.48675406,7.2444086,-26.768982,-1.3045602,0.5211142,-25.829994,-5.499343,0.25582153,-8.830782,-4.760398,12.673465,-24.960274,-4.09669,0.5387987,-26.750488,-1.590046,-2.963429,-13.0377,-21.092602,16.112188,-5.3706775,8.919594,6.797007,-13.804153,-5.0401864,4.603777,-18.982294,-0.3763041,-5.1700835,-6.9839354
33.66148,-54.943207,-19.959888,26.406776,0.7113057,-11.146612,-6.7704663,6.7083,-23.734713,7.757225,-5.971375,-6.9239597,3.815793,1.4533187,-25.547497,-2.6379623,0.7600287,-32.69907,-1.4780898,2.6350968,-12.665473,-0.49406046,6.8454046,-24.67059,-1.286802,0.5214097,-26.4666,-5.407035,0.26798344,-9.672385,-4.5999393,11.999775,-22.874308,-3.9815361,0.55046725,-27.085434,-1.6371688,-2.8392763,-13.540611,-20.18675,15.42553,-5.164384,8.591136,6.3482285,-12.366808,-4.922618,4.4667425,-19.614145,-0.43186778,-4.954899,-7.9158945
32.59682,-52.84457,-19.554996,24.94586,-2.4016004,-12.284404,-6.5600452,6.4775705,-23.103504,7.372632,-5.764986,-8.573538,3.5896277,0.77862686,-22.26442,-2.5622058,0.74897456,-33.815483,-1.4095104,2.5446787,-14.180969,-0.5169321,6.573048,-20.419249,-1.2689843,0.52150494,-26.972528,-5.3570414,0.3050012,-10.629732,-4.4863853,11.526756,-18.872845,-3.8766673,0.55240756,-27.213718,-1.7078807,-2.7001545,-14.620131,-19.488869,14.926511,-5.002664,8.398799,6.2959847,-10.0152,-4.842708,4.391543,-20.652126,-0.5140901,-4.7592654,-9.756605
30.54473,-48.855686,-19.012232,22.713018,-5.321262,-12.952072,-6.177783,6.063346,-21.671644,6.6315994,-5.329904,-11.465909,3.3540518,1.0662035,-19.408096,-2.4401155,0.72640634,-37.026222,-1.2681873,2.3666937,-17.941902,-0.48670945,6.9236593,-18.320137,-1.2422317,0.5257605,-30.751364,-5.3617773,0.4942209,-14.227161,-4.1744843,11.517963,-18.373913,-3.7212186,0.6456827,-30.778875,-1.8925554,-2.3748558,-18.05843,-18.178015,13.961698,-4.7066298,7.793735,6.404568,-11.512635,-4.636322,4.2426605,-23.214186,-0.60941005,-4.4065475,-12.455858
33.622707,-52.78987,-25.590178,24.05389,-5.7042193,-13.803394,-6.6510015,6.4202576,-21.272165,7.2739058,-5.6797423,-8.101016,3.4131696,0.26726896,-19.54369,-2.513361,0.74118996,-39.51124,-1.2946924,2.443184,-17.808628,-0.4897967,6.470839,-25.600807,-1.2841967,0.5468684,-44.61041,-6.30285,0.9929432,-23.555286,-4.3150377,11.351605,-29.417633,-4.0589967,0.9184152,-46.506096,-2.3951542,-2.0670738,-26.9916,-19.347702,14.736541,-4.9131346,7.491103,3.8003683,-29.737328,-5.3662453,5.1575336,-44.675728,-1.0260413,-4.3224993,-24.153864
37.34636,-60.227814,-24.435377,28.208382,-3.4571533,-14.239046,-7.4441447,7.2379327,-25.810266,8.31283,-6.3585286,-8.50744,4.028103,1.8124409,-26.769123,-2.7436574,0.76791203,-52.84296,-1.3685365,2.654155,-23.213799,-0.42250773,7.166972,-42.33336,-1.3753126,0.5899005,-69.86405,-8.328144,2.012229,-42.533123,-4.77221,12.509372,-49.14521,-4.778822,1.4861177,-75.3817,-3.6939878,-1.4521905,-48.198322,-22.200201,16.859037,-5.5478206,8.218567,2.598854,-46.62651,-6.565485,6.7965097,-74.73048,-1.7925633,-4.438467,-44.462757
36.76915,-59.334023,-24.340622,27.509718,-4.126297,-14.331937,-7.291401,7.093268,-25.57265,8.072758,-6.230421,-9.37912,3.9427805,2.4713414,-24.514908,-2.7057014,0.76316094,-53.17048,-1.3344785,2.6053348,-24.025042,-0.3953088,7.607871,-41.426525,-1.3670224,0.5919846,-71.400215,-8.369882,2.1018932,-43.98776,-4.653158,12.718451,-49.32187,-4.7244716,1.5141418,-76.46888,-3.7540007,-1.3392575,-49.303238,-21.801846,16.553198,-5.4520364,7.935334,2.6649141,-48.984055,-6.5169344,6.7866316,-76.28582,-1.8523984,-4.3008966,-46.094837
36.672607,-59.3989,-24.6736,26.973467,-7.267273,-15.888424,-7.278042,7.091377,-26.166492,7.871786,-6.2111835,-12.135061,3.8247166,2.3399744,-21.068203,-2.7027376,0.7570658,-54.368412,-1.2931776,2.5831776,-25.785843,-0.41483402,8.044667,-35.28525,-1.3595836,0.58794385,-68.61602,-8.178094,1.9669201,-41.198612,-4.6927795,12.994654,-42.74849,-4.678783,1.4149123,-71.95498,-3.5621712,-1.4841131,-46.20867,-21.840021,16.597282,-5.463782,8.129069,3.355596,-43.80848,-6.394007,6.5766797,-70.928185,-1.7246513,-4.3858614,-43.097435
34.58679,-56.707584,-21.43952,25.489698,-10.04604,-16.80926,-7.1856713,6.9293404,-22.909256,7.753237,-6.086543,-9.9102545,3.4795258,0.7057816,-14.881025,-2.6363378,0.7563714,-44.01586,-1.3378713,2.567867,-19.381739,-0.4996885,7.709805,-21.46909,-1.3184118,0.55711526,-48.98154,-6.9467764,1.185791,-26.564112,-4.644602,12.855972,-26.10778,-4.344388,1.0221174,-51.411312,-2.7873373,-2.0328512,-32.35607,-21.027258,16.047014,-5.2941656,8.466437,5.951424,-25.244125,-5.778267,5.6606855,-49.457367,-1.2498268,-4.563842,-29.639496
34.71743,-56.789307,-21.524712,25.400957,-10.726281,-17.17874,-7.284921,6.9959803,-21.24827,7.9886503,-6.162907,-6.5719028,3.3358383,-0.15651226,-11.658728,-2.6377106,0.7714849,-34.86816,-1.468158,2.651595,-11.97306,-0.5544365,7.4400525,-14.532344,-1.2998903,0.53029215,-36.000435,-5.9989147,0.52191955,-15.022209,-4.7317533,12.547417,-17.383675,-4.207678,0.7547235,-37.721127,-2.0896606,-2.5835958,-21.042797,-21.136663,16.073975,-5.290174,8.805789,6.618128,-15.987352,-5.410905,5.0684557,-34.88057,-0.7676127,-4.8629436,-18.089964
32.872597,-55.47423,-16.550991,25.843199,-6.1259437,-14.753224,-7.462173,7.045498,-16.25263,8.606771,-6.185097,2.480462,3.2804146,0.033749647,-10.878467,-2.6330047,0.78754413,-20.94097,-1.6411996,2.7159302,-2.2847526,-0.5500139,7.270062,-15.021234,-1.2783935,0.5055828,-22.181622,-5.196821,0.11434246,-6.1587944,-4.650241,12.639007,-17.143415,-3.9867992,0.54986477,-25.575,-1.6133491,-2.8615782,-13.268313,-20.856672,15.841866,-5.2117605,8.776645,7.908909,-12.70935,-5.0263033,4.663644,-23.796398,-0.46362555,-4.963401,-10.534422
32.44183,-55.175335,-15.887228,26.280897,-2.143511,-12.723641,-7.4089117,6.9772744,-16.028898,8.738483,-6.136724,4.4459167,3.458032,1.6548101,-14.65329,-2.6311944,0.78701854,-23.819357,-1.627347,2.6895645,-4.29749,-0.47385567,7.5925155,-26.002234,-1.2921368,0.52197707,-32.738167,-5.894184,0.64999384,-16.02411,-4.4892063,12.988095,-30.847694,-4.078525,0.81531096,-38.535057,-2.2011168,-2.3606014,-23.365326,-20.679377,15.690862,-5.173006,8.135388,7.017457,-27.519749,-5.3250427,5.2368684,-38.42774,-0.8654181,-4.6580596,-20.816982
37.12436,-62.657177,-19.738575,30.100069,0.69645756,-12.702363,-8.1419735,7.7090125,-19.528307,9.711406,-6.7930193,4.4163227,4.028225,3.1061037,-21.452988,-2.8452082,0.8079029,-34.62265,-1.6563051,2.8791237,-9.970299,-0.40756923,8.472748,-41.066494,-1.3752775,0.55749965,-53.201103,-7.632332,1.4296776,-31.997871,-4.839613,14.526698,-49.3226,-4.7007327,1.2160763,-61.23698,-3.2054753,-1.9387841,-39.62514,-23.205936,17.545229,-5.7256465,8.399183,5.816922,-48.656166,-6.4072,6.582354,-63.843056,-1.4885278,-4.8012075,-37.577892
37.30836,-62.384655,-20.822922,30.143541,2.0817916,-11.95293,-8.043766,7.630577,-20.451105,9.580601,-6.7359977,3.2407942,4.118745,3.1907377,-24.701557,-2.8409767,0.80685574,-38.441906,-1.6175256,2.8562355,-12.590674,-0.3872523,8.249631,-46.721893,-1.3876858,0.57009214,-60.6427,-8.1170635,1.759984,-38.551758,-4.770096,14.429366,-55.570045,-4.7764306,1.3700128,-69.68878,-3.5677984,-1.6536741,-45.698856,-23.05134,17.44406,-5.700552,8.147322,5.0098424,-54.669914,-6.59923,6.875052,-72.48424,-1.7304833,-4.6302733,-43.669033
35.632565,-57.544716,-23.469906,27.608522,1.5320213,-11.170207,-7.206826,6.9474344,-22.331184,8.250535,-6.102077,-4.012781,4.031854,3.0579753,-28.81509,-2.6734748,0.7716223,-46.10816,-1.4093068,2.6104412,-19.595938,-0.35735446,7.5149107,-48.106327,-1.3533319,0.5796439,-66.67205,-8.016932,1.9675202,-42.289124,-4.434005,12.845968,-55.828907,-4.5675664,1.4545311,-73.3132,-3.5798934,-1.3778697,-46.82989,-21.06436,15.995393,-5.2901516,7.4203963,2.9000406,-53.768627,-6.2545743,6.526836,-72.703995,-1.7077931,-4.2320967,-42.988213
36.358307,-59.001938,-23.760954,28.22577,1.1544418,-11.674467,-7.350022,7.1065507,-23.496967,8.41611,-6.243913,-4.891689,4.1103187,2.853915,-29.450436,-2.7154534,0.7680803,-48.287205,-1.386468,2.6229968,-21.672842,-0.37948787,7.60721,-46.296803,-1.3593838,0.5800565,-64.52353,-7.99102,1.9064391,-40.40936,-4.566546,13.133947,-53.550594,-4.602803,1.378721,-70.14315,-3.4601138,-1.5137019,-44.899647,-21.581116,16.410894,-5.4184904,7.7279816,3.3845453,-51.29855,-6.288908,6.513724,-69.19135,-1.6421306,-4.3915615,-41.003773
38.17758,-61.645267,-25.98301,29.231386,0.5391987,-12.467731,-7.575859,7.3597083,-25.341045,8.567568,-6.4636836,-7.2353544,4.2633734,3.2270145,-30.283669,-2.7889977,0.7701246,-51.99517,-1.3712296,2.6838949,-24.34243,-0.37466255,8.153973,-46.02146,-1.3800609,0.58360904,-66.24645,-8.209224,1.8804374,-40.69569,-4.7334776,13.801458,-53.24251,-4.7630415,1.3745283,-71.01904,-3.4828153,-1.6449895,-44.874527,-22.434729,17.060032,-5.620323,8.078401,3.5930052,-51.421017,-6.471595,6.619041,-69.00003,-1.6210061,-4.611188,-40.486954
37.93864,-61.72004,-24.925236,29.398077,1.0834494,-12.232106,-7.6239185,7.386254,-24.682486,8.671912,-6.4914203,-6.039974,4.2602687,3.3447502,-29.900345,-2.7967205,0.77673584,-49.088116,-1.4136376,2.7101774,-22.253439,-0.37383437,8.442282,-45.166748,-1.3769976,0.5776003,-62.396194,-7.9961147,1.7395935,-37.82834,-4.719385,14.293348,-52.081367,-4.718547,1.3152864,-67.43212,-3.338889,-1.7660978,-42.24128,-22.498672,17.096167,-5.62845,8.178176,4.7192183,-49.03918,-6.352746,6.469364,-64.74494,-1.5128893,-4.690808,-37.62261
34.832268,-57.25091,-21.6292,27.249577,0.14832354,-11.868012,-7.0827208,6.8874216,-24.29743,7.90073,-6.011719,-8.958892,4.0511684,3.5678277,-28.72311,-2.6646,0.7490791,-50.585552,-1.2977811,2.52674,-25.191748,-0.35753295,8.444016,-42.2255,-1.337179,0.57598215,-60.37698,-7.6402817,1.7699863,-37.250835,-4.417931,13.906217,-48.569706,-4.4358554,1.2785763,-64.31148,-3.2471755,-1.600097,-41.309044,-21.007303,15.975131,-5.2972364,7.7452893,5.2820697,-43.96489,-5.920135,6.0624046,-59.67965,-1.4478191,-4.395888,-35.62794
33.37595,-55.292854,-19.67483,26.395624,-0.13825539,-11.686841,-7.0474863,6.794139,-20.981176,8.22648,-6.0573587,-2.0914474,3.6921055,1.3321556,-22.601719,-2.6251774,0.76785433,-33.220432,-1.4746497,2.60919,-12.991013,-0.4901302,7.1154356,-28.708172,-1.2977802,0.53386486,-35.297565,-6.046253,0.71165884,-17.862738,-4.4771633,12.853677,-31.095434,-4.075461,0.77262735,-38.433834,-2.1722238,-2.3929288,-22.801355,-20.411514,15.559255,-5.165313,8.119561,6.8802958,-25.869738,-5.301476,5.0837793,-35.953243,-0.8492638,-4.6879883,-19.68412
33.26094,-54.100853,-21.262398,25.097027,-4.22183,-13.385005,-6.904814,6.6232567,-19.951,8.060611,-5.972702,-1.0027097,3.3548794,-0.85342956,-17.605389,-2.552205,0.77016246,-30.435436,-1.4705154,2.569565,-10.158201,-0.58367974,5.5606384,-21.268305,-1.2821563,0.528105,-33.048275,-5.7865295,0.55044764,-15.368762,-4.5048184,11.041558,-22.9117,-3.98685,0.71921575,-35.932636,-2.0803223,-2.4069996,-21.071487,-19.942963,15.187397,-5.0218053,8.090616,5.358047,-20.99493,-5.28975,5.018766,-37.26399,-0.89515483,-4.5456767,-20.637728
35.557983,-58.817005,-20.59273,26.898703,-8.578512,-16.560818,-7.615795,7.2654276,-21.016113,8.557299,-6.420863,-4.0526714,3.5205088,0.34149903,-13.797604,-2.7143764,0.7797538,-36.753113,-1.4776736,2.6971104,-14.0082,-0.54177094,7.6588693,-19.588154,-1.3257071,0.5413259,-40.119335,-6.5584545,0.83115673,-19.815636,-4.8205504,13.316671,-23.590866,-4.353495,0.859437,-43.103046,-2.4513872,-2.3861248,-26.63261,-21.858728,16.668867,-5.4696345,8.848838,7.0851684,-23.082062,-5.746471,5.562169,-42.676723,-1.0444098,-4.8670793,-24.97184
34.680416,-58.191372,-18.475922,26.888264,-7.172336,-15.7568245,-7.697139,7.282707,-18.285053,8.804461,-6.4138465,0.4955092,3.4445682,0.8254344,-10.947102,-2.7099612,0.79211944,-27.42195,-1.602391,2.7539346,-6.9383073,-0.5271581,8.024815,-17.797834,-1.3117187,0.52556884,-31.727331,-6.0032177,0.51195997,-13.594417,-4.7777386,13.549438,-21.59572,-4.228908,0.72891974,-35.456,-2.087795,-2.6280835,-20.668938,-21.694656,16.524273,-5.423835,8.841577,7.8758764,-20.811222,-5.493198,5.2639527,-35.2233,-0.8043237,-4.9579134,-19.265474
31.666338,-51.96362,-18.76267,24.120342,-5.3720603,-13.616417,-6.8947296,6.5423846,-16.16429,8.018506,-5.813998,2.394825,3.0983632,-0.097428516,-10.066227,-2.5057015,0.7738637,-18.920786,-1.5764629,2.5815318,-1.7557429,-0.5568719,6.5182333,-12.767237,-1.2453482,0.49985337,-19.692926,-4.689704,-0.009615444,-3.813256,-4.4046984,11.359833,-14.723752,-3.733401,0.48019582,-21.936272,-1.3166046,-2.851516,-9.267691,-19.423422,14.778207,-4.886498,8.101468,6.4168267,-13.725277,-4.7113113,4.30397,-21.608051,-0.3587584,-4.6998553,-7.999809
30.322958,-50.7804,-15.823154,23.942848,-4.041098,-12.754542,-6.8145504,6.4564867,-15.323747,8.05249,-5.7205086,4.176163,3.0640693,0.053384796,-10.039024,-2.4848344,0.7711662,-15.92902,-1.5918677,2.5478196,-0.5977665,-0.5491843,6.55627,-12.222486,-1.2277236,0.49159545,-14.02628,-4.280347,-0.11292655,-0.017269656,-4.329027,11.440841,-13.552639,-3.5724995,0.3757308,-15.838318,-1.0318415,-2.9405074,-5.5746074,-19.037075,14.494283,-4.811253,8.002385,7.2709417,-11.639275,-4.421579,4.0487084,-15.031092,-0.1893206,-4.698848,-3.8372352
30.138187,-51.18936,-14.455063,24.676779,-1.7243483,-11.77279,-6.8320594,6.515729,-16.350653,8.308042,-5.8109055,6.1082883,3.1606894,-0.14004543,-12.275176,-2.5131521,0.7744039,-15.346886,-1.6275743,2.5741916,0.58548933,-0.5771561,5.968486,-13.859707,-1.2313324,0.49044675,-12.0304575,-4.192666,-0.12251258,1.5168589,-4.425803,10.934029,-13.997,-3.571056,0.35028875,-14.161172,-0.9488784,-2.993122,-4.476037,-19.306849,14.677746,-4.8734574,8.179226,6.775753,-10.563085,-4.417757,4.0829906,-13.937413,-0.15837379,-4.7630086,-2.980525
30.956936,-52.711166,-14.587769,25.603422,-0.53064215,-11.477943,-6.938194,6.6697316,-18.170187,8.413396,-5.9465895,4.4541335,3.348605,0.15276326,-15.41037,-2.5706286,0.7755264,-18.791975,-1.6327083,2.626912,-1.3521432,-0.57052183,6.13237,-16.592178,-1.2500733,0.49732402,-14.662208,-4.4327326,-0.06908779,-0.009556651,-4.5419226,11.219589,-16.03787,-3.6980302,0.39071417,-16.793644,-1.0610565,-3.018395,-6.1196322,-19.830011,15.076191,-5.0121384,8.451306,6.794684,-10.2166395,-4.559718,4.2126713,-14.934513,-0.18727282,-4.8885326,-3.5174518
29.694056,-50.574596,-13.872334,24.079071,-3.4252894,-12.460603,-6.7421174,6.447747,-16.993591,8.014547,-5.7182956,2.7992558,3.1907043,0.5132138,-12.328734,-2.492547,0.7632888,-21.147108,-1.556598,2.5286689,-3.4207523,-0.5458756,6.51506,-14.389802,-1.233974,0.50114006,-18.468338,-4.525484,0.061611347,-3.078162,-4.3629074,11.28615,-15.360836,-3.642664,0.48903537,-20.663494,-1.2775071,-2.7772162,-9.406326,-19.089901,14.551379,-4.8459682,8.094447,6.93334,-11.619467,-4.5119905,4.2191153,-18.287315,-0.30985135,-4.6579947,-6.6675296
30.309721,-51.926662,-13.3528805,24.785599,-3.5837235,-12.890837,-7.0111,6.670307,-16.30726,8.400068,-5.914778,4.9439406,3.176573,0.04099551,-10.758054,-2.5472455,0.77599585,-17.22822,-1.6275858,2.6042993,-0.6812872,-0.5708351,6.5066657,-12.597133,-1.2405903,0.49366778,-13.526333,-4.397997,-0.06874702,0.24229462,-4.4970107,11.539659,-13.099676,-3.6625903,0.38680667,-15.825924,-1.1038995,-2.9646168,-6.5125456,-19.697144,14.981969,-4.9733553,8.3977785,7.5524955,-9.384531,-4.5352926,4.212831,-14.822059,-0.22970806,-4.8276467,-4.618822
29.31554,-50.312004,-12.389746,23.984138,-4.0328355,-12.781664,-6.844525,6.5052533,-15.65837,8.135131,-5.757811,4.128566,3.0993147,0.22168824,-9.804164,-2.5016618,0.7692158,-17.0402,-1.6004473,2.5593235,-0.88917744,-0.5590111,6.579122,-11.744331,-1.2300446,0.49398038,-13.761315,-4.3574057,-0.055260755,-0.4270208,-4.3876467,11.432923,-12.267227,-3.5946858,0.40047663,-16.166039,-1.1606171,-2.8773732,-7.212118,-19.144703,14.5899935,-4.8556657,8.217517,7.622293,-8.346381,-4.4503794,4.128145,-14.825909,-0.26457474,-4.7027164,-5.1810837
31.044464,-53.560974,-12.501781,25.629545,-3.8540933,-13.362166,-7.276766,6.898713,-16.150074,8.673383,-6.0831857,5.126397,3.2542467,0.3144201,-10.437976,-2.6066985,0.7834041,-16.852798,-1.6670272,2.6697693,-0.3429585,-0.5587287,7.1342754,-12.913313,-1.2535119,0.49473926,-13.167363,-4.5423384,-0.055362456,0.33616883,-4.597719,12.413447,-13.487335,-3.7479694,0.38553995,-15.638616,-1.141165,-3.0270994,-6.8148656,-20.371357,15.488787,-5.12201,8.683002,8.616866,-8.920748,-4.6266003,4.321434,-14.185414,-0.23004773,-4.970301,-4.4252543
33.01173,-57.412655,-12.462252,27.65158,-3.3199592,-13.913714,-7.8038006,7.3934703,-16.99536,9.378639,-6.509273,6.638394,3.4585028,0.2673549,-11.457809,-2.7422576,0.8028789,-16.804358,-1.7585261,2.8217351,0.7870339,-0.573257,7.481904,-14.22446,-1.2871213,0.49604928,-12.983118,-4.7908287,-0.07515728,1.0200286,-4.8972106,13.221873,-14.494997,-3.9675465,0.3832272,-16.00886,-1.1698594,-3.201216,-6.973229,-21.882723,16.608965,-5.46174,9.334203,9.25829,-8.734473,-4.9050136,4.6015387,-14.7773285,-0.22384535,-5.2988014,-4.500707
32.904274,-57.542408,-11.882414,27.886923,-2.4959242,-13.556938,-7.857067,7.4373703,-16.749554,9.51128,-6.5499096,7.694941,3.48645,0.28848255,-11.831443,-2.7537367,0.80566263,-15.99074,-1.7802128,2.8404443,1.5468001,-0.57720935,7.410993,-14.970788,-1.2898324,0.49562138,-12.665271,-4.807459,-0.076456174,0.96905917,-4.9200397,13.204525,-15.115182,-3.979845,0.3841859,-16.033052,-1.1903691,-3.2002313,-7.2302504,-21.980001,16.683672,-5.485775,9.376862,9.214031,-9.017038,-4.938873,4.6455293,-15.424886,-0.24457236,-5.3104796,-5.025169
32.988407,-57.93893,-11.3707485,28.190493,-2.1739962,-13.510563,-7.9512744,7.5152,-16.588272,9.663181,-6.6132164,8.522096,3.51391,0.27485642,-11.902373,-2.7733703,0.80951345,-15.434139,-1.8028601,2.8661609,2.1739612,-0.5811953,7.411892,-15.35712,-1.2945998,0.4953373,-12.452951,-4.8402386,-0.07927286,1.0005176,-4.9611406,13.300479,-15.453155,-4.0090528,0.3886577,-16.204039,-1.2118648,-3.2125854,-7.5381713,-22.195402,16.83767,-5.5335717,9.480948,9.336625,-8.953552,-4.9833136,4.6991496,-15.877371,-0.2568951,-5.349781,-5.398299
32.079647,-56.36845,-11.00264,27.466824,-1.8081732,-13.011217,-7.746283,7.330771,-16.322903,9.419576,-6.4597287,8.158648,3.4599433,0.39029896,-11.922081,-2.7254236,0.8034559,-15.223524,-1.7765865,2.8173678,2.0334954,-0.57423604,7.2513456,-15.4193325,-1.283495,0.49474403,-12.509628,-4.759918,-0.07418221,0.53537995,-4.851282,12.958079,-15.4553585,-3.9313245,0.39276353,-16.283,-1.2237152,-3.1410117,-7.7564464,-21.61151,16.413229,-5.4093037,9.252089,9.047674,-8.8911495,-4.8923097,4.606103,-15.933176,-0.2767273,-5.223509,-5.766711
30.027481,-52.51458,-10.739447,25.515985,-2.205601,-12.4056015,-7.228893,6.848058,-15.502602,8.749173,-6.0494957,6.9149017,3.2531276,0.28037268,-10.889056,-2.5955558,0.7859173,-14.696753,-1.6988014,2.6788766,1.6665921,-0.5692554,6.729537,-13.767466,-1.2518027,0.49285856,-12.14641,-4.4867086,-0.08416076,0.3602059,-4.5774093,11.984629,-13.717573,-3.7174463,0.39050978,-15.680812,-1.1894466,-2.9864879,-7.359108,-20.146648,15.318934,-5.0787153,8.685139,8.2903805,-7.6877728,-4.6224074,4.322841,-15.144019,-0.27930135,-4.9106817,-5.5184727
31.203716,-54.526646,-10.9042225,26.541529,-2.2217762,-12.868895,-7.5047393,7.1115913,-16.12771,9.079077,-6.2668014,7.0791936,3.3737576,0.39074874,-11.604546,-2.6681533,0.7948525,-15.511897,-1.735464,2.7549784,1.6298773,-0.5685786,7.077225,-14.641257,-1.2694981,0.49304146,-12.538288,-4.640362,-0.08649747,0.35956508,-4.7257414,12.595266,-14.669892,-3.8441997,0.3975324,-16.404907,-1.2225388,-3.070612,-7.7475734,-20.999846,15.936901,-5.2638354,9.031173,8.771088,-7.754722,-4.762654,4.457457,-15.120156,-0.2651479,-5.0953894,-5.3797307
30.214571,-52.544495,-11.393919,25.671858,-1.6049933,-12.127421,-7.1767225,6.8342533,-16.35934,8.644093,-6.036167,5.5186377,3.3217351,0.61325294,-12.571165,-2.602097,0.7837056,-16.497974,-1.6822541,2.6829598,0.43093187,-0.55441797,6.8138847,-15.499654,-1.2561792,0.49454862,-14.122729,-4.5946903,-0.05209086,-1.0066211,-4.574009,12.012531,-15.248272,-3.760912,0.4249444,-17.838509,-1.2783742,-2.9549093,-8.596213,-20.155802,15.3331785,-5.0877566,8.691958,7.9672213,-8.122119,-4.6581845,4.3356905,-15.97616,-0.29628673,-4.9166327,-5.976098
29.818903,-51.881165,-11.265121,25.294601,-1.6348381,-11.979335,-7.08275,6.7470345,-16.237396,8.471159,-5.9507756,4.606275,3.319686,0.8304888,-13.011308,-2.576967,0.77844644,-17.647333,-1.6510832,2.6510506,-0.64578986,-0.5385165,6.941701,-16.112999,-1.2520807,0.49658322,-15.511618,-4.6519413,-0.007830504,-2.245914,-4.499868,12.082062,-16.073824,-3.744276,0.4530309,-19.113169,-1.3491795,-2.888929,-9.642487,-19.843374,15.120289,-5.0286345,8.55797,8.09611,-8.598408,-4.633629,4.3101196,-16.50289,-0.3288726,-4.8497148,-6.546475
32.235058,-56.20018,-12.443228,27.243048,-1.3594456,-12.682619,-7.5623493,7.214265,-17.829336,9.095408,-6.378407,5.0004406,3.5424256,0.9149312,-14.332099,-2.707652,0.7956133,-19.036884,-1.7235414,2.791974,-0.90452504,-0.5484407,7.4372845,-17.725649,-1.2854939,0.50119805,-16.429403,-4.9784155,0.0015385896,-2.356083,-4.7823896,13.058746,-17.733257,-3.9699154,0.452928,-19.94567,-1.3957171,-3.0551996,-10.103787,-21.370813,16.236425,-5.3677225,9.118391,8.928841,-10.119413,-4.9435763,4.619619,-17.682692,-0.3504523,-5.165602,-7.207357
36.668,-61.34093,-19.884039,28.840258,-4.053565,-14.87575,-7.8368964,7.572765,-22.42072,9.248539,-6.7777185,0.1490936,3.7614124,0.13357626,-17.290554,-2.8102603,0.80264586,-28.979227,-1.6776507,2.889931,-6.25061,-0.5864649,7.085348,-19.342012,-1.3317815,0.51980495,-27.470364,-5.8099976,0.18999931,-8.273829,-5.1170926,12.905689,-19.774408,-4.366879,0.6067928,-30.38887,-1.7979456,-3.0412204,-15.640344,-22.839989,17.358122,-5.6916566,9.601084,7.2520733,-14.263774,-5.5822906,5.1914325,-28.269424,-0.5917928,-5.3723164,-13.089221
39.431545,-65.15157,-23.684244,30.449404,-3.6859539,-15.360468,-8.223661,7.941427,-23.542706,9.703581,-7.1032066,0.30818307,3.9789765,0.3124382,-19.58593,-2.9102585,0.8142798,-32.274178,-1.6990631,2.9833333,-7.972717,-0.57230794,7.442084,-23.771225,-1.3657804,0.5297239,-33.52101,-6.3343563,0.36086524,-12.141562,-5.3058453,13.579201,-25.682076,-4.6189227,0.69526726,-36.453392,-1.9905362,-3.0453684,-18.933157,-24.012018,18.233751,-5.9529443,9.766017,6.7687526,-22.423883,-5.978725,5.6146154,-35.25913,-0.7064384,-5.548069,-16.736086
38.632217,-63.70508,-23.55088,30.055386,-1.4846303,-14.0030365,-8.146006,7.815494,-21.237602,9.776947,-7.0023527,4.3162017,3.8691957,-0.22154032,-19.19984,-2.8756723,0.8212025,-24.439661,-1.7674195,2.9859798,-2.7593877,-0.5869252,6.807102,-23.384985,-1.3496782,0.5160354,-26.414478,-5.8203096,0.12521568,-7.3955364,-5.2154036,12.982209,-24.616837,-4.4537177,0.56383425,-29.702627,-1.6495471,-3.1972907,-13.658254,-23.488667,17.815802,-5.8233547,9.544861,6.5069814,-21.629616,-5.7404237,5.3132906,-30.361599,-0.5275988,-5.524455,-12.607971
38.691647,-62.07905,-27.147406,29.534788,1.1881921,-12.226298,-7.809139,7.5385933,-21.704393,9.412868,-6.791238,3.4615793,3.9514494,-0.58476484,-24.970974,-2.8132286,0.8074065,-27.83161,-1.6736982,2.8956537,-5.4833684,-0.57304907,5.8217854,-29.246513,-1.3469346,0.5238913,-31.451754,-5.945487,0.27862763,-11.306206,-5.056319,11.917679,-30.515364,-4.4183655,0.6340519,-34.33635,-1.7402471,-3.0228949,-15.664324,-22.591415,17.188337,-5.648455,8.951567,4.411679,-27.759342,-5.7595353,5.3211236,-35.33125,-0.6126495,-5.308418,-14.47462
41.178745,-67.794266,-25.394745,32.88333,4.176665,-11.991382,-8.693911,8.31214,-21.605516,10.675823,-7.443323,8.213703,4.332722,0.32914144,-27.388718,-3.0218036,0.84311116,-26.58977,-1.839537,3.1340046,-3.6755142,-0.5425178,7.1190124,-36.83776,-1.4012653,0.52802277,-33.769238,-6.5904713,0.4409508,-14.248146,-5.376992,14.268703,-39.25447,-4.7654405,0.7078332,-39.04,-2.0128505,-3.1018953,-19.915857,-24.874813,18.860403,-6.1556478,9.596716,6.599513,-35.44199,-6.268691,5.9482417,-41.077175,-0.76457167,-5.6967516,-18.830462
39.002872,-64.81508,-23.342354,31.616945,4.980914,-10.980743,-8.37886,7.9609914,-19.790329,10.324102,-7.1076136,9.097175,4.214152,1.2138368,-26.53297,-2.9258685,0.83196867,-26.854826,-1.7849984,3.0108027,-4.7896156,-0.49427503,7.3931227,-40.23351,-1.3819499,0.533924,-38.34323,-6.779521,0.77944714,-19.791704,-5.05786,14.3145895,-44.757187,-4.6219735,0.8415636,-44.628468,-2.3125722,-2.6830432,-25.322416,-23.76458,18.028006,-5.891231,8.872298,6.498458,-42.161316,-6.167567,6.0436196,-47.50412,-0.9812416,-5.286044,-24.387716
39.10717,-65.10504,-22.865055,31.522501,3.3607833,-11.83048,-8.323632,7.9321713,-21.356977,10.088179,-7.0501122,5.5380764,4.2337785,2.262096,-25.947586,-2.9234889,0.82479644,-34.74916,-1.7113905,2.9716022,-9.613445,-0.44191054,7.834208,-44.735493,-1.400464,0.55848277,-53.157536,-7.7761774,1.4277261,-31.78252,-5.0211763,14.380946,-51.774567,-4.814554,1.1716326,-60.668777,-3.0998263,-2.1069818,-38.00768,-23.911615,18.124763,-5.9083567,8.678643,5.240545,-50.336514,-6.5869327,6.7117567,-64.31379,-1.4698145,-4.9889045,-36.940506
37.06011,-61.453453,-21.713797,29.379478,0.80349845,-12.351048,-7.8297276,7.4673967,-21.304201,9.223417,-6.592528,1.2045605,4.0302777,3.0704513,-23.438297,-2.7965903,0.8017614,-40.027515,-1.5776949,2.8016217,-13.604227,-0.3905644,8.003487,-44.930023,-1.3812635,0.5738983,-62.88851,-8.160288,1.8473709,-39.707874,-4.7310305,13.778845,-53.712093,-4.738787,1.402193,-70.74262,-3.594648,-1.5682609,-46.1729,-22.652002,17.148174,-5.6095033,8.054104,4.120938,-53.61203,-6.5813556,6.8703833,-74.266716,-1.7842194,-4.4999223,-44.764782
36.825706,-60.818,-22.080883,28.77793,-0.23569164,-12.680825,-7.6812925,7.33515,-21.597858,8.940646,-6.4657345,-0.57469946,3.9734778,3.4587808,-22.276077,-2.758306,0.7934216,-42.306843,-1.5227937,2.7386982,-15.720221,-0.36927828,8.196817,-44.839382,-1.3751619,0.5807276,-66.48008,-8.351405,2.0298395,-42.69585,-4.6473684,13.668704,-54.396107,-4.7178125,1.4663129,-73.855606,-3.7526598,-1.3902552,-48.806454,-22.29023,16.906313,-5.5307164,7.825405,3.6971025,-55.950027,-6.6152415,6.9748907,-77.93992,-1.9116707,-4.337577,-47.891453
37.104557,-61.54242,-21.593924,29.295597,-0.023267865,-12.755906,-7.7822237,7.4435415,-22.245451,9.059218,-6.5457087,-0.8601024,4.0507984,3.4996629,-23.3582,-2.791408,0.7945732,-43.87941,-1.5276842,2.764658,-16.520853,-0.36430266,8.230271,-46.267242,-1.3853631,0.58499587,-68.43318,-8.528846,2.1182013,-44.07635,-4.721755,13.752959,-55.688915,-4.794643,1.508543,-76.03475,-3.8492286,-1.360552,-50.4546,-22.621967,17.164974,-5.615149,7.976512,3.568709,-56.485462,-6.7175417,7.1086082,-79.83447,-1.9558514,-4.387331,-49.14037
37.086628,-61.495163,-21.900568,29.30887,0.39674854,-12.522129,-7.7703695,7.430318,-22.084087,9.08968,-6.5450597,-0.21639764,4.0539246,3.1730008,-24.066772,-2.7859416,0.79341024,-43.32668,-1.5292987,2.7592216,-16.19178,-0.377087,8.000288,-46.25255,-1.3824071,0.5832771,-66.97437,-8.422509,2.0616815,-42.976192,-4.722584,13.589907,-55.351646,-4.7647915,1.4714432,-74.40286,-3.7560213,-1.4145422,-49.078526,-22.575506,17.124964,-5.6016536,7.9560394,3.4973536,-56.15495,-6.6761417,7.0474353,-78.46485,-1.9089721,-4.40295,-47.917957
37.70897,-62.273174,-22.901955,29.535992,0.18399432,-12.738805,-7.771455,7.4550157,-23.254059,9.025757,-6.559685,-1.8667244,4.1159577,3.4849148,-24.970451,-2.7987337,0.79104686,-47.01535,-1.4936032,2.7463148,-18.899534,-0.35720974,8.213953,-48.608532,-1.3922864,0.59338474,-72.233795,-8.782434,2.2965891,-47.082855,-4.731249,13.756858,-58.446114,-4.8402815,1.5596819,-79.41306,-3.9590647,-1.2640551,-52.69473,-22.7602,17.270216,-5.6438794,7.88474,3.0612946,-60.29828,-6.8334994,7.2829795,-83.79197,-2.0495183,-4.344138,-51.713024
36.81661,-60.625393,-22.803644,28.866014,0.9224512,-12.016068,-7.5333414,7.2411556,-22.964201,8.825232,-6.4021344,-1.3510157,4.042474,3.1024656,-25.427658,-2.7453094,0.7845415,-46.084667,-1.4685767,2.6893272,-18.694592,-0.3707968,7.5743165,-48.726093,-1.3785632,0.59131736,-71.1528,-8.646891,2.3093457,-47.038536,-4.635947,12.944125,-58.078728,-4.7256637,1.5310003,-78.19145,-3.9063635,-1.2007797,-52.053696,-22.064377,16.791056,-5.4988046,7.5991707,2.2518342,-60.52234,-6.725518,7.188747,-83.67021,-2.068099,-4.1906304,-51.98447
38.52915,-63.633945,-23.166183,30.348032,0.7890233,-12.707085,-7.9596205,7.6283917,-23.214186,9.473327,-6.7674117,1.3650386,4.1292143,3.031752,-24.368813,-2.8473024,0.8073085,-44.10522,-1.5807965,2.8366437,-15.862398,-0.39114654,7.529004,-49.671528,-1.4067963,0.5915852,-72.25433,-8.920575,2.2955782,-47.629574,-4.8887606,13.0593815,-59.097187,-4.9227386,1.555997,-80.2685,-4.021769,-1.2923014,-53.65434,-23.245794,17.652922,-5.751954,8.033087,1.9945512,-62.471874,-7.0508614,7.533964,-87.85873,-2.1510818,-4.390955,-54.87148
41.334145,-67.52472,-26.359854,32.08077,1.3614466,-13.127027,-8.3220825,8.008952,-25.15494,9.891465,-7.11248,0.6481865,4.3695445,3.4172468,-26.834904,-2.9614635,0.82413125,-47.79726,-1.6307459,2.9636118,-17.34996,-0.37035382,7.8250675,-55.20385,-1.4480848,0.6042547,-80.291695,-9.605853,2.5340052,-53.115055,-5.121179,13.453701,-65.5563,-5.223995,1.688773,-88.67253,-4.333833,-1.2498177,-58.647457,-24.50157,18.598766,-6.040273,8.30225,1.111116,-69.931465,-7.528841,8.065527,-97.0097,-2.337372,-4.554228,-60.360455
41.25212,-66.195015,-28.642736,31.471567,2.1505928,-12.384182,-7.9514246,7.743144,-27.185944,9.247108,-6.846153,-4.161612,4.458423,3.6743488,-30.99775,-2.9119525,0.8030981,-54.772743,-1.4963405,2.8435745,-23.375528,-0.32015222,7.4760737,-60.1401,-1.4476767,0.6200192,-88.529755,-10.040072,2.9586856,-60.002174,-5.01537,12.4962,-70.52696,-5.228059,1.8244029,-96.1712,-4.611754,-0.9141562,-63.620735,-23.80425,18.11513,-5.9157467,7.872047,-1.1869293,-75.07834,-7.617504,8.257448,-104.244774,-2.543921,-4.2826357,-65.11072
41.64054,-66.44086,-29.557718,31.593637,2.434346,-12.2827,-8.012868,7.7842402,-26.75982,9.327326,-6.8824835,-3.4030442,4.477321,3.5664155,-31.230614,-2.9221277,0.80644375,-53.46812,-1.5205318,2.8653817,-22.437967,-0.3201933,7.456205,-60.463173,-1.4491534,0.61802113,-87.60153,-9.976074,2.8926804,-59.080666,-5.037689,12.462655,-70.70012,-5.236515,1.8039752,-95.33632,-4.5444183,-0.982367,-62.53488,-23.88751,18.167324,-5.934733,7.870287,-1.3167653,-75.79011,-7.6178713,8.236591,-103.52178,-2.4978282,-4.330689,-64.15066
42.945084,-68.94489,-29.52359,32.748764,2.0826616,-12.944752,-8.308412,8.0699415,-27.684452,9.678421,-7.126481,-3.4706326,4.5913525,4.085687,-30.832275,-3.0001824,0.8168021,-55.704502,-1.5447652,2.9410167,-23.444178,-0.308636,8.036154,-61.759773,-1.4737074,0.62531316,-91.556076,-10.39951,3.0513067,-61.975437,-5.18452,13.272532,-72.97717,-5.4127483,1.874388,-99.32368,-4.755678,-0.94230753,-65.84676,-24.789051,18.871264,-6.1410513,8.1503,-0.9490689,-78.931015,-7.8916388,8.563643,-108.27725,-2.6225584,-4.4472995,-67.74459
42.615173,-68.71287,-28.755106,32.30651,0.46875143,-13.672807,-8.191519,7.981806,-28.951933,9.314278,-7.002068,-7.4958467,4.589566,4.635511,-30.457066,-2.979579,0.80285025,-61.273567,-1.442598,2.8582358,-28.192383,-0.28001666,8.677629,-61.135056,-1.4722748,0.6372307,-95.95981,-10.678064,3.304763,-65.31461,-5.1098347,13.891438,-72.9011,-5.4190965,1.9627053,-102.95484,-4.965197,-0.73774755,-69.259056,-24.665012,18.781887,-6.1150255,8.123643,-0.34673464,-78.58349,-7.8924055,8.639032,-110.39138,-2.7349758,-4.3394785,-70.18395
41.12583,-67.084816,-26.380062,31.855793,1.3816707,-12.947888,-8.218381,7.9068666,-25.179705,9.662698,-6.976255,-0.93543684,4.4020233,3.8227625,-27.959694,-2.9294484,0.80865324,-51.7235,-1.5376258,2.8711524,-21.135035,-0.3310388,8.099373,-57.06622,-1.4434204,0.6135883,-84.371,-9.853603,2.8140388,-56.891346,-5.0287085,13.5823555,-68.50096,-5.2070074,1.7708348,-92.34049,-4.5128136,-1.012024,-61.890694,-24.20096,18.410564,-5.978748,8.025495,0.6244184,-74.06325,-7.558855,8.205098,-101.00627,-2.4597163,-4.3912954,-63.240124
41.176846,-67.69812,-25.365944,32.234447,1.1878517,-13.236663,-8.388928,8.042076,-24.480947,9.922583,-7.1015344,0.564686,4.391585,3.6753764,-26.866169,-2.9569392,0.815792,-48.702072,-1.5928288,2.928117,-18.672825,-0.35349324,8.308018,-54.587883,-1.4426575,0.604834,-79.308174,-9.589088,2.5637171,-52.70029,-5.0920863,14.1080265,-65.568695,-5.2039704,1.6838428,-87.62588,-4.3383274,-1.2181227,-58.616684,-24.568672,18.664118,-6.0498743,8.313178,1.8901111,-69.75147,-7.4856834,8.046148,-95.45043,-2.3181405,-4.563661,-59.38139
39.574627,-65.20735,-24.39573,31.06948,1.4006205,-12.640926,-8.135999,7.784821,-22.986917,9.621425,-6.8775196,0.97964585,4.2544174,3.4835467,-25.963718,-2.8802001,0.807683,-45.605827,-1.5780822,2.8658178,-17.007132,-0.36309892,8.113749,-51.692333,-1.4162676,0.5941956,-73.841805,-9.07188,2.310668,-48.42373,-4.92051,13.84319,-62.033062,-5.018069,1.5860147,-81.87482,-4.079243,-1.3217168,-54.308807,-23.676027,17.980408,-5.847229,8.091245,2.4513254,-65.07697,-7.1502137,7.60909,-88.30977,-2.1350055,-4.496417,-54.30016
40.038013,-66.63165,-23.38057,31.943316,1.8139689,-12.782538,-8.405857,8.014888,-22.473682,10.0638075,-7.0856833,3.3655376,4.3015842,3.3221755,-25.684616,-2.9360504,0.8194512,-42.84054,-1.6564372,2.9543827,-14.388453,-0.3818246,8.202939,-51.322365,-1.4252121,0.5878263,-70.65559,-8.984378,2.1564198,-45.930065,-5.0436788,14.265435,-61.358032,-5.078204,1.5365475,-79.410866,-3.9943027,-1.4846809,-52.654465,-24.325605,18.451767,-5.9829206,8.414708,3.2286491,-63.39804,-7.1962447,7.6184993,-85.88452,-2.0556142,-4.6835876,-52.45698
41.162727,-67.78241,-25.116392,31.973042,-0.3209589,-14.060647,-8.325166,8.039642,-26.530466,9.540778,-7.0531325,-4.9719152,4.4560466,4.566267,-26.956894,-2.970668,0.80852395,-54.394943,-1.5223886,2.9073303,-23.046812,-0.31451032,9.318916,-53.972748,-1.4502597,0.6137266,-83.46992,-9.839706,2.6904018,-54.96359,-5.0670114,15.099242,-65.10638,-5.2835827,1.7638731,-91.158356,-4.5085425,-1.1497347,-61.011395,-24.685352,18.737396,-6.095625,8.489788,2.967507,-67.08679,-7.4941363,8.033093,-95.06929,-2.3467524,-4.598361,-59.69971
38.92768,-64.14873,-24.137571,30.29285,0.24223217,-13.04422,-7.8770776,7.61837,-25.430592,9.001082,-6.6823926,-5.40639,4.3045316,4.349157,-27.213943,-2.8570597,0.79268205,-52.806686,-1.4648848,2.7848847,-22.8113,-0.31737548,8.909337,-51.960297,-1.4152515,0.6047212,-79.15992,-9.282232,2.5120614,-51.649338,-4.8123116,14.452529,-62.323868,-5.0312443,1.6837616,-86.227875,-4.246915,-1.1653482,-57.164936,-23.348097,17.721552,-5.7965245,8.061316,3.0060754,-63.21038,-7.062963,7.5367875,-88.39565,-2.1635466,-4.423284,-54.893543
38.334442,-63.047844,-24.067417,29.870861,0.6035764,-12.668637,-7.7413945,7.4901085,-25.261208,8.874583,-6.5685844,-5.202115,4.2790895,3.9790947,-28.434982,-2.82426,0.78609276,-52.588154,-1.4409077,2.7368865,-22.929613,-0.3268637,8.615662,-51.735447,-1.4030135,0.6012224,-76.99788,-9.030006,2.4449983,-49.913765,-4.743622,14.206012,-61.718143,-4.9335856,1.6414133,-83.763084,-4.085257,-1.2005618,-55.002552,-22.985922,17.441027,-5.7104135,7.93625,3.0169754,-62.07851,-6.8854527,7.348521,-85.23225,-2.0528166,-4.395424,-52.22945
35.989418,-59.123154,-22.611689,27.933998,0.32305303,-12.009685,-7.295418,7.0325394,-23.510645,8.313424,-6.1529193,-5.164978,4.046467,3.7908318,-26.83865,-2.6959276,0.77036583,-50.27022,-1.3827643,2.594936,-22.440868,-0.32156038,8.241161,-49.705315,-1.366582,0.5957755,-74.3286,-8.623717,2.4096591,-48.677673,-4.454713,13.509789,-59.659866,-4.669291,1.6067548,-80.89261,-3.9559824,-1.0735574,-53.375206,-21.537766,16.354141,-5.3777947,7.38133,2.896967,-60.316463,-6.5224237,7.006039,-82.29961,-1.9959375,-4.1001616,-50.565228
35.303696,-58.278744,-21.603476,27.662142,0.482821,-11.770687,-7.2618294,6.9795275,-22.358566,8.354698,-6.1237726,-3.4407954,3.9620852,3.3153608,-25.853943,-2.6705313,0.76935834,-46.959377,-1.404062,2.5920773,-20.183516,-0.3469564,7.83033,-47.619335,-1.3544724,0.5878369,-69.817604,-8.34473,2.236467,-45.62281,-4.437029,13.106336,-56.877907,-4.585763,1.5234542,-76.52272,-3.8050652,-1.1689813,-50.645782,-21.242823,16.15828,-5.3147078,7.3746996,3.0164747,-57.205654,-6.4103374,6.8395667,-78.66731,-1.9234617,-4.0983777,-48.289185
35.39154,-58.529926,-21.540716,27.783455,0.47190803,-11.801118,-7.260356,6.9876523,-22.834719,8.326139,-6.123046,-4.1508045,3.988067,3.5309968,-26.02581,-2.6766543,0.7666584,-48.72632,-1.3809166,2.5804138,-21.637445,-0.33549508,7.918817,-48.665604,-1.3592592,0.59349823,-72.384125,-8.55736,2.3884048,-47.994713,-4.442585,13.141889,-58.294952,-4.6187153,1.5699688,-79.086105,-3.9423153,-1.0578909,-52.93907,-21.289722,16.215208,-5.332805,7.336435,2.7285872,-59.253033,-6.5024652,6.986282,-81.81342,-2.0279586,-4.0431175,-50.921135
36.21462,-60.447323,-20.701097,28.817871,0.32484698,-12.332539,-7.6208644,7.2791963,-22.094408,8.847489,-6.381423,-1.6013255,4.0205936,3.6067836,-24.387806,-2.7488394,0.78345394,-46.39342,-1.4684119,2.6877449,-19.051891,-0.34518287,8.097528,-49.167168,-1.378994,0.59238565,-72.62203,-8.778987,2.3976433,-48.63872,-4.591086,13.558559,-59.343056,-4.7547755,1.6036189,-80.83447,-4.093049,-1.0761302,-54.84689,-22.133068,16.816769,-5.5049577,7.6347566,3.085425,-60.41807,-6.7436457,7.2610474,-85.12692,-2.1295867,-4.158098,-53.57308
37.922623,-63.07885,-22.157143,30.049526,0.41687185,-12.786814,-7.8542247,7.5466995,-24.077105,9.082343,-6.614735,-3.1108046,4.204995,3.8224785,-26.295578,-2.8304877,0.7892256,-50.25046,-1.4718893,2.7553294,-21.299997,-0.33610895,8.385529,-51.57714,-1.4053667,0.6021578,-76.97444,-9.2005625,2.5539632,-51.42088,-4.7722893,13.979038,-61.83468,-4.9435687,1.6639313,-84.80641,-4.2538524,-1.0766208,-57.414505,-23.049427,17.514101,-5.7220306,7.946548,2.8306093,-62.956837,-7.020903,7.5635433,-89.10329,-2.2238984,-4.304324,-56.107143
37.851112,-62.91033,-22.154346,29.981152,0.5552559,-12.671705,-7.8378067,7.5244675,-23.905788,9.056616,-6.5860667,-3.0326004,4.198701,3.9046705,-26.40063,-2.8264499,0.78990585,-50.06466,-1.4742718,2.7516656,-21.294842,-0.3263347,8.386084,-52.607952,-1.4059767,0.6033744,-78.008224,-9.271212,2.6163447,-52.56567,-4.7495327,13.923415,-63.017597,-4.9424167,1.6857504,-85.97715,-4.308458,-1.0202491,-58.41608,-22.958553,17.45943,-5.7044253,7.8668647,2.6406167,-64.33093,-7.038944,7.6100373,-90.57523,-2.262076,-4.2593064,-57.19743
37.64697,-62.29703,-22.3805,29.535055,-0.18512034,-12.90263,-7.7141366,7.4186735,-24.39393,8.827232,-6.488738,-4.7078295,4.166197,4.0342736,-26.05178,-2.801528,0.78284895,-52.51569,-1.4234308,2.7013164,-23.477613,-0.31583822,8.374987,-52.885674,-1.4036322,0.60948694,-81.19948,-9.451624,2.7835362,-55.32772,-4.6946096,13.740225,-63.686127,-4.9363647,1.7471186,-89.06074,-4.4613123,-0.8587638,-60.97791,-22.684036,17.2644,-5.6475596,7.7058816,2.2058606,-65.79918,-7.080082,7.7082124,-93.89748,-2.381359,-4.1261473,-60.03166
37.910378,-62.241165,-23.610277,29.407753,-0.050429493,-12.769666,-7.620089,7.3644342,-25.205568,8.650086,-6.436227,-6.2783847,4.2068305,3.9868765,-27.620861,-2.7926335,0.7786831,-54.61171,-1.3921947,2.678374,-25.03047,-0.30598736,8.276875,-54.085545,-1.4046017,0.61367464,-83.3172,-9.521465,2.8473785,-56.462284,-4.6795874,13.522812,-64.6794,-4.947,1.7712843,-90.49822,-4.4749537,-0.83044314,-61.37195,-22.563011,17.181543,-5.628807,7.6375337,1.6908259,-66.65726,-7.079078,7.704249,-94.69216,-2.380018,-4.1038923,-60.12399
36.33791,-59.671097,-22.509745,28.234985,-0.02614192,-12.244952,-7.3215027,7.0830894,-24.425928,8.283628,-6.174329,-6.458442,4.083618,3.6582117,-27.551746,-2.7124248,0.7657219,-53.68051,-1.3496318,2.58762,-24.966269,-0.30633897,7.7653565,-53.194366,-1.3809199,0.6098708,-81.60633,-9.250141,2.8171303,-55.582336,-4.5277214,12.72189,-63.236137,-4.786879,1.7387848,-88.413765,-4.3701816,-0.7684928,-60.10595,-21.630594,16.493523,-5.4254494,7.328081,1.1601586,-64.87708,-6.854236,7.4806957,-92.585625,-2.328452,-3.932188,-58.756985
38.269566,-62.86633,-23.609396,29.883282,0.64407283,-12.547827,-7.7199783,7.4563007,-25.048248,8.859941,-6.516918,-4.7517543,4.2504334,3.673242,-28.629215,-2.8147662,0.7825806,-53.888847,-1.4224691,2.709836,-24.157593,-0.31093946,7.876472,-55.91117,-1.4108083,0.61345124,-83.99091,-9.621588,2.8967428,-57.333054,-4.755025,13.090862,-66.37085,-4.9925165,1.7815725,-91.480865,-4.5136156,-0.8180698,-62.16265,-22.779783,17.367495,-5.681747,7.67649,0.9116636,-68.628006,-7.1872573,7.847577,-97.109146,-2.4231024,-4.122039,-61.50072
38.188103,-62.517426,-24.081144,29.65699,0.83225834,-12.36381,-7.6506133,7.401594,-25.10916,8.748864,-6.4643707,-5.2614226,4.251129,3.7054162,-29.200043,-2.8028278,0.7819257,-53.786304,-1.4213767,2.7016642,-24.085106,-0.30325985,7.8589354,-56.2315,-1.408225,0.6132076,-83.918076,-9.553145,2.8623238,-56.934235,-4.7227106,12.995532,-66.49012,-4.9726114,1.7751662,-91.16063,-4.468025,-0.84004784,-61.49922,-22.617393,17.237288,-5.6469994,7.620061,0.81970626,-68.34588,-7.131767,7.7675867,-96.061874,-2.378079,-4.117361,-60.47411
38.496952,-63.27883,-23.776823,30.236006,1.5370271,-12.1770315,-7.779291,7.5176234,-24.903456,9.015642,-6.584234,-3.5629416,4.289377,3.4403715,-29.585648,-2.8314443,0.7863978,-52.24933,-1.4546075,2.7430735,-22.801598,-0.32154024,7.682651,-56.102997,-1.4122748,0.6093879,-81.557976,-9.484579,2.7754354,-55.32718,-4.8023477,12.99922,-66.04467,-4.990574,1.7238855,-88.94575,-4.3823276,-0.9429133,-60.047153,-22.91569,17.479584,-5.7170415,7.7672033,0.92403376,-67.73857,-7.161278,7.772183,-94.631195,-2.3355837,-4.2137218,-59.358788
39.895824,-65.52973,-24.722467,31.35042,1.9391406,-12.415372,-8.036709,7.762438,-25.664562,9.351771,-6.8021307,-3.188089,4.428345,3.7079422,-30.588276,-2.9019718,0.79493135,-54.091724,-1.4771032,2.8081253,-23.645655,-0.31256044,8.030148,-58.546944,-1.4343133,0.6152319,-84.7236,-9.816265,2.903064,-57.605625,-4.933137,13.557161,-69.185715,-5.141094,1.7810409,-92.44719,-4.5223827,-0.92927027,-62.340343,-23.70812,18.082518,-5.895808,7.946408,0.9097151,-71.77551,-7.395179,8.054988,-98.69429,-2.419897,-4.3259444,-61.93213
39.692993,-65.26877,-24.408522,31.05608,1.0402346,-12.808994,-7.9711065,7.702685,-26.129725,9.162516,-6.728844,-5.0691023,4.409652,4.069962,-30.05523,-2.8870668,0.78893965,-56.879898,-1.4300592,2.7666621,-25.967468,-0.29471588,8.33964,-58.924393,-1.4342035,0.6217792,-88.17337,-10.033492,3.0795424,-60.506866,-4.8800936,13.79251,-70.16649,-5.155498,1.8575763,-96.011314,-4.707065,-0.7646802,-65.34201,-23.60133,17.998644,-5.868622,7.8551683,0.9884846,-73.06785,-7.442756,8.168676,-101.83922,-2.5362613,-4.222257,-64.72759
39.356922,-65.02176,-23.648512,31.09708,1.5409164,-12.527538,-8.041082,7.724449,-24.550922,9.426311,-6.784829,-1.5441798,4.328339,3.8428235,-28.028885,-2.8829346,0.7970749,-51.769253,-1.4958949,2.8041627,-22.04224,-0.32264924,8.1263485,-56.704803,-1.4270614,0.6110872,-82.85162,-9.710396,2.8440466,-56.72213,-4.8827624,13.706238,-67.88125,-5.087361,1.7611701,-91.10112,-4.509041,-0.918982,-62.02732,-23.567848,17.959324,-5.847462,7.863798,1.3773501,-71.605736,-7.356818,8.02774,-98.39805,-2.43855,-4.2728357,-62.262627
38.27413,-63.13722,-23.058834,30.093637,1.0102222,-12.40922,-7.8127728,7.5029945,-23.963371,9.103719,-6.5865574,-2.1719189,4.205547,3.9155242,-26.596558,-2.8196125,0.7894206,-51.08311,-1.462918,2.7383077,-21.998133,-0.3193915,8.033746,-54.99278,-1.4099367,0.60884696,-82.0133,-9.542323,2.8165128,-56.24742,-4.748602,13.377475,-66.12934,-4.9751735,1.7503686,-90.01877,-4.4715548,-0.8610447,-61.44591,-22.878387,17.436172,-5.689867,7.6289496,1.295258,-70.11475,-7.2006326,7.862449,-97.10497,-2.4239883,-4.1328406,-61.713737
37.562866,-62.04579,-22.172407,29.65332,0.8194522,-12.35087,-7.793732,7.450435,-22.386543,9.18011,-6.5666943,0.21581247,4.082366,3.3830087,-24.629597,-2.7923975,0.7931126,-45.86125,-1.5124104,2.752877,-17.95581,-0.3566054,7.7657676,-50.775482,-1.3937777,0.5942806,-74.43096,-8.97819,2.4390848,-49.950397,-4.7195415,13.246066,-61.184315,-4.856846,1.6142999,-82.52527,-4.135296,-1.1090966,-55.6845,-22.632738,17.21538,-5.618343,7.709685,2.139082,-64.189316,-6.960057,7.4927654,-89.20372,-2.2001219,-4.2226653,-55.80084
37.236973,-62.031166,-21.155842,29.880796,1.6245797,-12.010133,-7.9332094,7.5425024,-20.737839,9.490605,-6.662378,3.5012283,4.053817,2.887287,-24.040604,-2.8080418,0.8029719,-39.846096,-1.599462,2.8192396,-13.251676,-0.39144048,7.590005,-48.026478,-1.3870366,0.5782467,-65.93699,-8.439217,2.0237813,-43.05016,-4.7666116,13.369089,-57.296772,-4.7920914,1.4617977,-74.47307,-3.7795732,-1.4314017,-49.5078,-22.769691,17.289186,-5.6401196,7.9512134,3.1920905,-58.54775,-6.76433,7.15213,-80.39514,-1.937644,-4.4262834,-49.11984
37.778465,-63.338127,-20.458893,30.605465,1.4257858,-12.451621,-8.140364,7.7264223,-21.125643,9.716397,-6.799733,3.364962,4.1329837,2.940903,-24.820648,-2.859382,0.8082833,-41.15633,-1.6213708,2.8668149,-13.683439,-0.38789377,7.8359594,-49.453518,-1.4015257,0.58145255,-67.65221,-8.648001,2.1014078,-44.326027,-4.8626504,13.836365,-58.93013,-4.9007583,1.5203103,-77.15835,-3.9216318,-1.4022908,-51.624283,-23.39845,17.72613,-5.768982,8.206956,3.6329713,-58.620495,-6.8966374,7.3248186,-82.250496,-1.9889419,-4.5180287,-50.41815
36.698555,-61.209797,-20.378178,29.433489,0.70800096,-12.380986,-7.851879,7.464247,-20.92873,9.30367,-6.5750103,2.1149735,4.0051956,2.8270416,-23.665375,-2.7877257,0.7975411,-41.175797,-1.5670692,2.782483,-14.199767,-0.39165345,7.6439214,-47.04309,-1.3822742,0.5793773,-66.3938,-8.417168,2.054277,-43.283848,-4.7221775,13.404261,-56.37427,-4.7670717,1.489234,-75.219986,-3.8209312,-1.3706528,-50.143982,-22.608393,17.137583,-5.594643,7.956026,3.4930773,-56.423035,-6.705136,7.1052933,-80.01986,-1.9461839,-4.3774257,-49.082417
36.850266,-61.358376,-20.514692,29.237783,-0.4974849,-12.998608,-7.789187,7.4307756,-22.181772,9.076634,-6.5226135,-0.8604686,4.0209155,3.5148902,-23.11818,-2.7855139,0.7911563,-45.96614,-1.5082526,2.7433398,-17.808872,-0.35777602,8.0732355,-48.44513,-1.3894688,0.59262973,-73.28017,-8.869317,2.3751616,-48.73444,-4.6976924,13.5831175,-58.916504,-4.8433595,1.6285335,-82.08511,-4.1538115,-1.1064943,-55.638596,-22.620241,17.153378,-5.603794,7.8480935,3.064755,-60.067947,-6.876374,7.3938646,-86.86435,-2.1651018,-4.238375,-54.741905
36.267426,-59.744907,-21.56278,28.164717,-1.2278996,-12.948554,-7.4513135,7.1599383,-23.213247,8.522142,-6.2794957,-4.117024,3.9661896,3.6889215,-23.33025,-2.7183418,0.77665126,-49.273933,-1.4150543,2.640648,-20.916153,-0.33806926,8.058615,-47.947662,-1.3762381,0.59844637,-76.04636,-8.883965,2.4907007,-50.498993,-4.557232,13.222221,-58.398003,-4.7603426,1.655408,-83.4522,-4.162859,-0.9905428,-56.157555,-21.885147,16.62174,-5.4515166,7.5443525,2.4965763,-60.460335,-6.7638555,7.2881174,-87.526375,-2.186559,-4.0696096,-55.220528
35.317665,-58.036217,-21.23822,27.231274,-1.9774976,-12.971695,-7.216549,6.9558697,-23.389126,8.160186,-6.093963,-5.765951,3.8837965,3.6989827,-22.587296,-2.664886,0.76515335,-50.313152,-1.3578138,2.566113,-22.282288,-0.33661702,7.9636364,-45.99318,-1.3615892,0.5985724,-75.54938,-8.736766,2.4837966,-50.038815,-4.458847,12.873157,-56.170403,-4.662141,1.6383438,-82.24685,-4.103042,-0.94930637,-55.362007,-21.267508,16.167768,-5.32427,7.3753505,2.3389752,-58.41087,-6.615171,7.125529,-85.7241,-2.1600204,-3.9604082,-54.316902
35.27074,-58.13445,-20.960518,27.29197,-1.6731246,-12.848611,-7.2563834,6.9793477,-22.955143,8.231599,-6.1127334,-5.019729,3.8803434,3.8006794,-22.259438,-2.6713147,0.7696216,-48.74041,-1.385438,2.5858018,-21.026638,-0.33341342,8.054806,-45.989567,-1.3616,0.59571695,-74.43844,-8.674827,2.4329355,-49.175335,-4.4573803,13.00108,-56.17032,-4.6574616,1.627574,-81.42061,-4.070833,-0.98470247,-54.736797,-21.315474,16.192484,-5.3310666,7.4006476,2.5782256,-58.13522,-6.590404,7.093434,-84.78224,-2.127058,-3.9883442,-53.57883
34.971333,-57.68023,-20.619307,27.313946,-0.8267498,-12.377833,-7.2998495,6.990867,-21.625711,8.3898735,-6.1339765,-2.5480843,3.8459795,3.3647075,-22.233734,-2.6696272,0.7765709,-44.14147,-1.4438558,2.6210284,-17.507372,-0.35364053,7.7962656,-44.763313,-1.3552425,0.58459276,-68.8724,-8.296361,2.1706161,-44.785877,-4.457593,12.901226,-54.21243,-4.591068,1.5247859,-76.04692,-3.821846,-1.1806545,-50.526672,-21.235455,16.12439,-5.308376,7.4695783,2.9947948,-55.036243,-6.4390335,6.8504596,-79.28345,-1.9521885,-4.0851755,-49.135845
34.823963,-57.842655,-19.420317,27.638529,-0.537989,-12.346363,-7.478711,7.1127434,-20.048397,8.725081,-6.24812,0.626428,3.805376,2.9043908,-20.899708,-2.6911132,0.7869873,-38.85984,-1.5244886,2.6848805,-13.283106,-0.38856527,7.5801945,-42.02891,-1.3522562,0.5717521,-62.085487,-7.9202785,1.867953,-39.513412,-4.5380473,12.853393,-50.621677,-4.555505,1.4091704,-69.823715,-3.581384,-1.4131618,-46.204945,-21.460388,16.283337,-5.351631,7.7260175,3.6448536,-50.34373,-6.3434544,6.666759,-73.463844,-1.7922649,-4.240333,-44.877937
35.307884,-58.62776,-19.881628,28.071278,0.01398772,-12.229042,-7.5830584,7.2053914,-20.007814,8.888215,-6.334273,1.4003463,3.8531418,2.7898052,-21.74757,-2.7174716,0.7929868,-38.186966,-1.5554198,2.7248104,-12.435256,-0.392683,7.5672655,-43.00504,-1.3594553,0.5704614,-61.773735,-7.925618,1.8224684,-39.04276,-4.585084,13.000884,-51.501575,-4.597315,1.4041023,-69.77649,-3.556345,-1.4767628,-45.772804,-21.75807,16.480268,-5.409572,7.8214817,3.7559853,-50.708736,-6.382177,6.685872,-73.24409,-1.7617321,-4.3190846,-44.220055
33.00209,-55.472206,-17.119776,26.779076,0.13156936,-11.607846,-7.304202,6.925972,-18.51539,8.580254,-6.0723658,2.1536202,3.6868792,2.5286171,-20.129284,-2.6380057,0.78312314,-34.079636,-1.5445006,2.6484358,-10.333795,-0.40949112,7.3142853,-38.435875,-1.327035,0.55704856,-53.479572,-7.234542,1.5290846,-32.91624,-4.436239,12.535648,-45.441284,-4.344287,1.24907,-60.915207,-3.1710393,-1.6262131,-39.76316,-20.762337,15.747479,-5.1970305,7.6977644,4.4098215,-43.107883,-5.937607,6.156014,-63.25878,-1.5145819,-4.2643723,-37.673306
32.53238,-55.614613,-14.703455,27.220491,0.9025813,-11.36386,-7.5207505,7.077095,-16.692755,9.016836,-6.2080417,5.9736204,3.6587796,2.1703978,-18.731644,-2.6695685,0.7932729,-27.833378,-1.6398764,2.7173336,-5.885845,-0.4436256,7.297172,-35.373142,-1.3206568,0.5412724,-44.225014,-6.725507,1.1768827,-26.13852,-4.518938,12.786086,-41.229874,-4.2708735,1.0848389,-52.250275,-2.823583,-1.9221971,-33.903503,-20.994043,15.942036,-5.2572355,8.002574,5.6192017,-37.39658,-5.757287,5.893703,-54.43315,-1.2810918,-4.469824,-31.77782
33.28897,-57.510296,-14.111353,28.326128,1.8680956,-11.290947,-7.819817,7.337935,-16.47912,9.467572,-6.4293585,7.844474,3.7763736,2.2309985,-19.635948,-2.739811,0.80277187,-26.85375,-1.6964955,2.7981188,-4.851079,-0.4456426,7.4948316,-37.123123,-1.3367136,0.54124105,-43.53148,-6.845723,1.1682968,-25.936247,-4.6520767,13.296124,-43.038776,-4.372195,1.0769684,-52.29595,-2.8524299,-1.9963951,-34.23426,-21.71069,16.497046,-5.4249496,8.265788,6.107854,-38.61162,-5.897309,6.0446997,-54.83414,-1.2842437,-4.6278477,-32.12819
33.548325,-58.64413,-13.460327,29.107962,3.2123973,-10.91505,-8.032125,7.5378547,-16.043255,9.87086,-6.6219735,10.192426,3.852617,1.9374161,-20.387577,-2.7939565,0.81394607,-22.219759,-1.7828262,2.8848727,-1.6431583,-0.47148573,7.6297016,-35.201424,-1.3361205,0.5260685,-34.485645,-6.3410006,0.7787006,-18.537933,-4.7686586,13.83803,-39.76218,-4.3377137,0.88617194,-42.674385,-2.414728,-2.3961895,-27.028374,-22.198698,16.849293,-5.5453076,8.640438,7.4719367,-33.356857,-5.715251,5.724008,-44.00956,-0.9727515,-4.9398713,-24.30898
35.138695,-61.842148,-14.03315,30.916168,4.7884417,-10.787072,-8.454448,7.933736,-16.581755,10.429121,-6.949332,11.2259655,4.111007,2.1454346,-23.993767,-2.9066162,0.8281656,-23.505194,-1.848656,3.0076826,-1.7611067,-0.46132323,8.022993,-39.580223,-1.3664904,0.5285242,-36.220707,-6.619975,0.7916153,-19.41989,-4.9721956,14.698587,-44.25595,-4.554098,0.9334729,-45.57522,-2.5297174,-2.4900599,-28.604403,-23.369852,17.724087,-5.816343,9.055618,7.9544115,-35.798367,-5.9612627,5.9616804,-45.490425,-0.96557105,-5.209195,-24.581852
36.23958,-63.77952,-14.219425,31.865318,4.7628574,-11.215999,-8.736806,8.193723,-16.693829,10.81135,-7.185512,12.309596,4.1854854,2.0967677,-23.557507,-2.9731867,0.8386029,-21.80703,-1.902006,3.0888202,-0.5101768,-0.47466162,8.422733,-38.113426,-1.3765085,0.52270275,-32.39637,-6.509074,0.6173703,-16.156096,-5.118532,15.436037,-42.469646,-4.6133986,0.8382441,-41.312473,-2.350093,-2.7249587,-25.545155,-24.136772,18.294361,-5.98872,9.419689,8.968349,-33.912804,-5.995205,5.9312487,-41.255543,-0.84347093,-5.452494,-21.583307
38.09483,-65.732635,-17.377668,32.438248,4.0669417,-11.839433,-8.793996,8.288812,-18.479399,10.792897,-7.2905574,10.248523,4.2656794,2.28929,-24.087215,-3.0015213,0.83856136,-26.255863,-1.863095,3.098018,-3.3807657,-0.45979273,8.530727,-40.154705,-1.3951693,0.5362489,-39.184967,-7.01544,0.86987925,-20.850113,-5.1887994,15.477727,-45.48105,-4.759055,0.9398303,-47.49254,-2.5890372,-2.59772,-29.339445,-24.615625,18.644054,-6.0821414,9.378539,8.020833,-39.588306,-6.290343,6.277424,-48.682934,-1.0382107,-5.4211493,-26.357698
38.140945,-65.90805,-16.838299,32.448578,2.65059,-12.589593,-8.841407,8.328378,-18.595448,10.75657,-7.3037295,9.160344,4.242503,2.4168155,-22.600365,-3.0060246,0.8339083,-27.671778,-1.8358585,3.0839317,-4.690294,-0.46074188,8.760458,-38.44373,-1.3955554,0.54005724,-39.916733,-7.1196604,0.9281188,-21.533878,-5.2264886,15.588486,-43.76329,-4.78084,0.95377123,-48.13492,-2.6671593,-2.5525334,-30.391195,-24.71723,18.753391,-6.1123056,9.477849,8.175212,-38.483383,-6.341565,6.351423,-49.43235,-1.0954622,-5.4132895,-27.642467
33.276344,-58.085857,-13.175762,28.664635,2.0109105,-11.354737,-7.9185157,7.488289,-16.197657,9.776357,-6.615146,10.155629,3.718361,1.5880939,-16.576565,-2.7718315,0.81274164,-16.802357,-1.8064466,2.8843062,0.93316495,-0.51801103,7.7106323,-25.14208,-1.3061067,0.50283635,-20.276045,-5.3401213,0.14904529,-6.331007,-4.8267727,13.718296,-27.101831,-4.1137066,0.53016746,-24.928108,-1.5968674,-2.9679372,-13.844884,-21.974024,16.696663,-5.5094056,8.926116,8.600239,-21.84657,-5.238132,5.000571,-25.809692,-0.486956,-5.2022758,-11.994705
33.464317,-57.186375,-16.08236,28.141293,3.1530027,-10.487098,-7.521284,7.2248535,-18.605602,9.359947,-6.4762363,8.027388,3.713232,1.2272778,-18.730656,-2.7234402,0.80721676,-18.439127,-1.7657933,2.8440535,-0.051070556,-0.5377713,6.736382,-25.47315,-1.3001436,0.50521535,-21.462326,-5.2389975,0.0973322,-6.247047,-4.78621,12.361614,-25.831923,-4.0526705,0.4983943,-24.531218,-1.487873,-3.0012708,-12.414834,-21.376839,16.241383,-5.3832784,8.706415,6.7616053,-21.349625,-5.1815314,4.8683157,-26.100819,-0.47386065,-5.103449,-11.478184
32.0218,-55.6972,-12.784367,27.588085,2.4479244,-10.663678,-7.461522,7.1477704,-17.843456,9.248132,-6.362702,7.7547746,3.6276915,1.2822834,-17.080433,-2.699091,0.79887354,-16.94069,-1.756233,2.7984645,0.24249552,-0.53888184,7.0828557,-22.057537,-1.2821374,0.49813992,-15.903534,-4.866644,-0.009184234,-2.5845876,-4.7305737,12.671197,-21.84477,-3.9107063,0.41534874,-18.79344,-1.2831396,-3.0607064,-9.223733,-21.08804,16.019901,-5.3184457,8.793471,7.968885,-15.46894,-4.9020166,4.6016374,-18.868984,-0.32814738,-5.109766,-7.4829636
33.023922,-57.996437,-11.620411,29.049915,3.747759,-10.565138,-7.832554,7.4974546,-18.523014,9.751058,-6.643213,8.769712,3.832113,1.3511162,-19.404892,-2.7993402,0.81102407,-17.629143,-1.8175119,2.9024737,0.55956334,-0.54370457,7.3149376,-24.297909,-1.3062431,0.49830538,-15.646669,-5.0257254,-0.01543951,-2.3290956,-4.935987,13.297657,-23.521484,-4.062147,0.42040473,-19.370607,-1.3229474,-3.1639564,-9.821669,-22.106205,16.789938,-5.562991,9.297384,8.551493,-14.569674,-5.0695934,4.778464,-18.597868,-0.31426498,-5.3505077,-7.2625127
31.182371,-54.816135,-10.612198,27.52018,2.9049773,-10.370649,-7.498582,7.158936,-17.172743,9.304465,-6.337727,8.538454,3.645335,1.1637493,-17.543076,-2.7015548,0.79901993,-16.467583,-1.7657727,2.804252,1.1800754,-0.5440276,6.878027,-22.324036,-1.2836123,0.49662256,-15.48453,-4.8630056,-0.015083529,-2.700995,-4.738165,12.524155,-21.514168,-3.9204497,0.4450922,-19.811375,-1.3799133,-3.010541,-10.446312,-21.02867,15.98924,-5.3172317,8.937301,8.022219,-12.689917,-4.905347,4.60795,-19.118515,-0.3602955,-5.100661,-7.927775
31.493347,-55.32509,-10.874338,27.737722,2.735089,-10.564539,-7.558584,7.2167625,-17.345913,9.368073,-6.3878593,8.525803,3.6603158,1.2205857,-17.371407,-2.718131,0.80136013,-16.512434,-1.7743897,2.8214922,1.2362078,-0.5437852,7.002647,-22.234087,-1.2873923,0.49644136,-15.471193,-4.8811617,-0.023248494,-2.4685276,-4.771326,12.680386,-21.542618,-3.9483433,0.44573897,-19.837769,-1.3741926,-3.037844,-10.329195,-21.228767,16.133446,-5.3579187,9.003547,8.11639,-12.889219,-4.930165,4.6300826,-19.03696,-0.34663853,-5.1458282,-7.727566
31.596556,-55.725307,-10.557535,27.782806,2.3391998,-10.814191,-7.600122,7.2459717,-17.211395,9.407769,-6.410236,8.630577,3.6437666,1.1958251,-16.703865,-2.7219868,0.80124235,-16.328487,-1.7773709,2.8189518,1.1487488,-0.54585457,7.1507454,-21.332247,-1.2856809,0.4962572,-14.569532,-4.8443766,-0.022393927,-1.7263342,-4.782696,12.866088,-20.822626,-3.930058,0.42241758,-18.37313,-1.3102084,-3.0687175,-9.416101,-21.298586,16.207104,-5.3736014,9.036738,8.502361,-12.526852,-4.9010496,4.620902,-17.775505,-0.32022074,-5.167885,-6.999241
30.989239,-54.430443,-11.821079,26.648077,0.84031045,-11.174918,-7.3272862,6.9842615,-16.881123,8.999298,-6.199975,7.3960133,3.4874895,1.5147316,-14.327512,-2.6439376,0.792478,-17.007788,-1.7128253,2.7292986,-0.2253218,-0.52854043,7.288601,-20.169718,-1.2694689,0.50008255,-16.957134,-4.9044867,0.08288137,-3.8121736,-4.599021,12.7038,-20.967356,-3.8420935,0.46078095,-20.025679,-1.3949028,-2.916148,-10.885363,-20.563032,15.650133,-5.1943035,8.567095,8.351559,-15.805385,-4.8366756,4.5829883,-20.29524,-0.4046082,-4.947298,-9.035223
31.875126,-55.96909,-12.287205,27.353477,0.6349904,-11.591801,-7.503923,7.1556516,-17.520126,9.183236,-6.3437514,6.973502,3.5722966,1.5978023,-14.914357,-2.690635,0.7965379,-18.344992,-1.722467,2.769436,-1.1177175,-0.52853477,7.5672975,-20.761337,-1.2813721,0.5024595,-17.777275,-5.0664263,0.12022724,-4.334556,-4.695876,13.160168,-21.697058,-3.9299445,0.47114992,-20.817284,-1.4428749,-2.9519076,-11.523283,-21.111046,16.069317,-5.3196,8.778485,8.753032,-16.317568,-4.9493594,4.7000084,-20.733423,-0.4205581,-5.057438,-9.437981
32.915623,-57.74278,-12.788868,28.136385,0.34992227,-12.086008,-7.709388,7.3578963,-18.106667,9.407011,-6.5188107,6.7108135,3.6542602,1.7196761,-14.980759,-2.7454047,0.80333257,-18.884373,-1.7480466,2.8300517,-1.2499146,-0.5272387,7.8925033,-20.993916,-1.2958238,0.5042823,-18.253647,-5.2312565,0.12547085,-4.529241,-4.8138714,13.647097,-21.966347,-4.034305,0.47342336,-21.268166,-1.4850821,-3.019774,-11.86229,-21.766338,16.559425,-5.464288,9.042088,9.149322,-16.426147,-5.084846,4.8205132,-21.10315,-0.43200937,-5.1947803,-9.735038
33.586246,-58.779293,-12.911127,28.443716,-0.7425207,-12.873869,-7.8858604,7.49879,-18.060678,9.545337,-6.630858,6.417458,3.6736505,1.2606363,-14.786683,-2.7806067,0.8085577,-18.755098,-1.7732015,2.8733845,-0.6578017,-0.53889316,7.9543147,-20.298794,-1.3052081,0.504765,-17.621876,-5.287999,0.086208604,-3.8884568,-4.895966,13.977726,-21.170105,-4.10401,0.48160982,-21.539024,-1.5171329,-3.076588,-11.871994,-22.244078,16.875977,-5.559009,9.308354,9.798931,-14.314996,-5.1646075,4.8844686,-20.436924,-0.4324767,-5.300866,-9.362667
35.183758,-60.660408,-13.763699,28.807804,-4.078467,-14.930001,-8.170657,7.735353,-18.61445,9.6817045,-6.8191233,4.562,3.631697,-0.42218816,-13.786938,-2.8359566,0.81374544,-19.909372,-1.774877,2.913662,-1.3373164,-0.5880939,7.6342983,-15.967745,-1.3185396,0.5070172,-15.562321,-5.3227873,0.046268888,-1.7367418,-5.09918,14.080447,-15.718347,-4.18431,0.43077907,-19.611408,-1.4588592,-3.1949258,-10.652096,-23.043474,17.44454,-5.7231345,9.865087,10.350695,-7.62916,-5.2720184,4.9647713,-17.978697,-0.4216431,-5.469021,-8.032091
35.62981,-59.564167,-17.196823,27.882584,-6.6397142,-15.9508,-8.0390835,7.570815,-17.927485,9.375462,-6.696175,3.4240685,3.44707,-1.1312718,-11.771103,-2.7831542,0.81243426,-20.025171,-1.7371696,2.8706717,-1.597361,-0.61271286,7.2081585,-13.209211,-1.312675,0.5072623,-17.755632,-5.2975655,0.01595115,-2.5915961,-5.0317636,13.448739,-13.428135,-4.162389,0.4599868,-21.658482,-1.5075451,-3.1331606,-11.035633,-22.521894,17.123999,-5.601711,9.648951,9.262595,-7.907132,-5.2971163,4.930449,-21.063278,-0.46380123,-5.345318,-9.3656645
33.881557,-56.706165,-15.654963,26.81036,-6.2238064,-15.248835,-7.746348,7.2901216,-17.041552,9.099569,-6.4462347,4.3728027,3.3071842,-1.1164554,-10.61082,-2.7065558,0.8033122,-18.09034,-1.7154325,2.7881284,-0.42651767,-0.6164968,6.7689557,-11.756004,-1.2890575,0.50188184,-15.440253,-4.940464,-0.042021655,-0.8186942,-4.8835654,12.629308,-11.574611,-3.989029,0.4285193,-19.233318,-1.3555427,-3.0897624,-9.177534,-21.619085,16.443514,-5.3981094,9.34419,8.6226635,-6.193134,-5.042879,4.6923394,-18.780622,-0.38344723,-5.1804185,-7.6766024
34.959892,-58.034176,-17.660706,26.994167,-8.061404,-16.379505,-7.809666,7.3751993,-18.120941,9.062029,-6.5350227,2.2416368,3.2940583,-1.198452,-9.365264,-2.7303064,0.8030069,-19.808504,-1.7062285,2.8173454,-1.5431643,-0.6261509,6.9504905,-9.614542,-1.2958138,0.5039728,-16.591743,-5.032157,-0.09215506,-0.7883269,-4.973399,12.741623,-9.47233,-4.06894,0.42259827,-19.796318,-1.3721343,-3.1608136,-9.091126,-22.024275,16.726524,-5.473574,9.5127535,8.462956,-5.3810434,-5.139431,4.7208347,-19.007504,-0.373591,-5.2714357,-7.666196
36.13333,-59.373734,-20.234972,27.307106,-7.719899,-16.36836,-7.8340516,7.4204335,-18.993969,9.06778,-6.6033025,1.2872602,3.3685904,-1.1467024,-10.934378,-2.748839,0.8056737,-21.195671,-1.6964879,2.8346236,-2.766434,-0.615067,7.055349,-11.493464,-1.3050389,0.5072032,-18.658224,-5.2032185,-0.04684838,-2.2643225,-4.987423,13.001139,-11.9695635,-4.1312633,0.4404535,-21.427717,-1.4253342,-3.1622305,-9.785897,-22.232443,16.894768,-5.5220933,9.454368,8.352501,-8.744449,-5.2504115,4.8128405,-20.821373,-0.4134947,-5.3011303,-8.565363
33.296818,-55.07282,-18.362585,25.39979,-6.0688295,-14.646301,-7.230481,6.8732142,-18.087494,8.426543,-6.1302905,1.4275042,3.2073848,-0.8935672,-11.147186,-2.6064203,0.7857306,-19.60167,-1.6219606,2.6730049,-2.708913,-0.5946779,6.5223804,-11.70697,-1.2654592,0.50163317,-16.34126,-4.804864,-0.0413991,-1.7473719,-4.649143,12.027222,-12.049056,-3.8374307,0.40482813,-18.650667,-1.2935848,-3.0025883,-8.381892,-20.569178,15.618968,-5.144687,8.743617,7.766086,-8.862846,-4.8525467,4.444811,-18.098446,-0.36802155,-4.951582,-7.138933
37.299374,-60.86516,-22.796093,27.969002,-5.3901196,-15.315677,-7.837452,7.4627314,-19.725203,9.205966,-6.68251,2.4733691,3.5049763,-1.5923275,-14.860734,-2.7587566,0.8089377,-22.116877,-1.6976036,2.8542495,-3.1334314,-0.6172198,6.4737177,-15.198152,-1.3124484,0.50660473,-20.18692,-5.282404,-0.06350674,-3.2760553,-5.016231,12.627939,-15.876033,-4.182948,0.43122107,-22.408144,-1.381756,-3.2155716,-9.538805,-22.4504,17.00559,-5.5548277,9.342077,7.4372787,-13.53284,-5.3523874,4.871193,-23.305412,-0.40681815,-5.343065,-8.910018
42.375957,-68.18068,-29.311243,31.776812,-1.5122406,-14.690277,-8.45289,8.175463,-24.222445,10.120939,-7.3945227,2.259568,4.102342,-1.3160933,-23.494473,-2.981903,0.8347838,-29.208355,-1.7720718,3.0993915,-5.5053983,-0.62095773,6.2558255,-25.769009,-1.3890305,0.5268184,-31.113016,-6.2634525,0.13298345,-9.25799,-5.508733,12.909175,-26.042164,-4.726941,0.579204,-33.337566,-1.7314662,-3.3549483,-14.695342,-24.708809,18.756021,-6.1112304,9.95809,5.5966864,-23.918066,-6.168762,5.6411676,-34.914455,-0.609061,-5.784167,-14.442205
39.619972,-63.45189,-27.5347,29.903215,-1.2609959,-13.704749,-7.919293,7.685679,-23.681143,9.406353,-6.9117613,0.46736944,3.990799,-0.8585465,-24.437935,-2.8502002,0.8025842,-33.091145,-1.6401669,2.915489,-8.500367,-0.5924793,5.7343845,-27.662968,-1.3608744,0.5333084,-35.830406,-6.256647,0.38775432,-13.635993,-5.2239647,11.646701,-28.622732,-4.5613313,0.70356977,-38.63036,-1.9208347,-2.979355,-18.718077,-23.136595,17.601654,-5.7780595,9.292242,3.7591934,-25.922611,-5.9830556,5.5645432,-38.963142,-0.72117543,-5.369575,-17.106146
41.01948,-65.72613,-28.88369,30.77552,-1.8493841,-14.405464,-8.040216,7.8580112,-26.347725,9.230765,-6.959233,-5.1993,4.2518744,0.44665116,-28.494144,-2.9072886,0.7955698,-43.575375,-1.5540073,2.9047172,-16.11921,-0.5200056,6.786916,-34.268,-1.3874667,0.55306697,-48.373917,-7.1023808,0.8820273,-22.826553,-5.2924643,12.543998,-36.488003,-4.804352,0.94588876,-50.879368,-2.4348447,-2.6699305,-27.376297,-23.898928,18.155668,-5.947775,9.411476,3.394342,-32.343018,-6.3000574,6.026048,-48.25522,-0.94466865,-5.3677692,-23.318613
40.253277,-64.50031,-28.110575,30.400047,-1.1601212,-13.836826,-7.9153495,7.7502103,-26.155638,9.055871,-6.852734,-5.53215,4.237562,0.7418508,-28.538708,-2.883436,0.79366225,-42.78722,-1.5537995,2.8891644,-15.650661,-0.504058,6.7871485,-34.89831,-1.3824726,0.5532568,-48.756508,-7.095483,0.91203594,-23.415232,-5.226146,12.336423,-36.71869,-4.7673855,0.9626174,-51.34455,-2.4739332,-2.6118155,-27.924038,-23.500378,17.876617,-5.874212,9.301031,3.101797,-31.839277,-6.247681,5.9825196,-48.56486,-0.9672234,-5.284585,-23.626738
41.52355,-66.887314,-28.46162,31.431688,-1.5977323,-14.531897,-8.141535,7.9847136,-27.608463,9.279402,-7.0531473,-6.712483,4.350094,1.3366036,-28.537743,-2.9515972,0.8012316,-46.376236,-1.5655117,2.951556,-17.426569,-0.48265782,7.331029,-37.64082,-1.4081903,0.56523234,-55.337894,-7.672653,1.1799631,-28.351568,-5.345493,13.018214,-40.743664,-4.9700646,1.098283,-58.586067,-2.8195777,-2.4683354,-33.29977,-24.397554,18.508673,-6.0595512,9.504291,3.1761765,-36.355927,-6.584445,6.408321,-56.245556,-1.1775064,-5.3311515,-29.150555
41.84738,-67.13679,-29.271378,31.925766,0.6622635,-13.517813,-8.240898,8.049979,-26.526506,9.604286,-7.1644926,-2.9666,4.357458,1.4322237,-28.630455,-2.9797924,0.8194992,-40.619995,-1.6675483,3.0366526,-12.75472,-0.4835393,7.149197,-40.308136,-1.4161584,0.5583433,-53.264374,-7.6272993,1.0907781,-27.371033,-5.34596,13.029484,-43.696274,-4.9867096,1.079407,-57.714706,-2.781066,-2.5445452,-32.31165,-24.51872,18.570456,-6.0803065,9.388934,3.1507936,-39.64472,-6.639415,6.4458036,-57.09483,-1.176032,-5.3664947,-29.183277
42.834686,-68.44103,-30.365227,32.630295,1.1663358,-13.527606,-8.42963,8.221047,-26.350567,9.933056,-7.3515844,-1.1352967,4.4152956,1.0396546,-29.168804,-3.0276396,0.8311634,-38.62235,-1.7273453,3.1155,-10.706206,-0.5021782,6.9650793,-40.77339,-1.4283985,0.55484885,-51.64432,-7.609087,0.9707249,-25.835405,-5.455949,13.097387,-43.925156,-5.06262,1.0483297,-56.50951,-2.7172513,-2.6863687,-30.838907,-24.992945,18.917194,-6.188762,9.549945,3.241706,-40.006832,-6.73697,6.4894843,-56.422424,-1.137705,-5.51132,-28.132862
42.65201,-67.94341,-30.637678,32.45353,2.0767944,-12.927458,-8.3682785,8.151236,-25.621262,9.9200945,-7.300164,-0.02256316,4.4016795,1.0906705,-29.391712,-3.0076792,0.8308268,-36.944725,-1.730334,3.1000702,-9.917288,-0.4949594,6.919432,-41.364372,-1.4214715,0.5516358,-50.168507,-7.4838524,0.9300527,-25.033934,-5.3908052,13.048356,-44.62804,-5.0020475,1.0121808,-54.847256,-2.6215396,-2.7100813,-29.429028,-24.714207,18.726074,-6.129476,9.35391,3.209528,-41.57157,-6.6564903,6.399888,-55.196915,-1.0942022,-5.4778657,-27.126724
42.151253,-67.065994,-30.304972,32.17676,3.0300994,-12.259337,-8.28967,8.059475,-24.72681,9.884289,-7.2247443,1.2188252,4.3758063,1.1317111,-29.484707,-2.981644,0.82996106,-35.014744,-1.7341104,3.0786867,-8.932092,-0.4885873,6.891378,-41.69909,-1.4129431,0.54828924,-48.22767,-7.3262596,0.88098353,-24.018576,-5.308566,13.034836,-44.95582,-4.923287,0.9718039,-52.910213,-2.5250547,-2.7268536,-28.00392,-24.357775,18.472433,-6.0533714,9.16445,3.3660498,-42.272102,-6.550195,6.2858624,-53.554188,-1.0506287,-5.4293447,-26.001791
39.754784,-63.270885,-28.826826,30.318462,2.777341,-11.623303,-7.836854,7.61283,-23.401974,9.3493805,-6.8254743,1.1627705,4.162001,0.70712394,-28.562492,-2.852924,0.81033075,-33.669506,-1.6586753,2.9253652,-9.001766,-0.5018714,6.285351,-38.609028,-1.3738048,0.54119295,-44.32741,-6.815632,0.7790473,-21.45215,-5.0519147,12.1417885,-41.37206,-4.645806,0.9048631,-48.302143,-2.314895,-2.6602778,-25.176128,-22.940544,17.40958,-5.730995,8.71395,3.117341,-38.55533,-6.146473,5.8727274,-48.623657,-0.9374131,-5.1793237,-22.893515
38.17731,-60.564335,-27.77755,29.134031,3.303971,-10.809718,-7.5121946,7.302885,-22.417095,8.966652,-6.536031,1.2313468,4.038276,0.90404636,-27.90458,-2.7648332,0.79876953,-31.791649,-1.6215513,2.8258197,-8.545081,-0.4862505,6.196572,-37.579014,-1.3458936,0.5361646,-41.64203,-6.460582,0.72882986,-19.757206,-4.8508263,11.728022,-40.0432,-4.4407163,0.84652674,-44.766544,-2.115089,-2.6381228,-22.691572,-21.953762,16.66275,-5.507186,8.343498,2.9729595,-37.33739,-5.83377,5.567289,-44.661076,-0.824294,-5.012908,-20.216085
36.064354,-57.089527,-26.100864,27.836018,4.9881234,-9.308771,-7.1037316,6.904693,-21.0949,8.548799,-6.1848593,2.0095525,3.9270582,0.618904,-29.318417,-2.6530378,0.77997005,-29.711494,-1.5565099,2.6890328,-8.317342,-0.48657766,5.723085,-36.901024,-1.3105568,0.52945983,-36.134724,-5.9203043,0.5958827,-16.486988,-4.5920024,11.187768,-38.36581,-4.159583,0.73819244,-38.730137,-1.8342919,-2.6404722,-18.588156,-20.671738,15.704971,-5.2183175,7.9091215,3.234591,-34.094414,-5.409299,5.112769,-37.865456,-0.6656003,-4.8257346,-15.710743
39.042255,-63.314747,-25.553848,30.922491,5.710491,-10.308199,-8.037399,7.7514067,-21.241991,9.942453,-6.957018,7.418481,4.186557,0.37398714,-28.514332,-2.8762782,0.8212544,-24.61739,-1.7661885,2.9735909,-2.984378,-0.5236926,6.410084,-35.622387,-1.356494,0.5183799,-29.334566,-5.8840036,0.26701143,-10.234666,-5.0734057,12.894832,-37.206024,-4.442019,0.60026705,-32.53524,-1.5738791,-3.1490285,-14.06312,-23.168467,17.52101,-5.7741904,8.965898,5.3378263,-32.681763,-5.7179737,5.338344,-32.974873,-0.48448998,-5.4712315,-11.795066
40.218296,-65.84777,-25.264744,32.082054,6.14151,-10.60511,-8.383258,8.058035,-21.21549,10.44885,-7.2276306,9.248322,4.2813196,0.47128803,-28.265625,-2.9554687,0.83704066,-22.398138,-1.845739,3.0698893,-1.4557494,-0.52190506,7.030624,-35.68101,-1.3692234,0.5125765,-26.250238,-5.8435373,0.16881827,-7.809663,-5.2058816,14.017922,-37.61449,-4.5151386,0.53704494,-29.389433,-1.4331217,-3.336089,-11.921573,-24.111244,18.20579,-5.9730253,9.2905445,6.7046947,-33.207108,-5.768743,5.3895392,-29.90611,-0.381132,-5.710856,-9.529187
40.646324,-66.97844,-25.261816,32.613514,6.2395377,-10.773231,-8.54412,8.18712,-20.84068,10.68712,-7.3289843,10.389535,4.308609,0.54603416,-28.094303,-2.9851644,0.84156144,-21.634653,-1.8729768,3.0981796,-1.1342347,-0.5231787,7.28767,-35.795727,-1.3715008,0.5094729,-25.031506,-5.7970295,0.13530856,-6.805548,-5.251626,14.446074,-38.17252,-4.533488,0.51145434,-28.066895,-1.3552377,-3.4043188,-10.987171,-24.505482,18.47106,-6.0457587,9.378876,7.1699557,-34.36046,-5.7627735,5.3982797,-28.661013,-0.31440163,-5.8036914,-8.482353
36.443703,-60.265026,-22.156136,29.350805,4.613612,-10.309514,-7.8232136,7.463715,-18.640541,9.658022,-6.666281,8.317446,3.9499853,0.66772795,-24.787048,-2.7850156,0.80954885,-21.500273,-1.731394,2.8598993,-2.550097,-0.51210195,6.88541,-32.02483,-1.3224092,0.50967884,-24.452364,-5.490444,0.2231729,-8.149182,-4.8090296,13.370488,-34.56914,-4.1940837,0.5487784,-28.045717,-1.4754512,-3.0343752,-12.626477,-22.224012,16.780136,-5.5343184,8.582738,6.9095306,-30.478155,-5.361817,5.0444555,-28.211477,-0.43345237,-5.254238,-10.200932
36.377274,-59.984547,-22.139595,28.963375,3.0736926,-11.017243,-7.813461,7.4383197,-18.698818,9.505207,-6.6307178,6.6041946,3.912079,0.29104674,-24.426872,-2.772143,0.80317515,-24.381605,-1.6821082,2.835617,-4.448558,-0.5237525,6.681905,-31.396404,-1.3272555,0.51776063,-28.093502,-5.7707577,0.3401616,-11.212459,-4.812879,13.163968,-33.864063,-4.251693,0.6239526,-32.123558,-1.7387226,-2.8857188,-16.274971,-22.117609,16.748844,-5.521344,8.620946,6.689898,-29.540024,-5.506602,5.1866627,-32.503296,-0.6013294,-5.169221,-13.911629
37.028496,-59.621136,-25.155937,28.007338,-0.54909897,-12.660839,-7.6705604,7.320145,-19.795794,8.975848,-6.515814,1.1557138,3.8086846,-0.26980257,-23.237083,-2.738412,0.7874755,-30.25267,-1.5527959,2.757017,-9.911969,-0.5319035,6.6546106,-28.03285,-1.3267102,0.5262347,-32.27132,-6.0252943,0.45616084,-14.314465,-4.7847795,12.990201,-30.48077,-4.2827954,0.6574184,-35.163868,-1.9104642,-2.7653308,-18.414282,-21.844475,16.585903,-5.466441,8.541674,6.181147,-28.338947,-5.60153,5.213535,-35.267456,-0.72308886,-5.065343,-16.574537
35.09768,-56.646152,-22.808222,25.806437,-5.9027944,-14.72668,-7.238793,6.9477763,-20.392725,8.274549,-6.2302504,-3.069952,3.4253798,-1.214855,-16.82357,-2.6318362,0.7782034,-29.14262,-1.5133922,2.6676574,-9.884472,-0.59231377,6.117052,-16.610458,-1.2926927,0.51997435,-27.095242,-5.591962,0.22755605,-10.164533,-4.7188725,11.85112,-16.804905,-4.0694284,0.5542226,-28.688625,-1.8016968,-2.787929,-15.567402,-20.869934,15.877339,-5.2383876,8.743066,6.519501,-13.511393,-5.2989936,4.8342032,-28.431036,-0.68532604,-4.9068108,-14.721125
34.083385,-55.95052,-19.259106,25.665834,-6.477625,-15.0017395,-7.269,6.950357,-19.837229,8.283771,-6.201028,-2.706882,3.3621902,-1.1915141,-14.963668,-2.632275,0.78193605,-25.899818,-1.5681516,2.6871042,-7.1366467,-0.5994711,6.3692694,-13.793027,-1.285231,0.5144281,-21.983667,-5.3274107,0.104594566,-6.706865,-4.734851,12.060998,-12.959128,-3.9983537,0.50774133,-24.855738,-1.6948853,-2.8636668,-13.492512,-20.89586,15.860603,-5.2341175,9.031132,7.600598,-6.461567,-5.1390557,4.6933517,-23.050556,-0.6007111,-4.953786,-11.744829
34.14582,-56.56279,-18.307348,26.130697,-5.893997,-14.868513,-7.3672676,7.048881,-20.153732,8.419979,-6.284574,-2.6133733,3.4267356,-0.9316422,-15.42022,-2.6638393,0.78424084,-26.02852,-1.5912582,2.7212634,-7.055544,-0.5950912,6.606617,-14.663564,-1.2919894,0.51642764,-22.045908,-5.408004,0.12518027,-6.8247123,-4.78627,12.403017,-13.648904,-4.039869,0.5128868,-25.11664,-1.7295223,-2.882604,-14.041852,-21.187,16.078463,-5.307516,9.18101,8.085183,-5.998185,-5.1836586,4.758092,-22.798811,-0.61425436,-5.0157623,-11.967643
35.22504,-58.6954,-18.147188,27.58488,-4.3014836,-14.550438,-7.573413,7.3088665,-22.042652,8.740181,-6.515589,-2.9785595,3.6495137,-0.51145315,-18.282066,-2.7526903,0.7923236,-27.765915,-1.6388298,2.8164413,-7.239863,-0.5914388,6.7499976,-17.109465,-1.3153763,0.5194845,-23.01449,-5.568553,0.117126204,-6.772984,-4.990987,12.617069,-15.219944,-4.1919546,0.5275913,-26.287668,-1.7458864,-3.0017767,-14.151697,-22.054445,16.74193,-5.521066,9.620335,7.922814,-5.2156076,-5.3443236,4.9042153,-22.692524,-0.5804726,-5.239467,-11.341699
38.568916,-64.27378,-20.087446,30.872766,-1.0518892,-14.080674,-8.180837,7.9354153,-24.618883,9.586003,-7.0664787,-2.1093535,4.1252217,0.051624127,-25.04757,-2.9401734,0.8152802,-31.61333,-1.7325472,3.0147321,-8.080164,-0.57896936,7.2908807,-24.961002,-1.3685071,0.5269991,-27.540672,-6.1040173,0.19007188,-8.750055,-5.3375773,13.854857,-22.705627,-4.557763,0.6105733,-31.487038,-1.9021711,-3.1770568,-16.448347,-24.076937,18.209599,-5.976764,10.312848,8.286135,-9.476201,-5.770048,5.3283753,-25.8054,-0.5754894,-5.6836147,-11.5309515
35.583298,-59.898716,-18.110064,29.709148,2.8029003,-11.366585,-7.881364,7.552434,-20.66698,9.219688,-6.6221647,0.05020246,4.170119,1.79239,-29.450947,-2.835608,0.80020267,-31.59824,-1.6711895,2.8818245,-8.937275,-0.47628343,7.975591,-35.0998,-1.346561,0.5292634,-33.11572,-6.1777916,0.45735794,-14.770093,-4.8630433,14.461169,-35.581284,-4.43426,0.82514,-39.780743,-2.2547736,-2.721482,-22.814318,-22.570717,17.076466,-5.6439767,9.258992,8.640426,-20.522585,-5.5220942,5.2213244,-30.637215,-0.6395253,-5.3035226,-14.215832
36.385513,-62.76011,-14.757221,31.54005,2.6994288,-12.059708,-8.22674,7.938001,-23.72625,9.2266445,-6.7554736,-6.3795657,4.5694404,3.416252,-35.77906,-2.9524674,0.79012966,-43.830044,-1.6047871,2.9152758,-16.962112,-0.40129286,9.506121,-40.593544,-1.3785722,0.5442009,-41.970036,-6.75239,0.741486,-19.428673,-5.058706,16.050222,-40.005817,-4.71984,1.0398558,-48.81983,-2.6108956,-2.6274917,-28.615362,-23.886408,18.082785,-5.9536552,10.085502,9.906233,-16.723202,-5.6070547,5.390438,-30.586437,-0.5557899,-5.6226244,-13.680084
42.574146,-73.228485,-17.491547,36.551903,2.452105,-14.262972,-9.226804,9.033081,-31.334524,9.899204,-7.554988,-16.429459,5.4135942,5.194497,-46.880432,-3.2799318,0.7988333,-63.33581,-1.5671233,3.1447544,-30.013706,-0.3346391,11.86463,-49.619556,-1.469789,0.5723522,-55.927822,-8.063478,1.1048113,-26.712269,-5.7152123,19.210209,-47.96058,-5.431954,1.2656496,-61.610806,-3.105332,-2.7967463,-36.054817,-27.674099,20.925741,-6.8262486,11.751234,11.793971,-17.16916,-6.2864738,6.0720153,-33.567814,-0.54081756,-6.463848,-14.805938
43.471565,-75.250824,-16.868101,37.711227,2.6635492,-14.619409,-9.593129,9.351432,-30.81796,10.406941,-7.83174,-14.171823,5.482666,5.052877,-45.97703,-3.3601568,0.8150159,-60.592186,-1.6541507,3.2588875,-27.225643,-0.35721567,11.988939,-48.606247,-1.4875934,0.56735814,-52.98251,-8.061989,0.9662892,-24.357603,-5.9086013,19.60864,-46.696583,-5.5443397,1.2222688,-59.56258,-3.051905,-2.9746015,-34.658115,-28.528973,21.580347,-7.0223994,12.195984,12.332839,-15.248469,-6.42827,6.1694784,-32.11234,-0.5022347,-6.687286,-13.771586
43.220417,-74.700645,-17.185978,37.224564,2.1512606,-14.691339,-9.359971,9.204102,-32.63107,10.071515,-7.7124476,-16.936668,5.473534,5.12769,-46.40237,-3.3299,0.8039964,-63.781097,-1.5964055,3.2039936,-30.120977,-0.3572944,11.854432,-47.54943,-1.4788885,0.5693642,-54.0278,-8.03353,0.9870284,-24.76481,-5.875696,19.21354,-44.855865,-5.488048,1.1909783,-58.70142,-2.9808407,-2.9809222,-33.822895,-28.19451,21.353735,-6.9621305,12.152864,12.046845,-13.571237,-6.3402233,6.0598087,-30.74735,-0.47452694,-6.642321,-13.266794
40.87687,-69.83551,-17.839478,34.517193,1.3793886,-13.991237,-8.542826,8.493945,-33.09888,9.038402,-7.13982,-20.12545,5.2189302,4.969357,-45.504158,-3.147936,0.7748825,-65.127625,-1.4583845,2.9928048,-32.579453,-0.34997034,11.140555,-45.455723,-1.433182,0.568843,-54.41037,-7.723092,1.0328054,-25.7788,-5.4989467,17.858294,-42.57715,-5.176553,1.1597023,-57.21285,-2.8795693,-2.7836294,-32.618614,-26.16914,19.8474,-6.5117764,11.314676,11.001394,-13.1504545,-5.9681745,5.6796694,-29.536463,-0.48528868,-6.2034264,-13.109859
37.646248,-63.93571,-17.406307,31.262358,0.09941846,-13.41601,-7.8036757,7.7703567,-31.184843,8.169028,-6.5490456,-20.439571,4.8354945,4.4586105,-42.10017,-2.9478855,0.7507073,-63.232567,-1.3386858,2.7652948,-33.04493,-0.34929976,10.331874,-42.21796,-1.3830994,0.5666838,-53.343143,-7.352358,1.118954,-26.61495,-5.0661597,16.495426,-40.274414,-4.810004,1.1289243,-55.280178,-2.812009,-2.4943035,-32.36073,-23.917704,18.170204,-6.0079956,10.294208,10.105715,-14.381795,-5.599892,5.363944,-30.219204,-0.5698067,-5.657577,-14.766202
35.651783,-60.681602,-16.060759,29.673296,-0.19819316,-12.919242,-7.463376,7.4208026,-29.592833,7.8334465,-6.2560854,-19.015682,4.6046767,4.143585,-39.230274,-2.8451343,0.7419881,-60.005947,-1.3113132,2.6640167,-31.197786,-0.35832873,9.809797,-39.57837,-1.3546233,0.5616594,-50.820934,-7.014909,1.095758,-25.342999,-4.866135,15.617765,-37.83009,-4.595781,1.0846673,-52.47216,-2.6819851,-2.399024,-30.82663,-22.740978,17.319715,-5.7490525,9.829832,9.550246,-13.804067,-5.363412,5.1556015,-29.362982,-0.56553996,-5.3973465,-14.481901
35.792812,-60.907166,-16.08266,29.874308,0.17761862,-12.816394,-7.5206614,7.464465,-29.4269,7.943327,-6.301136,-18.275654,4.6174955,4.123601,-39.304245,-2.856417,0.7451103,-59.413906,-1.3264616,2.6808455,-30.51835,-0.35794437,9.7945595,-40.2612,-1.3587798,0.562715,-51.137142,-7.066697,1.1210128,-25.630661,-4.883319,15.669822,-38.729103,-4.6202455,1.0998244,-53.216057,-2.7212062,-2.3821096,-31.498894,-22.881405,17.409462,-5.7739325,9.8411455,9.448851,-14.705347,-5.4158,5.2247725,-30.589714,-0.5961784,-5.40188,-15.164526
36.036366,-61.524677,-15.673317,30.204031,0.03302005,-13.005777,-7.6289535,7.5576615,-29.234741,8.063556,-6.3717375,-17.880445,4.6338663,4.0407434,-39.007378,-2.8785372,0.7495608,-58.591618,-1.3516937,2.7145803,-29.650515,-0.36625051,9.834521,-39.543953,-1.3626542,0.55986786,-49.81532,-7.03572,1.0527276,-24.532778,-4.9447455,15.772186,-37.62474,-4.6489773,1.0802572,-52.185337,-2.6873214,-2.4539425,-30.668844,-23.12966,17.603552,-5.8297057,10.022714,9.691258,-13.004176,-5.4303203,5.214802,-29.262184,-0.55918837,-5.4832816,-14.255495
35.450134,-61.05485,-14.362822,30.068043,0.2058695,-12.824943,-7.669527,7.563058,-27.839096,8.227085,-6.386007,-15.145476,4.548127,3.6531224,-37.01782,-2.8707461,0.7551769,-54.275093,-1.4029026,2.7348473,-26.340912,-0.39192954,9.491688,-37.042713,-1.3553609,0.551129,-45.111713,-6.740921,0.88059896,-21.182732,-4.96328,15.41282,-34.6958,-4.578105,0.9951024,-47.716167,-2.5053744,-2.5675335,-27.69383,-22.977972,17.522377,-5.803203,10.064878,9.748106,-10.569751,-5.3439336,5.0970078,-26.206636,-0.4863497,-5.504026,-12.283359
36.809937,-63.108086,-15.823153,30.850065,-0.47388917,-13.490197,-7.770287,7.7101502,-30.183098,8.158976,-6.4796524,-18.951887,4.70441,3.8906198,-39.621418,-2.9192512,0.75254285,-60.128937,-1.36958,2.754539,-30.449638,-0.37616423,9.883598,-39.094822,-1.3721169,0.5622159,-50.36083,-7.0961065,1.0243502,-24.03812,-5.073823,15.847823,-36.255795,-4.723654,1.0734847,-52.2527,-2.6642869,-2.5403948,-30.199108,-23.647646,17.991064,-5.946967,10.352449,9.756577,-10.886659,-5.4979286,5.267228,-28.585865,-0.523535,-5.6157293,-13.584876
35.79182,-61.298244,-15.352011,29.991457,-0.529318,-13.148451,-7.5939145,7.5240946,-28.887356,8.005036,-6.3400507,-17.604168,4.5537047,3.5619442,-37.519886,-2.8620377,0.75024617,-56.604256,-1.3740988,2.717286,-28.157366,-0.39198875,9.456951,-36.68911,-1.3553967,0.55655664,-47.172142,-6.8252296,0.9160994,-22.122608,-4.976862,15.22331,-33.673855,-4.596077,1.0127505,-49.121998,-2.544227,-2.5488682,-28.259174,-22.991655,17.502525,-5.797512,10.1217575,9.354941,-9.432886,-5.36521,5.1062665,-27.011349,-0.5045341,-5.489957,-12.729452
36.01859,-61.205315,-16.206894,30.136757,0.8127336,-12.51499,-7.54107,7.4863567,-29.434229,7.9574356,-6.303205,-18.034418,4.641096,4.041276,-39.933773,-2.8617094,0.74754035,-58.428226,-1.3524253,2.7000155,-29.285519,-0.36142763,9.612604,-40.76764,-1.3603857,0.5627892,-50.702137,-7.0104437,1.0700978,-24.695639,-4.9144316,15.411017,-38.353577,-4.6327024,1.1036484,-53.035152,-2.687606,-2.4220908,-30.781607,-22.979551,17.446703,-5.7824807,9.932831,9.030439,-13.422785,-5.4031544,5.199848,-30.051441,-0.55852646,-5.433587,-14.124824
35.504986,-59.81613,-17.216164,29.294182,0.8195292,-12.211917,-7.3222294,7.2777944,-29.140991,7.6876326,-6.1383605,-18.396198,4.5630064,4.1007743,-39.629932,-2.80828,0.74290264,-58.360443,-1.3208365,2.6415086,-29.359798,-0.34495777,9.4755535,-41.90641,-1.3518381,0.5666647,-52.859806,-7.0478296,1.1862324,-26.595583,-4.768475,15.129932,-40.39478,-4.5706534,1.1545374,-55.239704,-2.7603114,-2.2723572,-32.229572,-22.38476,16.974941,-5.642441,9.531239,8.503192,-16.66654,-5.368202,5.207339,-32.828278,-0.63926786,-5.243973,-15.860853
35.56934,-60.232918,-16.377123,29.50975,0.34559047,-12.557239,-7.464241,7.388063,-28.438932,7.919633,-6.2423906,-16.683666,4.529102,3.8830097,-37.642735,-2.829585,0.7501197,-55.928074,-1.3625147,2.6840699,-27.235956,-0.3636539,9.459426,-39.742226,-1.354361,0.56173855,-50.1554,-6.956152,1.0808975,-24.65048,-4.8414845,15.187636,-38.239994,-4.5819807,1.1044002,-52.878357,-2.6855037,-2.3689656,-30.828382,-22.62795,17.179352,-5.700857,9.701376,8.83485,-15.0364485,-5.399535,5.2114816,-31.498798,-0.61593264,-5.320145,-15.203344
37.018208,-62.577995,-17.631283,30.62584,0.70157075,-12.844708,-7.6968966,7.623227,-29.748354,8.086701,-6.413345,-18.59743,4.742072,4.472761,-40.822548,-2.902062,0.75341904,-60.600113,-1.3472476,2.72841,-30.47919,-0.330383,10.174548,-43.882618,-1.3780066,0.57081985,-55.21239,-7.389777,1.2721765,-28.166172,-4.939178,16.156532,-43.03551,-4.7597613,1.2036511,-58.125385,-2.9045327,-2.3106241,-34.325264,-23.431562,17.780607,-5.884447,9.899606,9.232338,-18.70141,-5.604261,5.459165,-34.750828,-0.67752904,-5.451594,-17.069921
37.579964,-63.391888,-18.270765,30.928207,0.30144185,-13.210299,-7.7489324,7.6932898,-30.837435,7.9951,-6.4396276,-21.227226,4.8545666,5.0363855,-42.45983,-2.9288206,0.74887556,-65.26198,-1.2957813,2.7194545,-34.247467,-0.2964916,10.796544,-46.257034,-1.3898325,0.57935476,-59.94235,-7.7497673,1.4764059,-31.953066,-4.9511566,16.829569,-46.224724,-4.856223,1.2864032,-62.629124,-3.1078827,-2.1959057,-37.647575,-23.71769,18.009266,-5.959947,9.92085,9.548209,-21.576412,-5.730525,5.6251216,-37.92187,-0.7653326,-5.463664,-19.438309
37.17184,-63.560463,-16.012756,31.348927,0.9877197,-12.951814,-7.8893557,7.8050213,-29.817678,8.319691,-6.550899,-18.289892,4.817937,4.7367644,-41.01814,-2.950853,0.7573953,-60.702423,-1.3695307,2.7781918,-30.82434,-0.33299226,10.526809,-43.08591,-1.3852451,0.566046,-53.14993,-7.370824,1.1859477,-26.837624,-5.045419,16.6677,-41.89038,-4.8080473,1.1548443,-56.01637,-2.855777,-2.4279923,-33.398685,-23.89219,18.181824,-6.0072865,10.224607,10.037578,-16.299469,-5.6188784,5.4370008,-31.923185,-0.60552907,-5.617824,-15.667849
37.52563,-63.71362,-17.267233,31.233332,0.6265148,-13.116137,-7.796757,7.7456455,-31.104095,8.019149,-6.4554906,-21.808804,4.913068,5.3021073,-43.472675,-2.9441442,0.74696994,-66.47154,-1.2856396,2.72081,-35.55563,-0.28927457,11.041021,-46.39512,-1.3901689,0.57732034,-59.37643,-7.724107,1.454385,-31.541826,-4.978289,17.11138,-45.92448,-4.8612432,1.2683876,-61.756985,-3.076178,-2.2356844,-37.2809,-23.85147,18.142519,-5.999965,10.061709,9.949033,-20.166283,-5.6784887,5.5655704,-35.839153,-0.69877625,-5.5375457,-18.236734
35.40725,-60.024334,-16.456963,29.264791,-0.3283073,-12.8361435,-7.3732104,7.320607,-29.390406,7.560952,-6.1175995,-21.023188,4.6353,4.9181952,-40.002632,-2.8199465,0.7346632,-63.334705,-1.2415442,2.600531,-34.147243,-0.30419636,10.44438,-42.582172,-1.355963,0.57198435,-56.495552,-7.3502817,1.3879896,-30.201078,-4.7385073,16.121761,-42.52808,-4.6204877,1.2164829,-58.5446,-2.9594615,-2.130484,-35.603153,-22.481249,17.127327,-5.6903834,9.510068,9.4683275,-19.0917,-5.424467,5.313209,-34.64224,-0.71417665,-5.232782,-18.184114
34.289257,-57.804768,-16.443275,28.115429,-0.4713068,-12.4433775,-7.0757556,7.045872,-28.91844,7.263318,-5.902727,-20.70375,4.4953303,4.587684,-38.92434,-2.7449646,0.72708917,-62.111732,-1.2115768,2.523545,-33.637245,-0.31265575,9.87483,-41.4104,-1.3366225,0.5699595,-55.74483,-7.146329,1.3869131,-29.899237,-4.5991516,15.26741,-41.23683,-4.4771633,1.1933259,-57.209766,-2.8771234,-2.0548258,-34.709587,-21.625874,16.489807,-5.4994144,9.142269,8.688381,-19.18446,-5.2760944,5.1815133,-34.67272,-0.7246623,-5.0347023,-18.245508
33.26832,-54.482548,-19.257786,26.404345,0.20420444,-11.398941,-6.569629,6.5688767,-28.131168,6.826624,-5.5908575,-19.124315,4.2691655,3.5349026,-38.80451,-2.6198664,0.72176725,-59.02333,-1.1838522,2.4195068,-31.467205,-0.33754438,8.410572,-42.62438,-1.3135618,0.57013035,-56.941807,-6.9902086,1.4565196,-31.473335,-4.349231,13.567889,-42.768665,-4.294308,1.2208996,-58.580463,-2.8751767,-1.8536792,-35.11843,-20.259771,15.393563,-5.1683717,8.3402,6.5617595,-23.526705,-5.1957383,5.14154,-39.80865,-0.8680284,-4.635357,-20.858034
33.512836,-55.170887,-19.033466,26.805468,0.40458494,-11.464755,-6.711063,6.691867,-27.807392,7.08943,-5.718332,-17.344011,4.261186,3.4847658,-37.20964,-2.6502137,0.7303597,-57.379578,-1.2258723,2.4703064,-29.772596,-0.3464511,8.309088,-42.659885,-1.3237314,0.5702834,-57.339874,-7.131295,1.5014884,-32.253017,-4.42776,13.477342,-43.383827,-4.35651,1.2277946,-59.568676,-2.9462867,-1.8427997,-36.201385,-20.551813,15.630069,-5.2420373,8.402362,6.173621,-25.456459,-5.3672833,5.336466,-43.183033,-0.97260714,-4.6433992,-23.30489
34.590225,-57.37676,-18.837393,28.084372,1.2943304,-11.496255,-7.042827,6.9930987,-27.923117,7.460516,-5.9519277,-16.787146,4.416705,3.9293966,-38.366737,-2.7352743,0.7419156,-56.894054,-1.2880172,2.5730383,-28.888887,-0.32667297,8.974122,-44.776943,-1.3460196,0.57239246,-57.626144,-7.32382,1.4856992,-32.243797,-4.5617266,14.45141,-45.44824,-4.503804,1.2407315,-60.388622,-3.0005434,-1.95028,-36.56498,-21.435314,16.27864,-5.442085,8.762462,7.0758886,-25.820942,-5.509389,5.4521475,-42.93,-0.93892336,-4.8629694,-22.804094
34.685535,-57.384155,-19.28803,27.878042,0.40392482,-11.883556,-6.947801,6.935027,-29.137316,7.163514,-5.8646297,-20.118975,4.45308,4.227731,-39.062424,-2.7256403,0.7319623,-61.697483,-1.2089834,2.5205836,-32.960327,-0.30543208,9.168004,-45.70992,-1.3495336,0.5816656,-62.342396,-7.6453714,1.7159065,-36.19501,-4.545478,14.433131,-46.608467,-4.542668,1.3165331,-64.71374,-3.206504,-1.7776492,-39.94353,-21.345163,16.245996,-5.436087,8.706273,6.663465,-27.321783,-5.607373,5.6013684,-46.897804,-1.0762221,-4.7658873,-26.07502
36.130314,-60.67432,-18.129377,29.494713,-0.4466451,-12.967794,-7.3417664,7.344423,-31.164762,7.3309097,-6.095287,-24.397861,4.7409296,5.093493,-41.872787,-2.839509,0.72917795,-68.53776,-1.1771816,2.5817416,-38.171585,-0.2657519,10.508899,-46.49148,-1.3754158,0.5891461,-64.6756,-7.982486,1.7906698,-37.048027,-4.7758617,15.940569,-46.61977,-4.748984,1.339535,-66.15912,-3.2973468,-1.8863859,-41.132587,-22.641678,17.26408,-5.747256,9.445463,8.16664,-23.807123,-5.7194424,5.6877604,-43.701527,-0.97737145,-5.1119695,-24.240469
37.368717,-62.59074,-18.937008,30.527086,0.12736717,-13.081149,-7.5251513,7.547113,-32.42383,7.539423,-6.2697787,-25.09199,4.883858,5.096263,-44.20369,-2.9014,0.7351045,-70.016815,-1.2044564,2.6476147,-38.678886,-0.2698506,10.622265,-48.16533,-1.3916146,0.5910626,-65.27935,-8.101366,1.7573509,-36.823925,-4.9100413,16.278284,-47.53529,-4.8632746,1.3448066,-66.78654,-3.30755,-1.9915144,-41.061127,-23.370836,17.77319,-5.8997865,9.777046,8.356762,-22.898067,-5.820127,5.7557592,-42.95846,-0.9296346,-5.294306,-23.221704
36.192497,-60.71658,-18.122927,29.600388,-0.35416162,-12.971995,-7.4273267,7.400935,-30.215849,7.571621,-6.194744,-21.710886,4.6573715,4.245755,-40.2661,-2.848812,0.739706,-63.807526,-1.2470813,2.6375895,-34.13857,-0.30820206,9.894843,-44.47237,-1.3759729,0.5819358,-60.492558,-7.794565,1.6128582,-34.13012,-4.838814,15.477869,-43.948116,-4.732572,1.2633694,-62.709557,-3.1730998,-2.0187032,-38.71718,-22.745665,17.309391,-5.758828,9.560886,7.989766,-21.284227,-5.744475,5.6555896,-42.253838,-0.95440066,-5.1567,-23.12244
36.43979,-61.609215,-17.044846,30.357885,1.0094235,-12.493677,-7.6044903,7.551233,-29.48093,7.9398975,-6.3435936,-18.844755,4.690215,4.1511354,-40.342587,-2.8847122,0.75080425,-59.418987,-1.3370744,2.7164986,-30.300766,-0.33086002,9.834331,-43.43134,-1.3768692,0.5716139,-54.663673,-7.4570665,1.3170313,-29.061684,-4.925592,15.641539,-41.870316,-4.726217,1.1653527,-57.35838,-2.9421856,-2.2685843,-34.6087,-23.122221,17.583344,-5.8321686,9.849136,8.62504,-17.51201,-5.64744,5.4788146,-36.184772,-0.76261723,-5.3581214,-18.576637
35.84168,-60.511112,-16.84798,29.85379,1.1913676,-12.199116,-7.5178466,7.4518027,-28.437317,7.948245,-6.292703,-16.804308,4.5731983,3.9312441,-38.068962,-2.853726,0.75402665,-55.584656,-1.3673301,2.7133882,-27.397438,-0.34268206,9.471496,-42.107357,-1.3688686,0.567804,-52.627132,-7.317564,1.2641793,-28.048775,-4.873951,15.152343,-40.789856,-4.655333,1.1303681,-55.604618,-2.8821716,-2.264092,-33.584934,-22.738491,17.300528,-5.7464266,9.6630945,8.170292,-17.955923,-5.6238008,5.452713,-36.760723,-0.79762554,-5.2581716,-19.091988
35.04234,-58.685448,-17.948612,28.716322,0.72793335,-12.003333,-7.1693735,7.149651,-29.159872,7.393512,-6.0147634,-20.001,4.538668,4.404783,-39.105274,-2.7802377,0.736955,-60.397026,-1.2537324,2.5903947,-31.844183,-0.30448845,9.593588,-44.294624,-1.3572161,0.57722527,-58.634693,-7.5435247,1.5473988,-33.047886,-4.67358,14.958813,-44.094418,-4.5936522,1.2382491,-60.90416,-3.082707,-1.9787474,-37.39092,-21.922476,16.697145,-5.572066,9.149662,7.5278926,-22.603191,-5.5828223,5.494081,-41.501602,-0.93543506,-4.9901175,-22.539698
35.6997,-59.361294,-19.423416,28.838627,0.47376168,-12.217866,-7.088417,7.127781,-31.342762,7.075738,-5.941535,-24.61152,4.692426,5.0941,-42.763535,-2.7885733,0.7245329,-68.0749,-1.157809,2.534723,-37.99958,-0.25678468,10.16141,-48.325043,-1.3657131,0.590676,-65.969986,-7.9561243,1.845819,-38.22468,-4.642256,15.457559,-48.624035,-4.6768684,1.3620187,-67.25124,-3.312589,-1.7938206,-41.60017,-22.054852,16.782022,-5.6059465,9.074522,7.393765,-26.292246,-5.657442,5.641547,-45.237133,-1.0146399,-4.9528503,-24.903805
36.081688,-59.759003,-20.02465,28.856844,-0.4948269,-12.761778,-7.027833,7.1108155,-33.236702,6.771535,-5.8637133,-29.235582,4.8205066,5.7816687,-45.615612,-2.7930932,0.70807004,-76.6898,-1.039223,2.458713,-45.252415,-0.21073884,10.8806505,-51.333485,-1.3714573,0.6041142,-73.275955,-8.376392,2.172825,-43.749035,-4.6060166,16.121225,-52.63337,-4.7490525,1.483754,-73.64347,-3.5664222,-1.5742997,-46.29777,-22.161861,16.884537,-5.6404166,8.987731,7.5719075,-30.058247,-5.72822,5.806653,-49.15964,-1.1126294,-4.899788,-27.948069
36.815365,-60.591347,-21.146645,29.126955,-0.79384726,-13.064496,-7.0428433,7.151701,-34.506474,6.657877,-5.8737874,-31.90897,4.9392376,6.243106,-47.95401,-2.8118706,0.7021537,-81.472626,-0.98507994,2.4400847,-48.933464,-0.18350309,11.387314,-53.659054,-1.3791387,0.61128634,-77.26277,-8.622178,2.3134053,-46.404118,-4.607569,16.702475,-55.418472,-4.823242,1.5550873,-77.21911,-3.695488,-1.5041223,-48.48336,-22.42127,17.061174,-5.6961946,8.998148,7.8612323,-32.21358,-5.7838283,5.889318,-50.54969,-1.1343601,-4.9336886,-28.73373
36.24053,-60.346073,-19.096172,29.289652,-0.1627127,-12.7347975,-7.1390886,7.2111416,-33.19898,6.8985567,-5.9347014,-28.988897,4.86804,5.812853,-46.135056,-2.821754,0.7124928,-75.73478,-1.0703924,2.4983633,-44.39329,-0.21618907,11.052434,-50.567112,-1.3743007,0.6000868,-70.67862,-8.247026,2.0355303,-41.412155,-4.6667814,16.43893,-50.9884,-4.761592,1.4378725,-71.029175,-3.461853,-1.7102878,-44.390587,-22.454205,17.09866,-5.7054687,9.252463,8.283241,-26.624693,-5.6605654,5.6878605,-45.198475,-0.99118745,-5.042651,-25.151735
36.370346,-60.67611,-19.038004,29.487041,0.124893725,-12.643041,-7.200668,7.2594123,-32.850876,6.985591,-5.9728417,-28.369005,4.8838644,5.9054904,-46.11005,-2.832847,0.71610576,-74.74545,-1.0892835,2.5191972,-43.602936,-0.21445273,11.152468,-50.71232,-1.3764861,0.5980698,-69.84973,-8.224284,1.9933531,-40.825653,-4.6800337,16.59446,-51.09709,-4.7728524,1.4261047,-70.3681,-3.4400184,-1.7506523,-43.909454,-22.557358,17.176456,-5.727681,9.294356,8.451873,-26.582302,-5.663104,5.675059,-44.462498,-0.96649754,-5.0823708,-24.567629
35.191414,-58.452232,-19.0988,28.26714,-0.11146881,-12.287416,-6.8996882,6.973921,-32.31292,6.6208096,-5.735874,-28.727673,4.7513795,5.9631333,-44.923992,-2.7544708,0.7067821,-74.314804,-1.0458027,2.4324396,-43.85257,-0.20825085,10.9100485,-49.81823,-1.3571517,0.5978675,-70.06911,-8.066015,2.0184927,-41.170124,-4.5073543,16.055239,-50.57091,-4.63879,1.429857,-70.13965,-3.4033914,-1.643549,-43.731308,-21.676788,16.513124,-5.5305395,8.878981,7.9599757,-27.49462,-5.511932,5.5447445,-44.81802,-0.9851819,-4.8747177,-24.939186
34.95532,-58.658226,-17.48379,28.543036,0.1937963,-12.148616,-6.9965363,7.0484333,-31.385319,6.7953625,-5.792599,-26.921183,4.7109084,5.821256,-43.382133,-2.7619843,0.71268684,-70.568634,-1.1012661,2.4736624,-41.035446,-0.23215553,10.838891,-46.628708,-1.3509498,0.58723783,-64.35554,-7.7263546,1.7492099,-36.5886,-4.5668926,15.982758,-46.309654,-4.590206,1.3150135,-64.31743,-3.1737268,-1.854057,-39.77554,-21.78408,16.615744,-5.5511265,9.130228,8.413853,-22.525284,-5.3886676,5.3362894,-39.072964,-0.82772577,-5.0025015,-21.13127
36.046494,-60.5612,-17.928843,29.422852,0.03055124,-12.613324,-7.181361,7.2448153,-32.758015,6.872465,-5.909928,-29.408476,4.906558,6.565772,-46.17445,-2.8198328,0.71079624,-75.83914,-1.0651076,2.4913018,-45.181282,-0.19972706,11.712002,-49.049442,-1.36513,0.59171873,-67.694916,-7.9894724,1.8529419,-38.61398,-4.6453233,17.031893,-49.03198,-4.713733,1.368877,-67.11808,-3.2772653,-1.8595746,-41.583298,-22.46778,17.14044,-5.7084093,9.369509,9.230137,-23.967186,-5.4612164,5.426541,-38.89516,-0.7899202,-5.1655273,-20.94091
36.5786,-61.326744,-18.517675,29.740465,0.037058055,-12.753426,-7.2308445,7.3034086,-33.450584,6.8997602,-5.9578614,-30.297724,4.9725738,6.676979,-47.355286,-2.8393106,0.71063304,-77.758835,-1.0574062,2.5020351,-46.348248,-0.19278792,11.853356,-50.334156,-1.3718498,0.59561694,-69.75817,-8.119968,1.9087867,-39.72517,-4.6767807,17.258553,-50.41913,-4.7727566,1.4106203,-69.17886,-3.3502164,-1.8375365,-42.76756,-22.732998,17.315132,-5.7617536,9.435522,9.273843,-24.932875,-5.5225673,5.5029955,-40.087997,-0.80879736,-5.2047386,-21.523657
36.404255,-60.48752,-19.583725,29.217283,-0.24904141,-12.745512,-7.094599,7.1709895,-33.55047,6.7552395,-5.876013,-30.534143,4.9138546,6.3630447,-47.285748,-2.811812,0.7080064,-78.328674,-1.0349909,2.4687555,-46.448044,-0.1873501,11.506269,-52.20503,-1.373291,0.6039452,-73.50384,-8.344878,2.1191077,-43.046314,-4.597128,16.914131,-53.246284,-4.7762785,1.5030445,-73.603386,-3.545562,-1.6309583,-45.887775,-22.416042,17.04564,-5.685462,9.139226,8.615585,-28.662336,-5.626345,5.6847925,-45.861637,-0.98661065,-5.0190063,-25.354582
35.878284,-59.635754,-19.541569,28.917768,0.30942607,-12.329304,-7.0424275,7.108176,-32.726883,6.819769,-5.861909,-28.454363,4.8308144,6.0445914,-45.88982,-2.7946472,0.71208125,-75.11617,-1.0661458,2.476,-44.064205,-0.20184115,11.044377,-51.86704,-1.3703485,0.6016542,-72.285706,-8.285693,2.1060472,-42.8269,-4.5709677,16.384317,-53.09106,-4.735492,1.481786,-72.909386,-3.5334933,-1.6067369,-45.69459,-22.131641,16.834179,-5.62771,8.971114,7.985506,-29.849728,-5.66071,5.725508,-47.752995,-1.0551463,-4.9258156,-26.75834
34.23667,-56.863148,-18.939495,27.637846,0.7637294,-11.545161,-6.7603765,6.808525,-30.750885,6.6481504,-5.6563735,-25.613571,4.605837,5.62803,-43.01689,-2.7060401,0.71016103,-69.581604,-1.0829982,2.4223833,-40.281437,-0.22141263,10.3348055,-49.792854,-1.3464184,0.5940714,-68.7163,-7.949872,1.9991825,-41.067684,-4.3937755,15.453373,-51.33016,-4.551983,1.4261609,-69.8376,-3.4207158,-1.5589061,-43.898006,-21.115206,16.056797,-5.389421,8.503847,7.296361,-30.092,-5.5024614,5.5603538,-47.531105,-1.07745,-4.6920314,-26.849958
34.688324,-57.751556,-18.735546,28.174643,0.92323846,-11.680267,-7.0325203,7.0033875,-28.630207,7.2799225,-5.916836,-19.45148,4.4829907,4.4798326,-38.99228,-2.7407537,0.7343812,-60.208187,-1.2321303,2.5469444,-32.21177,-0.29581252,9.554308,-45.360153,-1.3492904,0.57856977,-60.11994,-7.566742,1.6233295,-34.656193,-4.550514,14.936882,-46.276054,-4.540531,1.2715411,-62.425232,-3.1413496,-1.8639677,-38.598167,-21.501171,16.360537,-5.469374,8.781427,7.3955417,-26.599976,-5.561416,5.5150614,-44.06803,-1.0006181,-4.8492785,-24.29954
33.102562,-55.312286,-17.056963,27.094074,0.9770184,-11.152807,-6.728591,6.7322655,-28.34835,6.792077,-5.6309977,-21.60643,4.427406,4.834708,-39.710186,-2.671578,0.71827066,-61.2457,-1.1612711,2.4477394,-34.180195,-0.2793147,9.679718,-43.67072,-1.3249254,0.5731902,-57.339844,-7.2104654,1.5130837,-32.600662,-4.3875284,14.787086,-43.548923,-4.3718524,1.2112653,-58.748096,-2.9746141,-1.8778921,-36.167114,-20.599062,15.728653,-5.2867565,8.60728,7.812462,-22.11769,-5.2097287,5.111335,-37.36811,-0.82596016,-4.7746425,-20.286194
34.31887,-57.37317,-17.742674,28.012716,0.4715997,-11.852564,-6.9918776,6.978263,-28.8983,7.122509,-5.851935,-21.376053,4.525143,4.706158,-40.243145,-2.7368305,0.72508126,-62.436676,-1.1872407,2.5116878,-34.592113,-0.2893984,9.873474,-44.101925,-1.3416116,0.57540387,-58.06179,-7.3959503,1.5316609,-32.970818,-4.539574,15.24074,-44.316048,-4.4949203,1.2218614,-59.72039,-3.035708,-1.936477,-36.944946,-21.38087,16.318762,-5.4607,8.899994,8.191185,-22.790373,-5.3876886,5.2932677,-38.37612,-0.85666764,-4.9262924,-21.025486
35.098892,-59.14748,-17.506144,28.893826,0.4985718,-12.234376,-7.343341,7.2628217,-27.611439,7.798786,-6.1570315,-16.270279,4.49095,4.2956996,-36.55317,-2.7976606,0.74702257,-56.54757,-1.3113492,2.6340487,-28.802912,-0.3255617,9.726675,-41.963314,-1.3549503,0.5680713,-54.37636,-7.3131113,1.3722675,-29.886925,-4.705332,15.336739,-42.897316,-4.5721946,1.1635909,-56.97299,-2.9238207,-2.115625,-34.833553,-22.106472,16.860868,-5.616966,9.146929,8.344406,-23.742167,-5.5674253,5.457567,-39.09476,-0.867254,-5.0781083,-21.090454
36.106503,-60.143913,-19.93111,29.239672,1.2718809,-11.949693,-7.3264723,7.284973,-28.872955,7.7105255,-6.168554,-17.9266,4.5923014,4.63895,-38.928337,-2.8096018,0.74528843,-59.76953,-1.282377,2.6302786,-31.23253,-0.29407924,9.913051,-45.782997,-1.3661911,0.57733744,-59.757812,-7.629307,1.5580778,-33.600563,-4.6947412,15.510563,-47.38361,-4.652934,1.2374023,-61.50597,-3.0492332,-2.0270336,-37.303818,-22.294098,16.964083,-5.6513014,9.007859,7.671747,-28.958414,-5.7091694,5.630494,-43.787712,-0.9491074,-5.0491376,-23.321566
34.93599,-58.350227,-19.368765,28.442204,2.0090559,-11.243838,-7.2904916,7.1541505,-24.882475,8.080798,-6.1662645,-9.794256,4.2849207,3.7471187,-32.830894,-2.7502933,0.7611753,-47.145393,-1.4061265,2.6628296,-21.681746,-0.34396031,9.012652,-41.74817,-1.34472,0.5585507,-50.704884,-7.0752935,1.2517593,-28.208418,-4.5929484,14.660114,-44.525124,-4.4623275,1.0855639,-53.786934,-2.754918,-2.1529367,-32.41991,-21.669252,16.455078,-5.478065,8.58275,7.2914715,-30.664137,-5.605711,5.493869,-42.462173,-0.9334415,-4.906235,-22.376743
36.1382,-59.744686,-21.37851,29.01246,2.4272113,-11.273235,-7.411943,7.274209,-25.179607,8.394316,-6.3409595,-7.465977,4.2681994,3.3711286,-31.548492,-2.781313,0.7754173,-44.521286,-1.4734987,2.7342024,-18.973732,-0.36565354,8.537819,-42.346077,-1.3574176,0.5600139,-51.78677,-7.2167635,1.2727232,-28.835375,-4.6981735,14.205654,-45.46523,-4.537243,1.086301,-54.938038,-2.7706547,-2.1855,-32.854885,-22.092379,16.741125,-5.55753,8.581243,6.155589,-34.64264,-5.829057,5.7361293,-47.37868,-1.0387162,-4.918928,-25.123396
34.84439,-56.973175,-21.594841,27.806063,3.2087412,-10.345175,-7.138254,6.984964,-23.086714,8.2538805,-6.166526,-3.9001002,4.0078797,2.854223,-27.765358,-2.6996956,0.78094286,-36.28225,-1.5390725,2.7250543,-12.808634,-0.39741787,7.4761267,-40.145767,-1.3376794,0.5514335,-47.77413,-6.893423,1.1148463,-27.066782,-4.5729346,12.677427,-42.992977,-4.377097,1.0217714,-52.157864,-2.6825624,-2.158454,-31.261877,-21.087017,15.977272,-5.3224244,8.138101,4.5005727,-34.913925,-5.755025,5.6267495,-48.986095,-1.110426,-4.6695447,-26.478205
35.460804,-57.603077,-22.86781,28.093182,3.5235703,-10.296915,-7.2701993,7.0751433,-21.822735,8.604523,-6.2960243,-0.24175972,3.9643495,2.1605706,-26.488838,-2.714553,0.79127586,-31.613993,-1.603498,2.7752016,-9.121366,-0.43271875,6.951124,-38.647648,-1.3363025,0.54135394,-43.278866,-6.6277847,0.9041045,-23.456675,-4.6461535,12.272624,-41.41491,-4.3617883,0.9304062,-48.013973,-2.460435,-2.3421373,-27.58659,-21.263275,16.112253,-5.35451,8.147376,4.120421,-35.645287,-5.7546725,5.566103,-46.832363,-1.0142379,-4.7646847,-24.335072
35.700603,-58.046192,-23.155214,28.47704,5.1228275,-9.577714,-7.314688,7.1115313,-21.53488,8.683031,-6.315232,0.18395013,4.057778,2.282583,-29.057514,-2.7262661,0.7914497,-30.763369,-1.6154189,2.7855103,-8.955549,-0.42360085,7.1250978,-40.1387,-1.3332233,0.5358437,-40.218407,-6.411998,0.7666821,-20.91372,-4.6360283,12.657219,-42.336426,-4.332367,0.86988676,-44.807,-2.2779055,-2.4814887,-24.752901,-21.337244,16.14392,-5.3719053,8.181123,4.6978793,-34.888927,-5.6173563,5.3781323,-41.649307,-0.8456515,-4.8825397,-20.117
36.79777,-60.73641,-22.764406,29.931828,6.130244,-9.629898,-7.7258797,7.452124,-20.635414,9.393768,-6.6242943,4.224478,4.1334877,2.0733662,-28.56295,-2.8083487,0.8080554,-26.385761,-1.7147734,2.8885844,-5.682211,-0.44841337,7.5413766,-38.531616,-1.3408009,0.5234249,-32.88104,-6.0693254,0.4972558,-14.7746935,-4.7879915,13.730599,-40.93113,-4.343339,0.718796,-36.898033,-1.8939776,-2.8268728,-18.921047,-22.394102,16.854118,-5.570442,8.569086,6.284433,-33.68227,-5.5388627,5.2565136,-34.21655,-0.5911124,-5.207643,-14.128912
38.21753,-63.564697,-22.928867,31.276585,6.6625934,-9.926715,-8.131814,7.8072705,-20.356077,10.033994,-6.948433,7.2220597,4.2392054,1.8035239,-28.367271,-2.8966398,0.8233799,-24.0731,-1.7966534,2.9921014,-3.6887884,-0.4679802,7.798345,-37.906605,-1.3557612,0.5173799,-29.141188,-5.9701242,0.34827203,-11.355098,-4.9771314,14.4896345,-40.54195,-4.4272275,0.6306536,-32.800674,-1.6775917,-3.0779245,-15.6383705,-23.40663,17.60485,-5.7951207,8.931697,7.2125673,-34.267506,-5.620752,5.3183813,-31.070257,-0.46681052,-5.487095,-11.445843
38.660164,-64.15275,-23.29618,31.585546,6.8131814,-9.95387,-8.166838,7.856447,-21.032452,10.03205,-6.9833384,6.226546,4.302996,1.9647788,-29.492588,-2.9147198,0.82333,-25.777643,-1.7885908,3.0033572,-4.7833104,-0.46011156,7.915241,-39.03924,-1.3627422,0.52100027,-30.907318,-6.1000338,0.40030563,-12.454652,-5.009783,14.625577,-41.542088,-4.4801254,0.66348433,-34.57545,-1.7487543,-3.0588171,-16.7144,-23.604435,17.751564,-5.841593,9.014593,7.1534123,-34.53237,-5.6786313,5.381257,-32.046463,-0.48692366,-5.5201964,-11.9870405
37.565693,-61.824768,-23.208931,30.392588,6.1170945,-9.812344,-7.7881474,7.536278,-21.748827,9.41378,-6.691956,2.8284397,4.222151,2.2575989,-29.861073,-2.8377247,0.80962217,-29.75449,-1.700769,2.9071987,-7.607599,-0.4359654,7.630024,-40.86338,-1.3561544,0.53275496,-37.883194,-6.451027,0.693581,-18.528557,-4.8447847,13.855661,-43.652725,-4.459233,0.8156649,-42.070503,-2.133002,-2.7025878,-22.597382,-22.731447,17.126966,-5.6514177,8.646027,5.999141,-36.08296,-5.736221,5.506082,-39.38807,-0.7345618,-5.199673,-17.669043
35.629112,-57.58845,-23.484924,28.120588,4.5377064,-9.7375,-7.1527658,6.9986343,-22.81352,8.358247,-6.2078485,-2.7732663,4.05675,2.4231503,-29.775051,-2.7035682,0.78410536,-34.793087,-1.5610582,2.7452626,-11.635345,-0.40877128,7.04787,-41.525177,-1.3375335,0.54695666,-45.910122,-6.7534704,0.9988051,-25.334152,-4.5927734,12.3726845,-43.99797,-4.373223,0.97880995,-50.365013,-2.541359,-2.27342,-28.892635,-21.135456,15.991987,-5.325776,8.088592,4.0534563,-35.859318,-5.7316756,5.545888,-47.068108,-1.0205454,-4.736001,-24.046038
38.393257,-62.19078,-25.743504,30.430407,5.920048,-9.953961,-7.7571077,7.535239,-22.6297,9.330372,-6.722605,1.8691096,4.264603,2.004874,-30.730747,-2.8438933,0.8081495,-32.063232,-1.6670686,2.9057426,-9.103408,-0.4403923,7.0675216,-43.046486,-1.3686655,0.5411118,-42.699852,-6.8285694,0.87191594,-22.73441,-4.9058323,13.024787,-45.987072,-4.5632386,0.89957345,-47.722996,-2.3843987,-2.555967,-26.29631,-22.706999,17.178268,-5.675886,8.521566,4.3006053,-40.43926,-6.0248504,5.816878,-47.104755,-0.96786034,-5.0977654,-23.156168
40.21221,-65.53674,-26.759167,32.08508,7.1279626,-9.977533,-8.259996,7.96256,-21.854254,10.075638,-7.106156,5.355591,4.442211,1.8917066,-31.639648,-2.951267,0.8272293,-28.857391,-1.7635669,3.0368993,-6.841682,-0.4474705,7.634165,-43.84652,-1.3882765,0.53430235,-38.309772,-6.7586517,0.6798482,-19.195087,-5.0998325,14.247918,-46.95023,-4.675753,0.79062116,-43.37516,-2.1813028,-2.8489714,-22.916447,-23.845003,18.056122,-5.940709,8.876675,5.616156,-42.6199,-6.145353,5.8819647,-43.584164,-0.83342826,-5.4306197,-20.352825
37.070168,-60.69837,-24.449514,29.58237,5.991084,-9.553319,-7.722935,7.38716,-19.599844,9.355632,-6.5769715,5.0982494,4.130071,2.3101408,-28.305138,-2.7861466,0.8063228,-29.54566,-1.6618657,2.8433588,-8.161024,-0.41983896,7.3740206,-44.300804,-1.3536568,0.5410432,-44.002316,-6.8591366,1.0147259,-25.2524,-4.6977663,13.401072,-49.293243,-4.460198,0.95403445,-50.304962,-2.545122,-2.3112812,-29.507395,-22.098192,16.731045,-5.519452,7.9621477,4.7041917,-47.404076,-5.9825673,5.9082756,-51.884388,-1.1084197,-4.8436623,-27.450954
38.487133,-62.686348,-25.662704,30.30264,4.7227607,-10.573407,-7.8516283,7.5394692,-21.888973,9.334258,-6.6890063,1.593057,4.26409,3.0079176,-29.272903,-2.8417835,0.805847,-37.64004,-1.6034617,2.8526616,-13.17837,-0.38303518,7.8843884,-48.54234,-1.3853512,0.56458676,-56.43874,-7.786645,1.5492687,-34.71632,-4.7837453,13.865418,-55.387196,-4.710389,1.2169219,-63.59243,-3.1698444,-1.9291313,-39.412525,-22.803877,17.262426,-5.6729894,8.0302725,3.9326072,-54.41856,-6.4303446,6.537472,-65.23545,-1.4906509,-4.749046,-37.183716
39.941406,-65.23952,-26.401867,31.308903,3.8519351,-11.492576,-8.039453,7.7607117,-24.41765,9.3454075,-6.830272,-2.6139998,4.4684906,4.0819097,-31.228611,-2.9165606,0.8063999,-46.236,-1.5544245,2.8798497,-18.655184,-0.3297897,8.75002,-53.408184,-1.4187013,0.58614534,-68.46536,-8.676887,2.0469186,-43.488487,-4.8943415,14.699397,-61.86379,-4.9835367,1.4732378,-76.147354,-3.7508748,-1.6047387,-48.638935,-23.688658,17.928545,-5.8766036,8.224167,3.5872822,-60.520164,-6.8400807,7.1130137,-76.46029,-1.7942889,-4.7425103,-45.144543
37.811813,-60.73138,-26.358738,28.384687,0.065559074,-12.414344,-7.2675104,7.1065273,-26.518963,8.03558,-6.229469,-10.358466,4.1898284,4.8397403,-27.438171,-2.7482357,0.7735738,-55.803967,-1.3343189,2.627636,-26.381441,-0.28042197,8.71571,-52.05069,-1.3952816,0.6098821,-82.026695,-9.232419,2.6771793,-54.18159,-4.5408945,13.593317,-62.30399,-4.870198,1.73196,-88.38777,-4.30354,-0.92685777,-58.202885,-21.972483,16.64157,-5.494264,7.4249644,1.5964408,-64.31152,-6.8499193,7.3256326,-89.39012,-2.2266548,-4.08467,-56.033665
37.860924,-61.043285,-26.249165,28.460764,-0.5651107,-12.755463,-7.2547827,7.1163626,-27.47105,7.920397,-6.2019095,-12.493337,4.268523,5.0294027,-28.993244,-2.7511706,0.76232177,-59.627323,-1.2722665,2.5818865,-29.766804,-0.26762277,9.146889,-51.623528,-1.3921564,0.61418176,-82.4472,-9.212696,2.7121518,-53.83773,-4.5440836,14.088283,-61.7667,-4.8595834,1.7248695,-87.598755,-4.2390003,-0.9485204,-57.465027,-22.071941,16.734728,-5.5243015,7.5099792,2.258446,-63.111313,-6.7579994,7.244083,-86.513176,-2.141745,-4.147261,-53.973343
34.217808,-55.012096,-23.626303,25.52242,-1.354121,-11.952986,-6.62778,6.4670095,-24.37143,7.2435474,-5.6511273,-10.428552,3.837375,4.234233,-24.74218,-2.5596104,0.7472196,-53.49794,-1.2404943,2.4169993,-25.987108,-0.28891632,8.031097,-47.379898,-1.3402662,0.6033299,-78.07286,-8.602117,2.589761,-51.661095,-4.163001,12.44217,-57.380634,-4.4902062,1.6656873,-83.34673,-4.0619736,-0.7931705,-55.123493,-19.916548,15.133657,-5.0319266,6.753985,1.5635805,-59.606213,-6.3112254,6.800284,-84.11443,-2.1073837,-3.6985216,-52.872967
34.766125,-56.176212,-23.013788,26.097347,-1.998904,-12.546505,-6.840406,6.64455,-24.115822,7.60688,-5.8311415,-8.289737,3.807112,3.9715323,-22.653301,-2.5983918,0.75831145,-51.309334,-1.3027687,2.4839087,-23.786785,-0.31579065,7.9464536,-46.01814,-1.3481952,0.6006068,-77.00776,-8.654276,2.5469892,-51.050003,-4.2816896,12.513744,-56.104412,-4.5452557,1.643893,-82.527565,-4.0615754,-0.85833216,-55.076775,-20.44679,15.531866,-5.1386013,6.9824524,1.7684925,-59.335007,-6.4423356,6.9473133,-85.38035,-2.1477375,-3.7783632,-54.00452
34.762707,-56.44946,-22.162415,26.436926,-1.5159936,-12.385463,-6.969381,6.7294874,-22.980684,7.8691225,-5.915907,-5.802904,3.7892132,3.6285365,-22.12241,-2.6123304,0.7647565,-48.16512,-1.3529525,2.523433,-21.312733,-0.33459133,7.724853,-45.542355,-1.3489752,0.59574616,-74.20211,-8.563923,2.4513795,-49.385147,-4.328556,12.435936,-55.357674,-4.540324,1.599972,-80.27485,-4.008581,-0.9315235,-53.887337,-20.58367,15.659406,-5.1681643,7.083257,1.9595928,-58.255817,-6.4602685,6.9518704,-84.35326,-2.1324408,-3.8274388,-53.351162
35.386066,-57.512695,-22.92416,26.871414,-1.5918286,-12.61683,-7.0519013,6.8297153,-23.78854,7.91346,-5.994054,-6.949533,3.8757482,3.7224903,-23.408974,-2.6398964,0.76363546,-50.34694,-1.3417714,2.5420098,-22.71625,-0.32985312,7.919248,-46.261784,-1.3566239,0.59865,-75.44784,-8.657415,2.458277,-49.717495,-4.391778,12.695876,-56.125893,-4.6102076,1.6111705,-81.23617,-4.0197854,-0.97697437,-54.11362,-20.922298,15.910806,-5.249368,7.219392,2.0829506,-58.495705,-6.523504,6.9907446,-84.24062,-2.1097217,-3.9207473,-52.86667
38.343582,-62.57198,-25.238548,29.13897,-1.3915961,-13.469158,-7.51284,7.3370185,-27.296326,8.323566,-6.408022,-10.460181,4.2639995,4.6842685,-27.379372,-2.7943578,0.77109236,-59.063732,-1.3268391,2.651538,-28.447794,-0.29099256,9.0282755,-51.29841,-1.4046696,0.6167854,-84.08951,-9.44815,2.7637708,-55.209316,-4.6878576,14.099763,-61.942314,-4.967696,1.7481943,-89.5364,-4.3596206,-0.9486208,-59.584583,-22.639605,17.21775,-5.6595006,7.7561107,2.2653692,-64.23533,-6.997773,7.5260143,-90.79796,-2.2599056,-4.2093267,-57.135967
37.709846,-61.18759,-25.587526,28.48409,-1.0536642,-12.985104,-7.24393,7.1256714,-28.148617,7.90907,-6.2090173,-12.953799,4.2623034,4.6689515,-29.303696,-2.7494614,0.7595821,-61.895725,-1.2602458,2.577888,-30.955667,-0.27495635,8.760285,-52.811653,-1.3979139,0.62270343,-86.882706,-9.531758,2.9078293,-57.501686,-4.5837812,13.610758,-63.04714,-4.920107,1.7968807,-91.9192,-4.4518304,-0.80105793,-61.178524,-22.049627,16.791357,-5.5412555,7.5403247,1.5411462,-64.37702,-6.9304895,7.4792137,-92.14519,-2.3072977,-4.0614247,-58.20333
38.076015,-61.228455,-26.74041,28.334354,-1.8182635,-13.342638,-7.102531,7.0604186,-30.417803,7.548032,-6.123464,-17.568047,4.351961,5.082818,-31.451412,-2.7435107,0.7448569,-69.44319,-1.153621,2.5110693,-36.978058,-0.24951634,8.954266,-54.603703,-1.4032161,0.63520384,-93.45065,-9.884569,3.1726096,-62.09539,-4.575021,13.563314,-64.98433,-4.983922,1.8972397,-97.46669,-4.66478,-0.616673,-65.009796,-21.998898,16.769001,-5.546999,7.475627,0.79273903,-66.36252,-7.0232587,7.6252627,-96.14394,-2.4216716,-3.9820013,-61.23738
37.691624,-60.43362,-26.70117,27.939703,-2.0473437,-13.300526,-6.961829,6.9523697,-30.95641,7.3318987,-6.0278454,-18.920477,4.3265004,4.8589277,-32.079044,-2.718946,0.73836565,-70.50637,-1.1239219,2.4755054,-37.936897,-0.2532373,8.674704,-54.365677,-1.3975618,0.6366433,-93.72624,-9.852611,3.193187,-62.26968,-4.5436716,13.158463,-64.10678,-4.9469543,1.8984207,-97.44977,-4.667334,-0.57918507,-65.05525,-21.70232,16.55167,-5.486939,7.438091,0.4520524,-64.53398,-6.9673305,7.5640326,-95.55416,-2.4244678,-3.9240298,-60.973854
38.413933,-61.67265,-26.932253,28.578112,-2.013316,-13.543509,-7.107041,7.0902834,-31.395363,7.5345945,-6.1562066,-18.595942,4.382606,4.8461785,-32.215595,-2.7582145,0.7429602,-71.13361,-1.1383343,2.5101674,-38.19549,-0.25485414,8.75654,-55.22903,-1.409576,0.6405356,-95.03054,-10.060923,3.2876582,-63.548553,-4.6300597,13.360555,-65.247345,-5.0235796,1.9241483,-99.03008,-4.76855,-0.5509198,-66.522125,-22.16757,16.905102,-5.5878134,7.573395,0.39863238,-66.02557,-7.1190276,7.7579465,-98.107254,-2.5093615,-3.9656358,-62.947937
39.18332,-63.043503,-27.3781,29.107882,-2.44781,-14.018432,-7.2597303,7.235082,-32.01634,7.635112,-6.260082,-19.720726,4.477031,5.2092714,-32.887245,-2.7984889,0.7445244,-73.79138,-1.1295109,2.5341616,-40.057858,-0.2385224,9.250212,-56.492958,-1.4222007,0.6461462,-97.908005,-10.307035,3.3927155,-65.468956,-4.695901,13.948105,-67.02398,-5.1237693,1.9774932,-101.88494,-4.893806,-0.5178637,-68.53893,-22.632048,17.266975,-5.698299,7.7042913,0.7374799,-67.875824,-7.2498236,7.9210234,-100.22545,-2.5639603,-4.0346036,-64.45597
39.384014,-63.57142,-27.086184,29.627363,-1.4285324,-13.670151,-7.3453345,7.3233075,-32.229294,7.802723,-6.332813,-19.102924,4.567731,5.0799556,-35.129986,-2.826618,0.7455897,-73.62784,-1.1494546,2.5610006,-39.85444,-0.2459555,9.2428875,-57.33352,-1.4238284,0.6414934,-95.39397,-10.132603,3.2681336,-63.175545,-4.749192,14.172506,-67.200836,-5.126383,1.9274362,-99.34778,-4.7418623,-0.6566678,-66.27108,-22.905483,17.462988,-5.7597566,7.8734555,1.1791093,-66.20769,-7.169268,7.803022,-96.20165,-2.4181275,-4.1784906,-61.05053
40.100655,-64.69776,-27.57365,30.041708,-2.1930454,-14.2826605,-7.4100018,7.416296,-33.876545,7.752696,-6.38701,-21.86745,4.672579,5.480179,-36.409435,-2.8595963,0.74049056,-79.105995,-1.0972744,2.5498228,-44.003174,-0.22443706,9.647832,-59.215714,-1.4375091,0.6529038,-100.83814,-10.540534,3.5188513,-67.2631,-4.8083186,14.55855,-69.62394,-5.237083,2.0246305,-104.533005,-4.981475,-0.5094215,-70.28437,-23.318048,17.777739,-5.858046,7.971535,1.064167,-68.61264,-7.345046,8.058318,-100.66247,-2.5539618,-4.176316,-64.57112
39.739185,-64.04794,-27.43156,29.83067,-1.765486,-13.956306,-7.315267,7.3487287,-34.23543,7.6318207,-6.319018,-22.56231,4.692942,5.4118805,-37.949615,-2.8447018,0.735333,-79.9062,-1.0808299,2.5290952,-44.699696,-0.22662257,9.518961,-59.32382,-1.4307355,0.6494724,-99.72166,-10.350456,3.4253347,-65.870346,-4.7804446,14.404558,-69.025276,-5.1931124,1.9925514,-102.935684,-4.852246,-0.5794312,-68.571976,-23.121172,17.61896,-5.8181562,7.967862,1.0586079,-66.68862,-7.208895,7.878384,-97.41157,-2.4304981,-4.210484,-61.811474
37.92838,-61.03997,-26.338305,28.381298,-1.4735498,-13.185804,-6.9616137,7.0013347,-32.74879,7.255598,-6.0326037,-21.420736,4.4859996,5.3439927,-35.537315,-2.7487545,0.73124427,-75.4698,-1.0841768,2.4615636,-41.609116,-0.22613141,9.050815,-57.358685,-1.4051039,0.6429044,-96.8716,-10.007033,3.3321557,-64.19997,-4.578682,13.532644,-66.84981,-5.002721,1.9546615,-100.23927,-4.734703,-0.5295638,-66.70114,-21.984716,16.757626,-5.5595913,7.5560856,0.5035431,-65.08632,-6.966161,7.6203537,-95.67332,-2.3973823,-3.9866734,-60.772972
36.40745,-58.407677,-25.528093,27.104887,-1.6321812,-12.727952,-6.6799407,6.7145615,-31.213022,6.985421,-5.8106275,-19.946203,4.276729,4.8246164,-33.134243,-2.663785,0.7272429,-70.929665,-1.0888336,2.4040332,-38.523018,-0.2462844,8.399689,-54.33167,-1.3806555,0.63516384,-92.62173,-9.619973,3.1786778,-61.42513,-4.428542,12.631475,-63.328545,-4.8203106,1.8802066,-95.96363,-4.569559,-0.53976816,-63.9211,-21.022787,16.031925,-5.33839,7.2595396,0.13547206,-62.075123,-6.7466617,7.356393,-92.75458,-2.3478034,-3.815908,-58.998356
36.04537,-58.188072,-24.667488,27.355993,0.35623866,-11.687251,-6.8354273,6.787665,-27.958946,7.4586,-5.911305,-13.533848,4.199307,4.116769,-31.881222,-2.663146,0.7433862,-59.9622,-1.2309496,2.4914467,-30.07978,-0.28808597,7.984657,-51.117744,-1.3657539,0.6111369,-80.020935,-8.803961,2.5846407,-51.529778,-4.4436064,12.542656,-58.963253,-4.6810813,1.6447432,-83.68775,-4.004494,-0.9954006,-54.368233,-20.978062,15.974119,-5.3105702,7.3863115,1.1435356,-56.747486,-6.459659,6.8813457,-81.36637,-1.9812002,-4.039306,-49.73458
35.795933,-57.752995,-24.490206,27.173635,0.026376039,-11.780058,-6.8265915,6.761248,-27.340593,7.471349,-5.8843684,-12.874881,4.1506243,3.8662868,-31.328114,-2.6466987,0.74005663,-59.226974,-1.2206283,2.4693143,-29.965437,-0.2990763,7.8904853,-49.844334,-1.3579624,0.6074358,-77.97787,-8.649597,2.5145822,-50.104805,-4.420971,12.499776,-57.713932,-4.625255,1.5961678,-81.24463,-3.8939016,-1.0417547,-52.78781,-20.874908,15.880649,-5.27645,7.341373,1.3562901,-55.949455,-6.384278,6.787996,-79.39305,-1.9250599,-4.0367985,-48.274494
36.802616,-59.354965,-25.289238,28.047256,0.47476715,-11.888581,-7.1069984,7.0010424,-26.397898,7.9929295,-6.126798,-9.399615,4.1762295,2.9780533,-31.410698,-2.6962276,0.75252324,-54.261864,-1.3115706,2.562118,-26.034744,-0.35160202,7.581306,-46.78489,-1.3573723,0.5909351,-69.06811,-8.09886,2.0533683,-42.128693,-4.580393,12.599784,-53.47924,-4.60868,1.3962686,-71.7117,-3.400574,-1.4931417,-44.913967,-21.496489,16.312595,-5.402708,7.720384,2.17276,-51.259315,-6.2519093,6.4883122,-69.589516,-1.5908647,-4.3717747,-40.23055
39.272255,-63.261356,-27.353361,30.008162,1.7659299,-12.019047,-7.581291,7.4474263,-26.931765,8.594075,-6.5109606,-8.17621,4.407351,3.145888,-33.67215,-2.8195052,0.77108866,-52.708794,-1.4042003,2.7118354,-24.394884,-0.3550573,8.107149,-48.200485,-1.3831606,0.58523464,-65.81038,-8.060528,1.8280232,-38.537,-4.829454,13.554693,-54.22155,-4.777266,1.317308,-68.49969,-3.1956332,-1.8401418,-41.303978,-22.86089,17.29571,-5.700715,8.259726,2.9620442,-50.98295,-6.3661876,6.497918,-64.94996,-1.3901688,-4.7855463,-35.755848
37.460457,-60.107143,-26.457964,28.578661,2.021742,-11.282241,-7.2393875,7.092425,-25.178507,8.272179,-6.2215962,-6.330911,4.178859,2.726105,-31.413788,-2.7198203,0.7647486,-48.083908,-1.3915384,2.6220777,-21.702429,-0.3672803,7.452254,-46.12625,-1.3545051,0.57753074,-61.905342,-7.684614,1.7594177,-36.684486,-4.620762,12.644709,-52.04284,-4.5536585,1.2580158,-64.849976,-3.0466666,-1.7735372,-39.146893,-21.7294,16.431242,-5.432266,7.7997866,2.4393249,-50.018654,-6.106045,6.244714,-63.09936,-1.3628814,-4.5390153,-34.798027
36.36604,-58.038445,-26.244938,27.737314,3.0115275,-10.390442,-7.0444922,6.884446,-23.481775,8.14187,-6.0731387,-3.9552975,4.0230565,2.2407167,-29.862938,-2.6644788,0.76835716,-41.39998,-1.437876,2.6122808,-17.052729,-0.38902575,6.8408732,-43.903595,-1.3354316,0.56509876,-55.398235,-7.212282,1.5043027,-32.268345,-4.511832,11.874538,-48.73923,-4.383112,1.1347675,-58.48209,-2.7762167,-1.9085932,-34.500423,-20.949781,15.845661,-5.259192,7.5963326,2.2273822,-46.559303,-5.8646817,5.9106035,-57.843327,-1.2317349,-4.4706993,-31.10185
36.92467,-58.978504,-26.16143,28.28544,2.949242,-10.648904,-7.0623636,6.964485,-26.230425,7.857582,-6.053263,-9.919898,4.2617016,3.1491504,-34.605835,-2.7066357,0.75462246,-50.853104,-1.3352326,2.5762842,-24.556622,-0.33638278,7.6989365,-48.30918,-1.3525646,0.58076876,-62.97622,-7.7362947,1.8296008,-37.815628,-4.5465107,12.754333,-52.763134,-4.521009,1.274751,-65.47173,-3.092913,-1.7263498,-39.60242,-21.376839,16.172798,-5.37501,7.8050804,2.628251,-46.960815,-5.9861526,6.1052217,-60.826885,-1.3295064,-4.5117407,-33.384293
38.436695,-61.642975,-26.851229,29.53755,2.4672937,-11.443047,-7.333523,7.262786,-28.14168,8.244898,-6.3333316,-10.50441,4.4241695,3.035666,-36.16072,-2.7849436,0.7569123,-55.482944,-1.3281655,2.6305528,-27.475237,-0.3553772,7.8188314,-48.83925,-1.3722646,0.58465695,-65.2565,-7.967619,1.8823997,-38.679752,-4.760502,13.147199,-53.512108,-4.678209,1.2846934,-67.03698,-3.1289127,-1.8012459,-40.56594,-22.382214,16.95094,-5.606972,8.191442,2.6407125,-48.10057,-6.2074237,6.3415427,-62.271103,-1.348746,-4.7120104,-34.213696
37.770767,-60.737385,-25.363997,29.747122,5.323027,-9.940526,-7.4770613,7.316194,-24.465145,8.74199,-6.417867,-3.3343487,4.3387794,1.9432458,-35.459503,-2.7848794,0.77379704,-41.721138,-1.4712687,2.7111516,-18.086018,-0.4184633,7.346342,-43.31821,-1.3471289,0.5474718,-44.841877,-6.678714,1.0289787,-23.043615,-4.7594643,13.310182,-45.209072,-4.4120173,0.8747883,-45.99998,-2.1729078,-2.5139306,-24.628965,-22.133718,16.799856,-5.559044,8.429156,4.8499084,-37.299686,-5.6403804,5.4736953,-40.805023,-0.73510313,-5.071694,-18.4125
37.99037,-61.136444,-25.905975,29.72651,4.7233424,-10.294563,-7.582611,7.378346,-22.830109,9.058699,-6.533797,0.34301603,4.216069,1.365389,-32.079353,-2.7831724,0.78474295,-35.289345,-1.5557356,2.766426,-12.949135,-0.46233577,7.0566864,-38.5687,-1.3362498,0.531718,-37.017212,-6.1388597,0.62864834,-16.265997,-4.8079724,13.132087,-40.43096,-4.337534,0.7189094,-38.061806,-1.783718,-2.8213618,-18.228804,-22.25634,16.829037,-5.5581417,8.500498,5.2848086,-34.47246,-5.503433,5.2181125,-34.086285,-0.5238646,-5.211689,-13.121493
39.111797,-63.21974,-26.787945,30.606695,4.661221,-10.730227,-7.8180037,7.606247,-23.209898,9.373822,-6.750367,0.9497463,4.28258,1.5830554,-31.349445,-2.8454897,0.7963319,-33.213562,-1.6311641,2.86091,-10.975905,-0.46752176,7.4465756,-37.068195,-1.3463681,0.5274334,-34.14613,-6.013154,0.43587518,-12.987724,-4.948672,13.62361,-38.885937,-4.4104447,0.6588981,-34.96573,-1.6165472,-3.048335,-15.3501835,-22.973112,17.311651,-5.7105646,8.831707,5.8244586,-32.810387,-5.531839,5.18159,-30.309078,-0.3895616,-5.4396567,-9.963015
39.86777,-64.00712,-28.343065,31.061787,5.514518,-10.450871,-7.9237356,7.680522,-22.429337,9.594653,-6.844607,3.285452,4.271338,1.3769333,-30.704868,-2.8628972,0.80701655,-29.41876,-1.6885574,2.9125726,-7.723937,-0.48136497,7.170182,-37.16593,-1.3504975,0.52285814,-32.155262,-5.9186525,0.33364785,-11.308732,-4.9961214,13.379181,-39.221794,-4.4326196,0.6321535,-33.79076,-1.5290087,-3.140062,-13.822528,-23.185917,17.44096,-5.741327,8.83458,5.225096,-34.431854,-5.580958,5.1985927,-30.576853,-0.35730308,-5.491862,-9.310076
40.299545,-64.52723,-28.455292,31.427715,5.925002,-10.356154,-8.046093,7.7977715,-22.644617,9.6544485,-6.9352274,2.631383,4.356267,1.6684225,-31.518044,-2.902658,0.81498474,-30.116718,-1.7126179,2.9720047,-7.8020515,-0.4660833,7.3550987,-39.255894,-1.3682458,0.52800924,-35.341652,-6.2264614,0.41045544,-13.9698715,-5.061989,13.578276,-41.116528,-4.560551,0.70038503,-37.885582,-1.7464706,-3.091096,-16.81001,-23.393526,17.661127,-5.8294463,8.951586,5.1043396,-35.637844,-5.783939,5.3876743,-34.3872,-0.47585526,-5.5285583,-12.143028
40.217728,-64.44359,-28.178879,31.402594,6.0216727,-10.315874,-7.993853,7.751321,-22.691664,9.723146,-6.9161377,3.8597465,4.3058486,1.0272949,-31.461815,-2.883459,0.80964965,-29.231663,-1.693847,2.9312644,-7.5523233,-0.49441355,7.002456,-37.4528,-1.3562438,0.5213985,-30.97971,-5.9379015,0.32572374,-10.992546,-5.045059,13.461855,-39.08653,-4.4465246,0.59819263,-32.603268,-1.5012767,-3.1770618,-13.199495,-23.426311,17.62776,-5.793254,8.929505,5.409228,-34.0661,-5.631079,5.2393847,-30.439203,-0.3752641,-5.5333824,-9.3047085
40.0391,-64.62574,-26.453888,31.31497,4.834469,-10.998758,-8.140876,7.8737636,-22.288305,9.951367,-7.0585155,5.128578,4.240672,0.48861268,-28.954552,-2.9138668,0.82306415,-25.911905,-1.7650621,2.996148,-4.995619,-0.5221134,6.972884,-33.805798,-1.3579801,0.51514983,-26.888756,-5.759616,0.15086058,-7.9650884,-5.1455765,13.63078,-34.816467,-4.458555,0.5261899,-29.137934,-1.4058181,-3.31351,-11.344237,-23.63823,17.839691,-5.8731856,9.207389,6.331467,-29.91704,-5.650962,5.2206736,-27.664225,-0.34079924,-5.6442137,-8.489096
35.239353,-58.20256,-19.43133,28.20956,1.5588057,-11.446987,-7.3878818,7.212622,-22.200674,8.831058,-6.43661,0.13946109,3.8635094,0.60727674,-23.846447,-2.743043,0.791044,-26.757933,-1.6483426,2.7952461,-6.810063,-0.5404981,6.6108685,-24.36618,-1.3052926,0.5098805,-22.021477,-5.2199793,0.06634656,-5.391633,-4.8835826,12.231755,-22.736158,-4.098346,0.45879465,-23.591839,-1.3612841,-3.125284,-10.204188,-21.628717,16.4114,-5.44793,9.062417,6.4381733,-14.288406,-5.1033773,4.6712065,-19.58038,-0.31208238,-5.2670636,-6.6948624
34.350845,-57.859802,-16.91766,27.88887,0.012206748,-12.150411,-7.3474655,7.197045,-22.82551,8.630091,-6.4023337,-2.49549,3.8185027,0.66300046,-22.24176,-2.7450554,0.78573054,-28.208008,-1.6306454,2.7903976,-7.836806,-0.54922694,6.753601,-21.293415,-1.305791,0.51334846,-21.766514,-5.285822,0.097064294,-5.506033,-4.937095,12.142851,-18.602474,-4.0966973,0.45973906,-23.349407,-1.452987,-3.0913877,-11.085729,-21.540958,16.432037,-5.461044,9.361625,6.804792,-7.931513,-5.099053,4.674353,-18.329924,-0.37083462,-5.2564993,-7.461482
36.632862,-60.926594,-19.523233,29.332644,0.15579805,-12.689529,-7.673794,7.5222273,-23.96364,9.103704,-6.716275,-1.4798238,3.9472513,0.6788805,-22.705452,-2.8371572,0.8017998,-27.997955,-1.692864,2.897352,-7.1847467,-0.55311507,7.048594,-22.506605,-1.3284389,0.5128644,-22.123367,-5.4128428,0.05838754,-4.7122116,-5.133762,12.705475,-20.152565,-4.25143,0.4387086,-23.315357,-1.3735523,-3.264977,-10.0367985,-22.631067,17.21347,-5.69255,9.62542,6.7617164,-11.425066,-5.298406,4.854824,-19.122896,-0.31859344,-5.4981947,-6.8579154
37.457417,-61.390438,-21.44799,29.769403,0.7124209,-12.499492,-7.7913632,7.6059275,-23.442303,9.032001,-6.70982,-2.8221712,4.0891085,1.1498864,-25.945469,-2.8509402,0.797242,-31.525337,-1.6491996,2.8971417,-9.540252,-0.51291525,7.4530845,-27.079994,-1.3409369,0.5200362,-28.019913,-5.770149,0.18717995,-8.720767,-5.094376,13.226599,-25.59445,-4.3899565,0.5721525,-30.044106,-1.6340187,-3.1564841,-13.788657,-22.720047,17.339287,-5.7268434,9.558944,6.665988,-15.409564,-5.435266,4.9652805,-23.18528,-0.37172535,-5.5172462,-8.280297
39.158546,-63.388363,-24.38802,30.69582,1.7183492,-12.337447,-7.9752774,7.7785463,-24.07844,9.258731,-6.860315,-2.394652,4.2366805,1.3175539,-28.10065,-2.8978648,0.8031303,-33.358204,-1.6515378,2.9373631,-10.586841,-0.49334222,7.6262007,-31.207897,-1.3604789,0.5260749,-32.3627,-6.119218,0.33580804,-11.716031,-5.1623654,13.575452,-30.759584,-4.5220613,0.6306494,-34.083286,-1.7327435,-3.1394572,-15.661428,-23.30923,17.766932,-5.8514557,9.535462,6.1895003,-22.153313,-5.6665015,5.2195463,-28.32434,-0.44323617,-5.5843086,-10.504806
39.764477,-64.24653,-24.87431,31.068623,1.8754065,-12.404207,-8.038662,7.85213,-24.600172,9.286222,-6.9165926,-3.3609881,4.3011866,1.6891223,-28.59237,-2.922957,0.8042425,-34.194786,-1.6508715,2.9583468,-11.447899,-0.47496557,8.037486,-32.119057,-1.3668368,0.5276561,-33.077038,-6.2368994,0.37535062,-12.390259,-5.1910367,14.027068,-31.857124,-4.5657196,0.6339739,-34.546543,-1.7623981,-3.1520216,-16.03884,-23.566647,17.96362,-5.912187,9.588162,6.4487286,-23.205069,-5.715477,5.270485,-28.251017,-0.45030817,-5.6355305,-10.537856
38.064228,-62.501274,-21.489864,30.3658,1.6279728,-12.241236,-7.855499,7.692459,-25.020025,8.89551,-6.697258,-6.342811,4.310913,2.1781762,-29.871117,-2.8834014,0.7894754,-38.134827,-1.574397,2.8747184,-15.220271,-0.44311097,8.4386215,-33.03759,-1.356971,0.5314828,-35.06016,-6.3600826,0.5440521,-15.03377,-5.067916,14.360666,-32.19613,-4.4991264,0.6803405,-36.312687,-1.9293399,-2.9689908,-18.845852,-23.09895,17.628265,-5.8190675,9.558097,7.337153,-20.39333,-5.5876055,5.1997776,-27.603155,-0.50509894,-5.5102925,-11.591404
36.889736,-60.718117,-20.518263,29.486855,1.6558557,-11.895,-7.607035,7.4751754,-25.092363,8.551377,-6.4958477,-7.8570065,4.2545023,2.6688232,-29.576992,-2.8301787,0.77812564,-39.22501,-1.518101,2.797676,-16.83273,-0.42401344,8.569537,-32.5579,-1.3419363,0.5306031,-35.000515,-6.2745333,0.58529776,-15.533212,-4.9311047,14.2578745,-31.888988,-4.3952284,0.68089753,-35.74168,-1.9330832,-2.872756,-18.976353,-22.483515,17.15945,-5.6823764,9.313159,7.4011626,-19.860975,-5.4355135,5.0594387,-26.291725,-0.50172997,-5.374891,-11.428771
35.71541,-58.63799,-20.093458,28.423248,1.2506187,-11.679798,-7.3283267,7.2219863,-24.763533,8.201248,-6.283526,-8.65,4.134487,2.4430513,-28.996044,-2.7620018,0.7680012,-38.902714,-1.4793324,2.7227478,-17.098341,-0.43350273,8.157059,-30.746264,-1.3224298,0.528346,-33.626366,-6.045211,0.53448004,-14.598936,-4.8100514,13.580186,-29.593483,-4.266196,0.6573436,-34.06488,-1.8638693,-2.8258333,-17.90941,-21.721842,16.582474,-5.5096703,9.079701,6.982076,-17.523916,-5.253951,4.863448,-24.33849,-0.46994925,-5.231368,-10.496384
36.32565,-60.07378,-19.571386,29.289566,2.5324812,-11.370962,-7.542169,7.41236,-24.502794,8.686662,-6.4964585,-5.378796,4.176084,2.394964,-28.3461,-2.815887,0.78112817,-35.00056,-1.5680678,2.8078904,-13.805891,-0.4538884,8.138403,-30.407701,-1.3288043,0.5207607,-29.321833,-5.856266,0.37304005,-11.322478,-4.9241796,13.838535,-29.25756,-4.2844086,0.57569367,-30.050354,-1.6717058,-3.0121696,-14.982265,-22.263348,16.97576,-5.6302896,9.270589,7.395415,-17.747398,-5.2656574,4.863692,-21.609276,-0.3742799,-5.397025,-8.442216
38.063934,-61.23033,-24.551226,29.119204,0.7338499,-12.328593,-7.654169,7.4590373,-23.424067,8.919384,-6.640746,-2.733317,4.0329137,0.5980201,-26.578117,-2.812838,0.7966014,-31.724794,-1.6102948,2.8490572,-10.778155,-0.5154079,7.1115837,-28.140657,-1.3377887,0.52113867,-29.142378,-5.856889,0.25658292,-10.639825,-4.97904,13.178787,-27.78626,-4.333524,0.5590143,-30.386879,-1.6456239,-3.0793748,-13.949563,-22.43338,17.06449,-5.636439,9.147554,6.566423,-20.61251,-5.4890637,5.0132976,-26.25781,-0.46338254,-5.3808427,-10.283975
38.818768,-62.274796,-25.34084,29.562548,0.70459706,-12.531408,-7.768654,7.5691576,-23.639265,9.102257,-6.752427,-2.0918727,4.0667944,0.3583097,-26.73795,-2.8392668,0.8012015,-31.72448,-1.631089,2.8830664,-10.401236,-0.52678275,7.0096407,-28.161835,-1.344204,0.52114296,-29.299112,-5.8843164,0.22870365,-10.255956,-5.0560994,13.173809,-27.853062,-4.3839645,0.54726636,-30.287436,-1.6128057,-3.1430428,-13.546958,-22.78278,17.31831,-5.7101736,9.260913,6.4093976,-21.222536,-5.5626025,5.075774,-26.721233,-0.45001394,-5.459102,-10.216599
38.987053,-62.699913,-25.054564,29.795454,0.79819554,-12.568952,-7.8100686,7.615922,-23.727154,9.19306,-6.7938747,-1.5581653,4.072511,0.36364853,-26.41843,-2.8509793,0.8038414,-30.700233,-1.6549283,2.9024594,-9.473579,-0.5289407,7.0305076,-27.543556,-1.3435924,0.5186755,-27.875395,-5.7851543,0.16972548,-8.817295,-5.096068,13.159891,-27.046383,-4.379377,0.51551944,-28.539154,-1.5109435,-3.219954,-12.149335,-22.936993,17.421848,-5.740512,9.353563,6.422175,-20.366571,-5.5229173,5.031217,-24.963205,-0.37910202,-5.521381,-8.735964
39.84768,-63.53761,-27.075066,29.738312,-1.3663347,-13.747052,-7.8841305,7.679599,-23.676285,9.250882,-6.8692555,-1.282769,3.986462,-0.45196557,-23.991875,-2.8548121,0.8059696,-30.31363,-1.6560807,2.9206338,-8.20081,-0.5659412,6.50199,-24.092808,-1.3472342,0.5186463,-28.143948,-5.771061,0.094338916,-7.711226,-5.197821,12.463011,-23.747845,-4.43326,0.5109359,-28.444614,-1.4713807,-3.2907128,-11.203918,-23.147547,17.583868,-5.7751956,9.494129,5.460629,-19.118454,-5.6184306,5.0713964,-26.349203,-0.37644252,-5.5663633,-8.842788
40.728256,-65.12082,-27.236376,31.012285,0.2589251,-13.30928,-8.113029,7.9148145,-24.163683,9.60682,-7.073976,0.04929787,4.1534524,-0.010460552,-25.387093,-2.926465,0.81340724,-29.788208,-1.710201,3.0062687,-6.7285886,-0.5633738,6.69634,-26.405804,-1.3641701,0.5205867,-28.288054,-5.866974,0.08058398,-7.153389,-5.34773,12.708719,-25.935884,-4.55534,0.52436376,-29.301874,-1.4608005,-3.394273,-11.047418,-23.801466,18.097914,-5.9431343,9.737375,5.303436,-20.691708,-5.750771,5.204755,-26.637657,-0.34676546,-5.738215,-8.260075
44.1857,-70.56923,-29.440178,33.717068,0.6635693,-14.23049,-8.789769,8.5689335,-26.014156,10.389195,-7.62445,-0.07751128,4.482522,0.432524,-27.78513,-3.1096733,0.8352146,-32.389496,-1.7936785,3.1941352,-7.621487,-0.5533105,7.5552077,-29.89308,-1.4122105,0.5274514,-31.377005,-6.353512,0.13814205,-8.10942,-5.725398,14.040907,-29.61653,-4.901624,0.5727661,-32.631916,-1.5723863,-3.5826936,-12.63007,-25.81491,19.618837,-6.4063754,10.460232,5.8309116,-23.83117,-6.1694007,5.6246862,-28.926872,-0.3480873,-6.1756163,-8.906845
45.1021,-71.72323,-30.838326,34.546597,2.2393422,-13.695379,-8.938935,8.7026415,-26.299423,10.5741005,-7.725162,0.18781185,4.6320267,1.0877609,-30.054485,-3.153068,0.8395196,-33.543102,-1.8052726,3.229867,-8.417861,-0.51718175,8.008934,-34.701283,-1.4281212,0.5337537,-34.907406,-6.6427536,0.2915499,-10.721028,-5.7476726,14.612076,-35.151943,-5.0099306,0.65666914,-36.792126,-1.720967,-3.5148354,-15.135737,-26.225178,19.911404,-6.4989843,10.393688,5.684623,-29.49914,-6.3210425,5.8300424,-32.595325,-0.41295284,-6.213786,-10.582344
47.423527,-75.56285,-33.2738,36.197025,3.5244954,-13.714117,-9.378344,9.104588,-26.156609,11.423229,-8.180161,5.346359,4.755445,0.47874233,-30.640163,-3.258445,0.8743273,-29.22492,-1.9546037,3.4069476,-3.9604523,-0.54747117,7.864883,-36.777958,-1.456647,0.52770686,-33.492702,-6.7121058,0.11778311,-9.254106,-5.9577227,15.198669,-38.164265,-5.1813273,0.59650266,-35.573463,-1.6202755,-3.7658722,-13.429578,-27.432556,20.773685,-6.7587337,10.615902,6.2355347,-35.41068,-6.6208057,6.072186,-35.048523,-0.40147796,-6.486321,-11.147542
41.81517,-67.4252,-28.807375,32.706486,5.610438,-11.15028,-8.529856,8.202148,-21.875269,10.414514,-7.323135,6.746434,4.4160967,1.2608519,-29.913113,-2.9975133,0.83885974,-26.67959,-1.824279,3.1071682,-4.2770495,-0.49266264,7.517483,-39.290844,-1.3898637,0.52319145,-33.569916,-6.320201,0.32120943,-12.635307,-5.267285,14.290077,-42.206715,-4.7145653,0.6794344,-37.360764,-1.7477943,-3.234455,-16.531866,-24.602633,18.540693,-6.0782747,9.298019,5.901325,-38.590782,-6.0431943,5.6534586,-36.403,-0.50284314,-5.7532744,-13.447703
37.950207,-61.231163,-26.22452,29.724909,5.385223,-10.027146,-7.816222,7.4936423,-20.03564,9.461322,-6.6937265,5.222458,4.129297,1.4707801,-28.40104,-2.8068724,0.8134608,-27.173018,-1.7058275,2.8957038,-5.7437906,-0.46637338,7.002522,-39.44619,-1.350673,0.5280857,-37.074993,-6.3099833,0.56574166,-17.52297,-4.813922,13.197263,-43.094086,-4.447238,0.8036412,-42.215588,-2.0859995,-2.7322352,-21.730461,-22.364592,16.919294,-5.585593,8.388189,5.0826116,-39.4278,-5.804006,5.52068,-41.6067,-0.7621604,-5.1411757,-18.925306
37.674595,-60.58099,-26.172247,29.368755,4.94761,-10.11238,-7.6791677,7.3740067,-20.782494,9.197157,-6.575346,3.0619855,4.1408663,1.9309373,-28.98426,-2.7843184,0.80425876,-31.708042,-1.6341623,2.8338802,-9.046793,-0.439718,7.1953855,-41.89963,-1.354121,0.5404286,-43.68118,-6.7179728,0.8878882,-23.127663,-4.7289267,13.234429,-46.450077,-4.480587,0.94927704,-49.320904,-2.428117,-2.4306657,-27.320826,-22.147226,16.746695,-5.5290537,8.148134,4.599925,-43.317192,-5.918654,5.759262,-48.62103,-0.9854988,-4.9431458,-24.344929
36.970974,-58.908165,-26.371704,28.394964,3.639471,-10.426589,-7.491274,7.1909404,-20.2535,8.911006,-6.424994,2.1475544,4.0006967,1.3175306,-27.503723,-2.7311602,0.79365224,-29.995306,-1.595018,2.7777696,-8.700463,-0.4648807,6.9343586,-37.123795,-1.3347335,0.53387713,-38.174976,-6.2760715,0.64167136,-18.824213,-4.6506414,12.932767,-40.736496,-4.3294034,0.81589866,-42.663067,-2.1474433,-2.5802562,-22.493795,-21.499876,16.312609,-5.3992214,8.080073,5.049065,-37.59846,-5.675557,5.3898587,-41.732204,-0.8263453,-4.9318304,-19.771803
40.223934,-64.2792,-28.852226,30.308046,-0.11122441,-13.279801,-7.855003,7.6605835,-25.666857,9.041948,-6.831965,-4.9751773,4.218239,1.586937,-27.832516,-2.882566,0.7975101,-40.029,-1.5625948,2.8915563,-14.952343,-0.47282562,7.560686,-36.536243,-1.3839793,0.5561948,-47.626236,-7.212743,0.97439545,-24.560806,-5.0831265,13.423224,-39.441494,-4.7176557,0.9603189,-51.029747,-2.6019652,-2.5212932,-28.917295,-23.296404,17.726337,-5.8216586,8.965546,4.4657354,-35.904667,-6.245919,6.0049686,-49.195374,-1.0740606,-5.1874595,-25.580065
39.874813,-64.22009,-26.64768,30.69897,1.0587249,-12.781183,-7.8701506,7.7090273,-26.020704,9.187313,-6.9017496,-4.020638,4.2552986,1.5508876,-28.268078,-2.9001396,0.80234677,-38.56672,-1.5968196,2.924306,-14.02353,-0.49471742,7.4008675,-35.436417,-1.3819754,0.54899913,-43.3448,-7.000985,0.8057934,-21.590904,-5.139338,13.417671,-36.84225,-4.685955,0.8648524,-46.54649,-2.4413605,-2.6835976,-25.956263,-23.394861,17.83336,-5.8629055,9.220638,5.2558756,-31.236557,-6.1480503,5.842291,-44.087185,-0.9696214,-5.3085613,-23.231295
37.134888,-60.389465,-23.108574,29.359806,2.6756527,-11.280261,-7.5496907,7.3927293,-23.64597,8.938316,-6.619075,-1.4284017,4.082541,1.4714676,-26.877548,-2.8106189,0.7994119,-29.907942,-1.6605699,2.882194,-8.2593775,-0.50422156,7.1522536,-30.626207,-1.3389642,0.52432775,-30.26959,-5.9040937,0.27473384,-11.363046,-4.952423,12.921025,-29.993607,-4.3537674,0.6314163,-32.94985,-1.802268,-3.001347,-15.944833,-22.181051,16.918945,-5.6024933,9.084153,6.1512294,-21.30892,-5.5100484,5.070312,-28.317516,-0.5374996,-5.316735,-11.858708
34.474415,-57.066746,-18.993399,27.909191,2.6524878,-10.655946,-7.2499924,7.072489,-21.578648,8.631539,-6.306129,0.078507975,3.8579159,1.7503246,-23.447582,-2.7108588,0.7894141,-25.483183,-1.6477284,2.783513,-5.946535,-0.49295455,7.255489,-26.898054,-1.3019744,0.512848,-24.456509,-5.355838,0.13660324,-7.6858144,-4.725369,12.714393,-26.107056,-4.0859957,0.5386739,-26.717604,-1.5495148,-2.9904625,-12.6245165,-21.141026,16.111053,-5.348541,8.757295,6.820439,-17.61493,-5.08691,4.6690087,-22.267948,-0.3882999,-5.1403303,-8.315237
33.59552,-55.930058,-18.064081,27.54222,3.3709269,-10.129057,-7.156352,6.990348,-21.204376,8.623904,-6.2473197,1.19243,3.8208988,1.8308682,-22.98378,-2.6920867,0.78735757,-23.9554,-1.6586664,2.7715635,-4.7949343,-0.49265227,7.0689497,-26.857655,-1.2940081,0.5093891,-23.188395,-5.196253,0.09393757,-6.782418,-4.682389,12.399011,-25.984024,-4.027331,0.51661706,-25.459175,-1.4782346,-2.9911242,-11.800983,-20.82862,15.869522,-5.2875705,8.618269,6.4893494,-17.83747,-5.005334,4.594694,-21.531006,-0.36023742,-5.090946,-7.8549128
34.386784,-57.48622,-18.042057,28.45853,3.203482,-10.567272,-7.4516554,7.236657,-20.95739,8.861472,-6.4073215,0.8390786,3.9399033,2.3249056,-23.464966,-2.7550595,0.7931085,-25.823818,-1.6680719,2.8286095,-5.789103,-0.46658552,7.6993985,-29.532854,-1.3166852,0.5163339,-27.295961,-5.663542,0.28652817,-10.471722,-4.7749057,13.181566,-29.552525,-4.2013707,0.62463355,-30.975996,-1.7865248,-2.8806992,-16.1113,-21.512625,16.40271,-5.446333,8.8337555,6.7797832,-20.527803,-5.2704873,4.9056845,-26.45705,-0.5108415,-5.1570582,-11.392094
35.649475,-58.75934,-21.156359,28.744926,3.0041947,-10.861249,-7.480073,7.2697845,-22.024511,8.833995,-6.450171,-0.28221983,3.984052,2.6600266,-24.391068,-2.7690563,0.79777306,-30.113455,-1.6469128,2.8374233,-8.169476,-0.43630385,7.7125893,-35.17112,-1.3408467,0.53511465,-38.856857,-6.4443417,0.7337815,-19.51477,-4.756792,13.1685915,-37.565514,-4.3816986,0.84676456,-43.169785,-2.287472,-2.5432122,-24.486238,-21.840282,16.566263,-5.4867487,8.5575,5.491284,-30.846611,-5.6843514,5.448379,-40.794342,-0.8654231,-4.9771585,-20.590483
37.51679,-60.617775,-24.674906,29.53768,3.7664483,-10.805341,-7.6910505,7.4495463,-21.661205,9.218719,-6.6496487,2.404695,4.051868,1.8088382,-25.818283,-2.8113632,0.8091457,-26.790625,-1.7046376,2.9025493,-5.390263,-0.46847656,7.336321,-34.80448,-1.3450491,0.52418613,-33.558807,-6.081664,0.43587643,-14.062887,-4.8768134,13.144985,-36.74351,-4.395356,0.71877503,-37.334934,-1.880494,-2.8881204,-18.160686,-22.376434,16.926704,-5.592593,8.687821,5.397348,-31.311161,-5.636414,5.290104,-35.048367,-0.6131463,-5.231431,-14.519124
38.664864,-62.021935,-26.462984,30.240974,5.0821705,-10.365475,-7.8067536,7.552054,-21.597506,9.438664,-6.746136,3.6767793,4.152401,1.4452564,-28.308811,-2.831575,0.8101645,-26.63845,-1.7077167,2.9131548,-5.4847093,-0.47485647,7.1934743,-36.216263,-1.3470848,0.5218091,-31.706646,-5.953966,0.34904346,-12.276318,-4.9154224,13.322824,-38.195076,-4.394162,0.6526218,-34.693314,-1.67684,-3.0309103,-15.440757,-22.728838,17.135315,-5.652246,8.71063,5.457603,-33.186268,-5.606233,5.228396,-32.63888,-0.49311337,-5.349803,-11.812189
40.034218,-63.5063,-28.514343,30.72803,3.972131,-11.10026,-7.942384,7.709301,-22.996414,9.36909,-6.857185,0.4249987,4.2750583,1.8532861,-29.243618,-2.8861523,0.8140375,-31.811296,-1.6857868,2.9627972,-8.726188,-0.44512737,7.4227724,-39.53483,-1.3772388,0.5388187,-41.523827,-6.706978,0.67719316,-19.434298,-5.03827,13.249408,-41.862854,-4.642088,0.8397341,-44.985516,-2.162221,-2.8164437,-22.499418,-23.068241,17.536495,-5.790505,8.800571,4.27466,-37.745228,-6.0291524,5.7003794,-42.844547,-0.7788992,-5.3270125,-19.073643
39.830223,-62.88213,-28.591755,30.285162,2.8560224,-11.523518,-7.89189,7.647004,-22.525152,9.286678,-6.8122816,0.53457856,4.1721296,1.4553478,-27.31556,-2.864048,0.8108922,-30.32718,-1.6717396,2.9408765,-7.8990326,-0.46254343,7.3072057,-36.265064,-1.368754,0.53479356,-38.491657,-6.487116,0.5630658,-16.966532,-5.021455,13.108297,-38.37659,-4.572657,0.77200294,-41.473938,-2.0079544,-2.8945856,-19.838291,-22.828009,17.413074,-5.74169,8.781586,4.4394374,-35.240025,-5.9315424,5.5556493,-39.960423,-0.7087525,-5.3242025,-17.007292
36.770996,-58.505424,-25.625404,28.208614,2.9239488,-10.682385,-7.425766,7.157609,-20.221367,8.813869,-6.3817916,1.9920502,3.889979,1.3122828,-24.68795,-2.7212837,0.79269713,-26.026266,-1.6163964,2.7784052,-6.432281,-0.46889028,7.1182103,-31.934072,-1.319217,0.5208257,-30.508718,-5.7269154,0.36408433,-12.139006,-4.677847,12.864884,-34.184498,-4.192672,0.6300504,-32.935917,-1.6414562,-2.884012,-14.777342,-21.395828,16.223198,-5.371782,8.214057,5.424511,-31.334679,-5.369531,4.9890933,-31.54198,-0.5207056,-5.0637217,-11.903816
37.678802,-60.1895,-25.841558,28.677773,0.7481699,-12.099359,-7.625123,7.357139,-21.235004,8.871462,-6.531853,-0.48201007,3.9361444,1.17959,-24.062511,-2.7753408,0.7952394,-29.095755,-1.6072394,2.8243566,-8.434386,-0.4782019,7.453048,-30.139965,-1.3353155,0.5253986,-32.361877,-5.982645,0.39523974,-13.26244,-4.826615,13.266022,-32.198498,-4.3289785,0.65942764,-34.917942,-1.7912052,-2.9045331,-16.534723,-22.005613,16.720991,-5.524468,8.621958,5.858367,-28.516544,-5.541725,5.1302533,-32.411324,-0.57660973,-5.1941605,-13.267813
36.485485,-59.36429,-22.309856,28.253382,-0.32062006,-12.519084,-7.5761266,7.3300476,-21.071007,8.894696,-6.5216594,0.193022,3.8149953,0.36812478,-21.777603,-2.7594469,0.7965647,-26.0389,-1.6498848,2.8294835,-6.1782765,-0.5296352,6.974779,-23.873215,-1.3167944,0.5122762,-24.479275,-5.450638,0.096449204,-7.0858736,-4.8940783,12.76662,-23.919079,-4.200613,0.50079477,-26.482744,-1.4657962,-3.1231143,-11.351419,-21.869738,16.638649,-5.501563,8.997442,6.596915,-18.301056,-5.288534,4.809849,-23.408258,-0.378292,-5.2940135,-8.29209
35.018227,-59.094948,-16.564587,28.582396,-0.104394555,-12.526859,-7.601311,7.392152,-22.0876,9.082034,-6.5777864,0.94740313,3.7898533,0.3295256,-20.08342,-2.786787,0.79937536,-24.350607,-1.7055143,2.8539057,-4.4142394,-0.565899,6.8008366,-20.292675,-1.3109769,0.5068395,-18.718294,-5.157818,0.013732247,-2.7441533,-5.0350127,12.4320135,-18.015419,-4.1212616,0.41263995,-20.629204,-1.290332,-3.2256835,-8.840737,-22.139473,16.833681,-5.5691013,9.524279,7.1919694,-8.961658,-5.1226087,4.7178183,-17.264889,-0.28845233,-5.388726,-5.89359
36.92814,-63.555294,-15.793457,30.569519,0.056107208,-13.354903,-8.187236,7.9218154,-22.677248,9.878301,-7.0377765,3.0120878,3.947452,0.49654058,-19.402248,-2.925279,0.82134056,-22.75697,-1.8170574,3.0099564,-2.7785366,-0.56995165,7.63202,-20.962795,-1.340205,0.5062965,-16.849756,-5.3787785,0.005294971,-1.3459345,-5.310861,13.8621235,-19.006891,-4.305123,0.37410146,-18.946112,-1.262625,-3.4157543,-8.325431,-23.812012,18.051609,-5.9251175,10.138922,8.810728,-9.863699,-5.3618393,4.9981084,-16.413548,-0.27473038,-5.723132,-5.6465244
37.41803,-64.39469,-15.99929,30.753696,-1.389852,-14.250651,-8.413324,8.059354,-21.349165,10.113404,-7.1410494,4.36707,3.9163225,0.35516465,-17.580807,-2.946874,0.8267712,-21.610939,-1.8330182,3.028413,-2.2678769,-0.5732761,8.083227,-20.225807,-1.3443968,0.5078666,-16.427092,-5.497595,0.038342662,-1.6368414,-5.3219047,14.640788,-19.60934,-4.344045,0.39138988,-19.21987,-1.3482988,-3.3925667,-9.346799,-24.175728,18.297802,-5.9883847,10.161107,10.043288,-11.82219,-5.4460588,5.1184483,-17.497864,-0.33114073,-5.753318,-6.85155
37.227646,-63.99418,-16.978779,30.936783,1.3454251,-12.797568,-8.374478,8.006202,-20.599478,10.180889,-7.1113896,6.0190506,4.0365763,1.5759783,-19.819214,-2.93602,0.8285285,-21.7028,-1.8363705,3.0352905,-2.5566595,-0.52572584,8.546993,-26.412203,-1.3477678,0.5101514,-20.907469,-5.748885,0.14494461,-5.8713727,-5.17377,15.2389,-27.587498,-4.3927536,0.4956265,-24.6368,-1.5899919,-3.2390945,-13.192175,-23.910446,18.109623,-5.941959,9.71501,10.130721,-20.984468,-5.548899,5.243228,-23.13687,-0.44675857,-5.6541953,-10.44759
35.145004,-59.199768,-18.69785,28.63351,2.1911693,-11.306769,-7.704773,7.3813987,-19.333792,9.282957,-6.570513,4.3957477,3.8480835,1.85949,-20.401764,-2.7729878,0.8039218,-22.41438,-1.7059975,2.8530273,-4.1053042,-0.48154393,8.057971,-27.991022,-1.3165429,0.5129711,-24.746902,-5.6281652,0.26334298,-9.21605,-4.7653694,14.201015,-30.284832,-4.182891,0.558229,-28.190151,-1.6584067,-2.9561262,-14.721274,-21.925356,16.670107,-5.512177,8.716284,8.478898,-25.525013,-5.318503,4.9879246,-26.693132,-0.5043355,-5.207424,-11.773401
36.58236,-59.859707,-22.928274,29.122234,4.0744033,-10.459961,-7.639228,7.3647485,-20.433758,9.31617,-6.6180987,5.010749,3.9421537,1.5343364,-23.576057,-2.781364,0.80917096,-23.275646,-1.7167692,2.8789856,-3.7629595,-0.48434186,7.239818,-32.818027,-1.3315709,0.51940763,-29.607801,-5.8782024,0.3700884,-12.443398,-4.801058,13.264636,-35.1358,-4.2735753,0.62550175,-33.43787,-1.7720232,-2.8964055,-16.632908,-22.008074,16.70428,-5.5199103,8.496188,6.1974244,-31.959024,-5.5558114,5.227419,-34.032078,-0.63764834,-5.143542,-15.167822
35.05569,-55.999893,-24.143642,27.319296,4.019984,-9.651646,-6.964167,6.8180394,-22.673254,7.991975,-6.0215235,-4.390496,4.01779,2.5083976,-29.645378,-2.6585124,0.77009034,-35.942017,-1.4794531,2.6546004,-13.8013115,-0.39837998,7.1692443,-39.936573,-1.3236699,0.54729265,-44.73528,-6.5833426,1.0000798,-24.409737,-4.49076,12.249077,-41.829983,-4.260875,0.93412006,-48.034016,-2.4093704,-2.267074,-26.94268,-20.459227,15.576161,-5.209291,7.8546486,3.9140038,-35.016792,-5.554981,5.3570147,-44.171223,-0.95682955,-4.651509,-22.349419
40.989784,-65.11075,-30.262667,31.259148,3.092237,-11.819734,-8.021805,7.796942,-24.177282,9.494304,-6.974595,-0.19016832,4.315546,1.1034735,-30.44719,-2.9152212,0.8128596,-34.408047,-1.6595852,2.970028,-10.372366,-0.48950008,6.9563093,-38.900272,-1.3869503,0.54270625,-41.916664,-6.8219995,0.69453716,-19.587227,-5.151301,13.038084,-41.004417,-4.7008867,0.84263515,-45.384644,-2.228804,-2.816075,-23.095316,-23.5403,17.88687,-5.8733497,8.9812565,4.093888,-37.116344,-6.159448,5.825307,-44.269905,-0.8399304,-5.3790727,-19.941586
42.62393,-67.614494,-31.184551,32.22868,2.0777786,-12.809452,-8.328267,8.098753,-24.878756,9.888512,-7.2750196,0.13251123,4.3902802,0.2665544,-30.835712,-2.992552,0.82709086,-33.636333,-1.7228863,3.077331,-9.161057,-0.53123856,6.9249887,-35.908222,-1.4016926,0.53738195,-37.908436,-6.661518,0.41385904,-15.286921,-5.371838,13.510523,-37.058723,-4.8047028,0.73394585,-40.8405,-2.0159185,-3.1351974,-19.254303,-24.44333,18.569178,-6.0840373,9.534369,5.0628924,-32.292988,-6.22802,5.7591286,-39.046284,-0.67413867,-5.7037487,-15.976846
42.769295,-67.659096,-31.526413,32.09618,1.2049806,-13.225475,-8.307505,8.095878,-25.219917,9.892941,-7.3137164,-0.015034497,4.3464184,-0.18562545,-29.920029,-2.9945679,0.83145845,-32.630924,-1.743205,3.0984967,-8.25306,-0.55518925,6.6946354,-33.513382,-1.400928,0.53507,-36.050365,-6.5384893,0.2907066,-13.460545,-5.4134164,13.324999,-34.09653,-4.7962294,0.68618256,-38.679848,-1.938446,-3.2253215,-17.618528,-24.454565,18.590242,-6.0923877,9.64067,5.215777,-29.601524,-6.219451,5.6973777,-37.288593,-0.64356375,-5.7459908,-15.055864
42.293575,-66.93079,-31.057127,31.674456,0.8478888,-13.252278,-8.188159,7.997982,-25.41583,9.767528,-7.248359,-0.3684305,4.276253,-0.28081274,-28.776352,-2.9702883,0.830523,-31.584913,-1.7454804,3.0818365,-7.6932983,-0.56739736,6.5804863,-31.044523,-1.3913879,0.53101784,-33.676414,-6.325634,0.18059236,-11.403361,-5.3861604,13.107201,-31.05232,-4.7215123,0.63294023,-35.7256,-1.8153032,-3.2854035,-15.599018,-24.214598,18.392084,-6.0325656,9.652462,5.331814,-26.435484,-6.0986123,5.543408,-34.328804,-0.5799135,-5.7319465,-13.327576
38.691803,-62.52194,-25.983429,30.138983,3.127194,-11.364188,-7.7640533,7.561102,-23.330496,9.408498,-6.8372254,2.3081713,4.098643,1.2471447,-25.762165,-2.847514,0.8152236,-29.090874,-1.7067559,2.9448795,-6.713074,-0.51070017,6.8129063,-34.38919,-1.3612828,0.53292906,-36.698368,-6.4324408,0.52795875,-16.673105,-5.0274377,12.743914,-35.963352,-4.5114403,0.7452259,-40.25582,-2.0958595,-2.8310366,-20.971764,-22.795132,17.34414,-5.706841,8.838904,4.835494,-33.210884,-5.944441,5.6140265,-41.333637,-0.832399,-5.232005,-20.164442
37.875744,-61.46232,-24.643658,29.75207,3.2038693,-11.192485,-7.650887,7.455702,-23.74987,9.060208,-6.673021,-0.8219042,4.1379685,2.5953133,-26.304512,-2.8300347,0.805908,-33.70436,-1.6403875,2.8868568,-10.42157,-0.44288734,7.6530914,-38.246223,-1.3662456,0.5457975,-44.321274,-6.9315434,0.9212561,-23.518747,-4.891342,13.316905,-41.267044,-4.560553,0.9340198,-48.9569,-2.5304904,-2.4686935,-28.14807,-22.556713,17.123459,-5.649816,8.611115,4.7868195,-37.18517,-6.035322,5.8493357,-48.202618,-1.0605297,-5.023929,-25.645159
36.913464,-60.009148,-23.932138,29.15202,3.4067185,-10.824111,-7.497931,7.311275,-23.249443,8.7982435,-6.50957,-1.7711068,4.1031346,2.7073362,-26.909344,-2.7912922,0.7981732,-33.094017,-1.6183945,2.8415642,-10.399064,-0.43130687,7.711415,-37.50459,-1.351923,0.541043,-41.84928,-6.653019,0.81398034,-21.37098,-4.7951403,13.237628,-39.9737,-4.4631357,0.897377,-46.230568,-2.3885283,-2.512576,-25.923344,-22.070217,16.743202,-5.543915,8.536505,5.0601654,-33.83059,-5.810337,5.577902,-43.317455,-0.92139053,-5.0046506,-21.917906
36.727962,-59.653854,-23.723345,28.939102,3.0358586,-10.93323,-7.4590135,7.286845,-23.385395,8.675718,-6.4632664,-2.733037,4.0882106,2.8892696,-26.559704,-2.781344,0.7970036,-33.784378,-1.6148946,2.839612,-10.495547,-0.42173,7.7745233,-37.381035,-1.3510542,0.5417664,-43.405846,-6.682394,0.81972253,-22.009485,-4.784063,13.0945425,-39.761703,-4.477935,0.9233383,-47.540028,-2.417855,-2.4978616,-26.515272,-21.98042,16.667128,-5.5254655,8.550021,4.7811985,-33.16645,-5.804644,5.5586715,-43.88588,-0.91369665,-4.992768,-22.0287
38.960426,-62.629932,-26.316578,30.281672,3.0090303,-11.5026,-7.7989902,7.614868,-24.297794,9.061585,-6.744035,-2.5213456,4.2517257,2.2765806,-29.09032,-2.8666844,0.80765086,-35.081257,-1.6541852,2.9304292,-10.762647,-0.44147658,7.599635,-39.1107,-1.374526,0.5438477,-44.326862,-6.84085,0.7752993,-21.625355,-5.0093746,13.197056,-40.929447,-4.6454115,0.9123149,-48.137505,-2.3654387,-2.6729906,-25.738699,-22.969189,17.412931,-5.752547,8.94071,4.5239267,-33.925003,-6.0166335,5.7273726,-44.390087,-0.86438644,-5.2441826,-21.06354
40.737896,-65.05423,-28.017288,31.488682,3.4146945,-11.780053,-8.122649,7.9076424,-24.213776,9.574237,-7.0367026,-0.26143497,4.3429146,1.9709309,-29.155464,-2.943397,0.82092977,-32.20697,-1.7248724,3.0320094,-8.25655,-0.46230024,7.733247,-38.17308,-1.3874519,0.5362736,-39.740692,-6.663784,0.5459206,-17.251024,-5.1889973,13.693306,-39.718773,-4.7169986,0.8030211,-43.1402,-2.0937977,-2.9783576,-21.203909,-23.823032,18.052671,-5.9421935,9.263488,5.030581,-33.41299,-6.0621543,5.6904683,-39.723072,-0.6934029,-5.5315437,-16.82944
41.594273,-66.33715,-28.711136,32.25235,4.444618,-11.513915,-8.292428,8.063689,-24.263372,9.8173485,-7.1755466,0.5590113,4.452838,1.952205,-30.807205,-2.9858866,0.82647526,-32.168507,-1.7475681,3.077935,-8.226926,-0.46001273,7.815761,-39.723415,-1.3985841,0.53605556,-39.32871,-6.713005,0.51238495,-16.93856,-5.2628007,14.02955,-41.25284,-4.7839527,0.78711367,-42.88836,-2.0597413,-3.0632167,-20.580397,-24.230915,18.366056,-6.045444,9.385053,5.2473617,-34.74076,-6.1442943,5.7461863,-39.41161,-0.66620207,-5.650754,-16.21379
44.44208,-70.39171,-31.560333,34.16326,4.729307,-12.131287,-8.726927,8.494635,-25.796013,10.31358,-7.547232,0.22222123,4.6943574,1.8621622,-33.46993,-3.1065247,0.8399849,-34.993256,-1.7863132,3.195796,-9.558643,-0.46068332,8.051781,-42.706276,-1.4338603,0.54268813,-42.677883,-7.126878,0.59755284,-18.527058,-5.534235,14.5901375,-44.34848,-5.0366287,0.8293383,-46.07194,-2.1507173,-3.1765363,-21.838133,-25.57279,19.399036,-6.357089,9.838707,5.0196104,-37.938778,-6.4817247,6.076724,-42.44757,-0.6938213,-5.931297,-17.238724
43.911465,-69.5312,-31.295353,33.704292,4.612838,-12.008601,-8.613655,8.382314,-25.344635,10.203965,-7.4500437,0.5141822,4.619763,1.7920426,-32.52829,-3.0720427,0.83509994,-33.751152,-1.7749062,3.1576164,-8.981677,-0.46349776,8.000481,-41.060932,-1.4207852,0.5394644,-40.38196,-6.896823,0.5257778,-16.627888,-5.4650464,14.456748,-42.734886,-4.9387603,0.7768996,-43.210957,-2.0000494,-3.2150483,-19.797276,-25.25343,19.131262,-6.2714515,9.721461,5.066364,-36.79179,-6.3233323,5.905786,-39.520752,-0.60849106,-5.891344,-15.221006
41.93758,-66.94206,-29.111376,32.62006,5.26193,-11.2345295,-8.335356,8.089874,-23.987516,9.97177,-7.1822734,1.7192913,4.471053,1.6340963,-31.945843,-2.9863338,0.82197464,-31.154303,-1.7424059,3.0474174,-8.505201,-0.4651965,7.8330917,-38.995777,-1.3863654,0.53018993,-34.80462,-6.3506174,0.40916026,-12.93157,-5.2514973,14.331996,-40.59754,-4.6817365,0.6800502,-36.99642,-1.7009991,-3.2257955,-16.00543,-24.372246,18.406267,-6.046894,9.381852,5.7349997,-34.428783,-5.9041667,5.507775,-32.68092,-0.42650396,-5.7556977,-10.742838
40.860607,-65.33513,-27.960484,31.669691,4.3479857,-11.371988,-8.143869,7.8841457,-23.015493,9.828302,-7.0217614,3.0152674,4.2632375,1.2793537,-28.749702,-2.926086,0.81783634,-27.410038,-1.7425144,2.9883947,-6.4521227,-0.48256725,7.649565,-34.94908,-1.3619196,0.5210421,-29.603966,-5.9062204,0.27862656,-9.144689,-5.135491,14.093887,-36.745125,-4.489102,0.5796931,-31.070995,-1.4294142,-3.27973,-12.10658,-23.82547,17.967342,-5.8938518,9.170466,6.1167736,-32.106766,-5.628037,5.2401304,-27.923632,-0.29887092,-5.663758,-7.6571383
41.566494,-66.3712,-28.652864,32.1068,4.3234515,-11.592446,-8.2624655,7.998668,-23.275099,10.021089,-7.1425004,3.8266888,4.2941575,1.0162829,-28.667652,-2.9547963,0.8233091,-26.99545,-1.7662096,3.0275068,-5.5795274,-0.4958007,7.541329,-34.906597,-1.3701265,0.5210619,-29.40799,-5.9523077,0.25391346,-8.738348,-5.2158685,14.122161,-36.817333,-4.5433736,0.56788194,-30.951057,-1.4127704,-3.3395975,-11.784648,-24.21142,18.24207,-5.973918,9.298265,6.053535,-32.654846,-5.724365,5.3238826,-28.648859,-0.3079799,-5.738106,-7.853474
42.899338,-68.380196,-29.994999,33.030235,4.2565928,-12.007597,-8.508782,8.231335,-23.673796,10.307432,-7.351149,4.10093,4.4020944,1.0061904,-29.34119,-3.017943,0.8337102,-27.670065,-1.8019674,3.1062446,-5.277364,-0.49723944,7.705663,-36.329826,-1.3907363,0.52409744,-31.518656,-6.209161,0.2822917,-9.907654,-5.354406,14.46744,-38.47573,-4.6987596,0.61146915,-33.578823,-1.5319034,-3.3788571,-13.1932955,-24.941671,18.795027,-6.1365876,9.532739,6.00527,-34.556076,-5.948337,5.532819,-31.492138,-0.36266202,-5.8734937,-9.31159
44.05991,-69.911934,-31.49509,33.734325,4.1473427,-12.325408,-8.657118,8.3929205,-24.675707,10.365573,-7.4814734,2.4282618,4.5391536,1.4051306,-30.89484,-3.0669606,0.8387849,-31.014631,-1.8010852,3.1613235,-6.7967067,-0.47837582,7.934851,-39.66124,-1.414573,0.53422666,-37.730637,-6.732792,0.4629087,-14.514606,-5.456316,14.599669,-41.98372,-4.8899655,0.73440635,-40.563892,-1.8741672,-3.267091,-18.007849,-25.471018,19.196142,-6.264495,9.69019,5.397961,-37.352173,-6.25915,5.860505,-38.107628,-0.54869115,-5.9058886,-13.746236
46.665253,-74.11062,-33.410225,35.705612,4.4693294,-12.991059,-9.173516,8.889755,-25.762335,11.044952,-7.9374437,3.7508745,4.758374,1.2447648,-32.20206,-3.2021446,0.86009526,-31.657375,-1.884563,3.3218613,-6.038075,-0.49359956,8.161248,-41.538254,-1.4521021,0.53629935,-39.206978,-7.068471,0.4404717,-14.84227,-5.7602615,15.294791,-44.02078,-5.156038,0.7473214,-42.462315,-1.9431679,-3.4426503,-18.612968,-26.972742,20.343006,-6.6114526,10.228025,5.645983,-39.860165,-6.6354103,6.200698,-40.880962,-0.5827614,-6.2300487,-14.896788
45.746307,-72.69043,-32.65715,34.994358,3.8864434,-13.016369,-9.021969,8.744955,-25.448097,10.843662,-7.81374,3.4540124,4.6632,1.2207413,-30.849415,-3.1638155,0.85537654,-31.183899,-1.8646096,3.2819655,-5.9202433,-0.49580544,8.011821,-40.236183,-1.4424329,0.53540164,-38.901913,-7.0004015,0.452753,-14.9649515,-5.686985,14.950124,-42.647995,-5.0896354,0.7497734,-42.244183,-1.959613,-3.374673,-18.800798,-26.499258,20.008307,-6.5122046,10.077602,5.469928,-38.865807,-6.5678744,6.142809,-41.00696,-0.6148679,-6.1166487,-15.453004
43.9697,-69.749115,-31.306753,33.540527,2.9607255,-12.875868,-8.666182,8.418389,-25.1092,10.25482,-7.497625,0.8092309,4.5306,1.4726592,-29.856445,-3.078001,0.8381007,-32.2109,-1.7869034,3.173171,-7.696699,-0.48344797,8.016804,-37.729908,-1.4190984,0.5353283,-38.2109,-6.787904,0.43446624,-14.659502,-5.5036893,14.520094,-39.468918,-4.9352026,0.7417903,-41.068504,-1.9383606,-3.2766871,-18.36606,-25.388218,19.243975,-6.2917476,9.812021,5.408383,-34.874844,-6.319795,5.8752513,-38.165348,-0.58218735,-5.9286537,-14.302906
43.320133,-68.62352,-31.214928,32.797195,2.2561119,-12.971617,-8.522506,8.267444,-24.270231,10.178917,-7.3915806,2.312399,4.3742037,0.8158883,-27.695652,-3.026342,0.83430994,-29.517618,-1.7791911,3.122928,-6.068212,-0.5142727,7.513182,-33.902782,-1.3989589,0.52721006,-33.81142,-6.378625,0.2762702,-11.004336,-5.4392924,13.948571,-35.583168,-4.7878213,0.64132077,-35.71847,-1.6641269,-3.3676248,-14.418858,-24.907616,18.891651,-6.171859,9.656897,5.236515,-32.936047,-6.1126757,5.635263,-34.207348,-0.4546841,-5.8783135,-11.426454
41.623333,-66.02768,-29.477676,31.593397,1.5097482,-12.844905,-8.219202,7.9828415,-23.867296,9.696047,-7.1102457,0.35857534,4.2499146,0.85532975,-27.03328,-2.9470637,0.818318,-30.481665,-1.7111013,3.018421,-7.57544,-0.51108754,7.3815804,-31.80196,-1.3761218,0.52661616,-32.93352,-6.1829033,0.28163648,-10.717824,-5.2840805,13.47097,-32.79788,-4.6369286,0.6332002,-34.606625,-1.6436663,-3.2634244,-14.281489,-24.012249,18.23638,-5.976382,9.470807,5.1526227,-28.800892,-5.878175,5.411906,-31.681337,-0.42952293,-5.703012,-10.526659
44.409184,-70.48375,-30.963419,33.475296,0.9289033,-13.987445,-8.74185,8.494314,-25.30763,10.301094,-7.5649724,0.2952659,4.452896,0.35839552,-28.4096,-3.0827436,0.8363615,-32.05406,-1.779668,3.1691766,-8.01082,-0.53812444,7.6660113,-31.255161,-1.4092357,0.5263678,-32.247955,-6.362997,0.15586048,-9.221866,-5.611656,14.340414,-31.792294,-4.8661957,0.57230955,-33.29916,-1.5594571,-3.5528865,-12.639049,-25.55077,19.41055,-6.3364244,10.183838,6.038737,-27.240532,-6.150997,5.598033,-30.170164,-0.355969,-6.1061416,-9.096282
44.85257,-71.52575,-29.949783,33.82372,-1.3460448,-15.401289,-8.892207,8.664997,-26.384178,10.438551,-7.721567,-0.7076787,4.449653,-0.4648916,-27.154877,-3.1235764,0.8399259,-33.905872,-1.7991918,3.2248962,-7.569866,-0.5913856,7.161627,-27.481789,-1.421378,0.52873313,-32.535908,-6.4414835,0.07378266,-8.220891,-5.826428,13.774551,-26.671871,-4.9821897,0.5842281,-33.863342,-1.6500801,-3.6260526,-13.324879,-26.150242,19.867609,-6.469272,10.777504,5.7493916,-20.011278,-6.294915,5.69088,-30.309355,-0.38807094,-6.2450533,-9.709659
42.17628,-68.3776,-25.485088,32.688858,-1.1609871,-14.802598,-8.562248,8.374569,-26.234972,10.087076,-7.467485,-1.2908295,4.3231707,-0.3253283,-25.912155,-3.0578067,0.82939863,-33.033096,-1.7765847,3.1472855,-7.36552,-0.59831065,6.901461,-25.103899,-1.39958,0.5255739,-29.43071,-6.173023,0.07247151,-6.9498796,-5.7040663,13.193967,-22.89032,-4.800212,0.5513078,-31.067955,-1.616432,-3.5259912,-12.805834,-25.263103,19.218266,-6.287688,10.687947,5.927703,-13.895657,-6.0421066,5.4887915,-26.875467,-0.39236832,-6.0638885,-9.143594
41.455868,-67.808136,-23.89693,32.9117,1.4045815,-13.448294,-8.358053,8.24352,-27.802341,9.873428,-7.338528,-3.1144214,4.4313316,1.0454655,-28.628231,-3.0524728,0.82192004,-34.305237,-1.7525434,3.105375,-9.896585,-0.5519847,7.5939436,-28.206465,-1.3916252,0.52583444,-28.39592,-6.1212206,0.17319685,-7.1264453,-5.601698,13.7929325,-25.432947,-4.702055,0.5336175,-29.29746,-1.5537038,-3.4869082,-12.187888,-24.96051,19.03509,-6.239049,10.546495,6.5723195,-14.457082,-5.8439045,5.3665156,-23.015734,-0.3260336,-6.0263715,-7.1847005
40.012936,-65.14029,-24.39864,31.372414,0.6576556,-13.218717,-8.01681,7.8959374,-26.51274,9.505725,-7.0686135,-2.300788,4.2219043,0.4192982,-26.845337,-2.9502482,0.8123341,-32.549183,-1.7072614,3.0061402,-8.901893,-0.57243824,6.7966332,-26.037004,-1.3685875,0.5241445,-27.740318,-5.9040146,0.1444439,-6.9800863,-5.4138103,12.737444,-23.632185,-4.5424547,0.52904415,-28.672203,-1.5358472,-3.3628087,-11.906,-23.8831,18.222078,-5.986181,10.080236,5.7110887,-14.6387005,-5.704497,5.216988,-24.323013,-0.37369496,-5.764464,-8.112364
39.386913,-64.998535,-23.127672,30.97251,-0.075981796,-13.521842,-7.9862623,7.8394456,-25.837658,9.558389,-7.0462484,-0.645937,4.078004,0.08176681,-23.983017,-2.926215,0.8144444,-29.285774,-1.7281041,2.9887102,-7.0922604,-0.58795345,6.7659097,-23.255188,-1.3552742,0.5170141,-23.832747,-5.692259,0.08283364,-4.789096,-5.3775954,12.783627,-21.322958,-4.4392548,0.45491874,-24.678892,-1.40198,-3.388042,-10.025405,-23.805777,18.127506,-5.938103,10.019171,6.299683,-14.048146,-5.5972085,5.1400113,-22.313574,-0.34379622,-5.721323,-7.561185
37.756317,-61.68608,-24.001768,28.74988,-3.7697349,-14.668332,-7.6344543,7.440651,-23.927734,8.991953,-6.7148347,-1.5492601,3.765165,-0.6501794,-20.13631,-2.7892466,0.79569054,-30.23069,-1.629252,2.8511634,-7.947884,-0.60896194,6.3910956,-19.071817,-1.3259923,0.51763463,-25.951054,-5.577162,0.066770054,-6.4495077,-5.1147113,12.171307,-18.960072,-4.3075056,0.5177473,-27.340643,-1.5449381,-3.1714592,-12.125314,-22.631433,17.2002,-5.6349006,9.460125,6.135959,-14.472975,-5.478625,4.990782,-25.324968,-0.4432025,-5.4011507,-9.803468
38.15049,-61.86353,-25.055412,28.608612,-4.3397727,-14.960652,-7.707552,7.4747105,-23.676954,9.006119,-6.7145953,-1.9632508,3.8257525,0.031509407,-20.24548,-2.7855446,0.7927673,-36.01032,-1.5850246,2.8326864,-10.621015,-0.570581,6.522845,-24.695244,-1.3438622,0.5373142,-39.48844,-6.374048,0.54161924,-16.328114,-5.06307,12.116941,-27.228975,-4.504999,0.81664777,-42.330074,-2.1795688,-2.7309802,-22.599043,-22.685629,17.214088,-5.6469154,9.114071,4.7179475,-25.165922,-5.8934407,5.585914,-41.188477,-0.84900963,-5.1691813,-20.333555
39.67729,-64.0336,-27.093584,29.768929,-3.215278,-14.791976,-7.747162,7.58593,-27.876589,8.61791,-6.677708,-10.872117,4.3102856,2.1932142,-30.439392,-2.8400545,0.76755685,-57.314053,-1.3602502,2.7350008,-26.379726,-0.42571145,7.893292,-41.934975,-1.3937995,0.58879703,-67.94688,-8.274815,1.7600372,-39.180435,-4.997307,13.531909,-48.20816,-4.9335833,1.3981752,-72.1384,-3.4989026,-1.7950392,-44.65417,-23.371557,17.717789,-5.8142047,8.748998,3.522409,-44.195774,-6.6355524,6.71171,-67.93246,-1.5744083,-4.847986,-38.838062
